filename,latam_detected
So_PCM__Picard_Consistency_Model_for_Fast_Parallel_Sampling_of_CVPR_2025_paper.pdf.pdf,0
Wang_OSDFace_One-Step_Diffusion_Model_for_Face_Restoration_CVPR_2025_paper.pdf.pdf,0
Lu_Improving_Semi-Supervised_Semantic_Segmentation_with_Sliced-Wasserstein_Feature_Alignment_and_Uniformity_CVPR_2025_paper.pdf.pdf,0
Tang_ATA_Adaptive_Transformation_Agent_for_Text-Guided_Subject-Position_Variable_Background_Inpainting_CVPR_2025_paper.pdf.pdf,0
Prakash_How_Do_I_Do_That_Synthesizing_3D_Hand_Motion_and_CVPR_2025_paper.pdf.pdf,0
del_Rio_Data_Distributional_Properties_As_Inductive_Bias_for_Systematic_Generalization_CVPR_2025_paper.pdf.pdf,1
Liu_BWFormer_Building_Wireframe_Reconstruction_from_Airborne_LiDAR_Point_Cloud_with_CVPR_2025_paper.pdf.pdf,0
Farina_Rethinking_Few-Shot_Adaptation_of_Vision-Language_Models_in_Two_Stages_CVPR_2025_paper.pdf.pdf,0
Mane_Ges3ViG__Incorporating_Pointing_Gestures_into_Language-Based_3D_Visual_Grounding_CVPR_2025_paper.pdf.pdf,0
Ye_Online_Task-Free_Continual_Learning_via_Dynamic_Expansionable_Memory_Distribution_CVPR_2025_paper.pdf.pdf,0
Nag_Conformal_Prediction_and_MLLM_aided_Uncertainty_Quantification_in_Scene_Graph_CVPR_2025_paper.pdf.pdf,0
Wang_Style_Quantization_for_Data-Efficient_GAN_Training_CVPR_2025_paper.pdf.pdf,0
Yang_PVC_Progressive_Visual_Token_Compression_for_Unified_Image_and_Video_CVPR_2025_paper.pdf.pdf,0
Chen_Enhancing_Few-Shot_Class-Incremental_Learning_via_Training-Free_Bi-Level_Modality_Calibration_CVPR_2025_paper.pdf.pdf,0
Cho_Ev-3DOD_Pushing_the_Temporal_Boundaries_of_3D_Object_Detection_with_CVPR_2025_paper.pdf.pdf,0
Tang_SpecTRe-GS_Modeling_Highly_Specular_Surfaces_with_Reflected_Nearby_Objects_by_CVPR_2025_paper.pdf.pdf,0
Chen_DashGaussian_Optimizing_3D_Gaussian_Splatting_in_200_Seconds_CVPR_2025_paper.pdf.pdf,0
Li_3D-HGS_3D_Half-Gaussian_Splatting_CVPR_2025_paper.pdf.pdf,0
Salar_Enhancing_Facial_Privacy_Protection_via_Weakening_Diffusion_Purification_CVPR_2025_paper.pdf.pdf,0
Liang_Wonderland_Navigating_3D_Scenes_from_a_Single_Image_CVPR_2025_paper.pdf.pdf,0
Luo_Exploring_Intrinsic_Normal_Prototypes_within_a_Single_Image_for_Universal_CVPR_2025_paper.pdf.pdf,0
Pan_Data-Free_Group-Wise_Fully_Quantized_Winograd_Convolution_via_Learnable_Scales_CVPR_2025_paper.pdf.pdf,0
Zhao_D3CTTA_Domain-Dependent_Decorrelation_for_Continual_Test-Time_Adaption_of_3D_LiDAR_CVPR_2025_paper.pdf.pdf,0
Li_Enhancing_Adversarial_Transferability_with_Checkpoints_of_a_Single_Models_Training_CVPR_2025_paper.pdf.pdf,0
Dong_Leveraging_SD_Map_to_Augment_HD_Map-based_Trajectory_Prediction_CVPR_2025_paper.pdf.pdf,0
Wasserman_Paint_by_Inpaint_Learning_to_Add_Image_Objects_by_Removing_CVPR_2025_paper.pdf.pdf,0
Zhang_NTClick_Achieving_Precise_Interactive_Segmentation_With_Noise-tolerant_Clicks_CVPR_2025_paper.pdf.pdf,0
Zhu_Grounding_3D_Object_Affordance_with_Language_Instructions_Visual_Observations_and_CVPR_2025_paper.pdf.pdf,0
Liu_Acc3D_Accelerating_Single_Image_to_3D_Diffusion_Models_via_Edge_CVPR_2025_paper.pdf.pdf,0
Ma_Decouple-Then-Merge_Finetune_Diffusion_Models_as_Multi-Task_Learning_CVPR_2025_paper.pdf.pdf,0
Yuan_CamFreeDiff_Camera-free_Image_to_Panorama_Generation_with_Diffusion_Model_CVPR_2025_paper.pdf.pdf,0
Schmidt_Joint_Out-of-Distribution_Filtering_and_Data_Discovery_Active_Learning_CVPR_2025_paper.pdf.pdf,0
Tu_A4A_Adapter_for_Adapter_Transfer_via_All-for-All_Mapping_for_Cross-Architecture_CVPR_2025_paper.pdf.pdf,0
Liu_See_Further_When_Clear_Curriculum_Consistency_Model_CVPR_2025_paper.pdf.pdf,0
Alvar_DivPrune_Diversity-based_Visual_Token_Pruning_for_Large_Multimodal_Models_CVPR_2025_paper.pdf.pdf,0
Munasinghe_VideoGLaMM__A_Large_Multimodal_Model_for_Pixel-Level_Visual_Grounding_CVPR_2025_paper.pdf.pdf,0
Etaat_LATTE-MV_Learning_to_Anticipate_Table_Tennis_Hits_from_Monocular_Videos_CVPR_2025_paper.pdf.pdf,0
Gu_TensoFlow_Tensorial_Flow-based_Sampler_for_Inverse_Rendering_CVPR_2025_paper.pdf.pdf,0
Zhang_BooW-VTON_Boosting_In-the-Wild_Virtual_Try-On_via_Mask-Free_Pseudo_Data_Training_CVPR_2025_paper.pdf.pdf,0
Ge_Divot_Diffusion_Powers_Video_Tokenizer_for_Comprehension_and_Generation_CVPR_2025_paper.pdf.pdf,0
Marsili_Visual_Agentic_AI_for_Spatial_Reasoning_with_a_Dynamic_API_CVPR_2025_paper.pdf.pdf,0
Hao_Exploring_Visual_Vulnerabilities_via_Multi-Loss_Adversarial_Search_for_Jailbreaking_Vision-Language_CVPR_2025_paper.pdf.pdf,0
Roh_Insightful_Instance_Features_for_3D_Instance_Segmentation_CVPR_2025_paper.pdf.pdf,0
Liu_SLAM3R_Real-Time_Dense_Scene_Reconstruction_from_Monocular_RGB_Videos_CVPR_2025_paper.pdf.pdf,0
Hannan_ReVisionLLM_Recursive_Vision-Language_Model_for_Temporal_Grounding_in_Hour-Long_Videos_CVPR_2025_paper.pdf.pdf,0
Nguyen_Forensic_Self-Descriptions_Are_All_You_Need_for_Zero-Shot_Detection_Open-Set_CVPR_2025_paper.pdf.pdf,0
Zhang_Robust-MVTON_Learning_Cross-Pose_Feature_Alignment_and_Fusion_for_Robust_Multi-View_CVPR_2025_paper.pdf.pdf,0
Wang_Adventurer_Optimizing_Vision_Mamba_Architecture_Designs_for_Efficiency_CVPR_2025_paper.pdf.pdf,0
Wang_IDEA_Inverted_Text_with_Cooperative_Deformable_Aggregation_for_Multi-modal_Object_CVPR_2025_paper.pdf.pdf,0
Zhang_DNF_Unconditional_4D_Generation_with_Dictionary-based_Neural_Fields_CVPR_2025_paper.pdf.pdf,0
Zhang_Dynamic_Stereotype_Theory_Induced_Micro-expression_Recognition_with_Oriented_Deformation_CVPR_2025_paper.pdf.pdf,0
Jiang_Hierarchical_Adaptive_Filtering_Network_for_Text_Image_Specular_Highlight_Removal_CVPR_2025_paper.pdf.pdf,0
Ji_PoseTraj_Pose-Aware_Trajectory_Control_in_Video_Diffusion_CVPR_2025_paper.pdf.pdf,0
Wang_TransPixeler_Advancing_Text-to-Video_Generation_with_Transparency_CVPR_2025_paper.pdf.pdf,0
Stier_AniGrad_Anisotropic_Gradient-Adaptive_Sampling_for_3D_Reconstruction_From_Monocular_Video_CVPR_2025_paper.pdf.pdf,0
Perincherry_Do_Visual_Imaginations_Improve_Vision-and-Language_Navigation_Agents_CVPR_2025_paper.pdf.pdf,0
Ren_DA-VPT_Semantic-Guided_Visual_Prompt_Tuning_for_Vision_Transformers_CVPR_2025_paper.pdf.pdf,0
Hou_Directional_Label_Diffusion_Model_for_Learning_from_Noisy_Labels_CVPR_2025_paper.pdf.pdf,0
Huang_FirePlace_Geometric_Refinements_of_LLM_Common_Sense_Reasoning_for_3D_CVPR_2025_paper.pdf.pdf,0
Huang_Scene4U_Hierarchical_Layered_3D_Scene_Reconstruction_from_Single_Panoramic_Image_CVPR_2025_paper.pdf.pdf,0
Tao_DyCoke_Dynamic_Compression_of_Tokens_for_Fast_Video_Large_Language_CVPR_2025_paper.pdf.pdf,0
Yu_Temporal_Separation_with_Entropy_Regularization_for_Knowledge_Distillation_in_Spiking_CVPR_2025_paper.pdf.pdf,0
Liu_UMotion_Uncertainty-driven_Human_Motion_Estimation_from_Inertial_and_Ultra-wideband_Units_CVPR_2025_paper.pdf.pdf,1
Cho_PEER_Pressure_Model-to-Model_Regularization_for_Single_Source_Domain_Generalization_CVPR_2025_paper.pdf.pdf,0
Zhou_Dual_Consolidation_for_Pre-Trained_Model-Based_Domain-Incremental_Learning_CVPR_2025_paper.pdf.pdf,0
Fang_Recognition-Synergistic_Scene_Text_Editing_CVPR_2025_paper.pdf.pdf,Error
Chen_M3-VOS_Multi-Phase_Multi-Transition_and_Multi-Scenery_Video_Object_Segmentation_CVPR_2025_paper.pdf.pdf,0
Zhang_Closed-Loop_Supervised_Fine-Tuning_of_Tokenized_Traffic_Models_CVPR_2025_paper.pdf.pdf,0
Zhang_COB-GS_Clear_Object_Boundaries_in_3DGS_Segmentation_Based_on_Boundary-Adaptive_CVPR_2025_paper.pdf.pdf,0
Zou_Learning_Conditional_Space-Time_Prompt_Distributions_for_Video_Class-Incremental_Learning_CVPR_2025_paper.pdf.pdf,0
Griffiths_HOTFormerLoc_Hierarchical_Octree_Transformer_for_Versatile_Lidar_Place_Recognition_Across_CVPR_2025_paper.pdf.pdf,0
Berdan_ReRAW_RGB-to-RAW_Image_Reconstruction_via_Stratified_Sampling_for_Efficient_Object_CVPR_2025_paper.pdf.pdf,0
Sarkar_CrossOver_3D_Scene_Cross-Modal_Alignment_CVPR_2025_paper.pdf.pdf,0
Rosu_DiffLocks_Generating_3D_Hair_from_a_Single_Image_using_Diffusion_CVPR_2025_paper.pdf.pdf,0
Chen_Tokenize_Image_Patches_Global_Context_Fusion_for_Effective_Haze_Removal_CVPR_2025_paper.pdf.pdf,0
Behrad_Charm_The_Missing_Piece_in_ViT_Fine-Tuning_for_Image_Aesthetic_CVPR_2025_paper.pdf.pdf,0
Lai_ADU_Adaptive_Detection_of_Unknown_Categories_in_Black-Box_Domain_Adaptation_CVPR_2025_paper.pdf.pdf,0
Zhao_A_Stitch_in_Time_Saves_Nine_Small_VLM_is_a_CVPR_2025_paper.pdf.pdf,0
Liu_FSHNet_Fully_Sparse_Hybrid_Network_for_3D_Object_Detection_CVPR_2025_paper.pdf.pdf,0
Pan_NLPrompt_Noise-Label_Prompt_Learning_for_Vision-Language_Models_CVPR_2025_paper.pdf.pdf,0
Zhao_Perceptual_Inductive_Bias_Is_What_You_Need_Before_Contrastive_Learning_CVPR_2025_paper.pdf.pdf,0
Abulnaga_MultiMorph_On-demand_Atlas_Construction_CVPR_2025_paper.pdf.pdf,0
Li_Advancing_Multiple_Instance_Learning_with_Continual_Learning_for_Whole_Slide_CVPR_2025_paper.pdf.pdf,0
Cabon_MUSt3R_Multi-view_Network_for_Stereo_3D_Reconstruction_CVPR_2025_paper.pdf.pdf,0
Bartolomei_Stereo_Anywhere_Robust_Zero-Shot_Deep_Stereo_Matching_Even_Where_Either_CVPR_2025_paper.pdf.pdf,0
Lin_Non-Natural_Image_Understanding_with_Advancing_Frequency-based_Vision_Encoders_CVPR_2025_paper.pdf.pdf,0
Bhattacharjee_Believing_is_Seeing_Unobserved_Object_Detection_using_Generative_Models_CVPR_2025_paper.pdf.pdf,0
Ravishankar_Scaling_Properties_of_Diffusion_Models_For_Perceptual_Tasks_CVPR_2025_paper.pdf.pdf,0
Shen_Solving_Instance_Detection_from_an_Open-World_Perspective_CVPR_2025_paper.pdf.pdf,0
Lin_AI-Face_A_Million-Scale_Demographically_Annotated_AI-Generated_Face_Dataset_and_Fairness_CVPR_2025_paper.pdf.pdf,0
Yue_EchoWorld_Learning_Motion-Aware_World_Models_for_Echocardiography_Probe_Guidance_CVPR_2025_paper.pdf.pdf,0
Yang_NTR-Gaussian_Nighttime_Dynamic_Thermal_Reconstruction_with_4D_Gaussian_Splatting_Based_CVPR_2025_paper.pdf.pdf,0
Kumar_DynaMoDe-NeRF_Motion-aware_Deblurring_Neural_Radiance_Field_for_Dynamic_Scenes_CVPR_2025_paper.pdf.pdf,0
Wu_FIMA-Q_Post-Training_Quantization_for_Vision_Transformers_by_Fisher_Information_Matrix_CVPR_2025_paper.pdf.pdf,0
Jiang_Relation-Rich_Visual_Document_Generator_for_Visual_Information_Extraction_CVPR_2025_paper.pdf.pdf,0
Zhou_Feature4X_Bridging_Any_Monocular_Video_to_4D_Agentic_AI_with_CVPR_2025_paper.pdf.pdf,0
Yang_Uncertain_Multimodal_Intention_and_Emotion_Understanding_in_the_Wild_CVPR_2025_paper.pdf.pdf,0
Hess_SplatAD_Real-Time_Lidar_and_Camera_Rendering_with_3D_Gaussian_Splatting_CVPR_2025_paper.pdf.pdf,0
Cui_Hallo3_Highly_Dynamic_and_Realistic_Portrait_Image_Animation_with_Video_CVPR_2025_paper.pdf.pdf,0
Guo_Face_Forgery_Video_Detection_via_Temporal_Forgery_Cue_Unraveling_CVPR_2025_paper.pdf.pdf,0
Hagenaars_On-Device_Self-Supervised_Learning_of_Low-Latency_Monocular_Depth_from_Only_Events_CVPR_2025_paper.pdf.pdf,0
Liu_TexGarment_Consistent_Garment_UV_Texture_Generation_via_Efficient_3D_Structure-Guided_CVPR_2025_paper.pdf.pdf,0
Huang_MIDI_Multi-Instance_Diffusion_for_Single_Image_to_3D_Scene_Generation_CVPR_2025_paper.pdf.pdf,0
Wang_DeSplat_Decomposed_Gaussian_Splatting_for_Distractor-Free_Rendering_CVPR_2025_paper.pdf.pdf,0
Li_IM-Portrait_Learning_3D-aware_Video_Diffusion_for_Photorealistic_Talking_Heads_from_CVPR_2025_paper.pdf.pdf,0
Lu_Relation3D__Enhancing_Relation_Modeling_for_Point_Cloud_Instance_Segmentation_CVPR_2025_paper.pdf.pdf,0
Xiao_LOCORE_Image_Re-ranking_with_Long-Context_Sequence_Modeling_CVPR_2025_paper.pdf.pdf,0
Zhou_Towards_Open-Vocabulary_Audio-Visual_Event_Localization_CVPR_2025_paper.pdf.pdf,0
Liu_MMTL-UniAD_A_Unified_Framework_for_Multimodal_and_Multi-Task_Learning_in_CVPR_2025_paper.pdf.pdf,0
Huai_CL-MoE_Enhancing_Multimodal_Large_Language_Model_with_Dual_Momentum_Mixture-of-Experts_CVPR_2025_paper.pdf.pdf,0
Mahmood_Compositional_Targeted_Multi-Label_Universal_Perturbations_CVPR_2025_paper.pdf.pdf,0
Yang_EmoEdit_Evoking_Emotions_through_Image_Manipulation_CVPR_2025_paper.pdf.pdf,0
Liu_TimeTracker_Event-based_Continuous_Point_Tracking_for_Video_Frame_Interpolation_with_CVPR_2025_paper.pdf.pdf,0
Shi_3D-SLNR_A_Super_Lightweight_Neural_Representation_for_Large-scale_3D_Mapping_CVPR_2025_paper.pdf.pdf,0
Xie_Mamba-Adaptor_State_Space_Model_Adaptor_for_Visual_Recognition_CVPR_2025_paper.pdf.pdf,0
Wang_Mamba-Reg_Vision_Mamba_Also_Needs_Registers_CVPR_2025_paper.pdf.pdf,0
Cong_SemGeoMo_Dynamic_Contextual_Human_Motion_Generation_with_Semantic_and_Geometric_CVPR_2025_paper.pdf.pdf,0
Yang_Fast3R_Towards_3D_Reconstruction_of_1000_Images_in_One_Forward_CVPR_2025_paper.pdf.pdf,0
Kundu_Towards_a_Universal_Synthetic_Video_Detector_From_Face_or_Background_CVPR_2025_paper.pdf.pdf,0
Huang_Learning_to_Highlight_Audio_by_Watching_Movies_CVPR_2025_paper.pdf.pdf,0
Raswa_HistoFS_Non-IID_Histopathologic_Whole_Slide_Image_Classification_via_Federated_Style_CVPR_2025_paper.pdf.pdf,0
Zhou_Decoupled_Distillation_to_Erase_A_General_Unlearning_Method_for_Any_CVPR_2025_paper.pdf.pdf,0
Su_Domain_Adaptive_Diabetic_Retinopathy_Grading_with_Model_Absence_and_Flowing_CVPR_2025_paper.pdf.pdf,0
Yu_All-directional_Disparity_Estimation_for_Real-world_QPD_Images_CVPR_2025_paper.pdf.pdf,0
Gutbrod_OpenMIBOOD_Open_Medical_Imaging_Benchmarks_for_Out-Of-Distribution_Detection_CVPR_2025_paper.pdf.pdf,0
Wang_4Real-Video_Learning_Generalizable_Photo-Realistic_4D_Video_Diffusion_CVPR_2025_paper.pdf.pdf,0
Shao_MICAS_Multi-grained_In-Context_Adaptive_Sampling_for_3D_Point_Cloud_Processing_CVPR_2025_paper.pdf.pdf,0
Sharifdeen_O-TPT_Orthogonality_Constraints_for_Calibrating_Test-time_Prompt_Tuning_in_Vision-Language_CVPR_2025_paper.pdf.pdf,0
Geng_HORP_Human-Object_Relation_Priors_Guided_HOI_Detection_CVPR_2025_paper.pdf.pdf,0
Binyamin_Make_It_Count_Text-to-Image_Generation_with_an_Accurate_Number_of_CVPR_2025_paper.pdf.pdf,0
Shen_High-fidelity_3D_Object_Generation_from_Single_Image_with_RGBN-Volume_Gaussian_CVPR_2025_paper.pdf.pdf,0
Bahari_Certified_Human_Trajectory_Prediction_CVPR_2025_paper.pdf.pdf,0
Morimitsu_DPFlow_Adaptive_Optical_Flow_Estimation_with_a_Dual-Pyramid_Framework_CVPR_2025_paper.pdf.pdf,1
Cheng_Breaking_the_Memory_Barrier_of_Contrastive_Loss_via_Tile-Based_Strategy_CVPR_2025_paper.pdf.pdf,0
Park_SplineGS_Robust_Motion-Adaptive_Spline_for_Real-Time_Dynamic_3D_Gaussians_from_CVPR_2025_paper.pdf.pdf,0
Li_Task-Specific_Gradient_Adaptation_for_Few-Shot_One-Class_Classification_CVPR_2025_paper.pdf.pdf,0
Chen_DV-Matcher_Deformation-based_Non-rigid_Point_Cloud_Matching_Guided_by_Pre-trained_Visual_CVPR_2025_paper.pdf.pdf,0
Lavoie_Large_Self-Supervised_Models_Bridge_the_Gap_in_Domain_Adaptive_Object_CVPR_2025_paper.pdf.pdf,0
Zhao_DiffusionSfM_Predicting_Structure_and_Motion_via_Ray_Origin_and_Endpoint_CVPR_2025_paper.pdf.pdf,0
Cuttano_SAMWISE_Infusing_Wisdom_in_SAM2_for_Text-Driven_Video_Segmentation_CVPR_2025_paper.pdf.pdf,0
Zhou_Code-as-Monitor_Constraint-aware_Visual_Programming_for_Reactive_and_Proactive_Robotic_Failure_CVPR_2025_paper.pdf.pdf,0
Wang_Do_We_Really_Need_Curated_Malicious_Data_for_Safety_Alignment_CVPR_2025_paper.pdf.pdf,0
Wang_Steepest_Descent_Density_Control_for_Compact_3D_Gaussian_Splatting_CVPR_2025_paper.pdf.pdf,0
Zhu_A_Simple_yet_Effective_Layout_Token_in_Large_Language_Models_CVPR_2025_paper.pdf.pdf,0
Ouasfi_Toward_Robust_Neural_Reconstruction_from_Sparse_Point_Sets_CVPR_2025_paper.pdf.pdf,0
Ke_ScaleLSD_Scalable_Deep_Line_Segment_Detection_Streamlined_CVPR_2025_paper.pdf.pdf,0
Liu_Graph-Embedded_Structure-Aware_Perceptual_Hashing_for_Neural_Network_Protection_and_Piracy_CVPR_2025_paper.pdf.pdf,0
Gao_PTDiffusion_Free_Lunch_for_Generating_Optical_Illusion_Hidden_Pictures_with_CVPR_2025_paper.pdf.pdf,0
Jagpal_EIDT-V_Exploiting_Intersections_in_Diffusion_Trajectories_for_Model-Agnostic_Zero-Shot_Training-Free_CVPR_2025_paper.pdf.pdf,0
Jung_Multi-Group_Proportional_Representations_for_Text-to-Image_Models_CVPR_2025_paper.pdf.pdf,0
Renz_SimLingo_Vision-Only_Closed-Loop_Autonomous_Driving_with_Language-Action_Alignment_CVPR_2025_paper.pdf.pdf,0
Zhang_Prosody-Enhanced_Acoustic_Pre-training_and_Acoustic-Disentangled_Prosody_Adapting_for_Movie_Dubbing_CVPR_2025_paper.pdf.pdf,0
Burgert_Go-with-the-Flow_Motion-Controllable_Video_Diffusion_Models_Using_Real-Time_Warped_Noise_CVPR_2025_paper.pdf.pdf,0
Feng_FlashGS_Efficient_3D_Gaussian_Splatting_for_Large-scale_and_High-resolution_Rendering_CVPR_2025_paper.pdf.pdf,0
Zhao_TASTE-Rob_Advancing_Video_Generation_of_Task-Oriented_Hand-Object_Interaction_for_Generalizable_CVPR_2025_paper.pdf.pdf,0
Chen_EMOVA_Empowering_Language_Models_to_See_Hear_and_Speak_with_CVPR_2025_paper.pdf.pdf,0
Chen_Rethinking_Temporal_Fusion_with_a_Unified_Gradient_Descent_View_for_CVPR_2025_paper.pdf.pdf,0
Mao_Cross-Rejective_Open-Set_SAR_Image_Registration_CVPR_2025_paper.pdf.pdf,0
Gong_Monocular_and_Generalizable_Gaussian_Talking_Head_Animation_CVPR_2025_paper.pdf.pdf,0
Pandey_Motion_Modes_What_Could_Happen_Next_CVPR_2025_paper.pdf.pdf,0
Lin_HybridGS_Decoupling_Transients_and_Statics_with_2D_and_3D_Gaussian_CVPR_2025_paper.pdf.pdf,0
Guo_High-Fidelity_Relightable_Monocular_Portrait_Animation_with_Lighting-Controllable_Video_Diffusion_Model_CVPR_2025_paper.pdf.pdf,0
Xiao_Adaptive_Markup_Language_Generation_for_Contextually-Grounded_Visual_Document_Understanding_CVPR_2025_paper.pdf.pdf,0
Wang_Navigating_Image_Restoration_with_VARs_Distribution_Alignment_Prior_CVPR_2025_paper.pdf.pdf,0
Xu_Blurry-Edges_Photon-Limited_Depth_Estimation_from_Defocused_Boundaries_CVPR_2025_paper.pdf.pdf,0
Luo_3DEnhancer_Consistent_Multi-View_Diffusion_for_3D_Enhancement_CVPR_2025_paper.pdf.pdf,0
Sun_DRiVE_Diffusion-based_Rigging_Empowers_Generation_of_Versatile_and_Expressive_Characters_CVPR_2025_paper.pdf.pdf,0
Teney_Do_We_Always_Need_the_Simplicity_Bias_Looking_for_Optimal_CVPR_2025_paper.pdf.pdf,0
Liu_Boosting_Point-Supervised_Temporal_Action_Localization_through_Integrating_Query_Reformation_and_CVPR_2025_paper.pdf.pdf,Error
Morita_TKG-DM_Training-free_Chroma_Key_Content_Generation_Diffusion_Model_CVPR_2025_paper.pdf.pdf,0
Azam_Plug-and-Play_Interpretable_Responsible_Text-to-Image_Generation_via_Dual-Space_Multi-facet_Concept_Control_CVPR_2025_paper.pdf.pdf,0
Yu_Fancy123_One_Image_to_High-Quality_3D_Mesh_Generation_via_Plug-and-Play_CVPR_2025_paper.pdf.pdf,0
Du_SuperPC_A_Single_Diffusion_Model_for_Point_Cloud_Completion_Upsampling_CVPR_2025_paper.pdf.pdf,0
Hao_Neural_Motion_Simulator_Pushing_the_Limit_of_World_Models_in_CVPR_2025_paper.pdf.pdf,0
Tan_PlanarSplatting_Accurate_Planar_Surface_Reconstruction_in_3_Minutes_CVPR_2025_paper.pdf.pdf,0
Wang_SCFlow2_Plug-and-Play_Object_Pose_Refiner_with_Shape-Constraint_Scene_Flow_CVPR_2025_paper.pdf.pdf,0
Lin_Prompting_Depth_Anything_for_4K_Resolution_Accurate_Metric_Depth_Estimation_CVPR_2025_paper.pdf.pdf,0
Guo_Segment_Any-Quality_Images_with_Generative_Latent_Space_Enhancement_CVPR_2025_paper.pdf.pdf,0
Wang_VidSeg_Training-free_Video_Semantic_Segmentation_based_on_Diffusion_Models_CVPR_2025_paper.pdf.pdf,0
Ni_MaskGWM_A_Generalizable_Driving_World_Model_with_Video_Mask_Reconstruction_CVPR_2025_paper.pdf.pdf,0
Zhou_Robust_Multimodal_Survival_Prediction_with_Conditional_Latent_Differentiation_Variational_AutoEncoder_CVPR_2025_paper.pdf.pdf,0
Mao_Beyond_Single-Modal_Boundary_Cross-Modal_Anomaly_Detection_through_Visual_Prototype_and_CVPR_2025_paper.pdf.pdf,0
Shen_StoryGPT-V_Large_Language_Models_as_Consistent_Story_Visualizers_CVPR_2025_paper.pdf.pdf,0
Liu_The_Devil_is_in_Low-Level_Features_for_Cross-Domain_Few-Shot_Segmentation_CVPR_2025_paper.pdf.pdf,0
Potamias_WiLoR_End-to-end_3D_Hand_Localization_and_Reconstruction_in-the-wild_CVPR_2025_paper.pdf.pdf,0
Xu_CMMLoc_Advancing_Text-to-PointCloud_Localization_with_Cauchy-Mixture-Model_Based_Framework_CVPR_2025_paper.pdf.pdf,0
Kim_ReSpec_Relevance_and_Specificity_Grounded_Online_Filtering_for_Learning_on_CVPR_2025_paper.pdf.pdf,0
Zhang_Cross-modal_Information_Flow_in_Multimodal_Large_Language_Models_CVPR_2025_paper.pdf.pdf,0
Chu_HumanRig_Learning_Automatic_Rigging_for_Humanoid_Character_in_a_Large_CVPR_2025_paper.pdf.pdf,0
Han_AToM_Aligning_Text-to-Motion_Model_at_Event-Level_with_GPT-4Vision_Reward_CVPR_2025_paper.pdf.pdf,0
Ren_Six-CD_Benchmarking_Concept_Removals_for_Text-to-image_Diffusion_Models_CVPR_2025_paper.pdf.pdf,0
Zhao_Enhancing_Diversity_for_Data-free_Quantization_CVPR_2025_paper.pdf.pdf,0
Go_SplatFlow_Multi-View_Rectified_Flow_Model_for_3D_Gaussian_Splatting_Synthesis_CVPR_2025_paper.pdf.pdf,0
Galappaththige_Multi-View_Pose-Agnostic_Change_Localization_with_Zero_Labels_CVPR_2025_paper.pdf.pdf,0
Zhang_Adapting_Dense_Matching_for_Homography_Estimation_with_Grid-based_Acceleration_CVPR_2025_paper.pdf.pdf,0
Shaheryar_Black_Hole-Driven_Identity_Absorbing_in_Diffusion_Models_CVPR_2025_paper.pdf.pdf,0
Jiang_SOLAMI_Social_Vision-Language-Action_Modeling_for_Immersive_Interaction_with_3D_Autonomous_CVPR_2025_paper.pdf.pdf,0
Xie_MaSS13K_A_Matting-level_Semantic_Segmentation_Benchmark_CVPR_2025_paper.pdf.pdf,0
Dufour_Around_the_World_in_80_Timesteps_A_Generative_Approach_to_CVPR_2025_paper.pdf.pdf,0
Wang_Point_Clouds_Meets_Physics_Dynamic_Acoustic_Field_Fitting_Network_for_CVPR_2025_paper.pdf.pdf,0
Liu_STOP_Integrated_Spatial-Temporal_Dynamic_Prompting_for_Video_Understanding_CVPR_2025_paper.pdf.pdf,0
Chen_VidBot_Learning_Generalizable_3D_Actions_from_In-the-Wild_2D_Human_Videos_CVPR_2025_paper.pdf.pdf,0
Yan_UCOD-DPL_Unsupervised_Camouflaged_Object_Detection_via_Dynamic_Pseudo-label_Learning_CVPR_2025_paper.pdf.pdf,0
Rokuss_LesionLocator_Zero-Shot_Universal_Tumor_Segmentation_and_Tracking_in_3D_Whole-Body_CVPR_2025_paper.pdf.pdf,0
Miao_Coeff-Tuning_A_Graph_Filter_Subspace_View_for_Tuning_Attention-Based_Large_CVPR_2025_paper.pdf.pdf,0
Li_4D_LangSplat_4D_Language_Gaussian_Splatting_via_Multimodal_Large_Language_CVPR_2025_paper.pdf.pdf,0
Fu_SegMAN_Omni-scale_Context_Modeling_with_State_Space_Models_and_Local_CVPR_2025_paper.pdf.pdf,0
Garg_STPro_Spatial_and_Temporal_Progressive_Learning_for_Weakly_Supervised_Spatio-Temporal_CVPR_2025_paper.pdf.pdf,0
Gu_BlenderGym_Benchmarking_Foundational_Model_Systems_for_Graphics_Editing_CVPR_2025_paper.pdf.pdf,0
Zhao_DriveDreamer4D_World_Models_Are_Effective_Data_Machines_for_4D_Driving_CVPR_2025_paper.pdf.pdf,0
Tan_Recover_and_Match_Open-Vocabulary_Multi-Label_Recognition_through_Knowledge-Constrained_Optimal_Transport_CVPR_2025_paper.pdf.pdf,0
Sun_EntropyMark_Towards_More_Harmless_Backdoor_Watermark_via_Entropy-based_Constraint_for_CVPR_2025_paper.pdf.pdf,0
Bai_Chat-based_Person_Retrieval_via_Dialogue-Refined_Cross-Modal_Alignment_CVPR_2025_paper.pdf.pdf,0
Vincent_High_Temporal_Consistency_through_Semantic_Similarity_Propagation_in_Semi-Supervised_Video_CVPR_2025_paper.pdf.pdf,0
Li_Boost_the_Inference_with_Co-training_A_Depth-guided_Mutual_Learning_Framework_CVPR_2025_paper.pdf.pdf,0
Zhu_VoxelSplat_Dynamic_Gaussian_Splatting_as_an_Effective_Loss_for_Occupancy_CVPR_2025_paper.pdf.pdf,0
Lai_Rethinking_Noisy_Video-Text_Retrieval_via_Relation-aware_Alignment_CVPR_2025_paper.pdf.pdf,0
Liang_Autoregressive_Sequential_Pretraining_for_Visual_Tracking_CVPR_2025_paper.pdf.pdf,0
Wang_MambaVO_Deep_Visual_Odometry_Based_on_Sequential_Matching_Refinement_and_CVPR_2025_paper.pdf.pdf,0
Qi_Mask2DiT_Dual_Mask-based_Diffusion_Transformer_for_Multi-Scene_Long_Video_Generation_CVPR_2025_paper.pdf.pdf,0
Wei_Omni-Scene_Omni-Gaussian_Representation_for_Ego-Centric_Sparse-View_Scene_Reconstruction_CVPR_2025_paper.pdf.pdf,0
Jiang_GaussTR_Foundation_Model-Aligned_Gaussian_Transformer_for_Self-Supervised_3D_Spatial_Understanding_CVPR_2025_paper.pdf.pdf,0
Han_GliaNet_Adaptive_Neural_Network_Structure_Learning_with_Glia-Driven_CVPR_2025_paper.pdf.pdf,0
Yang_Nullu_Mitigating_Object_Hallucinations_in_Large_Vision-Language_Models_via_HalluSpace_CVPR_2025_paper.pdf.pdf,0
Shanmugam_Test-time_Augmentation_Improves_Efficiency_in_Conformal_Prediction_CVPR_2025_paper.pdf.pdf,0
Qiu_Self-Cross_Diffusion_Guidance_for_Text-to-Image_Synthesis_of_Similar_Subjects_CVPR_2025_paper.pdf.pdf,0
Zhu_Project-Probe-Aggregate_Efficient_Fine-Tuning_for_Group_Robustness_CVPR_2025_paper.pdf.pdf,0
Bai_Task-driven_Image_Fusion_with_Learnable_Fusion_Loss_CVPR_2025_paper.pdf.pdf,0
Lu_MOVIS_Enhancing_Multi-Object_Novel_View_Synthesis_for_Indoor_Scenes_CVPR_2025_paper.pdf.pdf,0
Zhou_BOOTPLACE_Bootstrapped_Object_Placement_with_Detection_Transformers_CVPR_2025_paper.pdf.pdf,0
Huang_Few-shot_Implicit_Function_Generation_via_Equivariance_CVPR_2025_paper.pdf.pdf,0
Chen_Reducing_Class-wise_Confusion_for_Incremental_Learning_with_Disentangled_Manifolds_CVPR_2025_paper.pdf.pdf,0
Xie_EnvGS_Modeling_View-Dependent_Appearance_with_Environment_Gaussian_CVPR_2025_paper.pdf.pdf,0
Ruan_Learning_Partonomic_3D_Reconstruction_from_Image_Collections_CVPR_2025_paper.pdf.pdf,0
Zhang_Improving_Diffusion_Inverse_Problem_Solving_with_Decoupled_Noise_Annealing_CVPR_2025_paper.pdf.pdf,0
Huang_Modeling_Multiple_Normal_Action_Representations_for_Error_Detection_in_Procedural_CVPR_2025_paper.pdf.pdf,0
Li_CraftsMan3D_High-fidelity_Mesh_Generation_with_3D_Native_Diffusion_and_Interactive_CVPR_2025_paper.pdf.pdf,0
Takeda_Gromov-Wasserstein_Problem_with_Cyclic_Symmetry_CVPR_2025_paper.pdf.pdf,0
Qiu_Leveraging_Global_Stereo_Consistency_for_Category-Level_Shape_and_6D_Pose_CVPR_2025_paper.pdf.pdf,0
Liu_MonoTAKD_Teaching_Assistant_Knowledge_Distillation_for_Monocular_3D_Object_Detection_CVPR_2025_paper.pdf.pdf,0
Wang_SpatialCLIP_Learning_3D-aware_Image_Representations_from_Spatially_Discriminative_Language_CVPR_2025_paper.pdf.pdf,0
Gao_SUM_Parts_Benchmarking_Part-Level_Semantic_Segmentation_of_Urban_Meshes_CVPR_2025_paper.pdf.pdf,0
Wang_ACE_Anti-Editing_Concept_Erasure_in_Text-to-Image_Models_CVPR_2025_paper.pdf.pdf,0
Wang_Scaling_Down_Text_Encoders_of_Text-to-Image_Diffusion_Models_CVPR_2025_paper.pdf.pdf,0
Chen_SlideChat_A_Large_Vision-Language_Assistant_for_Whole-Slide_Pathology_Image_Understanding_CVPR_2025_paper.pdf.pdf,0
Yin_Lifting_the_Veil_on_Visual_Information_Flow_in_MLLMs_Unlocking_CVPR_2025_paper.pdf.pdf,0
Rowe_Scenario_Dreamer_Vectorized_Latent_Diffusion_for_Generating_Driving_Simulation_Environments_CVPR_2025_paper.pdf.pdf,0
Chen_Cross-modal_Causal_Relation_Alignment_for_Video_Question_Grounding_CVPR_2025_paper.pdf.pdf,0
Seo_Leveraging_3D_Geometric_Priors_in_2D_Rotation_Symmetry_Detection_CVPR_2025_paper.pdf.pdf,0
Huang_Deformable_Radial_Kernel_Splatting_CVPR_2025_paper.pdf.pdf,0
Meng_Advancing_Adversarial_Robustness_in_GNeRFs_The_IL2-NeRF_Attack_CVPR_2025_paper.pdf.pdf,0
Horwitz_Learning_on_Model_Weights_using_Tree_Experts_CVPR_2025_paper.pdf.pdf,0
Park_Shape_Abstraction_via_Marching_Differentiable_Support_Functions_CVPR_2025_paper.pdf.pdf,0
Bhatnagar_Potential_Field_Based_Deep_Metric_Learning_CVPR_2025_paper.pdf.pdf,0
Jiang_Horizon-GS_Unified_3D_Gaussian_Splatting_for_Large-Scale_Aerial-to-Ground_Scenes_CVPR_2025_paper.pdf.pdf,0
Rockwell_Dynamic_Camera_Poses_and_Where_to_Find_Them_CVPR_2025_paper.pdf.pdf,0
Dai_RainyGS_Efficient_Rain_Synthesis_with_Physically-Based_Gaussian_Splatting_CVPR_2025_paper.pdf.pdf,0
Yang_ArtiFade_Learning_to_Generate_High-quality_Subject_from_Blemished_Images_CVPR_2025_paper.pdf.pdf,0
Li_Dynamic_Integration_of_Task-Specific_Adapters_for_Class_Incremental_Learning_CVPR_2025_paper.pdf.pdf,0
Wei_ALIEN_Implicit_Neural_Representations_for_Human_Motion_Prediction_under_Arbitrary_CVPR_2025_paper.pdf.pdf,0
Basak_SemiDAViL_Semi-supervised_Domain_Adaptation_with_Vision-Language_Guidance_for_Semantic_Segmentation_CVPR_2025_paper.pdf.pdf,0
Zhang_Revisiting_Generative_Replay_for_Class_Incremental_Object_Detection_CVPR_2025_paper.pdf.pdf,0
Zhang_VisionPAD_A_Vision-Centric_Pre-training_Paradigm_for_Autonomous_Driving_CVPR_2025_paper.pdf.pdf,0
Nam_Visual_Persona_Foundation_Model_for_Full-Body_Human_Customization_CVPR_2025_paper.pdf.pdf,0
Tan_FedSPA_Generalizable_Federated_Graph_Learning_under_Homophily_Heterogeneity_CVPR_2025_paper.pdf.pdf,0
Yoon_Stop_Learning_it_all_to_Mitigate_Visual_Hallucination_Focus_on_CVPR_2025_paper.pdf.pdf,0
Sun_Associative_Transformer_CVPR_2025_paper.pdf.pdf,0
Zeevi_Rate-In_Information-Driven_Adaptive_Dropout_Rates_for_Improved_Inference-Time_Uncertainty_Estimation_CVPR_2025_paper.pdf.pdf,0
Kumbong_HMAR_Efficient_Hierarchical_Masked_Auto-Regressive_Image_Generation_CVPR_2025_paper.pdf.pdf,0
Li_GenPC_Zero-shot_Point_Cloud_Completion_via_3D_Generative_Priors_CVPR_2025_paper.pdf.pdf,0
Wilson_POp-GS_Next_Best_View_in_3D-Gaussian_Splatting_with_P-Optimality_CVPR_2025_paper.pdf.pdf,0
Kong_Efficient_Visual_State_Space_Model_for_Image_Deblurring_CVPR_2025_paper.pdf.pdf,0
Huang_COSMIC_Clique-Oriented_Semantic_Multi-space_Integration_for_Robust_CLIP_Test-Time_Adaptation_CVPR_2025_paper.pdf.pdf,0
Li_CLIP-driven_Coarse-to-fine_Semantic_Guidance_for_Fine-grained_Open-set_Semi-supervised_Learning_CVPR_2025_paper.pdf.pdf,0
Rotstein_Pathways_on_the_Image_Manifold_Image_Editing_via_Video_Generation_CVPR_2025_paper.pdf.pdf,0
Ju_DirectTriGS_Triplane-based_Gaussian_Splatting_Field_Representation_for_3D_Generation_CVPR_2025_paper.pdf.pdf,0
Chen_Flash3D_Super-scaling_Point_Transformers_through_Joint_Hardware-Geometry_Locality_CVPR_2025_paper.pdf.pdf,0
Xing_LumiNet_Latent_Intrinsics_Meets_Diffusion_Models_for_Indoor_Scene_Relighting_CVPR_2025_paper.pdf.pdf,0
Li_Theory-Inspired_Deep_Multi-View_Multi-Label_Learning_with_Incomplete_Views_and_Noisy_CVPR_2025_paper.pdf.pdf,0
Ding_Condensing_Action_Segmentation_Datasets_via_Generative_Network_Inversion_CVPR_2025_paper.pdf.pdf,0
Dalal_One-Minute_Video_Generation_with_Test-Time_Training_CVPR_2025_paper.pdf.pdf,0
Tang_Exploring_the_Deep_Fusion_of_Large_Language_Models_and_Diffusion_CVPR_2025_paper.pdf.pdf,0
Chen_USP-Gaussian_Unifying_Spike-based_Image_Reconstruction_Pose_Correction_and_Gaussian_Splatting_CVPR_2025_paper.pdf.pdf,0
Jin_On_Denoising_Walking_Videos_for_Gait_Recognition_CVPR_2025_paper.pdf.pdf,0
Man_Floating_No_More_Object-Ground_Reconstruction_from_a_Single_Image_CVPR_2025_paper.pdf.pdf,0
Peng_Patch_Matters_Training-free_Fine-grained_Image_Caption_Enhancement_via_Local_Perception_CVPR_2025_paper.pdf.pdf,0
Li_Towards_High-fidelity_3D_Talking_Avatar_with_Personalized_Dynamic_Texture_CVPR_2025_paper.pdf.pdf,0
Wang_LinGen_Towards_High-Resolution_Minute-Length_Text-to-Video_Generation_with_Linear_Computational_Complexity_CVPR_2025_paper.pdf.pdf,0
Peng_ProxyTransformation_Preshaping_Point_Cloud_Manifold_With_Proxy_Attention_For_3D_CVPR_2025_paper.pdf.pdf,0
Lee_VLsI_Verbalized_Layers-to-Interactions_from_Large_to_Small_Vision_Language_Models_CVPR_2025_paper.pdf.pdf,0
Zarzar_Twinner_Shining_Light_on_Digital_Twins_in_a_Few_Snaps_CVPR_2025_paper.pdf.pdf,0
Guo_Everything_to_the_Synthetic_Diffusion-driven_Test-time_Adaptation_via_Synthetic-Domain_Alignment_CVPR_2025_paper.pdf.pdf,0
Talon_Seeing_the_Abstract_Translating_the_Abstract_Language_for_Vision_Language_CVPR_2025_paper.pdf.pdf,0
Dinh_Geometry_in_Style_3D_Stylization_via_Surface_Normal_Deformation_CVPR_2025_paper.pdf.pdf,0
Cheng_MMAudio_Taming_Multimodal_Joint_Training_for_High-Quality_Video-to-Audio_Synthesis_CVPR_2025_paper.pdf.pdf,0
Gu_DiffPortrait360_Consistent_Portrait_Diffusion_for_360_View_Synthesis_CVPR_2025_paper.pdf.pdf,0
Yan_HeMoRa_Unsupervised_Heuristic_Consensus_Sampling_for_Robust_Point_Cloud_Registration_CVPR_2025_paper.pdf.pdf,0
Zhou_Ferret_An_Efficient_Online_Continual_Learning_Framework_under_Varying_Memory_CVPR_2025_paper.pdf.pdf,0
Jiang_Hand-held_Object_Reconstruction_from_RGB_Video_with_Dynamic_Interaction_CVPR_2025_paper.pdf.pdf,0
Wang_Contextual_AD_Narration_with_Interleaved_Multimodal_Sequence_CVPR_2025_paper.pdf.pdf,0
Reilly_LLAVIDAL_A_Large_LAnguage_VIsion_Model_for_Daily_Activities_of_CVPR_2025_paper.pdf.pdf,0
Liu_LiVOS_Light_Video_Object_Segmentation_with_Gated_Linear_Matching_CVPR_2025_paper.pdf.pdf,0
Shaker_GroupMamba_Efficient_Group-Based_Visual_State_Space_Model_CVPR_2025_paper.pdf.pdf,0
Wang_LSNet_See_Large_Focus_Small_CVPR_2025_paper.pdf.pdf,0
Su_SAT-HMR_Real-Time_Multi-Person_3D_Mesh_Estimation_via_Scale-Adaptive_Tokens_CVPR_2025_paper.pdf.pdf,0
Chen_Neuron_Learning_Context-Aware_Evolving_Representations_for_Zero-Shot_Skeleton_Action_Recognition_CVPR_2025_paper.pdf.pdf,0
Wang_TacoDepth_Towards_Efficient_Radar-Camera_Depth_Estimation_with_One-stage_Fusion_CVPR_2025_paper.pdf.pdf,0
Nekrasov_Spotting_the_Unexpected_STU_A_3D_LiDAR_Dataset_for_Anomaly_CVPR_2025_paper.pdf.pdf,0
Men_MIMO_Controllable_Character_Video_Synthesis_with_Spatial_Decomposed_Modeling_CVPR_2025_paper.pdf.pdf,0
Long_Shape_and_Texture_What_Influences_Reliable_Optical_Flow_Estimation_CVPR_2025_paper.pdf.pdf,0
Vuong_Preserving_Clusters_in_Prompt_Learning_for_Unsupervised_Domain_Adaptation_CVPR_2025_paper.pdf.pdf,0
Kim_Improving_Editability_in_Image_Generation_with_Layer-wise_Memory_CVPR_2025_paper.pdf.pdf,0
Zhao_Progressive_Correspondence_Regenerator_for_Robust_3D_Registration_CVPR_2025_paper.pdf.pdf,0
Zhang_HRAvatar_High-Quality_and_Relightable_Gaussian_Head_Avatar_CVPR_2025_paper.pdf.pdf,0
Bilecen_Reference-Based_3D-Aware_Image_Editing_with_Triplanes_CVPR_2025_paper.pdf.pdf,0
Chen_Hyperdimensional_Uncertainty_Quantification_for_Multimodal_Uncertainty_Fusion_in_Autonomous_Vehicles_CVPR_2025_paper.pdf.pdf,0
Bekci_ESCAPE_Equivariant_Shape_Completion_via_Anchor_Point_Encoding_CVPR_2025_paper.pdf.pdf,0
Lincetto_MultimodalStudio_A_Heterogeneous_Sensor_Dataset_and_Framework_for_Neural_Rendering_CVPR_2025_paper.pdf.pdf,0
Zhang_A_Theory_of_Learning_Unified_Model_via_Knowledge_Integration_from_CVPR_2025_paper.pdf.pdf,0
Yan_Long_Video_Diffusion_Generation_with_Segmented_Cross-Attention_and_Content-Rich_Video_CVPR_2025_paper.pdf.pdf,0
Chang_Rethinking_Lanes_and_Points_in_Complex_Scenarios_for_Monocular_3D_CVPR_2025_paper.pdf.pdf,0
Xu_Unveil_Inversion_and_Invariance_in_Flow_Transformer_for_Versatile_Image_CVPR_2025_paper.pdf.pdf,0
Yang_PIAD_Pose_and_Illumination_agnostic_Anomaly_Detection_CVPR_2025_paper.pdf.pdf,0
Yang_FAM_Diffusion_Frequency_and_Attention_Modulation_for_High-Resolution_Image_Generation_CVPR_2025_paper.pdf.pdf,0
Wu_APHQ-ViT_Post-Training_Quantization_with_Average_Perturbation_Hessian_Based_Reconstruction_for_CVPR_2025_paper.pdf.pdf,0
Guo_ArticulatedGS_Self-supervised_Digital_Twin_Modeling_of_Articulated_Objects_using_3D_CVPR_2025_paper.pdf.pdf,0
Yan_Task_Preference_Optimization_Improving_Multimodal_Large_Language_Models_with_Vision_CVPR_2025_paper.pdf.pdf,0
Huang_DiffLO_Semantic-Aware_LiDAR_Odometry_with_Diffusion-Based_Refinement_CVPR_2025_paper.pdf.pdf,0
Zheng_Language-Assisted_Debiasing_and_Smoothing_for_Foundation_Model-Based_Semi-Supervised_Learning_CVPR_2025_paper.pdf.pdf,0
Li_LatentHOI_On_the_Generalizable_Hand_Object_Motion_Generation_with_Latent_CVPR_2025_paper.pdf.pdf,0
Wang_Exploring_Contextual_Attribute_Density_in_Referring_Expression_Counting_CVPR_2025_paper.pdf.pdf,0
Chen_Dual_Energy-Based_Model_with_Open-World_Uncertainty_Estimation_for_Out-of-distribution_Detection_CVPR_2025_paper.pdf.pdf,0
Song_Prior-free_3D_Object_Tracking_CVPR_2025_paper.pdf.pdf,0
Jiang_SmartEraser_Remove_Anything_from_Images_using_Masked-Region_Guidance_CVPR_2025_paper.pdf.pdf,0
Li_NoPain_No-box_Point_Cloud_Attack_via_Optimal_Transport_Singular_Boundary_CVPR_2025_paper.pdf.pdf,0
Lin_HiLoTs_High-Low_Temporal_Sensitive_Representation_Learning_for_Semi-Supervised_LiDAR_Segmentation_CVPR_2025_paper.pdf.pdf,0
Zhao_Efficient_Motion-Aware_Video_MLLM_CVPR_2025_paper.pdf.pdf,0
Wang_DeCLIP_Decoupled_Learning_for_Open-Vocabulary_Dense_Perception_CVPR_2025_paper.pdf.pdf,0
Xu_DepthSplat_Connecting_Gaussian_Splatting_and_Depth_CVPR_2025_paper.pdf.pdf,0
Li_Mask-Adapter_The_Devil_is_in_the_Masks_for_Open-Vocabulary_Segmentation_CVPR_2025_paper.pdf.pdf,0
Karageorgiou_Any-Resolution_AI-Generated_Image_Detection_by_Spectral_Learning_CVPR_2025_paper.pdf.pdf,0
Panagopoulou_ViUniT_Visual_Unit_Tests_for_More_Robust_Visual_Programming_CVPR_2025_paper.pdf.pdf,0
Liao_DocLayLLM_An_Efficient_Multi-modal_Extension_of_Large_Language_Models_for_CVPR_2025_paper.pdf.pdf,0
Wang_Self-Expansion_of_Pre-trained_Models_with_Mixture_of_Adapters_for_Continual_CVPR_2025_paper.pdf.pdf,0
Jose_DINOv2_Meets_Text_A_Unified_Framework_for_Image-_and_Pixel-Level_CVPR_2025_paper.pdf.pdf,0
Liu_Towards_Efficient_Foundation_Model_for_Zero-shot_Amodal_Segmentation_CVPR_2025_paper.pdf.pdf,0
Li_FreeGave_3D_Physics_Learning_from_Dynamic_Videos_by_Gaussian_Velocity_CVPR_2025_paper.pdf.pdf,0
Liu_DefMamba_Deformable_Visual_State_Space_Model_CVPR_2025_paper.pdf.pdf,0
Zohar_Apollo__An_Exploration_of_Video_Understanding_in_Large_Multimodal_CVPR_2025_paper.pdf.pdf,0
Huang_Material_Anything_Generating_Materials_for_Any_3D_Object_via_Diffusion_CVPR_2025_paper.pdf.pdf,0
Zong_Ground-V_Teaching_VLMs_to_Ground_Complex_Instructions_in_Pixels_CVPR_2025_paper.pdf.pdf,0
Zhang_GaPT-DAR_Category-level_Garments_Pose_Tracking_via_Integrated_2D_Deformation_and_CVPR_2025_paper.pdf.pdf,0
Yi_DL2G_Degradation-guided_Local-to-Global_Restoration_for_Eyeglass_Reflection_Removal_CVPR_2025_paper.pdf.pdf,0
Li_RGBAvatar_Reduced_Gaussian_Blendshapes_for_Online_Modeling_of_Head_Avatars_CVPR_2025_paper.pdf.pdf,0
Lu_ScaMo_Exploring_the_Scaling_Law_in_Autoregressive_Motion_Generation_Model_CVPR_2025_paper.pdf.pdf,0
Chen_Curriculum_Coarse-to-Fine_Selection_for_High-IPC_Dataset_Distillation_CVPR_2025_paper.pdf.pdf,0
Kushwaha_VinTAGe_Joint_Video_and_Text_Conditioning_for_Holistic_Audio_Generation_CVPR_2025_paper.pdf.pdf,0
Lv_Adapting_Pre-trained_3D_Models_for_Point_Cloud_Video_Understanding_via_CVPR_2025_paper.pdf.pdf,0
Jeong_Playing_the_Fool_Jailbreaking_LLMs_and_Multimodal_LLMs_with_Out-of-Distribution_CVPR_2025_paper.pdf.pdf,0
Aghzal_Evaluating_Vision-Language_Models_as_Evaluators_in_Path_Planning_CVPR_2025_paper.pdf.pdf,0
Chang_AdMiT_Adaptive_Multi-Source_Tuning_in_Dynamic_Environments_CVPR_2025_paper.pdf.pdf,0
Kim_COSMOS_Cross-Modality_Self-Distillation_for_Vision_Language_Pre-training_CVPR_2025_paper.pdf.pdf,0
Qin_Revisiting_Fairness_in_Multitask_Learning_A_Performance-Driven_Approach_for_Variance_CVPR_2025_paper.pdf.pdf,0
Liu_MODfinity_Unsupervised_Domain_Adaptation_with_Multimodal_Information_Flow_Intertwining_CVPR_2025_paper.pdf.pdf,0
Li_Articulated_Kinematics_Distillation_from_Video_Diffusion_Models_CVPR_2025_paper.pdf.pdf,0
Huang_Revisiting_Audio-Visual_Segmentation_with_Vision-Centric_Transformer_CVPR_2025_paper.pdf.pdf,0
Xue_CorrBEV_Multi-View_3D_Object_Detection_by_Correlation_Learning_with_Multi-modal_CVPR_2025_paper.pdf.pdf,0
Liu_SEC-PromptSEmantic_Complementary_Prompting_for_Few-Shot_Class-Incremental_Learning_CVPR_2025_paper.pdf.pdf,0
Zhou_EgoTextVQA_Towards_Egocentric_Scene-Text_Aware_Video_Question_Answering_CVPR_2025_paper.pdf.pdf,0
Wu_3DGUT_Enabling_Distorted_Cameras_and_Secondary_Rays_in_Gaussian_Splatting_CVPR_2025_paper.pdf.pdf,0
Tu_ODE_Open-Set_Evaluation_of_Hallucinations_in_Multimodal_Large_Language_Models_CVPR_2025_paper.pdf.pdf,0
Henschel_StreamingT2V_Consistent_Dynamic_and_Extendable_Long_Video_Generation_from_Text_CVPR_2025_paper.pdf.pdf,0
Huang_AnomalyNCD_Towards_Novel_Anomaly_Class_Discovery_in_Industrial_Scenarios_CVPR_2025_paper.pdf.pdf,0
Araujo_CAV-MAE_Sync_Improving_Contrastive_Audio-Visual_Mask_Autoencoders_via_Fine-Grained_Alignment_CVPR_2025_paper.pdf.pdf,0
Xie_PhysAnimator_Physics-Guided_Generative_Cartoon_Animation_CVPR_2025_paper.pdf.pdf,0
Ma_Diffusion_Model_is_Effectively_Its_Own_Teacher_CVPR_2025_paper.pdf.pdf,0
Jayasundara_MIRE_Matched_Implicit_Neural_Representations_CVPR_2025_paper.pdf.pdf,0
Xiong_LLaVA-Critic_Learning_to_Evaluate_Multimodal_Models_CVPR_2025_paper.pdf.pdf,0
Lee_DiET-GS_Diffusion_Prior_and_Event_Stream-Assisted_Motion_Deblurring_3D_Gaussian_CVPR_2025_paper.pdf.pdf,0
Zhang_High-Fidelity_Lightweight_Mesh_Reconstruction_from_Point_Clouds_CVPR_2025_paper.pdf.pdf,0
Lin_Uncertainty_Weighted_Gradients_for_Model_Calibration_CVPR_2025_paper.pdf.pdf,0
Zhang_DH-Set_Improving_Vision-Language_Alignment_with_Diverse_and_Hybrid_Set-Embeddings_Learning_CVPR_2025_paper.pdf.pdf,0
Yang_VisionZip_Longer_is_Better_but_Not_Necessary_in_Vision_Language_CVPR_2025_paper.pdf.pdf,0
Zuo_GaussianWorld_Gaussian_World_Model_for_Streaming_3D_Occupancy_Prediction_CVPR_2025_paper.pdf.pdf,0
Liu_MVBoost_Boost_3D_Reconstruction_with_Multi-View_Refinement_CVPR_2025_paper.pdf.pdf,0
Chen_Goku_Flow_Based_Video_Generative_Foundation_Models_CVPR_2025_paper.pdf.pdf,0
Zheng_Video-3D_LLM_Learning_Position-Aware_Video_Representation_for_3D_Scene_Understanding_CVPR_2025_paper.pdf.pdf,0
Hadji_Edge-SD-SR_Low_Latency_and_Parameter_Efficient_On-device_Super-Resolution_with_Stable_CVPR_2025_paper.pdf.pdf,0
Huang_PEACE_Empowering_Geologic_Map_Holistic_Understanding_with_MLLMs_CVPR_2025_paper.pdf.pdf,0
Schnaus_Its_a_Blind_Match_Towards_Vision-Language_Correspondence_without_Parallel_Data_CVPR_2025_paper.pdf.pdf,0
Wang_Koala-36M_A_Large-scale_Video_Dataset_Improving_Consistency_between_Fine-grained_Conditions_CVPR_2025_paper.pdf.pdf,0
Fu_FeedEdit_Text-Based_Image_Editing_with_Dynamic_Feedback_Regulation_CVPR_2025_paper.pdf.pdf,0
Liang_IDEA-Bench_How_Far_are_Generative_Models_from_Professional_Designing_CVPR_2025_paper.pdf.pdf,0
Lee_VideoGuide_Improving_Video_Diffusion_Models_without_Training_Through_a_Teachers_CVPR_2025_paper.pdf.pdf,0
Li_RORem_Training_a_Robust_Object_Remover_with_Human-in-the-Loop_CVPR_2025_paper.pdf.pdf,0
Xiao_Event-based_Video_Super-Resolution_via_State_Space_Models_CVPR_2025_paper.pdf.pdf,0
Chen_Quad-Pixel_Image_Defocus_Deblurring_A_New_Benchmark_and_Model_CVPR_2025_paper.pdf.pdf,0
Ahmed_DeepCompress-ViT_Rethinking_Model_Compression_to_Enhance_Efficiency_of_Vision_Transformers_CVPR_2025_paper.pdf.pdf,0
Qiu_Adapting_to_Observation_Length_of_Trajectory_Prediction_via_Contrastive_Learning_CVPR_2025_paper.pdf.pdf,0
Qiu_Finding_Local_Diffusion_Schrodinger_Bridge_using_Kolmogorov-Arnold_Network_CVPR_2025_paper.pdf.pdf,0
Yang_NADER_Neural_Architecture_Design_via_Multi-Agent_Collaboration_CVPR_2025_paper.pdf.pdf,0
Ziliotto_TANGO_Training-free_Embodied_AI_Agents_for_Open-world_Tasks_CVPR_2025_paper.pdf.pdf,0
Lin_AlphaPre_Amplitude-Phase_Disentanglement_Model_for_Precipitation_Nowcasting_CVPR_2025_paper.pdf.pdf,0
Zhi_LSceneLLM_Enhancing_Large_3D_Scene_Understanding_Using_Adaptive_Visual_Preferences_CVPR_2025_paper.pdf.pdf,0
Gao_Unified_Reconstruction_of_Static_and_Dynamic_Scenes_from_Events_CVPR_2025_paper.pdf.pdf,0
Cao_FLAME_Frozen_Large_Language_Models_Enable_Data-Efficient_Language-Image_Pre-training_CVPR_2025_paper.pdf.pdf,0
Dai_Multi-Modal_Synergistic_Implicit_Image_Enhancement_for_Efficient_Optical_Flow_Estimation_CVPR_2025_paper.pdf.pdf,0
Huang_DEIM_DETR_with_Improved_Matching_for_Fast_Convergence_CVPR_2025_paper.pdf.pdf,0
Chae_APT_Adaptive_Personalized_Training_for_Diffusion_Models_with_Limited_Data_CVPR_2025_paper.pdf.pdf,0
Chen_UltraFusion_Ultra_High_Dynamic_Imaging_using_Exposure_Fusion_CVPR_2025_paper.pdf.pdf,0
Zou_Alignment_Mining_and_Fusion_Representation_Alignment_with_Hard_Negative_Mining_CVPR_2025_paper.pdf.pdf,0
Gan_Silence_is_Golden_Leveraging_Adversarial_Examples_to_Nullify_Audio_Control_CVPR_2025_paper.pdf.pdf,0
Cheng_SACB-Net_Spatial-awareness_Convolutions_for_Medical_Image_Registration_CVPR_2025_paper.pdf.pdf,0
C_OSLoPrompt_Bridging_Low-Supervision_Challenges_and_Open-Set_Domain_Generalization_in_CLIP_CVPR_2025_paper.pdf.pdf,0
Yan_Completion_as_Enhancement_A_Degradation-Aware_Selective_Image_Guided_Network_for_CVPR_2025_paper.pdf.pdf,0
Chen_Document_Haystacks__Vision-Language_Reasoning_Over_Piles_of_1000_Documents_CVPR_2025_paper.pdf.pdf,0
Spartalis_LoTUS_Large-Scale_Machine_Unlearning_with_a_Taste_of_Uncertainty_CVPR_2025_paper.pdf.pdf,0
Shen_DELT_A_Simple_Diversity-driven_EarlyLate_Training_for_Dataset_Distillation_CVPR_2025_paper.pdf.pdf,0
Thakkar_Poly-Autoregressive_Prediction_for_Modeling_Interactions_CVPR_2025_paper.pdf.pdf,0
Huang_Reconstructing_Close_Human_Interaction_with_Appearance_and_Proxemics_Reasoning_CVPR_2025_paper.pdf.pdf,0
Maruani_ShapeShifter_3D_Variations_Using_Multiscale_and_Sparse_Point-Voxel_Diffusion_CVPR_2025_paper.pdf.pdf,0
Zhang_NeRFPrior_Learning_Neural_Radiance_Field_as_a_Prior_for_Indoor_CVPR_2025_paper.pdf.pdf,0
Majumder_Which_Viewpoint_Shows_it_Best_Language_for_Weakly_Supervising_View_CVPR_2025_paper.pdf.pdf,0
Erkoc_PrEditor3D_Fast_and_Precise_3D_Shape_Editing_CVPR_2025_paper.pdf.pdf,0
Lai_Exploring_Simple_Open-Vocabulary_Semantic_Segmentation_CVPR_2025_paper.pdf.pdf,0
Xu_AMR-Transformer_Enabling_Efficient_Long-range_Interaction_for_Complex_Neural_Fluid_Simulation_CVPR_2025_paper.pdf.pdf,0
Lee_Mosaic3D_Foundation_Dataset_and_Model_for_Open-Vocabulary_3D_Segmentation_CVPR_2025_paper.pdf.pdf,0
Shao_Learning_Temporally_Consistent_Video_Depth_from_Video_Diffusion_Priors_CVPR_2025_paper.pdf.pdf,0
Balle_Good_Cheap_and_Fast_Overfitted_Image_Compression_with_Wasserstein_Distortion_CVPR_2025_paper.pdf.pdf,0
Deng_Global-Local_Tree_Search_in_VLMs_for_3D_Indoor_Scene_Generation_CVPR_2025_paper.pdf.pdf,0
Xue_MATCHA_Towards_Matching_Anything_CVPR_2025_paper.pdf.pdf,0
Li_Symmetry_Strikes_Back_From_Single-Image_Symmetry_Detection_to_3D_Generation_CVPR_2025_paper.pdf.pdf,0
Liu_Unveiling_the_Ignorance_of_MLLMs_Seeing_Clearly_Answering_Incorrectly_CVPR_2025_paper.pdf.pdf,0
Moon_Co-op_Correspondence-based_Novel_Object_Pose_Estimation_CVPR_2025_paper.pdf.pdf,0
Zhu_Exact_Exploring_Space-Time_Perceptive_Clues_for_Weakly_Supervised_Satellite_Image_CVPR_2025_paper.pdf.pdf,0
Seo_BiM-VFI_Bidirectional_Motion_Field-Guided_Frame_Interpolation_for_Video_with_Non-uniform_CVPR_2025_paper.pdf.pdf,0
Wang_AIGV-Assessor_Benchmarking_and_Evaluating_the_Perceptual_Quality_of_Text-to-Video_Generation_CVPR_2025_paper.pdf.pdf,0
Lee_Diffusion_Bridge_Leveraging_Diffusion_Model_to_Reduce_the_Modality_Gap_CVPR_2025_paper.pdf.pdf,0
Shao_GREAT_Geometry-Intention_Collaborative_Inference_for_Open-Vocabulary_3D_Object_Affordance_Grounding_CVPR_2025_paper.pdf.pdf,0
Ren_MotionPRO_Exploring_the_Role_of_Pressure_in_Human_MoCap_and_CVPR_2025_paper.pdf.pdf,0
Wang_Reconciling_Stochastic_and_Deterministic_Strategies_for_Zero-shot_Image_Restoration_using_CVPR_2025_paper.pdf.pdf,0
Izquierdo_MVSAnywhere_Zero-Shot_Multi-View_Stereo_CVPR_2025_paper.pdf.pdf,0
Jin_One-shot_3D_Object_Canonicalization_based_on_Geometric_and_Semantic_Consistency_CVPR_2025_paper.pdf.pdf,0
Kaye_DualPM_Dual_Posed-Canonical_Point_Maps_for_3D_Shape_and_Pose_CVPR_2025_paper.pdf.pdf,0
Feng_Redefining_Creative_in_Dictionary_Towards_an_Enhanced_Semantic_Understanding_of_CVPR_2025_paper.pdf.pdf,0
Debnath_RASP_Revisiting_3D_Anamorphic_Art_for_Shadow-Guided_Packing_of_Irregular_CVPR_2025_paper.pdf.pdf,0
Ferens_HyperPose_Hypernetwork-Infused_Camera_Pose_Localization_and_an_Extended_Cambridge_Landmarks_CVPR_2025_paper.pdf.pdf,0
Chen_Reproducible_Vision-Language_Models_Meet_Concepts_Out_of_Pre-Training_CVPR_2025_paper.pdf.pdf,0
Li_Let_Samples_Speak_Mitigating_Spurious_Correlation_by_Exploiting_the_Clusterness_CVPR_2025_paper.pdf.pdf,0
Wang_Flash-Split_2D_Reflection_Removal_with_Flash_Cues_and_Latent_Diffusion_CVPR_2025_paper.pdf.pdf,0
Zhai_StarGen_A_Spatiotemporal_Autoregression_Framework_with_Video_Diffusion_Model_for_CVPR_2025_paper.pdf.pdf,0
Wang_Scaling_up_Image_Segmentation_across_Data_and_Tasks_CVPR_2025_paper.pdf.pdf,0
Yin_ClearSight_Visual_Signal_Enhancement_for_Object_Hallucination_Mitigation_in_Multimodal_CVPR_2025_paper.pdf.pdf,0
Wang_Open_Ad-hoc_Categorization_with_Contextualized_Feature_Learning_CVPR_2025_paper.pdf.pdf,0
Ye_Robust_Message_Embedding_via_Attention_Flow-Based_Steganography_CVPR_2025_paper.pdf.pdf,0
Sun_SplatFlow_Self-Supervised_Dynamic_Gaussian_Splatting_in_Neural_Motion_Flow_Field_CVPR_2025_paper.pdf.pdf,0
Zhang_STAA-SNN_Spatial-Temporal_Attention_Aggregator_for_Spiking_Neural_Networks_CVPR_2025_paper.pdf.pdf,0
Zhao_Learning-enabled_Polynomial_Lyapunov_Function_Synthesis_via_High-Accuracy_Counterexample-Guided_Framework_CVPR_2025_paper.pdf.pdf,0
Li_Optimal_Transport-Guided_Source-Free_Adaptation_for_Face_Anti-Spoofing_CVPR_2025_paper.pdf.pdf,0
Tang_Prototype-Based_Image_Prompting_for_Weakly_Supervised_Histopathological_Image_Segmentation_CVPR_2025_paper.pdf.pdf,0
Enomoto_Polarized_Color_Screen_Matting_CVPR_2025_paper.pdf.pdf,0
Zhao_Boltzmann_Attention_Sampling_for_Image_Analysis_with_Small_Objects_CVPR_2025_paper.pdf.pdf,0
Nakayama_AIpparel_A_Multimodal_Foundation_Model_for_Digital_Garments_CVPR_2025_paper.pdf.pdf,0
Zhang_Towards_Universal_AI-Generated_Image_Detection_by_Variational_Information_Bottleneck_Network_CVPR_2025_paper.pdf.pdf,0
Wei_PCDreamer_Point_Cloud_Completion_Through_Multi-view_Diffusion_Priors_CVPR_2025_paper.pdf.pdf,0
Li_Pursuing_Temporal-Consistent_Video_Virtual_Try-On_via_Dynamic_Pose_Interaction_CVPR_2025_paper.pdf.pdf,0
Jeong_Multi-modal_Knowledge_Distillation-based_Human_Trajectory_Forecasting_CVPR_2025_paper.pdf.pdf,0
Na_Boost_Your_Human_Image_Generation_Model_via_Direct_Preference_Optimization_CVPR_2025_paper.pdf.pdf,0
Li_ShiftwiseConv_Small_Convolutional_Kernel_with_Large_Kernel_Effect_CVPR_2025_paper.pdf.pdf,0
Chen_Easy-editable_Image_Vectorization_with_Multi-layer_Multi-scale_Distributed_Visual_Feature_Embedding_CVPR_2025_paper.pdf.pdf,0
Ao_Open-World_Amodal_Appearance_Completion_CVPR_2025_paper.pdf.pdf,0
Xu_Distilled_Prompt_Learning_for_Incomplete_Multimodal_Survival_Prediction_CVPR_2025_paper.pdf.pdf,0
Qian_Reasoning_to_Attend_Try_to_Understand_How_SEG_Token_Works_CVPR_2025_paper.pdf.pdf,0
Das_COBRA_COmBinatorial_Retrieval_Augmentation_for_Few-Shot_Adaptation_CVPR_2025_paper.pdf.pdf,0
Gong_LP-Diff_Towards_Improved_Restoration_of_Real-World_Degraded_License_Plate_CVPR_2025_paper.pdf.pdf,0
Tian_Sampling_Innovation-Based_Adaptive_Compressive_Sensing_CVPR_2025_paper.pdf.pdf,0
Du_PatchVSR_Breaking_Video_Diffusion_Resolution_Limits_with_Patch-wise_Video_Super-Resolution_CVPR_2025_paper.pdf.pdf,0
Jeong_Learning_Audio-guided_Video_Representation_with_Gated_Attention_for_Video-Text_Retrieval_CVPR_2025_paper.pdf.pdf,0
Mei_Cross-Modal_Interactive_Perception_Network_with_Mamba_for_Lung_Tumor_Segmentation_CVPR_2025_paper.pdf.pdf,0
Jiang_MC2_Multi-concept_Guidance_for_Customized__Multi-concept_Generation_CVPR_2025_paper.pdf.pdf,0
Chen_CADCrafter_Generating_Computer-Aided_Design_Models_from_Unconstrained_Images_CVPR_2025_paper.pdf.pdf,0
Tai_Segment_Anything_Even_Occluded_CVPR_2025_paper.pdf.pdf,0
Sommer_Common3D_Self-Supervised_Learning_of_3D_Morphable_Models_for_Common_Objects_CVPR_2025_paper.pdf.pdf,0
Qu_SILMM_Self-Improving_Large_Multimodal_Models_for_Compositional_Text-to-Image_Generation_CVPR_2025_paper.pdf.pdf,0
Zeng_Explaining_Domain_Shifts_in_Language_Concept_Erasing_for_Interpretable_Image_CVPR_2025_paper.pdf.pdf,0
Xiao_FLAIR_VLM_with_Fine-grained_Language-informed_Image_Representations_CVPR_2025_paper.pdf.pdf,0
Le_One_Diffusion_to_Generate_Them_All_CVPR_2025_paper.pdf.pdf,0
Wei_UniNet_A_Contrastive_Learning-guided_Unified_Framework_with_Feature_Selection_for_CVPR_2025_paper.pdf.pdf,0
Huang_Navigating_the_Unseen_Zero-shot_Scene_Graph_Generation_via_Capsule-Based_Equivariant_CVPR_2025_paper.pdf.pdf,0
Su_RoboSense_Large-scale_Dataset_and_Benchmark_for_Egocentric_Robot_Perception_and_CVPR_2025_paper.pdf.pdf,0
Fu_Iterative_Predictor-Critic_Code_Decoding_for_Real-World_Image_Dehazing_CVPR_2025_paper.pdf.pdf,0
Zheng_Universal_Actions_for_Enhanced_Embodied_Foundation_Models_CVPR_2025_paper.pdf.pdf,0
Cho_Robust_3D_Shape_Reconstruction_in_Zero-Shot_from_a_Single_Image_CVPR_2025_paper.pdf.pdf,0
Jiang_Modeling_Thousands_of_Human_Annotators_for_Generalizable_Text-to-Image_Person_Re-identification_CVPR_2025_paper.pdf.pdf,0
Guizilini_Zero-Shot_Novel_View_and_Depth_Synthesis_with_Multi-View_Geometric_Diffusion_CVPR_2025_paper.pdf.pdf,0
Wang_Training-free_Dense-Aligned_Diffusion_Guidance_for_Modular_Conditional_Image_Synthesis_CVPR_2025_paper.pdf.pdf,0
An_Cross-View_Completion_Models_are_Zero-shot_Correspondence_Estimators_CVPR_2025_paper.pdf.pdf,0
Liu_Enhanced_Contrastive_Learning_with_Multi-view_Longitudinal_Data_for_Chest_X-ray_CVPR_2025_paper.pdf.pdf,0
Li_SynerGen-VL_Towards_Synergistic_Image_Understanding_and_Generation_with_Vision_Experts_CVPR_2025_paper.pdf.pdf,0
Zhang_Invisible_Backdoor_Attack_against_Self-supervised_Learning_CVPR_2025_paper.pdf.pdf,0
Wang_Towards_Enhanced_Image_Inpainting_Mitigating_Unwanted_Object_Insertion_and_Preserving_CVPR_2025_paper.pdf.pdf,0
Akshay_A_Unified_Latent_Schrodinger_Bridge_Diffusion_Model_for_Unsupervised_Anomaly_CVPR_2025_paper.pdf.pdf,0
Ganeshan_Pattern_Analogies_Learning_to_Perform_Programmatic_Image_Edits_by_Analogy_CVPR_2025_paper.pdf.pdf,0
Zhu_Stabilizing_and_Accelerating_Autofocus_with_Expert_Trajectory_Regularized_Deep_Reinforcement_CVPR_2025_paper.pdf.pdf,0
Zhong_Taming_Video_Diffusion_Prior_with_Scene-Grounding_Guidance_for_3D_Gaussian_CVPR_2025_paper.pdf.pdf,0
Duan_Multi-Label_Prototype_Visual_Spatial_Search_for_Weakly_Supervised_Semantic_Segmentation_CVPR_2025_paper.pdf.pdf,0
Fang_EMOE_Modality-Specific_Enhanced_Dynamic_Emotion_Experts_CVPR_2025_paper.pdf.pdf,0
Zhai_PanoGS_Gaussian-based_Panoptic_Segmentation_for_3D_Open_Vocabulary_Scene_Understanding_CVPR_2025_paper.pdf.pdf,0
Kaduri_Whats_in_the_Image_A_Deep-Dive_into_the_Vision_of_CVPR_2025_paper.pdf.pdf,0
Tang_OnlineAnySeg_Online_Zero-Shot_3D_Segmentation_by_Visual_Foundation_Model_Guided_CVPR_2025_paper.pdf.pdf,0
Feng_GPS_as_a_Control_Signal_for_Image_Generation_CVPR_2025_paper.pdf.pdf,0
Qin_Human-centered_Interactive_Learning_via_MLLMs_for_Text-to-Image_Person_Re-identification_CVPR_2025_paper.pdf.pdf,0
Edelstein_Sharp-It_A_Multi-view_to_Multi-view_Diffusion_Model_for_3D_Synthesis_CVPR_2025_paper.pdf.pdf,0
Zhou_TSP-Mamba_The_Travelling_Salesman_Problem_Meets_Mamba_for_Image_Super-resolution_CVPR_2025_paper.pdf.pdf,0
Dubinski_CDI_Copyrighted_Data_Identification_in_Diffusion_Models_CVPR_2025_paper.pdf.pdf,0
Kim_Enhanced_OoD_Detection_through_Cross-Modal_Alignment_of_Multi-Modal_Representations_CVPR_2025_paper.pdf.pdf,0
Zhu_Change3D_Revisiting_Change_Detection_and_Captioning_from_A_Video_Modeling_CVPR_2025_paper.pdf.pdf,0
Dastani_Spectral_State_Space_Model_for_Rotation-Invariant_Visual_Representation_Learning_CVPR_2025_paper.pdf.pdf,0
Zhang_Test-Time_Backdoor_Detection_for_Object_Detection_Models_CVPR_2025_paper.pdf.pdf,0
Zha_ReCon_Enhancing_True_Correspondence_Discrimination_through_Relation_Consistency_for_Robust_CVPR_2025_paper.pdf.pdf,0
Wang_DreamText_High_Fidelity_Scene_Text_Synthesis_CVPR_2025_paper.pdf.pdf,0
Zhu_EntityErasure_Erasing_Entity_Cleanly_via_Amodal_Entity_Segmentation_and_Completion_CVPR_2025_paper.pdf.pdf,0
Chng_Preconditioners_for_the_Stochastic_Training_of_Neural_Fields_CVPR_2025_paper.pdf.pdf,0
Yang_Cheb-GR_Rethinking_K-nearest_Neighbor_Search_in_Re-ranking_for_Person_Re-identification_CVPR_2025_paper.pdf.pdf,0
Huang_GaussianFormer-2_Probabilistic_Gaussian_Superposition_for_Efficient_3D_Occupancy_Prediction_CVPR_2025_paper.pdf.pdf,0
You_Are_Images_Indistinguishable_to_Humans_Also_Indistinguishable_to_Classifiers_CVPR_2025_paper.pdf.pdf,0
Zhang_BimArt_A_Unified_Approach_for_the_Synthesis_of_3D_Bimanual_CVPR_2025_paper.pdf.pdf,0
Huang_Segment_Any_Motion_in_Videos_CVPR_2025_paper.pdf.pdf,0
Liu_Learned_Binocular-Encoding_Optics_for_RGBD_Imaging_Using_Joint_Stereo_and_CVPR_2025_paper.pdf.pdf,0
Tschernezki_Layered_Motion_Fusion_Lifting_Motion_Segmentation_to_3D_in_Egocentric_CVPR_2025_paper.pdf.pdf,0
Li_EVPGS_Enhanced_View_Prior_Guidance_for_Splatting-based_Extrapolated_View_Synthesis_CVPR_2025_paper.pdf.pdf,0
Lai_SnowMaster_Comprehensive_Real-world_Image_Desnowing_via_MLLM_with_Multi-Model_Feedback_CVPR_2025_paper.pdf.pdf,0
Liao_Using_Powerful_Prior_Knowledge_of_Diffusion_Model_in_Deep_Unfolding_CVPR_2025_paper.pdf.pdf,0
Zhang_Seeing_A_3D_World_in_A_Grain_of_Sand_CVPR_2025_paper.pdf.pdf,0
Zhuang_VASparse_Towards_Efficient_Visual_Hallucination_Mitigation_via_Visual-Aware_Token_Sparsification_CVPR_2025_paper.pdf.pdf,0
Qi_Towards_Universal_Dataset_Distillation_via_Task-Driven_Diffusion_CVPR_2025_paper.pdf.pdf,0
Zhang_Ref-GS_Directional_Factorization_for_2D_Gaussian_Splatting_CVPR_2025_paper.pdf.pdf,0
Chae-Yeon_Perceptually_Accurate_3D_Talking_Head_Generation_New_Definitions_Speech-Mesh_Representation_CVPR_2025_paper.pdf.pdf,0
Xu_SMTPD_A_New_Benchmark_for_Temporal_Prediction_of_Social_Media_CVPR_2025_paper.pdf.pdf,0
Yao_Uni4D_Unifying_Visual_Foundation_Models_for_4D_Modeling_from_a_CVPR_2025_paper.pdf.pdf,0
Wu_Sparse2DGS_Geometry-Prioritized_Gaussian_Splatting_for_Surface_Reconstruction_from_Sparse_Views_CVPR_2025_paper.pdf.pdf,0
Li_Brain-Inspired_Spiking_Neural_Networks_for_Energy-Efficient_Object_Detection_CVPR_2025_paper.pdf.pdf,0
Pietrantoni_Gaussian_Splatting_Feature_Fields_for_Privacy-Preserving_Visual_Localization_CVPR_2025_paper.pdf.pdf,0
Bi_Unveiling_Visual_Perception_in_Language_Models_An_Attention_Head_Analysis_CVPR_2025_paper.pdf.pdf,0
Liu_SCSegamba_Lightweight_Structure-Aware_Vision_Mamba_for_Crack_Segmentation_in_Structures_CVPR_2025_paper.pdf.pdf,0
Ballas_Gradient-Guided_Annealing_for_Domain_Generalization_CVPR_2025_paper.pdf.pdf,0
Jiang_Mimic_In-Context_Learning_for_Multimodal_Tasks_CVPR_2025_paper.pdf.pdf,0
Morin_MarkushGrapher_Joint_Visual_and_Textual_Recognition_of_Markush_Structures_CVPR_2025_paper.pdf.pdf,0
Jiang_Advancing_Generalizable_Tumor_Segmentation_with_Anomaly-Aware_Open-Vocabulary_Attention_Maps_and_CVPR_2025_paper.pdf.pdf,0
Ji_Sonic_Shifting_Focus_to_Global_Audio_Perception_in_Portrait_Animation_CVPR_2025_paper.pdf.pdf,0
Wu_MoManipVLA_Transferring_Vision-language-action_Models_for_General_Mobile_Manipulation_CVPR_2025_paper.pdf.pdf,0
Doldo_Stop_Walking_in_Circles_Bailing_Out_Early_in_Projected_Gradient_CVPR_2025_paper.pdf.pdf,0
Guedon_MAtCha_Gaussians_Atlas_of_Charts_for_High-Quality_Geometry_and_Photorealism_CVPR_2025_paper.pdf.pdf,0
He_CL-LoRA_Continual_Low-Rank_Adaptation_for_Rehearsal-Free_Class-Incremental_Learning_CVPR_2025_paper.pdf.pdf,0
Zielonka_Gaussian_Eigen_Models_for_Human_Heads_CVPR_2025_paper.pdf.pdf,0
Pitawela_CLOC_Contrastive_Learning_for_Ordinal_Classification_with_Multi-Margin_N-pair_Loss_CVPR_2025_paper.pdf.pdf,0
Huang_DaCapo_Score_Distillation_as_Stacked_Bridge_for_Fast_and_High-quality_CVPR_2025_paper.pdf.pdf,0
Xi_OW-OVD_Unified_Open_World_and_Open_Vocabulary_Object_Detection_CVPR_2025_paper.pdf.pdf,0
Wang_MetricGrids_Arbitrary_Nonlinear_Approximation_with_Elementary_Metric_Grids_based_Implicit_CVPR_2025_paper.pdf.pdf,0
Vuong_AerialMegaDepth_Learning_Aerial-Ground_Reconstruction_and_View_Synthesis_CVPR_2025_paper.pdf.pdf,0
Chen_Hiding_Images_in_Diffusion_Models_by_Editing_Learned_Score_Functions_CVPR_2025_paper.pdf.pdf,0
Chen_Multi-subject_Open-set_Personalization_in_Video_Generation_CVPR_2025_paper.pdf.pdf,0
Nam_Generative_Densification_Learning_to_Densify_Gaussians_for_High-Fidelity_Generalizable_3D_CVPR_2025_paper.pdf.pdf,0
Wang_LineArt_A_Knowledge-guided_Training-free_High-quality_Appearance_Transfer_for_Design_Drawing_CVPR_2025_paper.pdf.pdf,0
Chen_OralXrays-9_Towards_Hospital-Scale_Panoramic_X-ray_Anomaly_Detection_via_Personalized_Multi-Object_CVPR_2025_paper.pdf.pdf,0
Han_GroundingFace_Fine-grained_Face_Understanding_via_Pixel_Grounding_Multimodal_Large_Language_CVPR_2025_paper.pdf.pdf,0
Li_Co-Speech_Gesture_Video_Generation_with_Implicit_Motion-Audio_Entanglement_CVPR_2025_paper.pdf.pdf,0
Tian_Degradation-Aware_Feature_Perturbation_for_All-in-One_Image_Restoration_CVPR_2025_paper.pdf.pdf,0
Gabeff_MammAlps_A_Multi-view_Video_Behavior_Monitoring_Dataset_of_Wild_Mammals_CVPR_2025_paper.pdf.pdf,0
Cheng_CGMatch_A_Different_Perspective_of_Semi-supervised_Learning_CVPR_2025_paper.pdf.pdf,0
Joo_AeSPa__Attention-guided_Self-supervised_Parallel_Imaging_for_MRI_Reconstruction_CVPR_2025_paper.pdf.pdf,0
Li_PSBD_Prediction_Shift_Uncertainty_Unlocks_Backdoor_Detection_CVPR_2025_paper.pdf.pdf,0
Mall_DiSciPLE_Learning_Interpretable_Programs_for_Scientific_Visual_Discovery_CVPR_2025_paper.pdf.pdf,0
Fang_DistinctAD_Distinctive_Audio_Description_Generation_in_Contexts_CVPR_2025_paper.pdf.pdf,0
Heidari_A_Unified_Framework_for_Heterogeneous_Semi-supervised_Learning_CVPR_2025_paper.pdf.pdf,0
Zhu_Continual_SFT_Matches_Multimodal_RLHF_with_Negative_Supervision_CVPR_2025_paper.pdf.pdf,0
Shi_IMFine_3D_Inpainting_via_Geometry-guided_Multi-view_Refinement_CVPR_2025_paper.pdf.pdf,0
Victorica_Saliuitl_Ensemble_Salience_Guided_Recovery_of_Adversarial_Patches_against_CNNs_CVPR_2025_paper.pdf.pdf,0
Zhang_Balanced_Rate-Distortion_Optimization_in_Learned_Image_Compression_CVPR_2025_paper.pdf.pdf,0
Liu_CityWalker_Learning_Embodied_Urban_Navigation_from_Web-Scale_Videos_CVPR_2025_paper.pdf.pdf,0
Ye_Open_Set_Label_Shift_with_Test_Time_Out-of-Distribution_Reference_CVPR_2025_paper.pdf.pdf,0
Li_AnyDressing_Customizable_Multi-Garment_Virtual_Dressing_via_Latent_Diffusion_Models_CVPR_2025_paper.pdf.pdf,0
Wei_EvEnhancer_Empowering_Effectiveness_Efficiency_and_Generalizability_for_Continuous_Space-Time_Video_CVPR_2025_paper.pdf.pdf,0
Chen_Probing_the_Mid-level_Vision_Capabilities_of_Self-Supervised_Learning_CVPR_2025_paper.pdf.pdf,0
Chen_Splatter-360_Generalizable_360_Gaussian_Splatting_for_Wide-baseline_Panoramic_Images_CVPR_2025_paper.pdf.pdf,0
Wang_CXPMRG-Bench_Pre-training_and_Benchmarking_for_X-ray_Medical_Report_Generation_on_CVPR_2025_paper.pdf.pdf,0
Jiang_Zero-shot_RGB-D_Point_Cloud_Registration_with_Pre-trained_Large_Vision_Model_CVPR_2025_paper.pdf.pdf,0
Zhang_Uncertainty-guided_Perturbation_for_Image_Super-Resolution_Diffusion_Model_CVPR_2025_paper.pdf.pdf,0
He_AFL_A_Single-Round_Analytic_Approach_for_Federated_Learning_with_Pre-trained_CVPR_2025_paper.pdf.pdf,0
Vayani_All_Languages_Matter_Evaluating_LMMs_on_Culturally_Diverse_100_Languages_CVPR_2025_paper.pdf.pdf,0
Chen_UniRestore_Unified_Perceptual_and_Task-Oriented_Image_Restoration_Model_Using_Diffusion_CVPR_2025_paper.pdf.pdf,0
Kalble_EvOcc_Accurate_Semantic_Occupancy_for_Automated_Driving_Using_Evidence_Theory_CVPR_2025_paper.pdf.pdf,0
Zhang_Link-based_Contrastive_Learning_for_One-Shot_Unsupervised_Domain_Adaptation_CVPR_2025_paper.pdf.pdf,0
Ren_S3-Face_SSS-Compliant_Facial_Reflectance_Estimation_via_Diffusion_Priors_CVPR_2025_paper.pdf.pdf,0
Wang_POT_Prototypical_Optimal_Transport_for_Weakly_Supervised_Semantic_Segmentation_CVPR_2025_paper.pdf.pdf,0
Choi_Exploiting_Deblurring_Networks_for_Radiance_Fields_CVPR_2025_paper.pdf.pdf,0
Huang_HOIGPT_Learning_Long-Sequence_Hand-Object_Interaction_with_Language_Models_CVPR_2025_paper.pdf.pdf,0
Zhou_ModeSeq_Taming_Sparse_Multimodal_Motion_Prediction_with_Sequential_Mode_Modeling_CVPR_2025_paper.pdf.pdf,0
Rajagopalan_GenDeg_Diffusion-based_Degradation_Synthesis_for_Generalizable_All-In-One_Image_Restoration_CVPR_2025_paper.pdf.pdf,0
Tong_On_the_Zero-shot_Adversarial_Robustness_of_Vision-Language_Models_A_Truly_CVPR_2025_paper.pdf.pdf,0
Saravanan_VELOCITI_Benchmarking_Video-Language_Compositional_Reasoning_with_Strict_Entailment_CVPR_2025_paper.pdf.pdf,0
Xie_Chain_of_Attack_On_the_Robustness_of_Vision-Language_Models_Against_CVPR_2025_paper.pdf.pdf,0
Guo_FOCUS_Knowledge-enhanced_Adaptive_Visual_Compression_for_Few-shot_Whole_Slide_Image_CVPR_2025_paper.pdf.pdf,0
Ma_Progressive_Rendering_Distillation_Adapting_Stable_Diffusion_for_Instant_Text-to-Mesh_Generation_CVPR_2025_paper.pdf.pdf,0
Wang_Is_Your_World_Simulator_a_Good_Story_Presenter_A_Consecutive_CVPR_2025_paper.pdf.pdf,0
Shen_ForestLPR_LiDAR_Place_Recognition_in_Forests_Attentioning_Multiple_BEV_Density_CVPR_2025_paper.pdf.pdf,0
Peng_BizGen_Advancing_Article-level_Visual_Text_Rendering_for_Infographics_Generation_CVPR_2025_paper.pdf.pdf,0
Wu_Enhanced_Visual-Semantic_Interaction_with_Tailored_Prompts_for_Pedestrian_Attribute_Recognition_CVPR_2025_paper.pdf.pdf,0
Gao_BHViT_Binarized_Hybrid_Vision_Transformer_CVPR_2025_paper.pdf.pdf,0
Wang_Reasoning_Mamba_Hypergraph-Guided_Region_Relation_Calculating_for_Weakly_Supervised_Affordance_CVPR_2025_paper.pdf.pdf,0
Liu_Hybrid_Global-Local_Representation_with_Augmented_Spatial_Guidance_for_Zero-Shot_Referring_CVPR_2025_paper.pdf.pdf,0
On_BIGS_Bimanual_Category-agnostic_Interaction_Reconstruction_from_Monocular_Videos_via_3D_CVPR_2025_paper.pdf.pdf,0
Kim_ShowMak3r_Compositional_TV_Show_Reconstruction_CVPR_2025_paper.pdf.pdf,0
Liu_DCEvo_Discriminative_Cross-Dimensional_Evolutionary_Learning_for_Infrared_and_Visible_Image_CVPR_2025_paper.pdf.pdf,0
Jiang_BOE-ViT_Boosting_Orientation_Estimation_with_Equivariance_in_Self-Supervised_3D_Subtomogram_CVPR_2025_paper.pdf.pdf,0
Kim_GRAE-3DMOT_Geometry_Relation-Aware_Encoder_for_Online_3D_Multi-Object_Tracking_CVPR_2025_paper.pdf.pdf,0
Li_DyFo_A_Training-Free_Dynamic_Focus_Visual_Search_for_Enhancing_LMMs_CVPR_2025_paper.pdf.pdf,0
Jang_Pow3R_Empowering_Unconstrained_3D_Reconstruction_with_Camera_and_Scene_Priors_CVPR_2025_paper.pdf.pdf,0
Kim_ParaHome_Parameterizing_Everyday_Home_Activities_Towards_3D_Generative_Modeling_of_CVPR_2025_paper.pdf.pdf,0
Song_TraF-Align_Trajectory-aware_Feature_Alignment_for_Asynchronous_Multi-agent_Perception_CVPR_2025_paper.pdf.pdf,0
Camiletto_FRAME_Floor-aligned_Representation_for_Avatar_Motion_from_Egocentric_Video_CVPR_2025_paper.pdf.pdf,0
Zhang_Mamba_as_a_Bridge_Where_Vision_Foundation_Models_Meet_Vision_CVPR_2025_paper.pdf.pdf,0
Jatyani_A_Unified_Model_for_Compressed_Sensing_MRI_Across_Undersampling_Patterns_CVPR_2025_paper.pdf.pdf,0
Dai_Label_Shift_Meets_Online_Learning_Ensuring_Consistent_Adaptation_with_Universal_CVPR_2025_paper.pdf.pdf,0
He_Learning_Extremely_High_Density_Crowds_as_Active_Matters_CVPR_2025_paper.pdf.pdf,0
Lin_IRIS_Inverse_Rendering_of_Indoor_Scenes_from_Low_Dynamic_Range_CVPR_2025_paper.pdf.pdf,0
Wang_Coherent_3D_Portrait_Video_Reconstruction_via_Triplane_Fusion_CVPR_2025_paper.pdf.pdf,0
Ji_ARKit_LabelMaker_A_New_Scale_for_Indoor_3D_Scene_Understanding_CVPR_2025_paper.pdf.pdf,0
Wang_Detecting_Adversarial_Data_Using_Perturbation_Forgery_CVPR_2025_paper.pdf.pdf,0
Zang_Feature_Spectrum_Learning_for_Remote_Sensing_Change_Detection_CVPR_2025_paper.pdf.pdf,0
Xu_Rethinking_the_Adversarial_Robustness_of_Multi-Exit_Neural_Networks_in_an_CVPR_2025_paper.pdf.pdf,0
Peng_Star_with_Bilinear_Mapping_CVPR_2025_paper.pdf.pdf,0
Stekovic_PyTorchGeoNodes_Enabling_Differentiable_Shape_Programs_for_3D_Shape_Reconstruction_CVPR_2025_paper.pdf.pdf,0
Lai_Unleashing_In-context_Learning_of_Autoregressive_Models_for_Few-shot_Image_Manipulation_CVPR_2025_paper.pdf.pdf,0
Wang_A3_Few-shot_Prompt_Learning_of_Unlearnable_Examples_with_Cross-Modal_Adversarial_CVPR_2025_paper.pdf.pdf,0
Chharia_MV-SSM_Multi-View_State_Space_Modeling_for_3D_Human_Pose_Estimation_CVPR_2025_paper.pdf.pdf,0
Hu_4DGC_Rate-Aware_4D_Gaussian_Compression_for_Efficient_Streamable_Free-Viewpoint_Video_CVPR_2025_paper.pdf.pdf,0
Jang_Scalable_Video-to-Dataset_Generation_for_Cross-Platform_Mobile_Agents_CVPR_2025_paper.pdf.pdf,0
Dziadzio_How_to_Merge_Your_Multimodal_Models_Over_Time_CVPR_2025_paper.pdf.pdf,0
Li_Robotic_Visual_Instruction_CVPR_2025_paper.pdf.pdf,0
Chen_Feat2GS_Probing_Visual_Foundation_Models_with_Gaussian_Splatting_CVPR_2025_paper.pdf.pdf,0
Liu_DiffFNO_Diffusion_Fourier_Neural_Operator_CVPR_2025_paper.pdf.pdf,0
Liang_DexHandDiff_Interaction-aware_Diffusion_Planning_for_Adaptive_Dexterous_Manipulation_CVPR_2025_paper.pdf.pdf,0
Xu_Deep_Fair_Multi-View_Clustering_with_Attention_KAN_CVPR_2025_paper.pdf.pdf,0
Barda_Instant3dit_Multiview_Inpainting_for_Fast_Editing_of_3D_Objects_CVPR_2025_paper.pdf.pdf,0
Huang_HiRes-LLaVA_Restoring_Fragmentation_Input_in_High-Resolution_Large_Vision-Language_Models_CVPR_2025_paper.pdf.pdf,0
Huang_IM-Zero_Instance-level_Motion_Controllable_Video_Generation_in_a_Zero-shot_Manner_CVPR_2025_paper.pdf.pdf,0
Yuan_SparseAlign_a_Fully_Sparse_Framework_for_Cooperative_Object_Detection_CVPR_2025_paper.pdf.pdf,0
Chen_MAR-3D_Progressive_Masked_Auto-regressor_for_High-Resolution_3D_Generation_CVPR_2025_paper.pdf.pdf,0
Tang_GaussianIP_Identity-Preserving_Realistic_3D_Human_Generation_via_Human-Centric_Diffusion_Prior_CVPR_2025_paper.pdf.pdf,0
Huang_GIVEPose_Gradual_Intra-class_Variation_Elimination_for_RGB-based_Category-Level_Object_Pose_CVPR_2025_paper.pdf.pdf,0
Liu_Towards_In-the-wild_3D_Plane_Reconstruction_from_a_Single_Image_CVPR_2025_paper.pdf.pdf,0
Li_DPU_Dynamic_Prototype_Updating_for_Multimodal_Out-of-Distribution_Detection_CVPR_2025_paper.pdf.pdf,0
Huang_Online_Video_Understanding_OVBench_and_VideoChat-Online_CVPR_2025_paper.pdf.pdf,0
Hanson_PUP_3D-GS_Principled_Uncertainty_Pruning_for_3D_Gaussian_Splatting_CVPR_2025_paper.pdf.pdf,0
Chen_Multi-modal_Medical_Diagnosis_via_Large-small_Model_Collaboration_CVPR_2025_paper.pdf.pdf,0
Ganguly_MERGE_Multi-faceted_Hierarchical_Graph-based_GNN_for_Gene_Expression_Prediction_from_CVPR_2025_paper.pdf.pdf,0
Qiao_RestorGS_Depth-aware_Gaussian_Splatting_for_Efficient_3D_Scene_Restoration_CVPR_2025_paper.pdf.pdf,0
Zhao_EgoPressure_A_Dataset_for_Hand_Pressure_and_Pose_Estimation_in_CVPR_2025_paper.pdf.pdf,0
Park_No_Thing_Nothing_Highlighting_Safety-Critical_Classes_for_Robust_LiDAR_Semantic_CVPR_2025_paper.pdf.pdf,0
Chen_Model_Diagnosis_and_Correction_via_Linguistic_and_Implicit_Attribute_Editing_CVPR_2025_paper.pdf.pdf,0
Choi_MVDoppler-Pose_Multi-Modal_Multi-View_mmWave_Sensing_for_Long-Distance_Self-Occluded_Human_Walking_CVPR_2025_paper.pdf.pdf,0
Gao_The_Devil_is_in_the_Prompts_Retrieval-Augmented_Prompt_Optimization_for_CVPR_2025_paper.pdf.pdf,0
Ge_CompGS_Unleashing_2D_Compositionality_for_Compositional_Text-to-3D_via_Dynamically_Optimizing_CVPR_2025_paper.pdf.pdf,0
Zhang_The_Scene_Language_Representing_Scenes_with_Programs_Words_and_Embeddings_CVPR_2025_paper.pdf.pdf,0
Chen_PhysGen3D_Crafting_a_Miniature_Interactive_World_from_a_Single_Image_CVPR_2025_paper.pdf.pdf,0
Fogel_Open-Canopy_Towards_Very_High_Resolution_Forest_Monitoring_CVPR_2025_paper.pdf.pdf,0
Kuang_Buffer_Anytime_Zero-Shot_Video_Depth_and_Normal_from_Image_Priors_CVPR_2025_paper.pdf.pdf,0
Wang_ODA-GAN_Orthogonal_Decoupling_Alignment_GAN_Assisted_by_Weakly-supervised_Learning_for_CVPR_2025_paper.pdf.pdf,0
Zhao_Accelerating_Multimodal_Large_Language_Models_by_Searching_Optimal_Vision_Token_CVPR_2025_paper.pdf.pdf,0
Xing_Empowering_LLMs_to_Understand_and_Generate_Complex_Vector_Graphics_CVPR_2025_paper.pdf.pdf,0
Pang_UMFN_Unified_Multi-Domain_Face_Normalization_for_Joint_Cross-domain_Prototype_Learning_CVPR_2025_paper.pdf.pdf,0
Li_Positive2Negative_Breaking_the_Information-Lossy_Barrier_in_Self-Supervised_Single_Image_Denoising_CVPR_2025_paper.pdf.pdf,0
Zhao_Reversible_Decoupling_Network_for_Single_Image_Reflection_Removal_CVPR_2025_paper.pdf.pdf,0
Tan_Mimir_Improving_Video_Diffusion_Models_for_Precise_Text_Understanding_CVPR_2025_paper.pdf.pdf,0
Xiao_Hyperspectral_Pansharpening_via_Diffusion_Models_with_Iteratively_Zero-Shot_Guidance_CVPR_2025_paper.pdf.pdf,0
Chen_Interpreting_Object-level_Foundation_Models_via_Visual_Precision_Search_CVPR_2025_paper.pdf.pdf,0
Sheng_UNICL-SAM_Uncertainty-Driven_In-Context_Segmentation_with_Part_Prototype_Discovery_CVPR_2025_paper.pdf.pdf,0
Wang_SKE-Layout_Spatial_Knowledge_Enhanced_Layout_Generation_with_LLMs_CVPR_2025_paper.pdf.pdf,0
Lin_NeighborRetr_Balancing_Hub_Centrality_in_Cross-Modal_Retrieval_CVPR_2025_paper.pdf.pdf,0
Lv_T2SG_Traffic_Topology_Scene_Graph_for_Topology_Reasoning_in_Autonomous_CVPR_2025_paper.pdf.pdf,0
Lei_Rethinking_Token_Reduction_with_Parameter-Efficient_Fine-Tuning_in_ViT_for_Pixel-Level_CVPR_2025_paper.pdf.pdf,0
Wang_VidTwin_Video_VAE_with_Decoupled_Structure_and_Dynamics_CVPR_2025_paper.pdf.pdf,0
Zhang_Anyattack_Towards_Large-scale_Self-supervised_Adversarial_Attacks_on_Vision-language_Models_CVPR_2025_paper.pdf.pdf,0
Li_MegaSaM_Accurate_Fast_and_Robust_Structure_and_Motion_from_Casual_CVPR_2025_paper.pdf.pdf,0
Bahri_Spectral_Informed_Mamba_for_Robust_Point_Cloud_Processing_CVPR_2025_paper.pdf.pdf,0
Bendou_ProKeR_A_Kernel_Perspective_on_Few-Shot_Adaptation_of_Large_Vision-Language_CVPR_2025_paper.pdf.pdf,0
Xie_SerialGen_Personalized_Image_Generation_by_First_Standardization_Then_Personalization_CVPR_2025_paper.pdf.pdf,0
Peddi_Towards_Unbiased_and_Robust_Spatio-Temporal_Scene_Graph_Generation_and_Anticipation_CVPR_2025_paper.pdf.pdf,0
Zhou_Scale_Efficient_Training_for_Large_Datasets_CVPR_2025_paper.pdf.pdf,0
Chang_X-Dyna_Expressive_Dynamic_Human_Image_Animation_CVPR_2025_paper.pdf.pdf,0
Yang_TAROT_Towards_Essentially_Domain-Invariant_Robustness_with_Theoretical_Justification_CVPR_2025_paper.pdf.pdf,0
Xia_Phoenix_A_Motion-based_Self-Reflection_Framework_for_Fine-grained_Robotic_Action_Correction_CVPR_2025_paper.pdf.pdf,0
Xu_InterAct_Advancing_Large-Scale_Versatile_3D_Human-Object_Interaction_Generation_CVPR_2025_paper.pdf.pdf,0
Buch_Flexible_Frame_Selection_for_Efficient_Video_Reasoning_CVPR_2025_paper.pdf.pdf,0
Kim_SALOVA_Segment-Augmented_Long_Video_Assistant_for_Targeted_Retrieval_and_Routing_CVPR_2025_paper.pdf.pdf,0
Pham_SharpDepth_Sharpening_Metric_Depth_Predictions_Using_Diffusion_Distillation_CVPR_2025_paper.pdf.pdf,0
Wittmann_vesselFM_A_Foundation_Model_for_Universal_3D_Blood_Vessel_Segmentation_CVPR_2025_paper.pdf.pdf,0
He_Category-Agnostic_Neural_Object_Rigging_CVPR_2025_paper.pdf.pdf,0
Li_Wav2Sem_Plug-and-Play_Audio_Semantic_Decoupling_for_3D_Speech-Driven_Facial_Animation_CVPR_2025_paper.pdf.pdf,0
Liu_Hybrid-Level_Instruction_Injection_for_Video_Token_Compression_in_Multi-modal_Large_CVPR_2025_paper.pdf.pdf,0
Wu_Every_SAM_Drop_Counts_Embracing_Semantic_Priors_for_Multi-Modality_Image_CVPR_2025_paper.pdf.pdf,0
Lee_Video_Summarization_with_Large_Language_Models_CVPR_2025_paper.pdf.pdf,0
Ma_Forming_Auxiliary_High-confident_Instance-level_Loss_to_Promote_Learning_from_Label_CVPR_2025_paper.pdf.pdf,0
Sushko_RealEdit_Reddit_Edits_As_a_Large-scale_Empirical_Dataset_for_Image_CVPR_2025_paper.pdf.pdf,0
Chen_RDD_Robust_Feature_Detector_and_Descriptor_using_Deformable_Transformer_CVPR_2025_paper.pdf.pdf,0
Ren_MINIMA_Modality_Invariant_Image_Matching_CVPR_2025_paper.pdf.pdf,0
Xu_MFogHub_Bridging_Multi-Regional_and_Multi-Satellite_Data_for_Global_Marine_Fog_CVPR_2025_paper.pdf.pdf,0
Ozsoy_MM-OR_A_Large_Multimodal_Operating_Room_Dataset_for_Semantic_Understanding_CVPR_2025_paper.pdf.pdf,0
Wei_Integral_Fast_Fourier_Color_Constancy_CVPR_2025_paper.pdf.pdf,0
Huang_Trajectory_Mamba_Efficient_Attention-Mamba_Forecasting_Model_Based_on_Selective_SSM_CVPR_2025_paper.pdf.pdf,0
Qi_Less_is_More_Efficient_Model_Merging_with_Binary_Task_Switch_CVPR_2025_paper.pdf.pdf,0
Zhang_OmniGuard_Hybrid_Manipulation_Localization_via_Augmented_Versatile_Deep_Image_Watermarking_CVPR_2025_paper.pdf.pdf,0
He_StdGEN_Semantic-Decomposed_3D_Character_Generation_from_Single_Images_CVPR_2025_paper.pdf.pdf,0
Yang_Tra-MoE_Learning_Trajectory_Prediction_Model_from_Multiple_Domains_for_Adaptive_CVPR_2025_paper.pdf.pdf,0
Nguyen_Occlusion-aware_Text-Image-Point_Cloud_Pretraining_for_Open-World_3D_Object_Recognition_CVPR_2025_paper.pdf.pdf,0
Gao_Towards_Realistic_Example-based_Modeling_via_3D_Gaussian_Stitching_CVPR_2025_paper.pdf.pdf,0
Wang_A_Comprehensive_Study_of_Decoder-Only_LLMs_for_Text-to-Image_Generation_CVPR_2025_paper.pdf.pdf,0
Zhang_Lets_Verify_and_Reinforce_Image_Generation_Step_by_Step_CVPR_2025_paper.pdf.pdf,0
Lee_SemanticDraw_Towards_Real-Time_Interactive_Content_Creation_from_Image_Diffusion_Models_CVPR_2025_paper.pdf.pdf,0
Evani_Chebyshev_Attention_Depth_Permutation_Texture_Network_with_Latent_Texture_Attribute_CVPR_2025_paper.pdf.pdf,0
Zhao_BFANet_Revisiting_3D_Semantic_Segmentation_with_Boundary_Feature_Analysis_CVPR_2025_paper.pdf.pdf,0
Boss_SF3D_Stable_Fast_3D_Mesh_Reconstruction_with_UV-unwrapping_and_Illumination_CVPR_2025_paper.pdf.pdf,0
Zhang_Tora_Trajectory-oriented_Diffusion_Transformer_for_Video_Generation_CVPR_2025_paper.pdf.pdf,0
Casarin_L-SWAG_Layer-Sample_Wise_Activation_with_Gradients_Information_for_Zero-Shot_NAS_CVPR_2025_paper.pdf.pdf,0
Pan_Transfer_Your_Perspective_Controllable_3D_Generation_from_Any_Viewpoint_in_CVPR_2025_paper.pdf.pdf,0
Yu_Once-Tuning-Multiple-Variants_Tuning_Once_and_Expanded_as_Multiple_Vision-Language_Model_Variants_CVPR_2025_paper.pdf.pdf,0
Chen_IterIS_Iterative_Inference-Solving_Alignment_for_LoRA_Merging_CVPR_2025_paper.pdf.pdf,0
Loiseau_RUBIK_A_Structured_Benchmark_for_Image_Matching_across_Geometric_Challenges_CVPR_2025_paper.pdf.pdf,0
Yao_Reconstruction_vs._Generation_Taming_Optimization_Dilemma_in_Latent_Diffusion_Models_CVPR_2025_paper.pdf.pdf,0
Zhai_TAGA_Self-supervised_Learning_for_Template-free_Animatable_Gaussian_Articulated_Model_CVPR_2025_paper.pdf.pdf,0
Kim_HOT_Hadamard-based_Optimized_Training_CVPR_2025_paper.pdf.pdf,0
Shao_Remote_Photoplethysmography_in_Real-World_and_Extreme_Lighting_Scenarios_CVPR_2025_paper.pdf.pdf,0
Bose_Descriptor-In-Pixel__Point-Feature_Tracking_For_Pixel_Processor_Arrays_CVPR_2025_paper.pdf.pdf,0
Zhou_Binarized_Mamba-Transformer_for_Lightweight_Quad_Bayer_HybridEVS_Demosaicing_CVPR_2025_paper.pdf.pdf,0
Chen_SOLVE_Synergy_of_Language-Vision_and_End-to-End_Networks_for_Autonomous_Driving_CVPR_2025_paper.pdf.pdf,0
Mu_RoboTwin_Dual-Arm_Robot_Benchmark_with_Generative_Digital_Twins_CVPR_2025_paper.pdf.pdf,0
Gao_DiSRT-In-Bed_Diffusion-Based_Sim-to-Real_Transfer_Framework_for_In-Bed_Human_Mesh_Recovery_CVPR_2025_paper.pdf.pdf,0
Cai_LoKi_Low-dimensional_KAN_for_Efficient_Fine-tuning_Image_Models_CVPR_2025_paper.pdf.pdf,0
Zhang_Nested_Diffusion_Models_Using_Hierarchical_Latent_Priors_CVPR_2025_paper.pdf.pdf,0
Wynn_Morpheus_Text-Driven_3D_Gaussian_Splat_Shape_and_Color_Stylization_CVPR_2025_paper.pdf.pdf,0
Cheng_Blood_Flow_Speed_Estimation_with_Optical_Coherence_Tomography_Angiography_Images_CVPR_2025_paper.pdf.pdf,0
Li_Object-Centric_Prompt-Driven_Vision-Language-Action_Model_for_Robotic_Manipulation_CVPR_2025_paper.pdf.pdf,0
Ye_StyleMaster_Stylize_Your_Video_with_Artistic_Generation_and_Translation_CVPR_2025_paper.pdf.pdf,0
Ye_FreeCloth_Free-form_Generation_Enhances_Challenging_Clothed_Human_Modeling_CVPR_2025_paper.pdf.pdf,0
Lai_LLM-driven_Multimodal_and_Multi-Identity_Listening_Head_Generation_CVPR_2025_paper.pdf.pdf,0
Lei_StyleStudio_Text-Driven_Style_Transfer_with_Selective_Control_of_Style_Elements_CVPR_2025_paper.pdf.pdf,0
Ji_POMP_Physics-consistent_Motion_Generative_Model_through_Phase_Manifolds_CVPR_2025_paper.pdf.pdf,0
Xu_Adversarial_Domain_Prompt_Tuning_and_Generation_for_Single_Domain_Generalization_CVPR_2025_paper.pdf.pdf,0
Xu_Satellite_to_GroundScape_-_Large-scale_Consistent_Ground_View_Generation_from_CVPR_2025_paper.pdf.pdf,0
Lin_Kiss3DGen_Repurposing_Image_Diffusion_Models_for_3D_Asset_Generation_CVPR_2025_paper.pdf.pdf,0
Bar_Navigation_World_Models_CVPR_2025_paper.pdf.pdf,0
Abdelsamad_Multi-Scale_Neighborhood_Occupancy_Masked_Autoencoder_for_Self-Supervised_Learning_in_LiDAR_CVPR_2025_paper.pdf.pdf,0
Ye_VoCo-LLaMA_Towards_Vision_Compression_with_Large_Language_Models_CVPR_2025_paper.pdf.pdf,0
Zielonka_Synthetic_Prior_for_Few-Shot_Drivable_Head_Avatar_Inversion_CVPR_2025_paper.pdf.pdf,0
Xu_VideoGigaGAN_Towards_Detail-rich_Video_Super-Resolution_CVPR_2025_paper.pdf.pdf,0
Park_Community_Forensics_Using_Thousands_of_Generators_to_Train_Fake_Image_CVPR_2025_paper.pdf.pdf,0
Xie_TurboFill_Adapting_Few-step_Text-to-image_Model_for_Fast_Image_Inpainting_CVPR_2025_paper.pdf.pdf,0
Xu_HunyuanPortrait_Implicit_Condition_Control_for_Enhanced_Portrait_Animation_CVPR_2025_paper.pdf.pdf,0
Abbasi_CLIP_Under_the_Microscope_A_Fine-Grained_Analysis_of_Multi-Object_Representation_CVPR_2025_paper.pdf.pdf,0
Yang_EgoLife_Towards_Egocentric_Life_Assistant_CVPR_2025_paper.pdf.pdf,0
Lu_BARD-GS_Blur-Aware_Reconstruction_of_Dynamic_Scenes_via_Gaussian_Splatting_CVPR_2025_paper.pdf.pdf,0
Yang_Golden_Cudgel_Network_for_Real-Time_Semantic_Segmentation_CVPR_2025_paper.pdf.pdf,0
Benidir_The_Change_You_Want_To_Detect_Semantic_Change_Detection_In_CVPR_2025_paper.pdf.pdf,0
Sain_Sketch_Down_the_FLOPs_Towards_Efficient_Networks_for_Human_Sketch_CVPR_2025_paper.pdf.pdf,0
Tian_PDFactor_Learning_Tri-Perspective_View_Policy_Diffusion_Field_for_Multi-Task_Robotic_CVPR_2025_paper.pdf.pdf,0
Xu_M3GYM_A_Large-Scale_Multimodal_Multi-view_Multi-person_Pose_Dataset_for_Fitness_CVPR_2025_paper.pdf.pdf,0
Yang_Distraction_is_All_You_Need_for_Multimodal_Large_Language_Model_CVPR_2025_paper.pdf.pdf,0
Lozano_BIOMEDICA_An_Open_Biomedical_Image-Caption_Archive_Dataset_and_Vision-Language_Models_CVPR_2025_paper.pdf.pdf,0
Zhu_3D_Student_Splatting_and_Scooping_CVPR_2025_paper.pdf.pdf,0
Shen_Evolving_High-Quality_Rendering_and_Reconstruction_in_a_Unified_Framework_with_CVPR_2025_paper.pdf.pdf,0
Shi_MotionStone_Decoupled_Motion_Intensity_Modulation_with_Diffusion_Transformer_for_Image-to-Video_CVPR_2025_paper.pdf.pdf,0
Zhang_Finer-CAM_Spotting_the_Difference_Reveals_Finer_Details_for_Visual_Explanation_CVPR_2025_paper.pdf.pdf,0
Maiti_Gen3DEval_Using_vLLMs_for_Automatic_Evaluation_of_Generated_3D_Objects_CVPR_2025_paper.pdf.pdf,0
Qu_KVQ_Boosting_Video_Quality_Assessment_via_Saliency-guided_Local_Perception_CVPR_2025_paper.pdf.pdf,0
Chao_Textured_Gaussians_for_Enhanced_3D_Scene_Appearance_Modeling_CVPR_2025_paper.pdf.pdf,0
Song_Towards_Long-Horizon_Vision-Language_Navigation_Platform_Benchmark_and_Method_CVPR_2025_paper.pdf.pdf,0
Zeng_ChainHOI_Joint-based_Kinematic_Chain_Modeling_for_Human-Object_Interaction_Generation_CVPR_2025_paper.pdf.pdf,0
Yan_Synthetic-to-Real_Self-supervised_Robust_Depth_Estimation_via_Learning_with_Motion_and_CVPR_2025_paper.pdf.pdf,0
Hermosilla_Masked_Scene_Modeling_Narrowing_the_Gap_Between_Supervised_and_Self-Supervised_CVPR_2025_paper.pdf.pdf,0
Nguyen_HyperGLM_HyperGraph_for_Video_Scene_Graph_Generation_and_Anticipation_CVPR_2025_paper.pdf.pdf,0
Liu_Homogeneous_Dynamics_Space_for_Heterogeneous_Humans_CVPR_2025_paper.pdf.pdf,0
Song_Learning_Endogenous_Attention_for_Incremental_Object_Detection_CVPR_2025_paper.pdf.pdf,0
Jeong_PoseBH_Prototypical_Multi-Dataset_Training_Beyond_Human_Pose_Estimation_CVPR_2025_paper.pdf.pdf,0
Liu_Audio-Visual_Semantic_Graph_Network_for_Audio-Visual_Event_Localization_CVPR_2025_paper.pdf.pdf,0
Park_Style-Editor_Text-driven_Object-centric_Style_Editing_CVPR_2025_paper.pdf.pdf,0
Chen_Provoking_Multi-modal_Few-Shot_LVLM_via_Exploration-Exploitation_In-Context_Learning_CVPR_2025_paper.pdf.pdf,0
Shan_ROS-SAM_High-Quality_Interactive_Segmentation_for_Remote_Sensing_Moving_Object_CVPR_2025_paper.pdf.pdf,0
Guo_MMRL_Multi-Modal_Representation_Learning_for_Vision-Language_Models_CVPR_2025_paper.pdf.pdf,0
Singh_GLASS_Guided_Latent_Slot_Diffusion_for_Object-Centric_Learning_CVPR_2025_paper.pdf.pdf,0
Liang_EfficientLLaVA_Generalizable_Auto-Pruning_for_Large_Vision-language_Models_CVPR_2025_paper.pdf.pdf,0
Abdessaied_V2Dial_Unification_of_Video_and_Visual_Dialog_via_Multimodal_Experts_CVPR_2025_paper.pdf.pdf,0
Chen_Video_Depth_Anything_Consistent_Depth_Estimation_for_Super-Long_Videos_CVPR_2025_paper.pdf.pdf,0
Cocchi_Augmenting_Multimodal_LLMs_with_Self-Reflective_Tokens_for_Knowledge-based_Visual_Question_CVPR_2025_paper.pdf.pdf,0
Shugaev_ERUPT_Efficient_Rendering_with_Unposed_Patch_Transformer_CVPR_2025_paper.pdf.pdf,0
Santra_Precise_Event_Spotting_in_Sports_Videos_Solving_Long-Range_Dependency_and_CVPR_2025_paper.pdf.pdf,0
Liu_PhD_A_ChatGPT-Prompted_Visual_Hallucination_Evaluation_Dataset_CVPR_2025_paper.pdf.pdf,0
Tan_ONDA-Pose_Occlusion-Aware_Neural_Domain_Adaptation_for_Self-Supervised_6D_Object_Pose_CVPR_2025_paper.pdf.pdf,Error
Fang_Decoupled_Motion_Expression_Video_Segmentation_CVPR_2025_paper.pdf.pdf,0
Shu_Video-XL_Extra-Long_Vision_Language_Model_for_Hour-Scale_Video_Understanding_CVPR_2025_paper.pdf.pdf,0
Chen_Radio_Frequency_Ray_Tracing_with_Neural_Object_Representation_for_Enhanced_CVPR_2025_paper.pdf.pdf,0
Maeda_Event_Ellipsometer_Event-based_Mueller-Matrix_Video_Imaging_CVPR_2025_paper.pdf.pdf,0
Peng_Understanding_Fine-tuning_CLIP_for_Open-vocabulary_Semantic_Segmentation_in_Hyperbolic_Space_CVPR_2025_paper.pdf.pdf,0
Su_Encapsulated_Composition_of_Text-to-Image_and_Text-to-Video_Models_for_High-Quality_Video_CVPR_2025_paper.pdf.pdf,0
Liu_NVILA_Efficient_Frontier_Visual_Language_Models_CVPR_2025_paper.pdf.pdf,0
Yan_Wavelet_and_Prototype_Augmented_Query-based_Transformer_for_Pixel-level_Surface_Defect_CVPR_2025_paper.pdf.pdf,0
Liu_BOLT_Boost_Large_Vision-Language_Model_Without_Training_for_Long-form_Video_CVPR_2025_paper.pdf.pdf,0
Yoshida_Generating_6DoF_Object_Manipulation_Trajectories_from_Action_Description_in_Egocentric_CVPR_2025_paper.pdf.pdf,0
Zhang_Fitted_Neural_Lossless_Image_Compression_CVPR_2025_paper.pdf.pdf,0
Wang_Split_Adaptation_for_Pre-trained_Vision_Transformers_CVPR_2025_paper.pdf.pdf,0
Amrani_Sample-_and_Parameter-Efficient_Auto-Regressive_Image_Models_CVPR_2025_paper.pdf.pdf,0
Shen_Image_Quality_Assessment_Investigating_Causal_Perceptual_Effects_with_Abductive_Counterfactual_CVPR_2025_paper.pdf.pdf,0
Wang_UniGraspTransformer_Simplified_Policy_Distillation_for_Scalable_Dexterous_Robotic_Grasping_CVPR_2025_paper.pdf.pdf,0
Zhu_Exploring_Sparse_MoE_in_GANs_for_Text-conditioned_Image_Synthesis_CVPR_2025_paper.pdf.pdf,0
Bulo_Hardware-Rasterized_Ray-Based_Gaussian_Splatting_CVPR_2025_paper.pdf.pdf,0
Lu_BlueLM-V-3B_Algorithm_and_System_Co-Design_for_Multimodal_Large_Language_Models_CVPR_2025_paper.pdf.pdf,0
Zhuang_DAGSM_Disentangled_Avatar_Generation_with_GS-enhanced_Mesh_CVPR_2025_paper.pdf.pdf,0
Bahmani_AC3D_Analyzing_and_Improving_3D_Camera_Control_in_Video_Diffusion_CVPR_2025_paper.pdf.pdf,0
Majhi_Just_Dance_with_pi_A_Poly-modal_Inductor_for_Weakly-supervised_Video_CVPR_2025_paper.pdf.pdf,0
Zhou_CARE_Transformer_Mobile-Friendly_Linear_Visual_Transformer_via_Decoupled_Dual_Interaction_CVPR_2025_paper.pdf.pdf,0
Xie_FilmComposer_LLM-Driven_Music_Production_for_Silent_Film_Clips_CVPR_2025_paper.pdf.pdf,0
Lin_Multi-Layer_Visual_Feature_Fusion_in_Multimodal_LLMs_Methods_Analysis_and_CVPR_2025_paper.pdf.pdf,0
Liu_Rotation-Equivariant_Self-Supervised_Method_in_Image_Denoising_CVPR_2025_paper.pdf.pdf,0
Ling_CADRef_Robust_Out-of-Distribution_Detection_via_Class-Aware_Decoupled_Relative_Feature_Leveraging_CVPR_2025_paper.pdf.pdf,0
Nguyen_h-Edit_Effective_and_Flexible_Diffusion-Based_Editing_via_Doobs_h-Transform_CVPR_2025_paper.pdf.pdf,0
Lee_CoCoGaussian_Leveraging_Circle_of_Confusion_for_Gaussian_Splatting_from_Defocused_CVPR_2025_paper.pdf.pdf,0
Pang_Disco4D_Disentangled_4D_Human_Generation_and_Animation_from_a_Single_CVPR_2025_paper.pdf.pdf,0
Fiche_MEGA_Masked_Generative_Autoencoder_for_Human_Mesh_Recovery_CVPR_2025_paper.pdf.pdf,0
Ni_Hazy_Low-Quality_Satellite_Video_Restoration_Via_Learning_Optimal_Joint_Degradation_CVPR_2025_paper.pdf.pdf,0
Lee_Recovering_Dynamic_3D_Sketches_from_Videos_CVPR_2025_paper.pdf.pdf,0
Hu_Towards_Better_Alignment_Training_Diffusion_Models_with_Reinforcement_Learning_Against_CVPR_2025_paper.pdf.pdf,0
Ye_ATP-LLaVA_Adaptive_Token_Pruning_for_Large_Vision_Language_Models_CVPR_2025_paper.pdf.pdf,0
Zhu_MEET_Towards_Memory-Efficient_Temporal_Sparse_Deep_Neural_Networks_CVPR_2025_paper.pdf.pdf,0
Lin_ChatHuman_Chatting_about_3D_Humans_with_Tools_CVPR_2025_paper.pdf.pdf,0
Zhong_Hierarchical_Features_Matter_A_Deep_Exploration_of_Progressive_Parameterization_Method_CVPR_2025_paper.pdf.pdf,0
Cendra_ICE_Intrinsic_Concept_Extraction_from_a_Single_Image_via_Diffusion_CVPR_2025_paper.pdf.pdf,0
Tang_Missing_Target-Relevant_Information_Prediction_with_World_Model_for_Accurate_Zero-Shot_CVPR_2025_paper.pdf.pdf,0
Yan_ClimbingCap_Multi-Modal_Dataset_and_Method_for_Rock_Climbing_in_World_CVPR_2025_paper.pdf.pdf,0
Yang_Towards_Explicit_Geometry-Reflectance_Collaboration_for_Generalized_LiDAR_Segmentation_in_Adverse_CVPR_2025_paper.pdf.pdf,0
Islam_BIMBA_Selective-Scan_Compression_for_Long-Range_Video_Question_Answering_CVPR_2025_paper.pdf.pdf,0
Lee_Tripartite_Weight-Space_Ensemble_for_Few-Shot_Class-Incremental_Learning_CVPR_2025_paper.pdf.pdf,0
Liu_Enhancing_Online_Continual_Learning_with_Plug-and-Play_State_Space_Model_and_CVPR_2025_paper.pdf.pdf,0
Yang_TopV_Compatible_Token_Pruning_with_Inference_Time_Optimization_for_Fast_CVPR_2025_paper.pdf.pdf,0
Chen_Vid2Sim_Generalizable_Video-based_Reconstruction_of_Appearance_Geometry_and_Physics_for_CVPR_2025_paper.pdf.pdf,0
Wang_Synchronized_Video-to-Audio_Generation_via_Mel_Quantization-Continuum_Decomposition_CVPR_2025_paper.pdf.pdf,0
Wang_Scalable_Autoregressive_Monocular_Depth_Estimation_CVPR_2025_paper.pdf.pdf,0
Huang_PatchDPO_Patch-level_DPO_for_Finetuning-free_Personalized_Image_Generation_CVPR_2025_paper.pdf.pdf,0
Caffagni_Recurrence-Enhanced_Vision-and-Language_Transformers_for_Robust_Multimodal_Document_Retrieval_CVPR_2025_paper.pdf.pdf,0
Li_Imagine_and_Seek_Improving_Composed_Image_Retrieval_with_an_Imagined_CVPR_2025_paper.pdf.pdf,0
Yang_SGCR_Spherical_Gaussians_for_Efficient_3D_Curve_Reconstruction_CVPR_2025_paper.pdf.pdf,0
Zhao_Shadow_Generation_Using_Diffusion_Model_with_Geometry_Prior_CVPR_2025_paper.pdf.pdf,0
Li_NVComposer_Boosting_Generative_Novel_View_Synthesis_with_Multiple_Sparse_and_CVPR_2025_paper.pdf.pdf,0
Pei_Divide_and_Conquer_Heterogeneous_Noise_Integration_for_Diffusion-based_Adversarial_Purification_CVPR_2025_paper.pdf.pdf,0
Lee_GeoAvatar_Geometrically-Consistent_Multi-Person_Avatar_Reconstruction_from_Sparse_Multi-View_Videos_CVPR_2025_paper.pdf.pdf,0
Huang_MTADiffusion_Mask_Text_Alignment_Diffusion_Model_for_Object_Inpainting_CVPR_2025_paper.pdf.pdf,0
Chen_HandOS_3D_Hand_Reconstruction_in_One_Stage_CVPR_2025_paper.pdf.pdf,0
Geng_Motion_Prompting_Controlling_Video_Generation_with_Motion_Trajectories_CVPR_2025_paper.pdf.pdf,0
Wang_Multi-Modal_Aerial-Ground_Cross-View_Place_Recognition_with_Neural_ODEs_CVPR_2025_paper.pdf.pdf,0
Jun-Seong_Dr._Splat_Directly_Referring_3D_Gaussian_Splatting_via_Direct_Language_CVPR_2025_paper.pdf.pdf,0
Song_Dont_Shake_the_Wheel_Momentum-Aware_Planning_in_End-to-End_Autonomous_Driving_CVPR_2025_paper.pdf.pdf,0
Hoffmann_Floxels_Fast_Unsupervised_Voxel_Based_Scene_Flow_Estimation_CVPR_2025_paper.pdf.pdf,0
Wang_Traversing_Distortion-Perception_Tradeoff_using_a_Single_Score-Based_Generative_Model_CVPR_2025_paper.pdf.pdf,0
Zhou_Bridge_Frame_and_Event_Common_Spatiotemporal_Fusion_for_High-Dynamic_Scene_CVPR_2025_paper.pdf.pdf,0
Xie_Test-Time_Visual_In-Context_Tuning_CVPR_2025_paper.pdf.pdf,0
Li_Logits_DeConfusion_with_CLIP_for_Few-Shot_Learning_CVPR_2025_paper.pdf.pdf,0
Lee_EfficientViM_Efficient_Vision_Mamba_with_Hidden_State_Mixer_based_State_CVPR_2025_paper.pdf.pdf,0
Liu_FlexGS_Train_Once_Deploy_Everywhere_with_Many-in-One_Flexible_3D_Gaussian_CVPR_2025_paper.pdf.pdf,0
Chen_Structure-Aware_Correspondence_Learning_for_Relative_Pose_Estimation_CVPR_2025_paper.pdf.pdf,0
Lu_UrbanCAD_Towards_Highly_Controllable_and_Photorealistic_3D_Vehicles_for_Urban_CVPR_2025_paper.pdf.pdf,0
Liu_EquiPose_Exploiting_Permutation_Equivariance_for_Relative_Camera_Pose_Estimation_CVPR_2025_paper.pdf.pdf,0
Plizzari_Omnia_de_EgoTempo_Benchmarking_Temporal_Understanding_of_Multi-Modal_LLMs_in_CVPR_2025_paper.pdf.pdf,0
Mildenberger_A_Tale_of_Two_Classes_Adapting_Supervised_Contrastive_Learning_to_CVPR_2025_paper.pdf.pdf,0
Cui_GROVE_A_Generalized_Reward_for_Learning_Open-Vocabulary_Physical_Skill_CVPR_2025_paper.pdf.pdf,0
Kitazawa_PS-EIP_Robust_Photometric_Stereo_Based_on_Event_Interval_Profile_CVPR_2025_paper.pdf.pdf,0
Hanson_Speedy-Splat_Fast_3D_Gaussian_Splatting_with_Sparse_Pixels_and_Sparse_CVPR_2025_paper.pdf.pdf,0
Safaei_Filter_Images_First_Generate_Instructions_Later_Pre-Instruction_Data_Selection_for_CVPR_2025_paper.pdf.pdf,0
Pierard_Foundations_of_the_Theory_of_Performance-Based_Ranking_CVPR_2025_paper.pdf.pdf,0
Zhang_Mitigating_Ambiguities_in_3D_Classification_with_Gaussian_Splatting_CVPR_2025_paper.pdf.pdf,0
Lee_PIDLoc_Cross-View_Pose_Optimization_Network_Inspired_by_PID_Controllers_CVPR_2025_paper.pdf.pdf,0
Guo_Take_the_Bull_by_the_Horns_Learning_to_Segment_Hard_CVPR_2025_paper.pdf.pdf,0
Cai_Do_Computer_Vision_Foundation_Models_Learn_the_Low-level_Characteristics_of_CVPR_2025_paper.pdf.pdf,0
Afane_ATP_Adaptive_Threshold_Pruning_for_Efficient_Data_Encoding_in_Quantum_CVPR_2025_paper.pdf.pdf,0
Zhong_FADA_Fast_Diffusion_Avatar_Synthesis_with_Mixed-Supervised_Multi-CFG_Distillation_CVPR_2025_paper.pdf.pdf,0
Zhang_Decoupling_Training-Free_Guided_Diffusion_by_ADMM_CVPR_2025_paper.pdf.pdf,0
Yu_SeqAfford_Sequential_3D_Affordance_Reasoning_via_Multimodal_Large_Language_Model_CVPR_2025_paper.pdf.pdf,0
Tu_Satellite_Observations_Guided_Diffusion_Model_for_Accurate_Meteorological_States_at_CVPR_2025_paper.pdf.pdf,0
Jiang_Dynamic_Motion_Blending_for_Versatile_Motion_Editing_CVPR_2025_paper.pdf.pdf,0
Parihar_MonoPlace3D_Learning_3D-Aware_Object_Placement_for_3D_Monocular_Detection_CVPR_2025_paper.pdf.pdf,0
Zhu_Self-Learning_Hyperspectral_and_Multispectral_Image_Fusion_via_Adaptive_Residual_Guided_CVPR_2025_paper.pdf.pdf,0
Li_WF-VAE_Enhancing_Video_VAE_by_Wavelet-Driven_Energy_Flow_for_Latent_CVPR_2025_paper.pdf.pdf,0
Bhunia_Odd-One-Out_Anomaly_Detection_by_Comparing_with_Neighbors_CVPR_2025_paper.pdf.pdf,0
Koneputugodage_VI3NR_Variance_Informed_Initialization_for_Implicit_Neural_Representations_CVPR_2025_paper.pdf.pdf,0
Zhou_FlexDrive_Toward_Trajectory_Flexibility_in_Driving_Scene_Gaussian_Splatting_Reconstruction_CVPR_2025_paper.pdf.pdf,0
Gonzalez_VideoSPatS_Video_SPatiotemporal_Splines_for_Disentangled_Occlusion_Appearance_and_Motion_CVPR_2025_paper.pdf.pdf,0
Yun_AnyMoLe_Any_Character_Motion_In-betweening_Leveraging_Video_Diffusion_Models_CVPR_2025_paper.pdf.pdf,0
Xia_Reconstructing_Humans_with_a_Biomechanically_Accurate_Skeleton_CVPR_2025_paper.pdf.pdf,0
Jain_Classifier-Free_Guidance_Inside_the_Attraction_Basin_May_Cause_Memorization_CVPR_2025_paper.pdf.pdf,0
Xiang_ACAttack_Adaptive_Cross_Attacking_RGB-T_Tracker_via_Multi-Modal_Response_Decoupling_CVPR_2025_paper.pdf.pdf,0
Gu_MetaWriter_Personalized_Handwritten_Text_Recognition_Using_Meta-Learned_Prompt_Tuning_CVPR_2025_paper.pdf.pdf,0
Yu_Point2RBox-v2_Rethinking_Point-supervised_Oriented_Object_Detection_with_Spatial_Layout_Among_CVPR_2025_paper.pdf.pdf,0
Lee_ESC_Erasing_Space_Concept_for_Knowledge_Deletion_CVPR_2025_paper.pdf.pdf,0
Dong_Self-Supervised_Learning_for_Color_Spike_Camera_Reconstruction_CVPR_2025_paper.pdf.pdf,0
Luo_Concept_Lancet_Image_Editing_with_Compositional_Representation_Transplant_CVPR_2025_paper.pdf.pdf,0
Karmann_Repurposing_Stable_Diffusion_Attention_for_Training-Free_Unsupervised_Interactive_Segmentation_CVPR_2025_paper.pdf.pdf,0
Wang_Uncertainty_Meets_Diversity_A_Comprehensive_Active_Learning_Framework_for_Indoor_CVPR_2025_paper.pdf.pdf,0
Wang_MEAT_Multiview_Diffusion_Model_for_Human_Generation_on_Megapixels_with_CVPR_2025_paper.pdf.pdf,0
Cui_DKC_Differentiated_Knowledge_Consolidation_for_Cloth-Hybrid_Lifelong_Person_Re-identification_CVPR_2025_paper.pdf.pdf,0
Sun_Point-Cache_Test-time_Dynamic_and_Hierarchical_Cache_for_Robust_and_Generalizable_CVPR_2025_paper.pdf.pdf,0
Zhu_SVDC_Consistent_Direct_Time-of-Flight_Video_Depth_Completion_with_Frequency_Selective_CVPR_2025_paper.pdf.pdf,0
Zhou_Bayesian_Test-Time_Adaptation_for_Vision-Language_Models_CVPR_2025_paper.pdf.pdf,0
Zheng_Scene-agnostic_Pose_Regression_for_Visual_Localization_CVPR_2025_paper.pdf.pdf,0
Hou_DeDe_Detecting_Backdoor_Samples_for_SSL_Encoders_via_Decoders_CVPR_2025_paper.pdf.pdf,0
Xu_AutoLUT_LUT-Based_Image_Super-Resolution_with_Automatic_Sampling_and_Adaptive_Residual_CVPR_2025_paper.pdf.pdf,0
Ni_Maintaining_Consistent_Inter-Class_Topology_in_Continual_Test-Time_Adaptation_CVPR_2025_paper.pdf.pdf,0
Han_RoomTour3D_Geometry-Aware_Video-Instruction_Tuning_for_Embodied_Navigation_CVPR_2025_paper.pdf.pdf,0
Gao_ConMo_Controllable_Motion_Disentanglement_and_Recomposition_for_Zero-Shot_Motion_Transfer_CVPR_2025_paper.pdf.pdf,0
Kim_Identity-preserving_Distillation_Sampling_by_Fixed-Point_Iterator_CVPR_2025_paper.pdf.pdf,0
Matsui_LotusFilter_Fast_Diverse_Nearest_Neighbor_Search_via_a_Learned_Cutoff_CVPR_2025_paper.pdf.pdf,0
Li_ManipTrans_Efficient_Dexterous_Bimanual_Manipulation_Transfer_via_Residual_Learning_CVPR_2025_paper.pdf.pdf,0
Ge_AutoPresent_Designing_Structured_Visuals_from_Scratch_CVPR_2025_paper.pdf.pdf,0
Hu_KAC_Kolmogorov-Arnold_Classifier_for_Continual_Learning_CVPR_2025_paper.pdf.pdf,0
Pu_MonoDGP_Monocular_3D_Object_Detection_with_Decoupled-Query_and_Geometry-Error_Priors_CVPR_2025_paper.pdf.pdf,0
Liu_UHD-processer_Unified_UHD_Image_Restoration_with_Progressive_Frequency_Learning_and_CVPR_2025_paper.pdf.pdf,0
Zhong_Beyond_Generation_A_Diffusion-based_Low-level_Feature_Extractor_for_Detecting_AI-generated_CVPR_2025_paper.pdf.pdf,0
Wang_EasyCraft_A_Robust_and_Efficient_Framework_for_Automatic_Avatar_Crafting_CVPR_2025_paper.pdf.pdf,0
Liang_Aesthetic_Post-Training_Diffusion_Models_from_Generic_Preferences_with_Step-by-step_Preference_CVPR_2025_paper.pdf.pdf,0
Jiang_R-SCoRe_Revisiting_Scene_Coordinate_Regression_for_Robust_Large-Scale_Visual_Localization_CVPR_2025_paper.pdf.pdf,0
Jia_ChatGen_Automatic_Text-to-Image_Generation_From_FreeStyle_Chatting_CVPR_2025_paper.pdf.pdf,0
Wu_Bridging_the_Vision-Brain_Gap_with_an_Uncertainty-Aware_Blur_Prior_CVPR_2025_paper.pdf.pdf,0
Dai_NoiseCtrl_A_Sampling-Algorithm-Agnostic_Conditional_Generation_Method_for_Diffusion_Models_CVPR_2025_paper.pdf.pdf,0
Janny_Reasoning_in_Visual_Navigation_of_End-to-end_Trained_Agents_A_Dynamical_CVPR_2025_paper.pdf.pdf,0
Ruan_IndoorGS_Geometric_Cues_Guided_Gaussian_Splatting_for_Indoor_Scene_Reconstruction_CVPR_2025_paper.pdf.pdf,0
Xia_Learning_to_Detect_Objects_from__Multi-Agent_LiDAR_Scans_without_CVPR_2025_paper.pdf.pdf,0
Wu_Improved_Video_VAE_for_Latent_Video_Diffusion_Model_CVPR_2025_paper.pdf.pdf,0
Mao_OSV_One_Step_is_Enough_for_High-Quality_Image_to_Video_CVPR_2025_paper.pdf.pdf,0
Du_Shift_the_Lens_Environment-Aware_Unsupervised_Camouflaged_Object_Detection_CVPR_2025_paper.pdf.pdf,0
Croitoru_Curriculum_Direct_Preference_Optimization_for_Diffusion_and_Consistency_Models_CVPR_2025_paper.pdf.pdf,0
Wang_VideoScene_Distilling_Video_Diffusion_Model_to_Generate_3D_Scenes_in_CVPR_2025_paper.pdf.pdf,0
Peng_Parameter-efficient_Fine-tuning_in_Hyperspherical_Space_for_Open-vocabulary_Semantic_Segmentation_CVPR_2025_paper.pdf.pdf,0
Wang_Embracing_Collaboration_Over_Competition_Condensing_Multiple_Prompts_for_Visual_In-Context_CVPR_2025_paper.pdf.pdf,0
Yu_AnyEdit_Mastering_Unified_High-Quality_Image_Editing_for_Any_Idea_CVPR_2025_paper.pdf.pdf,0
Cheng_MonSter_Marry_Monodepth_to_Stereo_Unleashes_Power_CVPR_2025_paper.pdf.pdf,0
Hosseininejad_MotionMap_Representing_Multimodality_in_Human_Pose_Forecasting_CVPR_2025_paper.pdf.pdf,0
Manasyan_Temporally_Consistent_Object-Centric_Learning_by_Contrasting_Slots_CVPR_2025_paper.pdf.pdf,0
Wei_3D-AVS_LiDAR-based_3D_Auto-Vocabulary_Segmentation_CVPR_2025_paper.pdf.pdf,0
Diko_ReWind_Understanding_Long_Videos_with_Instructed_Learnable_Memory_CVPR_2025_paper.pdf.pdf,0
Liu_MonoSplat_Generalizable_3D_Gaussian_Splatting_from_Monocular_Depth_Foundation_Models_CVPR_2025_paper.pdf.pdf,0
Thirgood_HyperGS_Hyperspectral_3D_Gaussian_Splatting_CVPR_2025_paper.pdf.pdf,0
Cao_Image_is_All_You_Need_to_Empower_Large-scale_Diffusion_Models_CVPR_2025_paper.pdf.pdf,0
Nordstrom_The_Impact_Label_Noise_and_Choice_of_Threshold_has_on_CVPR_2025_paper.pdf.pdf,0
Fu_Quantization_without_Tears_CVPR_2025_paper.pdf.pdf,0
Han_Learning_from_Streaming_Video_with_Orthogonal_Gradients_CVPR_2025_paper.pdf.pdf,0
Wu_MovieBench_A_Hierarchical_Movie_Level_Dataset_for_Long_Video_Generation_CVPR_2025_paper.pdf.pdf,0
Liu_Mamba4D_Efficient_4D_Point_Cloud_Video_Understanding_with_Disentangled_Spatial-Temporal_CVPR_2025_paper.pdf.pdf,0
Gu_ArtiScene_Language-Driven_Artistic_3D_Scene_Generation_Through_Image_Intermediary_CVPR_2025_paper.pdf.pdf,0
Kim_Locality-Aware_Zero-Shot_Human-Object_Interaction_Detection_CVPR_2025_paper.pdf.pdf,0
Xie_Generative_Gaussian_Splatting_for_Unbounded_3D_City_Generation_CVPR_2025_paper.pdf.pdf,0
Albastaki_Multi-Resolution_Pathology-Language_Pre-training_Model_with_Text-Guided_Visual_Representation_CVPR_2025_paper.pdf.pdf,0
Han_VideoEspresso_A_Large-Scale_Chain-of-Thought_Dataset_for_Fine-Grained_Video_Reasoning_via_CVPR_2025_paper.pdf.pdf,0
Zhang_PanSplat_4K_Panorama_Synthesis_with_Feed-Forward_Gaussian_Splatting_CVPR_2025_paper.pdf.pdf,0
Deng_Pos3R_6D_Pose_Estimation_for_Unseen_Objects_Made_Easy_CVPR_2025_paper.pdf.pdf,0
Peng_Generalized_Gaussian_Entropy_Model_for_Point_Cloud_Attribute_Compression_with_CVPR_2025_paper.pdf.pdf,0
Nafez_PatchGuard_Adversarially_Robust_Anomaly_Detection_and_Localization_through_Vision_Transformers_CVPR_2025_paper.pdf.pdf,0
Relic_Bridging_the_Gap_between_Gaussian_Diffusion_Models_and_Universal_Quantization_CVPR_2025_paper.pdf.pdf,0
Luo_Omnidirectional_Multi-Object_Tracking_CVPR_2025_paper.pdf.pdf,0
Xie_AdaDARE-gamma_Balancing_Stability_and_Plasticity_in_Multi-modal_LLMs_through_Efficient_CVPR_2025_paper.pdf.pdf,0
Lu_VITED_Video_Temporal_Evidence_Distillation_CVPR_2025_paper.pdf.pdf,0
Sun_Semi-Supervised_State-Space_Model_with_Dynamic_Stacking_Filter_for_Real-World_Video_CVPR_2025_paper.pdf.pdf,0
Xie_EchoMatch_Partial-to-Partial_Shape_Matching_via_Correspondence_Reflection_CVPR_2025_paper.pdf.pdf,0
Wang_MV-MATH_Evaluating_Multimodal_Math_Reasoning_in_Multi-Visual_Contexts_CVPR_2025_paper.pdf.pdf,0
Lin_VoteFlow_Enforcing_Local_Rigidity_in_Self-Supervised_Scene_Flow_CVPR_2025_paper.pdf.pdf,0
Li_One-for-More_Continual_Diffusion_Model_for_Anomaly_Detection_CVPR_2025_paper.pdf.pdf,0
Asim_MET3R_Measuring_Multi-View_Consistency_in_Generated_Images_CVPR_2025_paper.pdf.pdf,0
Wang_Spk2SRImgNet_Super-Resolve_Dynamic_Scene_from_Spike_Stream_via_Motion_Aligned_CVPR_2025_paper.pdf.pdf,0
Frank_What_Makes_a_Good_Dataset_for_Knowledge_Distillation_CVPR_2025_paper.pdf.pdf,0
Jin_Diff-Palm_Realistic_Palmprint_Generation_with_Polynomial_Creases_and_Intra-Class_Variation_CVPR_2025_paper.pdf.pdf,0
Wang_Parallelized_Autoregressive_Visual_Generation_CVPR_2025_paper.pdf.pdf,0
Li_OmniFlow_Any-to-Any_Generation_with_Multi-Modal_Rectified_Flows_CVPR_2025_paper.pdf.pdf,0
Ma_Learning_Visual_Generative_Priors_without_Text_CVPR_2025_paper.pdf.pdf,0
Liu_Creating_Your_Editable_3D_Photorealistic_Avatar_with_Tetrahedron-constrained_Gaussian_Splatting_CVPR_2025_paper.pdf.pdf,0
Liang_Diffusion_Renderer_Neural_Inverse_and_Forward_Rendering_with_Video_Diffusion_CVPR_2025_paper.pdf.pdf,0
Hariat_Improved_Monocular_Depth_Prediction_Using_Distance_Transform_Over_Pre-semantic_Contours_CVPR_2025_paper.pdf.pdf,0
Yang_Thinking_in_Space_How_Multimodal_Large_Language_Models_See_Remember_CVPR_2025_paper.pdf.pdf,0
Jeon_Subnet-Aware_Dynamic_Supernet_Training_for_Neural_Architecture_Search_CVPR_2025_paper.pdf.pdf,0
Dai_Adaptive_Part_Learning_for_Fine-Grained_Generalized_Category_Discovery_A_Plug-and-Play_CVPR_2025_paper.pdf.pdf,0
Liu_Motions_as_Queries_One-Stage_Multi-Person_Holistic_Human_Motion_Capture_CVPR_2025_paper.pdf.pdf,0
Deng_Multi-Granularity_Class_Prototype_Topology_Distillation_for_Class-Incremental_Source-Free_Unsupervised_Domain_CVPR_2025_paper.pdf.pdf,0
Mai_Lessons_and_Insights_from_a_Unifying_Study_of_Parameter-Efficient_Fine-Tuning_CVPR_2025_paper.pdf.pdf,0
Fu_Dual_Focus-Attention_Transformer_for_Robust_Point_Cloud_Registration_CVPR_2025_paper.pdf.pdf,0
Sun_Spherical_Manifold_Guided_Diffusion_Model_for_Panoramic_Image_Generation_CVPR_2025_paper.pdf.pdf,0
Li_UA-Pose_Uncertainty-Aware_6D_Object_Pose_Estimation_and_Online_Object_Completion_CVPR_2025_paper.pdf.pdf,0
Zhang_ID-Patch_Robust_ID_Association_for_Group_Photo_Personalization_CVPR_2025_paper.pdf.pdf,0
Benou_Show_and_Tell_Visually_Explainable_Deep_Neural_Nets_via_Spatially-Aware_CVPR_2025_paper.pdf.pdf,0
Liu_Stable-SCore_A_Stable_Registration-based_Framework_for_3D_Shape_Correspondence_CVPR_2025_paper.pdf.pdf,0
Yang_Separation_of_Powers_On_Segregating_Knowledge_from_Observation_in_LLM-enabled_CVPR_2025_paper.pdf.pdf,0
Cheng_HOP_Heterogeneous_Topology-based_Multimodal_Entanglement_for_Co-Speech_Gesture_Generation_CVPR_2025_paper.pdf.pdf,0
Lai_Tracktention_Leveraging_Point_Tracking_to_Attend_Videos_Faster_and_Better_CVPR_2025_paper.pdf.pdf,0
Yang_Efficient_ANN-Guided_Distillation_Aligning_Rate-based_Features_of_Spiking_Neural_Networks_CVPR_2025_paper.pdf.pdf,0
Li_GCE-Pose_Global_Context_Enhancement_for_Category-level_Object_Pose_Estimation_CVPR_2025_paper.pdf.pdf,0
Zhou_PhysVLM_Enabling_Visual_Language_Models_to_Understand_Robotic_Physical_Reachability_CVPR_2025_paper.pdf.pdf,0
Xiong_TexGaussian_Generating_High-quality_PBR_Material_via_Octree-based_3D_Gaussian_Splatting_CVPR_2025_paper.pdf.pdf,0
Jang_ControlFace_Harnessing_Facial_Parametric_Control_for_Face_Rigging_CVPR_2025_paper.pdf.pdf,0
Qian_Bridging_Viewpoint_Gaps_Geometric_Reasoning_Boosts_Semantic_Correspondence_CVPR_2025_paper.pdf.pdf,0
Shin_Anatomical_Consistency_and_Adaptive_Prior-informed_Transformation_for_Multi-contrast_MR_Image_CVPR_2025_paper.pdf.pdf,0
Xue_Guiding_Human-Object_Interactions_with_Rich_Geometry_and_Relations_CVPR_2025_paper.pdf.pdf,0
Damblon_Learning_to_Filter_Outlier_Edges_in_Global_SfM_CVPR_2025_paper.pdf.pdf,0
Tai_EigenGS_Representation_From_Eigenspace_to_Gaussian_Image_Space_CVPR_2025_paper.pdf.pdf,0
Deng_MNE-SLAM_Multi-Agent_Neural_SLAM_for_Mobile_Robots_CVPR_2025_paper.pdf.pdf,0
Gan_StageDesigner_Artistic_Stage_Generation_for_Scenography_via_Theater_Scripts_CVPR_2025_paper.pdf.pdf,0
Huang_RoboGround_Robotic_Manipulation_with_Grounded_Vision-Language_Priors_CVPR_2025_paper.pdf.pdf,0
Xu_InterMimic_Towards_Universal_Whole-Body_Control_for_Physics-Based_Human-Object_Interactions_CVPR_2025_paper.pdf.pdf,0
Zhang_IAAO_Interactive_Affordance_Learning_for_Articulated_Objects_in_3D_Environments_CVPR_2025_paper.pdf.pdf,0
Yin_Towards_Cost-Effective_Learning_A_Synergy_of_Semi-Supervised_and_Active_Learning_CVPR_2025_paper.pdf.pdf,0
Shum_Color_Alignment_in_Diffusion_CVPR_2025_paper.pdf.pdf,0
Liu_UNOPose_Unseen_Object_Pose_Estimation_with_an_Unposed_RGB-D_Reference_CVPR_2025_paper.pdf.pdf,0
Pan_Generative_Multimodal_Pretraining_with_Discrete_Diffusion_Timestep_Tokens_CVPR_2025_paper.pdf.pdf,0
Wan_CASP_Consistency-aware_Audio-induced_Saliency_Prediction_Model_for_Omnidirectional_Video_CVPR_2025_paper.pdf.pdf,0
Lan_Efficient_Diffusion_as_Low_Light_Enhancer_CVPR_2025_paper.pdf.pdf,0
Saunders_GASP_Gaussian_Avatars_with_Synthetic_Priors_CVPR_2025_paper.pdf.pdf,0
Wang_Efficient_Test-time_Adaptive_Object_Detection_via_Sensitivity-Guided_Pruning_CVPR_2025_paper.pdf.pdf,0
Medghalchi_Prompt2Perturb_P2P_Text-Guided_Diffusion-Based_Adversarial_Attack_on_Breast_Ultrasound_Images_CVPR_2025_paper.pdf.pdf,0
Huang_Track_Any_Anomalous_ObjectA_Granular_Video_Anomaly_Detection_Pipeline_CVPR_2025_paper.pdf.pdf,0
Xiao_Tightening_Robustness_Verification_of_MaxPool-based_Neural_Networks_via_Minimizing_the_CVPR_2025_paper.pdf.pdf,0
Li_Beyond_Clean_Training_Data_A_Versatile_and_Model-Agnostic_Framework_for_CVPR_2025_paper.pdf.pdf,0
Brookes_The_PanAf-FGBG_Dataset_Understanding_the_Impact_of_Backgrounds_in_Wildlife_CVPR_2025_paper.pdf.pdf,0
Shao_PURA_Parameter_Update-Recovery_Test-Time_Adaption_for_RGB-T_Tracking_CVPR_2025_paper.pdf.pdf,0
Li_A_Unified_Approach_to_Interpreting_Self-supervised_Pre-training_Methods_for_3D_CVPR_2025_paper.pdf.pdf,0
Dong_Channel_Consistency_Prior_and_Self-Reconstruction_Strategy_Based_Unsupervised_Image_Deraining_CVPR_2025_paper.pdf.pdf,0
Long_Progressive_Focused_Transformer_for_Single_Image_Super-Resolution_CVPR_2025_paper.pdf.pdf,0
Li_DTGBrepGen_A_Novel_B-rep_Generative_Model_through_Decoupling_Topology_and_CVPR_2025_paper.pdf.pdf,0
Wang_VideoDirector_Precise_Video_Editing_via_Text-to-Video_Models_CVPR_2025_paper.pdf.pdf,0
Li_Self-Supervised_Large_Scale_Point_Cloud_Completion_for_Archaeological_Site_Restoration_CVPR_2025_paper.pdf.pdf,0
Bouniot_From_Alexnet_to_Transformers_Measuring_the_Non-linearity_of_Deep_Neural_CVPR_2025_paper.pdf.pdf,0
Liu_Hybrid_Concept_Bottleneck_Models_CVPR_2025_paper.pdf.pdf,0
Lin_DriveGEN_Generalized_and_Robust_3D_Detection_in_Driving_via_Controllable_CVPR_2025_paper.pdf.pdf,0
Wang_Touch2Shape_Touch-Conditioned_3D_Diffusion_for_Shape_Exploration_and_Reconstruction_CVPR_2025_paper.pdf.pdf,0
Gao_FSBench_A_Figure_Skating_Benchmark_for_Advancing_Artistic_Sports_Understanding_CVPR_2025_paper.pdf.pdf,0
Li_Anomize_Better_Open_Vocabulary_Video_Anomaly_Detection_CVPR_2025_paper.pdf.pdf,0
Ma_Geometric_Knowledge-Guided_Localized_Global_Distribution_Alignment_for_Federated_Learning_CVPR_2025_paper.pdf.pdf,0
Zhang_Open-World_Objectness_Modeling_Unifies_Novel_Object_Detection_CVPR_2025_paper.pdf.pdf,0
Zhao_Attraction_Diminishing_and_Distributing_for_Few-Shot_Class-Incremental_Learning_CVPR_2025_paper.pdf.pdf,0
Li_VL-RewardBench_A_Challenging_Benchmark_for_Vision-Language_Generative_Reward_Models_CVPR_2025_paper.pdf.pdf,0
Sun_ROLL_Robust_Noisy_Pseudo-label_Learning_for_Multi-View_Clustering_with_Noisy_CVPR_2025_paper.pdf.pdf,0
Deng_Words_or_Vision_Do_Vision-Language_Models_Have_Blind_Faith_in_CVPR_2025_paper.pdf.pdf,0
Kulits_Reconstructing_Animals_and_the_Wild_CVPR_2025_paper.pdf.pdf,0
Ghosal_Immune_Improving_Safety_Against_Jailbreaks_in_Multi-modal_LLMs_via_Inference-Time_CVPR_2025_paper.pdf.pdf,0
Tong_FlashSloth__Lightning_Multimodal_Large_Language_Models_via_Embedded_Visual_CVPR_2025_paper.pdf.pdf,0
Muthukumar_Disentangling_Safe_and_Unsafe_Image_Corruptions_via_Anisotropy_and_Locality_CVPR_2025_paper.pdf.pdf,0
Li_STAR-Edge_Structure-aware_Local_Spherical_Curve_Representation_for_Thin-walled_Edge_Extraction_CVPR_2025_paper.pdf.pdf,0
Liu_Enhancing_Testing-Time_Robustness_for_Trusted_Multi-View_Classification_in_the_Wild_CVPR_2025_paper.pdf.pdf,0
Liu_Automated_Proof_of_Polynomial_Inequalities_via_Reinforcement_Learning_CVPR_2025_paper.pdf.pdf,0
Mei_Lux_Post_Facto_Learning_Portrait_Performance_Relighting_with_Conditional_Video_CVPR_2025_paper.pdf.pdf,0
Huang_SpiritSight_Agent_Advanced_GUI_Agent_with_One_Look_CVPR_2025_paper.pdf.pdf,0
Yu_SAM-REF_Introducing_Image-Prompt_Synergy_during_Interaction_for_Detail_Enhancement_in_CVPR_2025_paper.pdf.pdf,0
Ma_Steady_Progress_Beats_Stagnation_Mutual_Aid_of_Foundation_and_Conventional_CVPR_2025_paper.pdf.pdf,0
Meng_Rethinking_Diffusion_for_Text-Driven_Human_Motion_Generation_Redundant_Representations_Evaluation_CVPR_2025_paper.pdf.pdf,0
Xiang_DKDM_Data-Free_Knowledge_Distillation_for_Diffusion_Models_with_Any_Architecture_CVPR_2025_paper.pdf.pdf,0
Xu_Learning_Dynamic_Collaborative_Network_for_Semi-supervised_3D_Vessel_Segmentation_CVPR_2025_paper.pdf.pdf,0
Du_RCP-Bench_Benchmarking_Robustness_for_Collaborative_Perception_Under_Diverse_Corruptions_CVPR_2025_paper.pdf.pdf,0
Wang_GlyphMastero_A_Glyph_Encoder_for_High-Fidelity_Scene_Text_Editing_CVPR_2025_paper.pdf.pdf,0
Mehrab_Fish-Vista_A_Multi-Purpose_Dataset_for_Understanding__Identification_of_Traits_CVPR_2025_paper.pdf.pdf,0
Yang_ImViD_Immersive_Volumetric_Videos_for_Enhanced_VR_Engagement_CVPR_2025_paper.pdf.pdf,0
Koley_SketchFusion_Learning_Universal_Sketch_Features_through_Fusing_Foundation_Models_CVPR_2025_paper.pdf.pdf,0
Fang_CoMBO_Conflict_Mitigation_via_Branched_Optimization_for_Class_Incremental_Segmentation_CVPR_2025_paper.pdf.pdf,0
Chen_Galaxy_Walker_Geometry-aware_VLMs_For_Galaxy-scale_Understanding_CVPR_2025_paper.pdf.pdf,0
Kim_SapiensID_Foundation_for_Human_Recognition_CVPR_2025_paper.pdf.pdf,0
George_The_Illusion_of_Unlearning_The_Unstable_Nature_of_Machine_Unlearning_CVPR_2025_paper.pdf.pdf,0
Chen_SoftVQ-VAE_Efficient_1-Dimensional_Continuous_Tokenizer_CVPR_2025_paper.pdf.pdf,0
Huang_Decision_SpikeFormer_Spike-Driven_Transformer_for_Decision_Making_CVPR_2025_paper.pdf.pdf,0
Yang_GenAssets_Generating_in-the-wild_3D_Assets_in_Latent_Space_CVPR_2025_paper.pdf.pdf,0
Liu_Timestep_Embedding_Tells_Its_Time_to_Cache_for_Video_Diffusion_CVPR_2025_paper.pdf.pdf,0
Nikzad_SATA_Spatial_Autocorrelation_Token_Analysis_for_Enhancing_the_Robustness_of_CVPR_2025_paper.pdf.pdf,0
Tang_VidComposition_Can_MLLMs_Analyze_Compositions_in_Compiled_Videos_CVPR_2025_paper.pdf.pdf,0
Wang_UniPre3D_Unified_Pre-training_of_3D_Point_Cloud_Models_with_Cross-Modal_CVPR_2025_paper.pdf.pdf,0
Wang_Advancing_Myopia_To_Holism_Fully_Contrastive_Language-Image_Pre-training_CVPR_2025_paper.pdf.pdf,0
Madar_Tiled_Diffusion_CVPR_2025_paper.pdf.pdf,0
Elata_Novel_View_Synthesis_with_Pixel-Space_Diffusion_Models_CVPR_2025_paper.pdf.pdf,0
Wang_SEAL_Semantic_Attention_Learning_for_Long_Video_Representation_CVPR_2025_paper.pdf.pdf,0
Burgess_MicroVQA_A_Multimodal_Reasoning_Benchmark_for_Microscopy-Based_Scientific_Research_CVPR_2025_paper.pdf.pdf,0
Athar_ViCaS_A_Dataset_for_Combining_Holistic_and_Pixel-level_Video_Understanding_CVPR_2025_paper.pdf.pdf,0
Das_Camouflage_Anything_Learning_to_Hide_using_Controlled_Out-painting_and_Representation_CVPR_2025_paper.pdf.pdf,0
Zhu_Semantic-guided_Cross-Modal_Prompt_Learning_for_Skeleton-based_Zero-shot_Action_Recognition_CVPR_2025_paper.pdf.pdf,0
Yue_CheXWorld_Exploring_Image_World_Modeling_for_Radiograph_Representation_Learning_CVPR_2025_paper.pdf.pdf,0
Zhang_Learning_Phase_Distortion_with_Selective_State_Space_Models_for_Video_CVPR_2025_paper.pdf.pdf,0
Xu_SKDream_Controllable_Multi-view_and_3D_Generation_with_Arbitrary_Skeletons_CVPR_2025_paper.pdf.pdf,0
Rim_ProtoDepth_Unsupervised_Continual_Depth_Completion_with_Prototypes_CVPR_2025_paper.pdf.pdf,0
Huang_A_General_Adaptive_Dual-level_Weighting_Mechanism_for_Remote_Sensing_Pansharpening_CVPR_2025_paper.pdf.pdf,0
Cheng_MVPaint_Synchronized_Multi-View_Diffusion_for_Painting_Anything_3D_CVPR_2025_paper.pdf.pdf,0
Wang_Adapting_Text-to-Image_Generation_with_Feature_Difference_Instruction_for_Generic_Image_CVPR_2025_paper.pdf.pdf,0
Li_Unbiased_Video_Scene_Graph_Generation_via_Visual_and_Semantic_Dual_CVPR_2025_paper.pdf.pdf,0
Zhao_From_Zero_to_Detail_Deconstructing_Ultra-High-Definition_Image_Restoration_from_Progressive_CVPR_2025_paper.pdf.pdf,0
Ma_CoA_Towards_Real_Image_Dehazing_via_Compression-and-Adaptation_CVPR_2025_paper.pdf.pdf,0
Yang_Prometheus_3D-Aware_Latent_Diffusion_Models_for_Feed-Forward_Text-to-3D_Scene_Generation_CVPR_2025_paper.pdf.pdf,0
Tian_DTOS_Dynamic_Time_Object_Sensing_with_Large_Multimodal_Model_CVPR_2025_paper.pdf.pdf,0
Xiao_Rethinking_Spiking_Self-Attention_Mechanism_Implementing_a-XNOR_Similarity_Calculation_in_Spiking_CVPR_2025_paper.pdf.pdf,0
Zhang_HaWoR_World-Space_Hand_Motion_Reconstruction_from_Egocentric_Videos_CVPR_2025_paper.pdf.pdf,0
Wang_Image_Over_Text_Transforming_Formula_Recognition_Evaluation_with_Character_Detection_CVPR_2025_paper.pdf.pdf,0
Wang_Masked_Point-Entity_Contrast_for_Open-Vocabulary_3D_Scene_Understanding_CVPR_2025_paper.pdf.pdf,0
Liu_ReasonGrounder_LVLM-Guided_Hierarchical_Feature_Splatting_for_Open-Vocabulary_3D_Visual_Grounding_CVPR_2025_paper.pdf.pdf,0
Jayasundara_SINR_Sparsity_Driven_Compressed_Implicit_Neural_Representations_CVPR_2025_paper.pdf.pdf,0
Zhu_Rethinking_Query-based_Transformer_for_Continual_Image_Segmentation_CVPR_2025_paper.pdf.pdf,0
Li_Volume_Tells_Dual_Cycle-Consistent_Diffusion_for_3D_Fluorescence_Microscopy_De-noising_CVPR_2025_paper.pdf.pdf,0
Miller_SPARC_Score_Prompting_and_Adaptive_Fusion_for_Zero-Shot_Multi-Label_Recognition_CVPR_2025_paper.pdf.pdf,0
Lenz_Unsupervised_Foundation_Model-Agnostic_Slide-Level_Representation_Learning_CVPR_2025_paper.pdf.pdf,0
Nguyen_AG-VPReID_A_Challenging_Large-Scale_Benchmark_for_Aerial-Ground_Video-based_Person_Re-Identification_CVPR_2025_paper.pdf.pdf,0
Tang_GAF_Gaussian_Avatar_Reconstruction_from_Monocular_Videos_via_Multi-view_Diffusion_CVPR_2025_paper.pdf.pdf,0
Tian_CCIN_Compositional_Conflict_Identification_and_Neutralization_for_Composed_Image_Retrieval_CVPR_2025_paper.pdf.pdf,0
Xue_PhyT2V_LLM-Guided_Iterative_Self-Refinement_for_Physics-Grounded_Text-to-Video_Generation_CVPR_2025_paper.pdf.pdf,0
Chou_Generating_3D-Consistent_Videos_from_Unposed_Internet_Photos_CVPR_2025_paper.pdf.pdf,0
Aira_Gaussian_Splatting_for_Efficient_Satellite_Image_Photogrammetry_CVPR_2025_paper.pdf.pdf,0
Liu_Uncertainty-Instructed_Structure_Injection_for_Generalizable_HD_Map_Construction_CVPR_2025_paper.pdf.pdf,0
Xing_GoalFlow_Goal-Driven_Flow_Matching_for_Multimodal_Trajectories_Generation_in_End-to-End_CVPR_2025_paper.pdf.pdf,0
Sun_LayoutVLM_Differentiable_Optimization_of_3D_Layout_via_Vision-Language_Models_CVPR_2025_paper.pdf.pdf,0
Mao_WISE_A_Framework_for_Gigapixel_Whole-Slide-Image_Lossless_Compression_CVPR_2025_paper.pdf.pdf,0
Liu_KMD_Koopman_Multi-modality_Decomposition_for_Generalized_Brain_Tumor_Segmentation_under_CVPR_2025_paper.pdf.pdf,0
Ouali_VladVA_Discriminative_Fine-tuning_of_LVLMs_CVPR_2025_paper.pdf.pdf,0
Zheng_Panorama_Generation_From_NFoV_Image_Done_Right_CVPR_2025_paper.pdf.pdf,0
Jiang_MobilePortrait_Real-Time_One-Shot_Neural_Head_Avatars_on_Mobile_Devices_CVPR_2025_paper.pdf.pdf,0
Lin_From_Prototypes_to_General_Distributions_An_Efficient_Curriculum_for_Masked_CVPR_2025_paper.pdf.pdf,0
Liu_Improving_Accuracy_and_Calibration_via_Differentiated_Deep_Mutual_Learning_CVPR_2025_paper.pdf.pdf,0
Lai_ZeroVO_Visual_Odometry_with_Minimal_Assumptions_CVPR_2025_paper.pdf.pdf,0
Xia_EnvPoser_Environment-aware_Realistic_Human_Motion_Estimation_from_Sparse_Observations_with_CVPR_2025_paper.pdf.pdf,0
Xu_PICD_Versatile_Perceptual_Image_Compression_with_Diffusion_Rendering_CVPR_2025_paper.pdf.pdf,0
Wang_GoLF-NRT_Integrating_Global_Context_and_Local_Geometry_for_Few-Shot_View_CVPR_2025_paper.pdf.pdf,0
Rahimi_Sim-to-Real_Causal_Transfer_A_Metric_Learning_Approach_to_Causally-Aware_Interaction_CVPR_2025_paper.pdf.pdf,0
Huang_CAP-Net_A_Unified_Network_for_6D_Pose_and_Size_Estimation_CVPR_2025_paper.pdf.pdf,0
Liu_Revealing_Key_Details_to_See_Differences_A_Novel_Prototypical_Perspective_CVPR_2025_paper.pdf.pdf,0
Lee_CustomKD_Customizing_Large_Vision_Foundation_for_Edge_Model_Improvement_via_CVPR_2025_paper.pdf.pdf,0
Wang_FlowRAM_Grounding_Flow_Matching_Policy_with_Region-Aware_Mamba_Framework_for_CVPR_2025_paper.pdf.pdf,0
Corsetti_Functionality_Understanding_and_Segmentation_in_3D_Scenes_CVPR_2025_paper.pdf.pdf,0
Wang_MobileH2R_Learning_Generalizable_Human_to_Mobile_Robot_Handover_Exclusively_from_CVPR_2025_paper.pdf.pdf,0
Zhao_Full-DoF_Egomotion_Estimation_for_Event_Cameras_Using_Geometric_Solvers_CVPR_2025_paper.pdf.pdf,0
Liu_TFCustom_Customized_Image_Generation_with_Time-Aware_Frequency_Feature_Guidance_CVPR_2025_paper.pdf.pdf,0
Yan_A_Simple_Data_Augmentation_for_Feature_Distribution_Skewed_Federated_Learning_CVPR_2025_paper.pdf.pdf,0
Zhang_pFedMxF_Personalized_Federated_Class-Incremental_Learning_with_Mixture_of_Frequency_Aggregation_CVPR_2025_paper.pdf.pdf,0
Hua_FINECAPTION_Compositional_Image_Captioning_Focusing_on_Wherever_You_Want_at_CVPR_2025_paper.pdf.pdf,0
Liang_Improving_Transferable_Targeted_Attacks_with_Feature_Tuning_Mixup_CVPR_2025_paper.pdf.pdf,0
Luo_SemiETS_Integrating_Spatial_and_Content_Consistencies_for_Semi-Supervised_End-to-end_Text_CVPR_2025_paper.pdf.pdf,0
Guo_Dinomaly_The_Less_Is_More_Philosophy_in_Multi-Class_Unsupervised_Anomaly_CVPR_2025_paper.pdf.pdf,0
Ren_VISTA_Enhancing_Long-Duration_and_High-Resolution_Video_Understanding_by_Video_Spatiotemporal_CVPR_2025_paper.pdf.pdf,0
Bigata_KeyFace_Expressive_Audio-Driven_Facial_Animation_for_Long_Sequences_via_KeyFrame_CVPR_2025_paper.pdf.pdf,0
Kahl_Towards_Optimizing_Large-Scale_Multi-Graph_Matching_in_Bioimaging_CVPR_2025_paper.pdf.pdf,0
Bai_FreeScene_Mixed_Graph_Diffusion_for_3D_Scene_Synthesis_from_Free_CVPR_2025_paper.pdf.pdf,0
Mankovich_A_Flag_Decomposition_for_Hierarchical_Datasets_CVPR_2025_paper.pdf.pdf,0
Lai_UWAV_Uncertainty-weighted_Weakly-supervised_Audio-Visual_Video_Parsing_CVPR_2025_paper.pdf.pdf,0
Chen_Lifelong_Knowledge_Editing_for_Vision_Language_Models_with_Low-Rank_Mixture-of-Experts_CVPR_2025_paper.pdf.pdf,0
Xiao_RoGSplat_Learning_Robust_Generalizable_Human_Gaussian_Splatting_from_Sparse_Multi-View_CVPR_2025_paper.pdf.pdf,0
Hatamizadeh_MambaVision_A_Hybrid_Mamba-Transformer_Vision_Backbone_CVPR_2025_paper.pdf.pdf,0
He_CTRL-D_Controllable_Dynamic_3D_Scene_Editing_with_Personalized_2D_Diffusion_CVPR_2025_paper.pdf.pdf,0
Liu_MoEE_Mixture_of_Emotion_Experts_for_Audio-Driven_Portrait_Animation_CVPR_2025_paper.pdf.pdf,0
Bharadwaj_Image_Reconstruction_from_Readout-Multiplexed_Single-Photon_Detector_Arrays_CVPR_2025_paper.pdf.pdf,0
Ma_Sparse_Point_Cloud_Patches_Rendering_via_Splitting_2D_Gaussians_CVPR_2025_paper.pdf.pdf,0
Zhang_Assessing_and_Learning_Alignment_of_Unimodal_Vision_and_Language_Models_CVPR_2025_paper.pdf.pdf,0
Sun_T2V-CompBench_A_Comprehensive_Benchmark_for_Compositional_Text-to-video_Generation_CVPR_2025_paper.pdf.pdf,0
Xu_URWKV_Unified_RWKV_Model_with_Multi-state_Perspective_for_Low-light_Image_CVPR_2025_paper.pdf.pdf,0
Jang_Silent_Branding_Attack_Trigger-free_Data_Poisoning_Attack_on_Text-to-Image_Diffusion_CVPR_2025_paper.pdf.pdf,0
Nguyen_CALICO_Part-Focused_Semantic_Co-Segmentation_with_Large_Vision-Language_Models_CVPR_2025_paper.pdf.pdf,0
Silva-Rodriguez_Conformal_Prediction_for_Zero-Shot_Models_CVPR_2025_paper.pdf.pdf,0
Wang_SleeperMark_Towards_Robust_Watermark_against_Fine-Tuning_Text-to-image_Diffusion_Models_CVPR_2025_paper.pdf.pdf,0
Yue_Arbitrary-steps_Image_Super-resolution_via_Diffusion_Inversion_CVPR_2025_paper.pdf.pdf,0
Yu_Unboxed_Geometrically_and_Temporally_Consistent_Video_Outpainting_CVPR_2025_paper.pdf.pdf,0
Sabathier_LIM_Large_Interpolator_Model_for_Dynamic_Reconstruction_CVPR_2025_paper.pdf.pdf,0
Zhang_MonoInstance_Enhancing_Monocular_Priors_via_Multi-view_Instance_Alignment_for_Neural_CVPR_2025_paper.pdf.pdf,0
Xie_DyMO_Training-Free_Diffusion_Model_Alignment_with_Dynamic_Multi-Objective_Scheduling_CVPR_2025_paper.pdf.pdf,0
Han_Enhancing_Creative_Generation_on_Stable_Diffusion-based_Models_CVPR_2025_paper.pdf.pdf,0
Li_Learning_with_Noisy_Triplet_Correspondence_for_Composed_Image_Retrieval_CVPR_2025_paper.pdf.pdf,0
Vogel_VideoGEM_Training-free_Action_Grounding_in_Videos_CVPR_2025_paper.pdf.pdf,0
Xu_TopoCellGen_Generating_Histopathology_Cell_Topology_with_a_Diffusion_Model_CVPR_2025_paper.pdf.pdf,0
Jia_SymDPO_Boosting_In-Context_Learning_of_Large_Multimodal_Models_with_Symbol_CVPR_2025_paper.pdf.pdf,0
He_A_Universal_Scale-Adaptive_Deformable_Transformer_for_Image_Restoration_across_Diverse_CVPR_2025_paper.pdf.pdf,0
Fang_Detection-Friendly_Nonuniformity_Correction_A_Union_Framework_for_Infrared_UAV_Target_CVPR_2025_paper.pdf.pdf,0
Qu_Event_Fields_Capturing_Light_Fields_at_High_Speed_Resolution_and_CVPR_2025_paper.pdf.pdf,0
Zhang_Holmes-VAU_Towards_Long-term_Video_Anomaly_Understanding_at_Any_Granularity_CVPR_2025_paper.pdf.pdf,0
Li_Lifting_Motion_to_the_3D_World_via_2D_Diffusion_CVPR_2025_paper.pdf.pdf,0
Wang_Steering_Away_from_Harm_An_Adaptive_Approach_to_Defending_Vision_CVPR_2025_paper.pdf.pdf,0
Xue_Few-shot_Personalized_Scanpath_Prediction_CVPR_2025_paper.pdf.pdf,0
Xu_Towards_Zero-Shot_Anomaly_Detection_and_Reasoning_with_Multimodal_Large_Language_CVPR_2025_paper.pdf.pdf,0
Zhao_Synergizing_Motion_and_Appearance_Multi-Scale_Compensatory_Codebooks_for_Talking_Head_CVPR_2025_paper.pdf.pdf,0
Xu_StyleSSP_Sampling_StartPoint_Enhancement_for_Training-free_Diffusion-based_Method_for_Style_CVPR_2025_paper.pdf.pdf,0
Shen_QuartDepth_Post-Training_Quantization_for_Real-Time_Depth_Estimation_on_the_Edge_CVPR_2025_paper.pdf.pdf,0
Li_TokenMotion_Decoupled_Motion_Control_via_Token_Disentanglement_for_Human-centric_Video_CVPR_2025_paper.pdf.pdf,0
Bian_GS-DiT_Advancing_Video_Generation_with_Dynamic_3D_Gaussian_Fields_through_CVPR_2025_paper.pdf.pdf,0
Nan_MI-DETR_An_Object_Detection_Model_with_Multi-time_Inquiries_Mechanism_CVPR_2025_paper.pdf.pdf,0
Li_AlignMamba_Enhancing_Multimodal_Mamba_with_Local_and_Global_Cross-modal_Alignment_CVPR_2025_paper.pdf.pdf,0
Trevithick_SimVS_Simulating_World_Inconsistencies_for_Robust_View_Synthesis_CVPR_2025_paper.pdf.pdf,0
Zhang_Period-LLM_Extending_the_Periodic_Capability_of_Multimodal_Large_Language_Model_CVPR_2025_paper.pdf.pdf,0
Qian_T2ICount_Enhancing_Cross-modal_Understanding_for_Zero-Shot_Counting_CVPR_2025_paper.pdf.pdf,0
Tan_SceneDiffuser_City-Scale_Traffic_Simulation_via_a_Generative_World_Model_CVPR_2025_paper.pdf.pdf,0
Mo_Foley-Flow_Coordinated_Video-to-Audio_Generation_with_Masked_Audio-Visual_Alignment_and_Dynamic_CVPR_2025_paper.pdf.pdf,0
Fu_LLMDet_Learning_Strong_Open-Vocabulary_Object_Detectors_under_the_Supervision_of_CVPR_2025_paper.pdf.pdf,0
Li_DifIISR_A_Diffusion_Model_with_Gradient_Guidance_for_Infrared_Image_CVPR_2025_paper.pdf.pdf,0
Zhu_ASIGN_An_Anatomy-aware_Spatial_Imputation_Graphic_Network_for_3D_Spatial_CVPR_2025_paper.pdf.pdf,0
Li_SEEN-DA_SEmantic_ENtropy_guided_Domain-aware_Attention_for_Domain_Adaptive_Object_CVPR_2025_paper.pdf.pdf,0
Wu_AffordDP_Generalizable_Diffusion_Policy_with_Transferable_Affordance_CVPR_2025_paper.pdf.pdf,0
Zhang_Mesh_Mamba_A_Unified_State_Space_Model_for_Saliency_Prediction_CVPR_2025_paper.pdf.pdf,0
Liu_SaMam_Style-aware_State_Space_Model_for_Arbitrary_Image_Style_Transfer_CVPR_2025_paper.pdf.pdf,0
Kwon_TCFG_Tangential_Damping_Classifier-free_Guidance_CVPR_2025_paper.pdf.pdf,0
Toussaint_ProbeSDF_Light_Field_Probes_For_Neural_Surface_Reconstruction_CVPR_2025_paper.pdf.pdf,0
Yin_Towards_Satellite_Image_Road_Graph_Extraction_A_Global-Scale_Dataset_and_CVPR_2025_paper.pdf.pdf,0
Qin_Towards_Consistent_Multi-Task_Learning_Unlocking_the_Potential_of_Task-Specific_Parameters_CVPR_2025_paper.pdf.pdf,0
Kim_Rethinking_Training_for_De-biasing_Text-to-Image_Generation_Unlocking_the_Potential_of_CVPR_2025_paper.pdf.pdf,0
Chou_VisionArena_230k_Real_World_User-VLM_Conversations_with_Preference_Labels_CVPR_2025_paper.pdf.pdf,0
Liang_VTON-HandFit_Virtual_Try-on_for_Arbitrary_Hand_Pose_Guided_by_Hand_CVPR_2025_paper.pdf.pdf,0
Tu_StableAnimator_High-Quality_Identity-Preserving_Human_Image_Animation_CVPR_2025_paper.pdf.pdf,0
Cui_Forensics_Adapter_Adapting_CLIP_for_Generalizable_Face_Forgery_Detection_CVPR_2025_paper.pdf.pdf,0
Zhao_Can_Machines_Understand_Composition_Dataset_and_Benchmark_for_Photographic_Image_CVPR_2025_paper.pdf.pdf,0
Kim_RAD_Region-Aware_Diffusion_Models_for_Image_Inpainting_CVPR_2025_paper.pdf.pdf,0
Wang_Object_Detection_using_Event_Camera_A_MoE_Heat_Conduction_based_CVPR_2025_paper.pdf.pdf,0
Huang_WildAvatar_Learning_In-the-wild_3D_Avatars_from_the_Web_CVPR_2025_paper.pdf.pdf,0
Chen_G3Flow_Generative_3D_Semantic_Flow_for_Pose-aware_and_Generalizable_Object_CVPR_2025_paper.pdf.pdf,0
Zhang_SPA-VL_A_Comprehensive_Safety_Preference_Alignment_Dataset_for_Vision_Language_CVPR_2025_paper.pdf.pdf,0
Cai_HERA_Hybrid_Explicit_Representation_for_Ultra-Realistic_Head_Avatars_CVPR_2025_paper.pdf.pdf,0
Li_UniScene_Unified_Occupancy-centric_Driving_Scene_Generation_CVPR_2025_paper.pdf.pdf,0
Wang_MeGA_Hybrid_Mesh-Gaussian_Head_Avatar_for_High-Fidelity_Rendering_and_Head_CVPR_2025_paper.pdf.pdf,0
Xue_Progress-Aware_Video_Frame_Captioning_CVPR_2025_paper.pdf.pdf,0
Li_OSMamba_Omnidirectional_Spectral_Mamba_with_Dual-Domain_Prior_Generator_for_Exposure_CVPR_2025_paper.pdf.pdf,0
Chen_Using_Diffusion_Priors_for_Video_Amodal_Segmentation_CVPR_2025_paper.pdf.pdf,0
Velayudhan_STING-BEE_Towards_Vision-Language_Model_for_Real-World_X-ray_Baggage_Security_Inspection_CVPR_2025_paper.pdf.pdf,0
Koch_RelationField_Relate_Anything_in_Radiance_Fields_CVPR_2025_paper.pdf.pdf,0
Shi_CRISP_Object_Pose_and_Shape_Estimation_with_Test-Time_Adaptation_CVPR_2025_paper.pdf.pdf,0
Xiao_EASEMVCEfficient_Dual_Selection_Mechanism_for_Deep_Multi-View_Clustering_CVPR_2025_paper.pdf.pdf,0
Chetan_Accurate_Differential_Operators_for_Hybrid_Neural_Fields_CVPR_2025_paper.pdf.pdf,0
Wang_Emphasizing_Discriminative_Features_for_Dataset_Distillation_in_Complex_Scenarios_CVPR_2025_paper.pdf.pdf,0
Hwang_T-CIL_Temperature_Scaling_using_Adversarial_Perturbation_for_Calibration_in_Class-Incremental_CVPR_2025_paper.pdf.pdf,0
Tzamos_Practical_Solutions_to_the_Relative_Pose_of_Three_Calibrated_Cameras_CVPR_2025_paper.pdf.pdf,0
Esposito_Volumetric_Surfaces_Representing_Fuzzy_Geometries_with_Layered_Meshes_CVPR_2025_paper.pdf.pdf,0
Liao_DiffusionDrive_Truncated_Diffusion_Model_for_End-to-End_Autonomous_Driving_CVPR_2025_paper.pdf.pdf,0
Zhang_HSI_A_Holistic_Style_Injector_for_Arbitrary_Style_Transfer_CVPR_2025_paper.pdf.pdf,0
Chang_Driving_by_the_Rules_A_Benchmark_for_Integrating_Traffic_Sign_CVPR_2025_paper.pdf.pdf,0
Liu_Q-PART_Quasi-Periodic_Adaptive_Regression_with_Test-time_Training_for_Pediatric_Left_CVPR_2025_paper.pdf.pdf,0
Kim_Preserve_or_Modify_Context-Aware_Evaluation_for_Balancing_Preservation_and_Modification_CVPR_2025_paper.pdf.pdf,0
Wang_DecoupledGaussian_Object-Scene_Decoupling_for_Physics-Based_Interaction_CVPR_2025_paper.pdf.pdf,0
Pippi_Zero-Shot_Styled_Text_Image_Generation_but_Make_It_Autoregressive_CVPR_2025_paper.pdf.pdf,0
Zhao_Tartan_IMU_A_Light_Foundation_Model_for_Inertial_Positioning_in_CVPR_2025_paper.pdf.pdf,0
Yang_Mitigating_Hallucinations_in_Large_Vision-Language_Models_via_DPO_On-Policy_Data_CVPR_2025_paper.pdf.pdf,0
Liu_Watermarking_One_for_All_A_Robust_Watermarking_Scheme_Against_Partial_CVPR_2025_paper.pdf.pdf,0
Wu_WeatherGen_A_Unified_Diverse_Weather_Generator_for_LiDAR_Point_Clouds_CVPR_2025_paper.pdf.pdf,0
Dang_FASTer_Focal_token_Acquiring-and-Scaling_Transformer_for_Long-term_3D_Objection_Detection_CVPR_2025_paper.pdf.pdf,0
Zhang_WISNet_Pseudo_Label_Generation_on_Unbalanced_and_Patch_Annotated_Waste_CVPR_2025_paper.pdf.pdf,0
Zhang_MPDrive_Improving_Spatial_Understanding_with_Marker-Based_Prompt_Learning_for_Autonomous_CVPR_2025_paper.pdf.pdf,0
Yang_FFR_Frequency_Feature_Rectification_for_Weakly_Supervised_Semantic_Segmentation_CVPR_2025_paper.pdf.pdf,0
Chen_Generalized_Zero-Shot_Classification_via_Semantics-Free_Inter-Class_Feature_Generation_CVPR_2025_paper.pdf.pdf,0
Zhong_DexGrasp_Anything_Towards_Universal_Robotic_Dexterous_Grasping_with_Physics_Awareness_CVPR_2025_paper.pdf.pdf,0
Ye_VERA_Explainable_Video_Anomaly_Detection_via_Verbalized_Learning_of_Vision-Language_CVPR_2025_paper.pdf.pdf,0
Li_SegEarth-OV_Towards_Training-Free_Open-Vocabulary_Segmentation_for_Remote_Sensing_Images_CVPR_2025_paper.pdf.pdf,0
Liu_Dynamic_Derivation_and_Elimination_Audio_Visual_Segmentation_with_Enhanced_Audio_CVPR_2025_paper.pdf.pdf,0
Kazimi_Explaining_in_Diffusion_Explaining_a_Classifier_with_Diffusion_Semantics_CVPR_2025_paper.pdf.pdf,0
Shen_LOD-GS_Achieving_Levels_of_Detail_using_Scalable_Gaussian_Soup_CVPR_2025_paper.pdf.pdf,0
Garcia_Learning_Physics_From_Video_Unsupervised_Physical_Parameter_Estimation_for_Continuous_CVPR_2025_paper.pdf.pdf,0
Tian_High_Dynamic_Range_Video_Compression_A_Large-Scale_Benchmark_Dataset_and_CVPR_2025_paper.pdf.pdf,0
Chen_Efficient_Transfer_Learning_for_Video-language_Foundation_Models_CVPR_2025_paper.pdf.pdf,0
Tang_DroneSplat_3D_Gaussian_Splatting_for_Robust_3D_Reconstruction_from_In-the-Wild_CVPR_2025_paper.pdf.pdf,0
Guo_Boosting_Adversarial_Transferability_through_Augmentation_in_Hypothesis_Space_CVPR_2025_paper.pdf.pdf,0
Zhong_Rethinking_Personalized_Aesthetics_Assessment_Employing_Physique_Aesthetics_Assessment_as_An_CVPR_2025_paper.pdf.pdf,0
Yang_HuPerFlow_A_Comprehensive_Benchmark_for_Human_vs._Machine_Motion_Estimation_CVPR_2025_paper.pdf.pdf,0
Sheng_R-TPT_Improving_Adversarial_Robustness_of_Vision-Language_Models_through_Test-Time_Prompt_CVPR_2025_paper.pdf.pdf,0
Yu_Mono2Stereo_A_Benchmark_and_Empirical_Study_for_Stereo_Conversion_CVPR_2025_paper.pdf.pdf,0
Liu_FlexUOD_The_Answer_to_Real-world_Unsupervised_Image_Outlier_Detection_CVPR_2025_paper.pdf.pdf,0
Li_Science-T2I_Addressing_Scientific_Illusions_in_Image_Synthesis_CVPR_2025_paper.pdf.pdf,0
Fukuda_Adapter_Merging_with_Centroid_Prototype_Mapping_for_Scalable_Class-Incremental_Learning_CVPR_2025_paper.pdf.pdf,0
Liu_Frequency-Biased_Synergistic_Design_for_Image_Compression_and_Compensation_CVPR_2025_paper.pdf.pdf,0
Wang_Building_Vision_Models_upon_Heat_Conduction_CVPR_2025_paper.pdf.pdf,0
Wu_FruitNinja_3D_Object_Interior_Texture_Generation_with_Gaussian_Splatting_CVPR_2025_paper.pdf.pdf,0
Park_DropGaussian_Structural_Regularization_for_Sparse-view_Gaussian_Splatting_CVPR_2025_paper.pdf.pdf,0
Yura_EventSplat_3D_Gaussian_Splatting_from_Moving_Event_Cameras_for_Real-time_CVPR_2025_paper.pdf.pdf,0
Cheng_Not_Just_Text_Uncovering_Vision_Modality_Typographic_Threats_in_Image_CVPR_2025_paper.pdf.pdf,0
Wang_Spatial457_A_Diagnostic_Benchmark_for_6D_Spatial_Reasoning_of_Large_CVPR_2025_paper.pdf.pdf,0
Wang_Marten_Visual_Question_Answering_with_Mask_Generation_for_Multi-modal_Document_CVPR_2025_paper.pdf.pdf,0
Wazir_Rethinking_Decoder_Design_Improving_Biomarker_Segmentation_Using_Depth-to-Space_Restoration_and_CVPR_2025_paper.pdf.pdf,0
Ke_Discovering_Hidden_Visual_Concepts_Beyond_Linguistic_Input_in_Infant_Learning_CVPR_2025_paper.pdf.pdf,0
Jiang_ECVC_Exploiting_Non-Local_Correlations_in_Multiple_Frames_for_Contextual_Video_CVPR_2025_paper.pdf.pdf,0
Hu_PersonaHOI_Effortlessly_Improving_Face_Personalization_in_Human-Object_Interaction_Generation_CVPR_2025_paper.pdf.pdf,0
Safari_Matrix-Free_Shared_Intrinsics_Bundle_Adjustment_CVPR_2025_paper.pdf.pdf,0
Cai_Can_Generative_Video_Models_Help_Pose_Estimation_CVPR_2025_paper.pdf.pdf,0
Cao_iG-6DoF_Model-free_6DoF_Pose_Estimation_for_Unseen_Object_via_Iterative_CVPR_2025_paper.pdf.pdf,0
Xie_Advancing_Manga_Analysis_Comprehensive_Segmentation_Annotations_for_the_Manga109_Dataset_CVPR_2025_paper.pdf.pdf,0
Koleilat_BiomedCoOp_Learning_to_Prompt_for_Biomedical_Vision-Language_Models_CVPR_2025_paper.pdf.pdf,0
Sun_CPath-Omni_A_Unified_Multimodal_Foundation_Model_for_Patch_and_Whole_CVPR_2025_paper.pdf.pdf,0
Zhan_Real-time_High-fidelity_Gaussian_Human_Avatars_with_Position-based_Interpolation_of_Spatially_CVPR_2025_paper.pdf.pdf,0
Wu_AuraFusion360_Augmented_Unseen_Region_Alignment_for_Reference-based_360deg_Unbounded_Scene_CVPR_2025_paper.pdf.pdf,0
Liu_Generative_Photomontage_CVPR_2025_paper.pdf.pdf,0
Zheng_NexusGS_Sparse_View_Synthesis_with_Epipolar_Depth_Priors_in_3D_CVPR_2025_paper.pdf.pdf,0
Liang_VODiff_Controlling_Object_Visibility_Order_in_Text-to-Image_Generation_CVPR_2025_paper.pdf.pdf,0
Kim_U-Know-DiffPAN_An_Uncertainty-aware_Knowledge_Distillation_Diffusion_Framework_with_Details_Enhancement_CVPR_2025_paper.pdf.pdf,0
Kim_Difference_Inversion_Interpolate_and_Isolate_the_Difference_with_Token_Consistency_CVPR_2025_paper.pdf.pdf,0
Jang_Efficient_Long_Video_Tokenization_via_Coordinate-based_Patch_Reconstruction_CVPR_2025_paper.pdf.pdf,0
Zhang_Bridging_Past_and_Future_End-to-End_Autonomous_Driving_with_Historical_Prediction_CVPR_2025_paper.pdf.pdf,0
Cao_SceneTAP_Scene-Coherent_Typographic_Adversarial_Planner_against_Vision-Language_Models_in_Real-World_CVPR_2025_paper.pdf.pdf,0
Guillaro_A_Bias-Free_Training_Paradigm_for_More_General_AI-generated_Image_Detection_CVPR_2025_paper.pdf.pdf,0
Zhang_Augmenting_Perceptual_Super-Resolution_via_Image_Quality_Predictors_CVPR_2025_paper.pdf.pdf,0
Ma_Consistent_and_Controllable_Image_Animation_with_Motion_Diffusion_Models_CVPR_2025_paper.pdf.pdf,0
Mi_Data_Synthesis_with_Diverse_Styles_for_Face_Recognition_via_3DMM-Guided_CVPR_2025_paper.pdf.pdf,0
Zhang_World-consistent_Video_Diffusion_with_Explicit_3D_Modeling_CVPR_2025_paper.pdf.pdf,0
Chen_Collaborative_Decoding_Makes_Visual_Auto-Regressive_Modeling_Efficient_CVPR_2025_paper.pdf.pdf,0
Huang_3D_Gaussian_Inpainting_with_Depth-Guided_Cross-View_Consistency_CVPR_2025_paper.pdf.pdf,0
Zhang_Zero-Shot_4D_Lidar_Panoptic_Segmentation_CVPR_2025_paper.pdf.pdf,0
Wu_DiffSensei_Bridging_Multi-Modal_LLMs_and_Diffusion_Models_for_Customized_Manga_CVPR_2025_paper.pdf.pdf,0
Fang_Minding_Fuzzy_Regions_A_Data-driven_Alternating_Learning_Paradigm_for_Stable_CVPR_2025_paper.pdf.pdf,0
Wang_SoftShadow_Leveraging_Soft_Masks_for_Penumbra-Aware_Shadow_Removal_CVPR_2025_paper.pdf.pdf,0
Shi_Enhancing_Video-LLM_Reasoning_via_Agent-of-Thoughts_Distillation_CVPR_2025_paper.pdf.pdf,0
Deng_3D-LLaVA_Towards_Generalist_3D_LMMs_with_Omni_Superpoint_Transformer_CVPR_2025_paper.pdf.pdf,0
Zubic_GG-SSMs_Graph-Generating_State_Space_Models_CVPR_2025_paper.pdf.pdf,0
Wang_HSI-GPT_A_General-Purpose_Large_Scene-Motion-Language_Model_for_Human_Scene_Interaction_CVPR_2025_paper.pdf.pdf,0
Mao_Evaluating_Model_Perception_of_Color_Illusions_in_Photorealistic_Scenes_CVPR_2025_paper.pdf.pdf,0
Wei_HyperSeg_Hybrid_Segmentation_Assistant_with_Fine-grained_Visual_Perceiver_CVPR_2025_paper.pdf.pdf,0
Jeong_Latent_Space_Super-Resolution_for_Higher-Resolution_Image_Generation_with_Diffusion_Models_CVPR_2025_paper.pdf.pdf,0
Zhou_Zero-1-to-A_Zero-Shot_One_Image_to_Animatable_Head_Avatars_Using_Video_CVPR_2025_paper.pdf.pdf,0
Ren_Prior_Does_Matter_Visual_Navigation_via_Denoising_Diffusion_Bridge_Models_CVPR_2025_paper.pdf.pdf,0
Li_MergeVQ_A_Unified_Framework_for_Visual_Generation_and_Representation_with_CVPR_2025_paper.pdf.pdf,0
Luo_DSPNet_Dual-vision_Scene_Perception_for_Robust_3D_Question_Answering_CVPR_2025_paper.pdf.pdf,0
Zhang_Q-Eval-100K_Evaluating_Visual_Quality_and_Alignment_Level_for_Text-to-Vision_Content_CVPR_2025_paper.pdf.pdf,0
Park_DART_Disease-aware_Image-Text_Alignment_and_Self-correcting_Re-alignment_for_Trustworthy_Radiology_CVPR_2025_paper.pdf.pdf,0
Feng_BlobGEN-Vid_Compositional_Text-to-Video_Generation_with_Blob_Video_Representations_CVPR_2025_paper.pdf.pdf,0
Wu_LeanGaussian_Breaking_Pixel_or_Point_Cloud_Correspondence_in_Modeling_3D_CVPR_2025_paper.pdf.pdf,0
Wang_Towards_Understanding_How_Knowledge_Evolves_in_Large_Vision-Language_Models_CVPR_2025_paper.pdf.pdf,0
Chowdhury_Prompt-CAM_Making_Vision_Transformers_Interpretable_for_Fine-Grained_Analysis_CVPR_2025_paper.pdf.pdf,0
Suo_Octopus_Alleviating_Hallucination_via_Dynamic_Contrastive_Decoding_CVPR_2025_paper.pdf.pdf,0
Kim_Distilling_Spectral_Graph_for_Object-Context_Aware_Open-Vocabulary_Semantic_Segmentation_CVPR_2025_paper.pdf.pdf,0
Liu_Large-scale_Multi-view_Tensor_Clustering_with_Implicit_Linear_Kernels_CVPR_2025_paper.pdf.pdf,0
Fan_RNG_Relightable_Neural_Gaussians_CVPR_2025_paper.pdf.pdf,0
Shin_Generative_Modeling_of_Class_Probability_for_Multi-Modal_Representation_Learning_CVPR_2025_paper.pdf.pdf,0
Shimoda_Type-R_Automatically_Retouching_Typos_for_Text-to-Image_Generation_CVPR_2025_paper.pdf.pdf,0
Parikh_RoadSocial_A_Diverse_VideoQA_Dataset_and_Benchmark_for_Road_Event_CVPR_2025_paper.pdf.pdf,0
Liu_CATANet_Efficient_Content-Aware_Token_Aggregation_for_Lightweight_Image_Super-Resolution_CVPR_2025_paper.pdf.pdf,0
Zhang_Generative_Hard_Example_Augmentation_for_Semantic_Point_Cloud_Segmentation_CVPR_2025_paper.pdf.pdf,0
Lei_Instant_Adversarial_Purification_with_Adversarial_Consistency_Distillation_CVPR_2025_paper.pdf.pdf,0
Pang_ManiVideo_Generating_Hand-Object_Manipulation_Video_with_Dexterous_and_Generalizable_Grasping_CVPR_2025_paper.pdf.pdf,0
Ventura_Chapter-Llama_Efficient_Chaptering_in_Hour-Long_Videos_with_LLMs_CVPR_2025_paper.pdf.pdf,0
Gomez-Villa_The_Art_of_Deception_Color_Visual_Illusions_and_Diffusion_Models_CVPR_2025_paper.pdf.pdf,0
Zhang_Debiasing_Multimodal_Large_Language_Models_via_Noise-Aware_Preference_Optimization_CVPR_2025_paper.pdf.pdf,0
Xu_Decouple_Distortion_from_Perception_Region_Adaptive_Diffusion_for_Extreme-low_Bitrate_CVPR_2025_paper.pdf.pdf,0
Kong_Generative_Sparse-View_Gaussian_Splatting_CVPR_2025_paper.pdf.pdf,0
Li_MBQ_Modality-Balanced_Quantization_for_Large_Vision-Language_Models_CVPR_2025_paper.pdf.pdf,0
Zhang_ODHSR_Online_Dense_3D_Reconstruction_of_Humans_and_Scenes_from_CVPR_2025_paper.pdf.pdf,0
Wang_VGGT_Visual_Geometry_Grounded_Transformer_CVPR_2025_paper.pdf.pdf,0
Kong_Dual_Prompting_Image_Restoration_with_Diffusion_Transformers_CVPR_2025_paper.pdf.pdf,0
Zhang_Vision-Language_Embodiment_for_Monocular_Depth_Estimation_CVPR_2025_paper.pdf.pdf,0
Li_ReNeg_Learning_Negative_Embedding_with_Reward_Guidance_CVPR_2025_paper.pdf.pdf,0
Cai_ROCKET-1_Mastering_Open-World_Interaction_with_Visual-Temporal_Context_Prompting_CVPR_2025_paper.pdf.pdf,0
Wu_Generating_Multimodal_Driving_Scenes_via_Next-Scene_Prediction_CVPR_2025_paper.pdf.pdf,0
Oh_3D_Occupancy_Prediction_with_Low-Resolution_Queries_via_Prototype-aware_View_Transformation_CVPR_2025_paper.pdf.pdf,0
Dou_Hearing_Hands_Generating_Sounds_from_Physical_Interactions_in_3D_Scenes_CVPR_2025_paper.pdf.pdf,0
Wu_AVQACL_A_Novel_Benchmark_for_Audio-Visual_Question_Answering_Continual_Learning_CVPR_2025_paper.pdf.pdf,0
Yu_Probability_Density_Geodesics_in_Image_Diffusion_Latent_Space_CVPR_2025_paper.pdf.pdf,0
Bai_A_Regularization-Guided_Equivariant_Approach_for_Image_Restoration_CVPR_2025_paper.pdf.pdf,0
Zhang_EDEN_Enhanced_Diffusion_for_High-quality_Large-motion_Video_Frame_Interpolation_CVPR_2025_paper.pdf.pdf,0
Song_From_Head_to_Tail_Towards_Balanced_Representation_in_LargeVision-Language_Models_CVPR_2025_paper.pdf.pdf,0
Fu_Generative_Map_Priors_for_Collaborative_BEV_Semantic_Segmentation_CVPR_2025_paper.pdf.pdf,0
Feng_Linear_Attention_Modeling_for_Learned_Image_Compression_CVPR_2025_paper.pdf.pdf,0
Selvaraju_OFER_Occluded_Face_Expression_Reconstruction_CVPR_2025_paper.pdf.pdf,0
Ke_Video_Depth_without_Video_Models_CVPR_2025_paper.pdf.pdf,0
Xia_One_is_Plenty_A_Polymorphic_Feature_Interpreter_for_Immutable_Heterogeneous_CVPR_2025_paper.pdf.pdf,0
Lee_SyncSDE_A_Probabilistic_Framework_for_Diffusion_Synchronization_CVPR_2025_paper.pdf.pdf,0
Whalen_Early-Bird_Diffusion_Investigating_and_Leveraging_Timestep-Aware_Early-Bird_Tickets_in_Diffusion_CVPR_2025_paper.pdf.pdf,0
Chen_Q-DiT_Accurate_Post-Training_Quantization_for_Diffusion_Transformers_CVPR_2025_paper.pdf.pdf,0
Jiang_From_Laboratory_to_Real_World_A_New_Benchmark_Towards_Privacy-Preserved_CVPR_2025_paper.pdf.pdf,0
Wang_Animate_and_Sound_an_Image_CVPR_2025_paper.pdf.pdf,0
Jin_Classic_Video_Denoising_in_a_Machine_Learning_World_Robust_Fast_CVPR_2025_paper.pdf.pdf,0
Lin_Olympus_A_Universal_Task_Router_for_Computer_Vision_Tasks_CVPR_2025_paper.pdf.pdf,0
Huang_Zero-shot_3D_Question_Answering_via_Voxel-based_Dynamic_Token_Compression_CVPR_2025_paper.pdf.pdf,0
Zhang_HumanMM_Global_Human_Motion_Recovery_from_Multi-shot_Videos_CVPR_2025_paper.pdf.pdf,0
Zhao_DeformCL_Learning_Deformable_Centerline_Representation_for_Vessel_Extraction_in_3D_CVPR_2025_paper.pdf.pdf,0
Kong_CustAny_Customizing_Anything_from_A_Single_Example_CVPR_2025_paper.pdf.pdf,0
Zhu_INFP_Audio-Driven_Interactive_Head_Generation_in_Dyadic_Conversations_CVPR_2025_paper.pdf.pdf,0
Park_HalLoc_Token-level_Localization_of_Hallucinations_for_Vision_Language_Models_CVPR_2025_paper.pdf.pdf,0
Wei_From_Words_to_Structured_Visuals_A_Benchmark_and_Framework_for_CVPR_2025_paper.pdf.pdf,0
Huy_Interactive_Medical_Image_Analysis_with_Concept-based_Similarity_Reasoning_CVPR_2025_paper.pdf.pdf,0
Liu_MaskGaussian_Adaptive_3D_Gaussian_Representation_from_Probabilistic_Masks_CVPR_2025_paper.pdf.pdf,0
Ye_Semantic_and_Expressive_Variations_in_Image_Captions_Across_Languages_CVPR_2025_paper.pdf.pdf,0
Zhao_ReDiffDet_Rotation-equivariant_Diffusion_Model_for_Oriented_Object_Detection_CVPR_2025_paper.pdf.pdf,0
Wang_Learning_Hazing_to_Dehazing_Towards_Realistic_Haze_Generation_for_Real-World_CVPR_2025_paper.pdf.pdf,0
Park_Mind_the_Gap_Detecting_Black-box_Adversarial_Attacks_in_the_Making_CVPR_2025_paper.pdf.pdf,0
Perrett_HD-EPIC_A_Highly-Detailed_Egocentric_Video_Dataset_CVPR_2025_paper.pdf.pdf,0
Li_UniPose_A_Unified_Multimodal_Framework_for_Human_Pose_Comprehension_Generation_CVPR_2025_paper.pdf.pdf,0
Jiang_MegaSynth_Scaling_Up_3D_Scene_Reconstruction_with_Synthesized_Data_CVPR_2025_paper.pdf.pdf,0
Wang_SVFR_A_Unified_Framework_for_Generalized_Video_Face_Restoration_CVPR_2025_paper.pdf.pdf,0
Wang_Not_All_Parameters_Matter_Masking_Diffusion_Models_for_Enhancing_Generation_CVPR_2025_paper.pdf.pdf,0
Yan_DrivingSphere_Building_a_High-fidelity_4D_World_for_Closed-loop_Simulation_CVPR_2025_paper.pdf.pdf,0
Han_UIBDiffusion_Universal_Imperceptible_Backdoor_Attack_for_Diffusion_Models_CVPR_2025_paper.pdf.pdf,0
Mei_PerLA_Perceptive_3D_Language_Assistant_CVPR_2025_paper.pdf.pdf,0
Yin_5100_Breaking_Performance_Shackles_of_Full_Fine-Tuning_on_Visual_Recognition_CVPR_2025_paper.pdf.pdf,0
Wang_Heterogeneous_Skeleton-Based_Action_Representation_Learning_CVPR_2025_paper.pdf.pdf,0
Tian_Identifying_and_Mitigating_Position_Bias_of_Multi-image_Vision-Language_Models_CVPR_2025_paper.pdf.pdf,0
Malik_Neural_Inverse_Rendering_from_Propagating_Light_CVPR_2025_paper.pdf.pdf,0
Bernal-Berdun_PreciseCam_Precise_Camera_Control_for_Text-to-Image_Generation_CVPR_2025_paper.pdf.pdf,0
Li_Optimus-2_Multimodal_Minecraft_Agent_with_Goal-Observation-Action_Conditioned_Policy_CVPR_2025_paper.pdf.pdf,0
Lin_VLog_Video-Language_Models_by_Generative_Retrieval_of_Narration_Vocabulary_CVPR_2025_paper.pdf.pdf,0
Dong_Exploring_Semantic_Feature_Discrimination_for_Perceptual_Image_Super-Resolution_and_Opinion-Unaware_CVPR_2025_paper.pdf.pdf,0
Gu_UniVAD_A_Training-free_Unified_Model_for_Few-shot_Visual_Anomaly_Detection_CVPR_2025_paper.pdf.pdf,0
Ryu_Towards_Scalable_Human-aligned_Benchmark_for_Text-guided_Image_Editing_CVPR_2025_paper.pdf.pdf,0
Song_DefectFill_Realistic_Defect_Generation_with_Inpainting_Diffusion_Model_for_Visual_CVPR_2025_paper.pdf.pdf,0
Zhang_A_Semantic_Knowledge_Complementarity_based_Decoupling_Framework_for_Semi-supervised_Class-imbalanced_CVPR_2025_paper.pdf.pdf,0
Pan_Semantic_and_Sequential_Alignment_for_Referring_Video_Object_Segmentation_CVPR_2025_paper.pdf.pdf,0
Wandel_SemAlign3D_Semantic_Correspondence_between_RGB-Images_through_Aligning_3D_Object-Class_Representations_CVPR_2025_paper.pdf.pdf,0
Shao_RayFlow_Instance-Aware_Diffusion_Acceleration_via_Adaptive_Flow_Trajectories_CVPR_2025_paper.pdf.pdf,0
Li_VEU-Bench_Towards_Comprehensive_Understanding_of_Video_Editing_CVPR_2025_paper.pdf.pdf,0
Li_OccMamba_Semantic_Occupancy_Prediction_with_State_Space_Models_CVPR_2025_paper.pdf.pdf,0
Sun_Exploring_Historical_Information_for_RGBE_Visual_Tracking_with_Mamba_CVPR_2025_paper.pdf.pdf,0
Zhang_Style_Evolving_along_Chain-of-Thought_for_Unknown-Domain_Object_Detection_CVPR_2025_paper.pdf.pdf,0
Shen_HUNet_Homotopy_Unfolding_Network_for_Image_Compressive_Sensing_CVPR_2025_paper.pdf.pdf,0
Lu_JamMa_Ultra-lightweight_Local_Feature_Matching_with_Joint_Mamba_CVPR_2025_paper.pdf.pdf,0
Zhang_Concept_Replacer_Replacing_Sensitive_Concepts_in_Diffusion_Models_via_Precision_CVPR_2025_paper.pdf.pdf,0
Laskar_A_Dataset_for_Semantic_Segmentation_in_the_Presence_of_Unknowns_CVPR_2025_paper.pdf.pdf,0
Park_Test-Time_Fine-Tuning_of_Image_Compression_Models_for_Multi-Task_Adaptability_CVPR_2025_paper.pdf.pdf,0
He_VISTA3D_A_Unified_Segmentation_Foundation_Model_For_3D_Medical_Imaging_CVPR_2025_paper.pdf.pdf,0
Hong_MotionBench_Benchmarking_and_Improving_Fine-grained_Video_Motion_Understanding_for_Vision_CVPR_2025_paper.pdf.pdf,0
Zhang_LogoSP_Local-global_Grouping_of_Superpoints_for_Unsupervised_Semantic_Segmentation_of_CVPR_2025_paper.pdf.pdf,0
Zha_Language-Guided_Image_Tokenization_for_Generation_CVPR_2025_paper.pdf.pdf,0
Shi_Dissecting_and_Mitigating_Diffusion_Bias_via_Mechanistic_Interpretability_CVPR_2025_paper.pdf.pdf,0
Tan_FreePCA_Integrating_Consistency_Information_across_Long-short_Frames_in_Training-free_Long_CVPR_2025_paper.pdf.pdf,0
Yang_MatAnyone_Stable_Video_Matting_with_Consistent_Memory_Propagation_CVPR_2025_paper.pdf.pdf,0
Cao_MVGenMaster_Scaling_Multi-View_Generation_from_Any_Image_via_3D_Priors_CVPR_2025_paper.pdf.pdf,0
Guo_DreamTrack_Dreaming_the_Future_for_Multimodal_Visual_Object_Tracking_CVPR_2025_paper.pdf.pdf,0
Shi_DreamRelation_Bridging_Customization_and_Relation_Generation_CVPR_2025_paper.pdf.pdf,0
Yang_Hash3D_Training-free_Acceleration_for_3D_Generation_CVPR_2025_paper.pdf.pdf,0
Pallotta_SyncVP_Joint_Diffusion_for_Synchronous_Multi-Modal_Video_Prediction_CVPR_2025_paper.pdf.pdf,0
Hong_Free-viewpoint_Human_Animation_with_Pose-correlated_Reference_Selection_CVPR_2025_paper.pdf.pdf,0
Benny_SphereUFormer_A_U-Shaped_Transformer_for_Spherical_360_Perception_CVPR_2025_paper.pdf.pdf,0
Sun_LAL_Enhancing_3D_Human_Motion_Prediction_with_Latency-aware_Auxiliary_Learning_CVPR_2025_paper.pdf.pdf,0
Wang_Inversion_Circle_Interpolation_Diffusion-based_Image_Augmentation_for_Data-scarce_Classification_CVPR_2025_paper.pdf.pdf,0
Cai_PhyS-EdiT_Physics-aware_Semantic_Image_Editing_with_Text_Description_CVPR_2025_paper.pdf.pdf,0
Tang_Seeing_Far_and_Clearly_Mitigating_Hallucinations_in_MLLMs_with_Attention_CVPR_2025_paper.pdf.pdf,0
Yugay_MAGiC-SLAM_Multi-Agent_Gaussian_Globally_Consistent__SLAM_CVPR_2025_paper.pdf.pdf,0
Xiao_COAP_Memory-Efficient_Training_with_Correlation-Aware_Gradient_Projection_CVPR_2025_paper.pdf.pdf,0
Liu_MambaVLT_Time-Evolving_Multimodal_State_Space_Model_for_Vision-Language_Tracking_CVPR_2025_paper.pdf.pdf,0
Soni_EarthDial_Turning_Multi-sensory_Earth_Observations_to_Interactive_Dialogues_CVPR_2025_paper.pdf.pdf,0
Fini_Multimodal_Autoregressive_Pre-training_of_Large_Vision_Encoders_CVPR_2025_paper.pdf.pdf,0
Yu_ObjectMover_Generative_Object_Movement_with_Video_Prior_CVPR_2025_paper.pdf.pdf,0
Chen_MuTri_Multi-view_Tri-alignment_for_OCT_to_OCTA_3D_Image_Translation_CVPR_2025_paper.pdf.pdf,0
Sehgal_Self-Evolving_Visual_Concept_Library_using_Vision-Language_Critics_CVPR_2025_paper.pdf.pdf,0
Wang_FaceBench_A_Multi-View_Multi-Level_Facial_Attribute_VQA_Dataset_for_Benchmarking_CVPR_2025_paper.pdf.pdf,0
Li_MaIR_A_Locality-_and_Continuity-Preserving_Mamba_for_Image_Restoration_CVPR_2025_paper.pdf.pdf,0
Guo_Beyond_Human_Perception_Understanding_Multi-Object_World_from_Monocular_View_CVPR_2025_paper.pdf.pdf,0
Zhang_CoMatcher_Multi-View_Collaborative_Feature_Matching_CVPR_2025_paper.pdf.pdf,0
Hsu_PosterO_Structuring_Layout_Trees_to_Enable_Language_Models_in_Generalized_CVPR_2025_paper.pdf.pdf,0
Zhang_InteractAnything_Zero-shot_Human_Object_Interaction_Synthesis_via_LLM_Feedback_and_CVPR_2025_paper.pdf.pdf,0
Zhang_SAIST_Segment_Any_Infrared_Small_Target_Model_Guided_by_Contrastive_CVPR_2025_paper.pdf.pdf,0
Wu_Towards_Autonomous_Micromobility_through_Scalable_Urban_Simulation_CVPR_2025_paper.pdf.pdf,0
Zhou_DAMM-Diffusion_Learning_Divergence-Aware_Multi-Modal_Diffusion_Model_for_Nanoparticles_Distribution_Prediction_CVPR_2025_paper.pdf.pdf,0
Asokan_FineLIP_Extending_CLIPs_Reach_via_Fine-Grained_Alignment_with_Longer_Text_CVPR_2025_paper.pdf.pdf,0
Bai_Wheres_the_Liability_in_the_Generative_Era_Recovery-based_Black-Box_Detection_CVPR_2025_paper.pdf.pdf,0
Hu_M-LLM_Based_Video_Frame_Selection_for_Efficient_Video_Understanding_CVPR_2025_paper.pdf.pdf,0
Xie_Towards_Million-Scale_Adversarial_Robustness_Evaluation_With_Stronger_Individual_Attacks_CVPR_2025_paper.pdf.pdf,0
Xu_Spatiotemporal_Decoupling_for_Efficient_Vision-Based_Occupancy_Forecasting_CVPR_2025_paper.pdf.pdf,0
Huang_DeRS_Towards_Extremely_Efficient_Upcycled_Mixture-of-Experts_Models_CVPR_2025_paper.pdf.pdf,0
Yun_FFaceNeRF_Few-shot_Face_Editing_in_Neural_Radiance_Fields_CVPR_2025_paper.pdf.pdf,0
Wang_Do_ImageNet-trained_Models_Learn_Shortcuts_The_Impact_of_Frequency_Shortcuts_CVPR_2025_paper.pdf.pdf,0
Cheng_CO-SPY_Combining_Semantic_and_Pixel_Features_to_Detect_Synthetic_Images_CVPR_2025_paper.pdf.pdf,0
Park_Synthetic_Visual_Genome_CVPR_2025_paper.pdf.pdf,0
Bodrito_A_New_Statistical_Model_of_Star_Speckles_for_Learning_to_CVPR_2025_paper.pdf.pdf,0
Liao_STCOcc_Sparse_Spatial-Temporal_Cascade_Renovation_for_3D_Occupancy_and_Scene_CVPR_2025_paper.pdf.pdf,0
Wang_Continuous_3D_Perception_Model_with_Persistent_State_CVPR_2025_paper.pdf.pdf,0
Xu_MITracker_Multi-View_Integration_for_Visual_Object_Tracking_CVPR_2025_paper.pdf.pdf,0
Deng_Seq2Time_Sequential_Knowledge_Transfer_for_Video_LLM_Temporal_Grounding_CVPR_2025_paper.pdf.pdf,0
Duggal_Eval3D_Interpretable_and_Fine-grained_Evaluation_for_3D_Generation_CVPR_2025_paper.pdf.pdf,0
Zhang_Diffusion-4K_Ultra-High-Resolution_Image_Synthesis_with_Latent_Diffusion_Models_CVPR_2025_paper.pdf.pdf,0
Zhang_On_the_Out-Of-Distribution_Generalization_of_Large_Multimodal_Models_CVPR_2025_paper.pdf.pdf,0
Yu_VolFormer_Explore_More_Comprehensive_Cube_Interaction_for_Hyperspectral_Image_Restoration_CVPR_2025_paper.pdf.pdf,0
Li_SeeGround_See_and_Ground_for_Zero-Shot_Open-Vocabulary_3D_Visual_Grounding_CVPR_2025_paper.pdf.pdf,0
Ding_RaSS_Improving_Denoising_Diffusion_Samplers_with_Reinforced_Active_Sampling_Scheduler_CVPR_2025_paper.pdf.pdf,0
Pu_ART_Anonymous_Region_Transformer_for_Variable_Multi-Layer_Transparent_Image_Generation_CVPR_2025_paper.pdf.pdf,0
Yi_Estimating_Body_and_Hand_Motion_in_an_Ego-sensed_World_CVPR_2025_paper.pdf.pdf,0
Wimbauer_AnyCam_Learning_to_Recover_Camera_Poses_and_Intrinsics_from_Casual_CVPR_2025_paper.pdf.pdf,0
Feng_WAVE_Weight_Templates_for_Adaptive_Initialization_of_Variable-sized_Models_CVPR_2025_paper.pdf.pdf,0
Wen_Domain_Generalization_in_CLIP_via_Learning_with_Diverse_Text_Prompts_CVPR_2025_paper.pdf.pdf,0
Tang_Minimal_Interaction_Seperated_Tuning_A_New_Paradigm_for_Visual_Adaptation_CVPR_2025_paper.pdf.pdf,0
Feng_Retaining_Knowledge_and_Enhancing_Long-Text_Representations_in_CLIP_through_Dual-Teacher_CVPR_2025_paper.pdf.pdf,0
Deng_Acquire_and_then_Adapt_Squeezing_out_Text-to-Image_Model_for_Image_CVPR_2025_paper.pdf.pdf,0
Wang_VasTSD_Learning_3D_Vascular_Tree-state_Space_Diffusion_Model_for_Angiography_CVPR_2025_paper.pdf.pdf,0
Kim_DiGIT_Multi-Dilated_Gated_Encoder_and_Central-Adjacent_Region_Integrated_Decoder_for_CVPR_2025_paper.pdf.pdf,0
Quan_Zero-Shot_Blind-spot_Image_Denoising_via_Implicit_Neural_Sampling_CVPR_2025_paper.pdf.pdf,0
Yu_EventPSR_Surface_Normal_and_Reflectance_Estimation_from_Photometric_Stereo_Using_CVPR_2025_paper.pdf.pdf,0
Jia_Secret_Lies_in_Color_Enhancing_AI-Generated_Images_Detection_with_Color_CVPR_2025_paper.pdf.pdf,0
Li_Multi-Sensor_Object_Anomaly_Detection_Unifying_Appearance_Geometry_and_Internal_Properties_CVPR_2025_paper.pdf.pdf,0
Zhu_CoSpace_Benchmarking_Continuous_Space_Perception_Ability_for_Vision-Language_Models_CVPR_2025_paper.pdf.pdf,0
Jia_Towards_Practical_Real-Time_Neural_Video_Compression_CVPR_2025_paper.pdf.pdf,0
Ma_Rethinking_Reconstruction_and_Denoising_in_the_Dark_New_Perspective_General_CVPR_2025_paper.pdf.pdf,0
Morshed_DiverseFlow_Sample-Efficient_Diverse_Mode_Coverage_in_Flows_CVPR_2025_paper.pdf.pdf,0
Sun_Pixel-level_and_Semantic-level_Adjustable_Super-resolution_A_Dual-LoRA_Approach_CVPR_2025_paper.pdf.pdf,0
Bezalel_Extreme_Rotation_Estimation_in_the_Wild_CVPR_2025_paper.pdf.pdf,0
Hong_EgoLM_Multi-Modal_Language_Model_of_Egocentric_Motions_CVPR_2025_paper.pdf.pdf,0
Edstedt_ColabSfM_Collaborative_Structure-from-Motion_by_Point_Cloud_Registration_CVPR_2025_paper.pdf.pdf,0
Bolelli_Segmenting_Maxillofacial_Structures_in_CBCT_Volumes_CVPR_2025_paper.pdf.pdf,0
Liang_Towards_Improved_Text-Aligned_Codebook_Learning_Multi-Hierarchical_Codebook-Text_Alignment_with_Long_CVPR_2025_paper.pdf.pdf,0
Gu_ROICtrl_Boosting_Instance_Control_for_Visual_Generation_CVPR_2025_paper.pdf.pdf,0
Muller_Reconstructing_People_Places_and_Cameras_CVPR_2025_paper.pdf.pdf,0
Zamfir_Complexity_Experts_are_Task-Discriminative_Learners_for_Any_Image_Restoration_CVPR_2025_paper.pdf.pdf,0
Li_MoEdit_On_Learning_Quantity_Perception_for_Multi-object_Image_Editing_CVPR_2025_paper.pdf.pdf,0
Feijoo_DarkIR_Robust_Low-Light_Image_Restoration_CVPR_2025_paper.pdf.pdf,0
Xu_Harnessing_Global-Local_Collaborative_Adversarial_Perturbation_for_Anti-Customization_CVPR_2025_paper.pdf.pdf,0
Chen_FedBiP_Heterogeneous_One-Shot_Federated_Learning_with_Personalized_Latent_Diffusion_Models_CVPR_2025_paper.pdf.pdf,0
Yan_Generalizing_Deepfake_Video_Detection_with_Plug-and-Play_Video-Level_Blending_and_Spatiotemporal_CVPR_2025_paper.pdf.pdf,0
Heinrich_RADIOv2.5_Improved_Baselines_for_Agglomerative_Vision_Foundation_Models_CVPR_2025_paper.pdf.pdf,0
Huang_FRAMES-VQA_Benchmarking_Fine-Tuning_Robustness_across_Multi-Modal_Shifts_in_Visual_Question_CVPR_2025_paper.pdf.pdf,0
Zhou_SynTab-LLaVA_Enhancing_Multimodal_Table_Understanding_with_Decoupled_Synthesis_CVPR_2025_paper.pdf.pdf,0
Mur-Labadia_DIV-FF_Dynamic_Image-Video_Feature_Fields_For_Environment_Understanding_in_Egocentric_CVPR_2025_paper.pdf.pdf,0
Wang_AniMo_Species-Aware_Model_for_Text-Driven_Animal_Motion_Generation_CVPR_2025_paper.pdf.pdf,0
Hui_An_Image-like_Diffusion_Method_for_Human-Object_Interaction_Detection_CVPR_2025_paper.pdf.pdf,0
Kordopatis-Zilos_ILIAS_Instance-Level_Image_retrieval_At_Scale_CVPR_2025_paper.pdf.pdf,0
Wang_Layered_Image_Vectorization_via_Semantic_Simplification_CVPR_2025_paper.pdf.pdf,0
Lin_AutoURDF_Unsupervised_Robot_Modeling_from_Point_Cloud_Frames_Using_Cluster_CVPR_2025_paper.pdf.pdf,0
Zhao_V2V3D_View-to-View_Denoised_3D_Reconstruction_for_Light_Field_Microscopy_CVPR_2025_paper.pdf.pdf,0
Shaar_Adapting_to_the_Unknown_Training-Free_Audio-Visual_Event_Perception_with_Dynamic_CVPR_2025_paper.pdf.pdf,0
Khan_Perceptual_Video_Compression_with_Neural_Wrapping_CVPR_2025_paper.pdf.pdf,0
Wang_SeCap_Self-Calibrating_and_Adaptive_Prompts_for_Cross-view_Person_Re-Identification_in_CVPR_2025_paper.pdf.pdf,0
Li_GPVK-VL_Geometry-Preserving_Virtual_Keyframes_for_Visual_Localization_under_Large_Viewpoint_CVPR_2025_paper.pdf.pdf,0
Liu_Exploring_Scene_Affinity_for_Semi-Supervised_LiDAR_Semantic_Segmentation_CVPR_2025_paper.pdf.pdf,0
Kang_SelfSplat_Pose-Free_and_3D_Prior-Free_Generalizable_3D_Gaussian_Splatting_CVPR_2025_paper.pdf.pdf,0
Xie_Vid2Sim_Realistic_and_Interactive_Simulation_from_Video_for_Urban_Navigation_CVPR_2025_paper.pdf.pdf,0
Varghese_Sea-ing_in_Low-light_CVPR_2025_paper.pdf.pdf,0
Yang_D3_Scaling_Up_Deepfake_Detection_by_Learning_from_Discrepancy_CVPR_2025_paper.pdf.pdf,0
Chen_Learning_from_Synchronization_Self-Supervised_Uncalibrated_Multi-View_Person_Association_in_Challenging_CVPR_2025_paper.pdf.pdf,0
Xu_InsightEdit_Towards_Better_Instruction_Following_for_Image_Editing_CVPR_2025_paper.pdf.pdf,0
Mittal_UniPhy_Learning_a_Unified_Constitutive_Model_for_Inverse_Physics_Simulation_CVPR_2025_paper.pdf.pdf,0
Chen_Adversarial_Diffusion_Compression_for_Real-World_Image_Super-Resolution_CVPR_2025_paper.pdf.pdf,0
Barquero_From_Sparse_Signal_to_Smooth_Motion_Real-Time_Motion_Generation_with_CVPR_2025_paper.pdf.pdf,0
Chai_Identifying_and_Mitigating_Spurious_Correlation_in_Multi-Task_Learning_CVPR_2025_paper.pdf.pdf,0
Qiu_STEPS_Sequential_Probability_Tensor_Estimation_for_Text-to-Image_Hard_Prompt_Search_CVPR_2025_paper.pdf.pdf,0
Zhou_FireEdit_Fine-grained_Instruction-based_Image_Editing_via_Region-aware_Vision_Language_Model_CVPR_2025_paper.pdf.pdf,0
Smeu_Circumventing_Shortcuts_in_Audio-visual_Deepfake_Detection_Datasets_with_Unsupervised_Learning_CVPR_2025_paper.pdf.pdf,0
Lahlali_Cross-Modal_Distillation_for_2D3D_Multi-Object_Discovery_from_2D_Motion_CVPR_2025_paper.pdf.pdf,0
Zou_PromptHashAffinity-Prompted_Collaborative_Cross-Modal_Learning_for_Adaptive_Hashing_Retrieval_CVPR_2025_paper.pdf.pdf,0
Chen_Optimizing_for_the_Shortest_Path_in_Denoising_Diffusion_Model_CVPR_2025_paper.pdf.pdf,0
Guo_PGC_Physics-Based_Gaussian_Cloth_from_a_Single_Pose_CVPR_2025_paper.pdf.pdf,0
Petrov_ShapeWords_Guiding_Text-to-Image_Synthesis_with_3D_Shape-Aware_Prompts_CVPR_2025_paper.pdf.pdf,0
Wang_Efficient_Video_Face_Enhancement_with_Enhanced_Spatial-Temporal_Consistency_CVPR_2025_paper.pdf.pdf,0
Bao_Free360_Layered_Gaussian_Splatting_for_Unbounded_360-Degree_View_Synthesis_from_CVPR_2025_paper.pdf.pdf,0
Lee_Auto-Encoded_Supervision_for_Perceptual_Image_Super-Resolution_CVPR_2025_paper.pdf.pdf,0
Zhang_Targeted_Forgetting_of_Image_Subgroups_in_CLIP_Models_CVPR_2025_paper.pdf.pdf,0
Tan_Anchor-Aware_Similarity_Cohesion_in_Target_Frames_Enables_Predicting_Temporal_Moment_CVPR_2025_paper.pdf.pdf,0
Wang_3D_Gaussian_Head_Avatars_with_Expressive_Dynamic_Appearances_by_Compact_CVPR_2025_paper.pdf.pdf,0
Xie_Dynamic_Content_Prediction_with_Motion-aware_Priors_for_Blind_Face_Video_CVPR_2025_paper.pdf.pdf,0
Liu_Seeing_is_Not_Believing_Adversarial_Natural_Object_Optimization_for_Hard-Label_CVPR_2025_paper.pdf.pdf,0
Jamal_Multi-Modal_Contrastive_Masked_Autoencoders_A_Two-Stage_Progressive_Pre-training_Approach_for_CVPR_2025_paper.pdf.pdf,0
Shen_DiscoVLA_Discrepancy_Reduction_in_Vision_Language_and_Alignment_for_Parameter-Efficient_CVPR_2025_paper.pdf.pdf,0
He_Samba_A_Unified_Mamba-based_Framework_for_General_Salient_Object_Detection_CVPR_2025_paper.pdf.pdf,0
Chen_FaithDiff_Unleashing_Diffusion_Priors_for_Faithful_Image_Super-resolution_CVPR_2025_paper.pdf.pdf,0
Xie_Diffusion-based_Event_Generation_for_High-Quality_Image_Deblurring_CVPR_2025_paper.pdf.pdf,0
Zhang_Less_Attention_is_More_Prompt_Transformer_for_Generalized_Category_Discovery_CVPR_2025_paper.pdf.pdf,0
Wang_Towards_Transformer-Based_Aligned_Generation_with_Self-Coherence_Guidance_CVPR_2025_paper.pdf.pdf,0
Li_Dual-Agent_Optimization_framework_for_Cross-Domain_Few-Shot_Segmentation_CVPR_2025_paper.pdf.pdf,0
Lu_Learned_Image_Compression_with_Dictionary-based_Entropy_Model_CVPR_2025_paper.pdf.pdf,0
Zhu_Generative_Inbetweening_through_Frame-wise_Conditions-Driven_Video_Generation_CVPR_2025_paper.pdf.pdf,0
Li_DiffCAM_Data-Driven_Saliency_Maps_by_Capturing_Feature_Differences_CVPR_2025_paper.pdf.pdf,0
Jin_LaTexBlend_Scaling_Multi-concept_Customized_Generation_with_Latent_Textual_Blending_CVPR_2025_paper.pdf.pdf,0
Yin_Knowledge-Aligned_Counterfactual-Enhancement_Diffusion_Perception_for_Unsupervised_Cross-Domain_Visual_Emotion_Recognition_CVPR_2025_paper.pdf.pdf,0
Nam_DeClotH_Decomposable_3D_Cloth_and_Human_Body_Reconstruction_from_a_CVPR_2025_paper.pdf.pdf,0
Dampfhoffer_Graph_Neural_Network_Combining_Event_Stream_and_Periodic_Aggregation_for_CVPR_2025_paper.pdf.pdf,0
Ding_HomoGen_Enhanced_Video_Inpainting_via_Homography_Propagation_and_Diffusion_CVPR_2025_paper.pdf.pdf,0
Xie_S4-Driver_Scalable_Self-Supervised_Driving_Multimodal_Large_Language_Model_with_Spatio-Temporal_CVPR_2025_paper.pdf.pdf,0
Gao_PosterMaker_Towards_High-Quality_Product_Poster_Generation_with_Accurate_Text_Rendering_CVPR_2025_paper.pdf.pdf,0
Jiang_Low-Biased_General_Annotated_Dataset_Generation_CVPR_2025_paper.pdf.pdf,0
Hur_Narrating_the_Video_Boosting_Text-Video_Retrieval_via_Comprehensive_Utilization_of_CVPR_2025_paper.pdf.pdf,0
Kim_Derivative-Free_Diffusion_Manifold-Constrained_Gradient_for_Unified_XAI_CVPR_2025_paper.pdf.pdf,0
Ma_JanusFlow_Harmonizing_Autoregression_and_Rectified_Flow_for_Unified_Multimodal_Understanding_CVPR_2025_paper.pdf.pdf,0
Qian_3D-MVP_3D_Multiview_Pretraining_for_Manipulation_CVPR_2025_paper.pdf.pdf,0
Zhang_Q-Bench-Video_Benchmark_the_Video_Quality_Understanding_of_LMMs_CVPR_2025_paper.pdf.pdf,0
Liu_EDCFlow_Exploring_Temporally_Dense_Difference_Maps_for_Event-based_Optical_Flow_CVPR_2025_paper.pdf.pdf,0
Kweon_WISH_Weakly_Supervised_Instance_Segmentation_using_Heterogeneous_Labels_CVPR_2025_paper.pdf.pdf,0
Di_QMambaBSR_Burst_Image_Super-Resolution_with_Query_State_Space_Model_CVPR_2025_paper.pdf.pdf,0
Wang_Generalizable_Object_Keypoint_Localization_from_Generative_Priors_CVPR_2025_paper.pdf.pdf,0
Li_BADGR_Bundle_Adjustment_Diffusion_Conditioned_by_Gradients_for_Wide-Baseline_Floor_CVPR_2025_paper.pdf.pdf,0
Yang_ImagineFSL_Self-Supervised_Pretraining_Matters_on_Imagined_Base_Set_for_VLM-based_CVPR_2025_paper.pdf.pdf,0
Liao_Shape_My_Moves_Text-Driven_Shape-Aware_Synthesis_of_Human_Motions_CVPR_2025_paper.pdf.pdf,0
Luo_Focal_Split_Untethered_Snapshot_Depth_from_Differential_Defocus_CVPR_2025_paper.pdf.pdf,0
Chen_Recurrent_Feature_Mining_and_Keypoint_Mixup_Padding_for_Category-Agnostic_Pose_CVPR_2025_paper.pdf.pdf,0
Tang_SPARS3R_Semantic_Prior_Alignment_and_Regularization_for_Sparse_3D_Reconstruction_CVPR_2025_paper.pdf.pdf,0
Zhou_LITA-GS_Illumination-Agnostic_Novel_View_Synthesis_via_Reference-Free_3D_Gaussian_Splatting_CVPR_2025_paper.pdf.pdf,0
Xing_Detect_Any_Mirrors_Boosting_Learning_Reliability_on_Large-Scale_Unlabeled_Data_CVPR_2025_paper.pdf.pdf,0
Jia_Reward_Fine-Tuning_Two-Step_Diffusion_Models_via_Learning_Differentiable_Latent-Space_Surrogate_CVPR_2025_paper.pdf.pdf,0
Guo_MOS-Attack_A_Scalable_Multi-objective_Adversarial_Attack_Framework_CVPR_2025_paper.pdf.pdf,0
Yu_WonderWorld_Interactive_3D_Scene_Generation_from_a_Single_Image_CVPR_2025_paper.pdf.pdf,0
Jo_Devil_is_in_the_Detail_Towards_Injecting_Fine_Details_of_CVPR_2025_paper.pdf.pdf,0
Li_CADDreamer_CAD_Object_Generation_from_Single-view_Images_CVPR_2025_paper.pdf.pdf,0
Sang_4Deform_Neural_Surface_Deformation_for_Robust_Shape_Interpolation_CVPR_2025_paper.pdf.pdf,0
Wang_MAGE__Single_Image_to_Material-Aware_3D_via_the_Multi-View_CVPR_2025_paper.pdf.pdf,0
Wang_OpenSDI_Spotting_Diffusion-Generated_Images_in_the_Open_World_CVPR_2025_paper.pdf.pdf,0
Zhang_2DMamba_Efficient_State_Space_Model_for_Image_Representation_with_Applications_CVPR_2025_paper.pdf.pdf,0
Kansabanik_Feature_Selection_for_Latent_Factor_Models_CVPR_2025_paper.pdf.pdf,0
Hong_Comprehensive_Information_Bottleneck_for_Unveiling_Universal_Attribution_to_Interpret_Vision_CVPR_2025_paper.pdf.pdf,0
Udandarao_Active_Data_Curation_Effectively_Distills_Large-Scale_Multimodal_Models_CVPR_2025_paper.pdf.pdf,0
Chen_Mind_the_Trojan_Horse_Image_Prompt_Adapter_Enabling_Scalable_and_CVPR_2025_paper.pdf.pdf,0
Wu_MG-MotionLLM_A_Unified_Framework_for_Motion_Comprehension_and_Generation_across_CVPR_2025_paper.pdf.pdf,0
Zhang_Flexible_Group_Count_Enables_Hassle-Free_Structured_Pruning_CVPR_2025_paper.pdf.pdf,0
Liu_Harnessing_Frequency_Spectrum_Insights_for_Image_Copyright_Protection_Against_Diffusion_CVPR_2025_paper.pdf.pdf,0
Rao_Multi-modal_Contrastive_Learning_with_Negative_Sampling_Calibration_for_Phenotypic_Drug_CVPR_2025_paper.pdf.pdf,Error
Ao_CryptoFace_End-to-End_Encrypted_Face_Recognition_CVPR_2025_paper.pdf.pdf,0
Yan_Incomplete_Multi-View_Multi-label_Learning_via_Disentangled_Representation_and_Label_Semantic_CVPR_2025_paper.pdf.pdf,0
Zhang_UPME_An_Unsupervised_Peer_Review_Framework_for_Multimodal_Large_Language_CVPR_2025_paper.pdf.pdf,0
Park_Leveraging_Temporal_Cues_for_Semi-Supervised_Multi-View_3D_Object_Detection_CVPR_2025_paper.pdf.pdf,0
Wang_FSFM_A_Generalizable_Face_Security_Foundation_Model_via_Self-Supervised_Facial_CVPR_2025_paper.pdf.pdf,0
Gizdov_Seeing_More_with_Less_Human-like_Representations_in_Vision_Models_CVPR_2025_paper.pdf.pdf,0
Lin_Let_Humanoids_Hike_Integrative_Skill_Development_on_Complex_Trails_CVPR_2025_paper.pdf.pdf,0
Fang_Parameterized_Blur_Kernel_Prior_Learning_for_Local_Motion_Deblurring_CVPR_2025_paper.pdf.pdf,0
Zhou_EdgeTAM_On-Device_Track_Anything_Model_CVPR_2025_paper.pdf.pdf,0
Yang_BACON_Improving_Clarity_of_Image_Captions_via_Bag-of-Concept_Graphs_CVPR_2025_paper.pdf.pdf,0
Karimi_DSV-LFS_Unifying_LLM-Driven_Semantic_Cues_with_Visual_Features_for_Robust_CVPR_2025_paper.pdf.pdf,0
Yang_EZSR_Event-based_Zero-Shot_Recognition_CVPR_2025_paper.pdf.pdf,0
Rusanovsky_Memories_of_Forgotten_Concepts_CVPR_2025_paper.pdf.pdf,0
Fu_GigaHands_A_Massive_Annotated_Dataset_of_Bimanual_Hand_Activities_CVPR_2025_paper.pdf.pdf,0
Dwivedi_InteractVLM_3D_Interaction_Reasoning_from_2D_Foundational_Models_CVPR_2025_paper.pdf.pdf,0
Dhiman_MirrorVerse_Pushing_Diffusion_Models_to_Realistically_Reflect_the_World_CVPR_2025_paper.pdf.pdf,0
Yeganeh_Latent_Drifting_in_Diffusion_Models_for_Counterfactual_Medical_Image_Synthesis_CVPR_2025_paper.pdf.pdf,0
Yamaguchi_Post-pre-training_for_Modality_Alignment_in_Vision-Language_Foundation_Models_CVPR_2025_paper.pdf.pdf,0
Zhao_iSegMan_Interactive_Segment-and-Manipulate_3D_Gaussians_CVPR_2025_paper.pdf.pdf,0
Cai_SPMTrack_Spatio-Temporal_Parameter-Efficient_Fine-Tuning_with_Mixture_of_Experts_for_Scalable_CVPR_2025_paper.pdf.pdf,0
Dumitriu_RipVIS_Rip_Currents_Video_Instance_Segmentation_Benchmark_for_Beach_Monitoring_CVPR_2025_paper.pdf.pdf,0
Alhamoud_Vision-Language_Models_Do_Not_Understand_Negation_CVPR_2025_paper.pdf.pdf,0
Li_GO-N3RDet_Geometry_Optimized_NeRF-enhanced_3D_Object_Detector_CVPR_2025_paper.pdf.pdf,0
Wallin_ProHOC_Probabilistic_Hierarchical_Out-of-Distribution_Classification_via_Multi-Depth_Networks_CVPR_2025_paper.pdf.pdf,0
Ren_Beyond_Words_Augmenting_Discriminative_Richness_via_Diffusions_in_Unsupervised_Prompt_CVPR_2025_paper.pdf.pdf,0
Chen_SnapGen_Taming_High-Resolution_Text-to-Image_Models_for_Mobile_Devices_with_Efficient_CVPR_2025_paper.pdf.pdf,0
Gong_Rectification-specific_Supervision_and_Constrained_Estimator_for_Online_Stereo_Rectification_CVPR_2025_paper.pdf.pdf,0
Wu_Universal_Scene_Graph_Generation_CVPR_2025_paper.pdf.pdf,0
Qin_No_Pains_More_Gains_Recycling_Sub-Salient_Patches_for_Efficient_High-Resolution_CVPR_2025_paper.pdf.pdf,0
Nacson_DocVLM_Make_Your_VLM_an_Efficient_Reader_CVPR_2025_paper.pdf.pdf,0
Liu_Multi-focal_Conditioned_Latent_Diffusion_for_Person_Image_Synthesis_CVPR_2025_paper.pdf.pdf,0
Heiman_FactCheXcker_Mitigating_Measurement_Hallucinations_in_Chest_X-ray_Report_Generation_Models_CVPR_2025_paper.pdf.pdf,0
Qu_Bayesian_Prompt_Flow_Learning_for_Zero-Shot_Anomaly_Detection_CVPR_2025_paper.pdf.pdf,0
Sun_Real-time_Free-view_Human_Rendering_from_Sparse-view_RGB_Videos_using_Double_CVPR_2025_paper.pdf.pdf,0
Wang_Adv-CPG_A_Customized_Portrait_Generation_Framework_with_Facial_Adversarial_Attacks_CVPR_2025_paper.pdf.pdf,0
Lin_MVPortrait_Text-Guided_Motion_and_Emotion_Control_for_Multi-view_Vivid_Portrait_CVPR_2025_paper.pdf.pdf,0
Wang_Cant_Slow_Me_Down_Learning_Robust_and_Hardware-Adaptive_Object_Detectors_CVPR_2025_paper.pdf.pdf,0
Dong_Digital_Twin_Catalog_A_Large-Scale_Photorealistic_3D_Object_Digital_Twin_CVPR_2025_paper.pdf.pdf,0
Bokhovkin_SceneFactor_Factored_Latent_3D_Diffusion_for_Controllable_3D_Scene_Generation_CVPR_2025_paper.pdf.pdf,0
Stojnic_LPOSS_Label_Propagation_Over_Patches_and_Pixels_for_Open-vocabulary_Semantic_CVPR_2025_paper.pdf.pdf,0
Jeong_Track4Gen_Teaching_Video_Diffusion_Models_to_Track_Points_Improves_Video_CVPR_2025_paper.pdf.pdf,0
Han_Video-Bench_Human-Aligned_Video_Generation_Benchmark_CVPR_2025_paper.pdf.pdf,0
Qi_The_Photographers_Eye_Teaching_Multimodal_Large_Language_Models_to_See_CVPR_2025_paper.pdf.pdf,0
Zhang_Towards_Training-free_Anomaly_Detection_with_Vision_and_Language_Foundation_Models_CVPR_2025_paper.pdf.pdf,0
Xu_SASep_Saliency-Aware_Structured_Separation_of_Geometry_and_Feature_for_Open_CVPR_2025_paper.pdf.pdf,0
Sun_PolarNeXt_Rethink_Instance_Segmentation_with_Polar_Representation_CVPR_2025_paper.pdf.pdf,0
Liu_Bridge_the_Gap_From_Weak_to_Full_Supervision_for_Temporal_CVPR_2025_paper.pdf.pdf,0
Gao_Interleaved-Modal_Chain-of-Thought_CVPR_2025_paper.pdf.pdf,0
Nguyen_Any3DIS_Class-Agnostic_3D_Instance_Segmentation_by_2D_Mask_Tracking_CVPR_2025_paper.pdf.pdf,0
Liu_EdgeDiff_Edge-aware_Diffusion_Network_for_Building_Reconstruction_from_Point_Clouds_CVPR_2025_paper.pdf.pdf,0
Kneeland_NSD-Imagery_A_Benchmark_Dataset_for_Extending_fMRI_Vision_Decoding_Methods_CVPR_2025_paper.pdf.pdf,0
Wang_Forensics-Bench_A_Comprehensive_Forgery_Detection_Benchmark_Suite_for_Large_Vision_CVPR_2025_paper.pdf.pdf,0
Kim_Improving_Sound_Source_Localization_with_Joint_Slot_Attention_on_Image_CVPR_2025_paper.pdf.pdf,0
Chen_NitroFusion_High-Fidelity_Single-Step_Diffusion_through_Dynamic_Adversarial_Training_CVPR_2025_paper.pdf.pdf,0
Rodriguez_StarVector_Generating_Scalable_Vector_Graphics_Code_from_Images_and_Text_CVPR_2025_paper.pdf.pdf,0
Li_Active_Event-based_Stereo_Vision_CVPR_2025_paper.pdf.pdf,0
Meng_AniDoc_Animation_Creation_Made_Easier_CVPR_2025_paper.pdf.pdf,0
Cha_PERSE_Personalized_3D_Generative_Avatars_from_A_Single_Portrait_CVPR_2025_paper.pdf.pdf,0
Kwak_MoDec-GS_Global-to-Local_Motion_Decomposition_and_Temporal_Interval_Adjustment_for_Compact_CVPR_2025_paper.pdf.pdf,0
Pataki_MP-SfM_Monocular_Surface_Priors_for_Robust_Structure-from-Motion_CVPR_2025_paper.pdf.pdf,0
Rai_UVGS_Reimagining_Unstructured_3D_Gaussian_Splatting_using_UV_Mapping_CVPR_2025_paper.pdf.pdf,0
Li_CoSER_Towards_Consistent_Dense_Multiview_Text-to-Image_Generator_for_3D_Creation_CVPR_2025_paper.pdf.pdf,0
Huang_Building_a_Mind_Palace_Structuring_Environment-Grounded_Semantic_Graphs_for_Effective_CVPR_2025_paper.pdf.pdf,0
Cao_Instruction-based_Image_Manipulation_by_Watching_How_Things_Move_CVPR_2025_paper.pdf.pdf,0
Gargiulo_Task_Singular_Vectors_Reducing_Task_Interference_in_Model_Merging_CVPR_2025_paper.pdf.pdf,0
Gao_GENMANIP_LLM-driven_Simulation_for_Generalizable_Instruction-Following_Manipulation_CVPR_2025_paper.pdf.pdf,0
Wang_MetaShadow_Object-Centered_Shadow_Detection_Removal_and_Synthesis_CVPR_2025_paper.pdf.pdf,0
Yan_Explicit_Depth-Aware_Blurry_Video_Frame_Interpolation_Guided_by_Differential_Curves_CVPR_2025_paper.pdf.pdf,0
Liu_EventGPT_Event_Stream_Understanding_with_Multimodal_Large_Language_Models_CVPR_2025_paper.pdf.pdf,0
Lazarow_Cubify_Anything_Scaling_Indoor_3D_Object_Detection_CVPR_2025_paper.pdf.pdf,0
Tang_AeroGen_Enhancing_Remote_Sensing_Object_Detection_with_Diffusion-Driven_Data_Generation_CVPR_2025_paper.pdf.pdf,0
Yun_Learning_to_Sample_Effective_and_Diverse_Prompts_for_Text-to-Image_Generation_CVPR_2025_paper.pdf.pdf,0
Cui_Luminance-GS_Adapting_3D_Gaussian_Splatting_to_Challenging_Lighting_Conditions_with_CVPR_2025_paper.pdf.pdf,0
Jin_SFDM_Robust_Decomposition_of_Geometry_and_Reflectance_for_Realistic_Face_CVPR_2025_paper.pdf.pdf,0
Kulkarni_Interpretable_Generative_Models_through_Post-hoc_Concept_Bottlenecks_CVPR_2025_paper.pdf.pdf,0
Zhou_MLVU_Benchmarking_Multi-task_Long_Video_Understanding_CVPR_2025_paper.pdf.pdf,0
Guo_ConceptGuard_Continual_Personalized_Text-to-Image_Generation_with_Forgetting_and_Confusion_Mitigation_CVPR_2025_paper.pdf.pdf,0
Wang_Balanced_Direction_from_Multifarious_Choices_Arithmetic_Meta-Learning_for_Domain_Generalization_CVPR_2025_paper.pdf.pdf,0
Maracani_Accurate_Scene_Text_Recognition_with_Efficient_Model_Scaling_and_Cloze_CVPR_2025_paper.pdf.pdf,0
Kim_Classifier-guided_CLIP_Distillation_for_Unsupervised_Multi-label_Classification_CVPR_2025_paper.pdf.pdf,0
Berisha_Efficient_Data_Driven_Mixture-of-Expert_Extraction_from_Trained_Networks_CVPR_2025_paper.pdf.pdf,0
Kim_ORIDa_Object-centric_Real-world_Image_Composition_Dataset_CVPR_2025_paper.pdf.pdf,0
Yang_Exploring_CLIPs_Dense_Knowledge_for_Weakly_Supervised_Semantic_Segmentation_CVPR_2025_paper.pdf.pdf,0
Dang_ECBench_Can_Multi-modal_Foundation_Models_Understand_the_Egocentric_World_A_CVPR_2025_paper.pdf.pdf,0
Ma_DrVideo_Document_Retrieval_Based_Long_Video_Understanding_CVPR_2025_paper.pdf.pdf,0
Lee_OmniSplat_Taming_Feed-Forward_3D_Gaussian_Splatting_for_Omnidirectional_Images_with_CVPR_2025_paper.pdf.pdf,0
Mehri_LibraGrad_Balancing_Gradient_Flow_for_Universally_Better_Vision_Transformer_Attributions_CVPR_2025_paper.pdf.pdf,0
Jia_Lift3D_Policy_Lifting_2D_Foundation_Models_for_Robust_3D_Robotic_CVPR_2025_paper.pdf.pdf,0
Cho_Seurat_From_Moving_Points_to_Depth_CVPR_2025_paper.pdf.pdf,0
Tian_Meta-Learning_Hyperparameters_for_Parameter_Efficient_Fine-Tuning_CVPR_2025_paper.pdf.pdf,0
Liu_Generative_Video_Propagation_CVPR_2025_paper.pdf.pdf,0
Zhang_EVOS_Efficient_Implicit_Neural_Training_via_EVOlutionary_Selector_CVPR_2025_paper.pdf.pdf,0
Huang_RoomPainter_View-Integrated_Diffusion_for_Consistent_Indoor_Scene_Texturing_CVPR_2025_paper.pdf.pdf,0
Wu_DriveScape_High-Resolution_Driving_Video_Generation_by_Multi-View_Feature_Fusion_CVPR_2025_paper.pdf.pdf,0
Ma_Exploring_Timeline_Control_for_Facial_Motion_Generation_CVPR_2025_paper.pdf.pdf,0
Chen_SocialMOIF_Multi-Order_Intention_Fusion_for_Pedestrian_Trajectory_Prediction_CVPR_2025_paper.pdf.pdf,0
Qian_Dispider_Enabling_Video_LLMs_with_Active_Real-Time_Interaction_via_Disentangled_CVPR_2025_paper.pdf.pdf,0
Heep_Feature-Preserving_Mesh_Decimation_for_Normal_Integration_CVPR_2025_paper.pdf.pdf,0
Zhang_LookCloser_Frequency-aware_Radiance_Field_for_Tiny-Detail_Scene_CVPR_2025_paper.pdf.pdf,0
Wu_AVF-MAE_Scaling_Affective_Video_Facial_Masked_Autoencoders_via_Efficient_Audio-Visual_CVPR_2025_paper.pdf.pdf,0
Qorbani_Semantic_Library_Adaptation_LoRA_Retrieval_and_Fusion_for_Open-Vocabulary_Semantic_CVPR_2025_paper.pdf.pdf,0
Guo_MambaIRv2_Attentive_State_Space_Restoration_CVPR_2025_paper.pdf.pdf,0
Leonard_Light_Transport-aware_Diffusion_Posterior_Sampling_for_Single-View_Reconstruction_of_3D_CVPR_2025_paper.pdf.pdf,0
Wang_DesignDiffusion_High-Quality_Text-to-Design_Image_Generation_with_Diffusion_Models_CVPR_2025_paper.pdf.pdf,0
Deitke_Molmo_and_PixMo_Open_Weights_and_Open_Data_for_State-of-the-Art_CVPR_2025_paper.pdf.pdf,0
Liu_Flowing_from_Words_to_Pixels_A_Noise-Free_Framework_for_Cross-Modality_CVPR_2025_paper.pdf.pdf,0
Huang_VideoMage_Multi-Subject_and_Motion_Customization_of_Text-to-Video_Diffusion_Models_CVPR_2025_paper.pdf.pdf,0
Li_VidHalluc_Evaluating_Temporal_Hallucinations_in_Multimodal_Large_Language_Models_for_CVPR_2025_paper.pdf.pdf,0
Xu_Detail-Preserving_Latent_Diffusion_for_Stable_Shadow_Removal_CVPR_2025_paper.pdf.pdf,0
Guo_Spiking_Transformer_Introducing_Accurate_Addition-Only_Spiking_Self-Attention_for_Transformer_CVPR_2025_paper.pdf.pdf,0
Savov_Exploration-Driven_Generative_Interactive_Environments_CVPR_2025_paper.pdf.pdf,0
Zhu_Interpretable_Image_Classification_via_Non-parametric_Part_Prototype_Learning_CVPR_2025_paper.pdf.pdf,0
Fang_TinyFusion_Diffusion_Transformers_Learned_Shallow_CVPR_2025_paper.pdf.pdf,0
Li_From_Head_to_Tail_Efficient_Black-box_Model_Inversion_Attack_via_CVPR_2025_paper.pdf.pdf,0
Yin_UniGoal_Towards_Universal_Zero-shot_Goal-oriented_Navigation_CVPR_2025_paper.pdf.pdf,0
He_Neural_LightRig_Unlocking_Accurate_Object_Normal_and_Material_Estimation_with_CVPR_2025_paper.pdf.pdf,0
Chen_Medusa_A_Multi-Scale_High-order_Contrastive_Dual-Diffusion_Approach_for_Multi-View_Clustering_CVPR_2025_paper.pdf.pdf,0
Liu_S2D-LFE_Sparse-to-Dense_Light_Field_Event_Generation_CVPR_2025_paper.pdf.pdf,0
Kim_BF-STVSR_B-Splines_and_Fourier---Best_Friends_for_High_Fidelity_Spatial-Temporal_Video_CVPR_2025_paper.pdf.pdf,0
Wu_LOGICZSL_Exploring_Logic-induced_Representation_for_Compositional_Zero-shot_Learning_CVPR_2025_paper.pdf.pdf,0
Zhu_POPEN_Preference-Based_Optimization_and_Ensemble_for_LVLM-Based_Reasoning_Segmentation_CVPR_2025_paper.pdf.pdf,0
Fu_Video-MME_The_First-Ever_Comprehensive_Evaluation_Benchmark_of_Multi-modal_LLMs_in_CVPR_2025_paper.pdf.pdf,0
Chen_Temporal_Action_Detection_Model_Compression_by_Progressive_Block_Drop_CVPR_2025_paper.pdf.pdf,0
Guo_Rethinking_Vision-Language_Model_in_Face_Forensics_Multi-Modal_Interpretable_Forged_Face_CVPR_2025_paper.pdf.pdf,0
Zhang_Hierarchical_Knowledge_Prompt_Tuning_for_Multi-task_Test-Time_Adaptation_CVPR_2025_paper.pdf.pdf,0
Shi_Self-supervised_ControlNet_with_Spatio-Temporal_Mamba_for_Real-world_Video_Super-resolution_CVPR_2025_paper.pdf.pdf,0
Wei_Mono3DVLT_Monocular-Video-Based_3D_Visual_Language_Tracking_CVPR_2025_paper.pdf.pdf,0
Chen_Auto_Cherry-Picker_Learning_from_High-quality_Generative_Data_Driven_by_Language_CVPR_2025_paper.pdf.pdf,0
Xia_Theoretical_Insights_in_Model_Inversion_Robustness_and_Conditional_Entropy_Maximization_CVPR_2025_paper.pdf.pdf,0
Pan_TokenHSI_Unified_Synthesis_of_Physical_Human-Scene_Interactions_through_Task_Tokenization_CVPR_2025_paper.pdf.pdf,0
Lu_InPO_Inversion_Preference_Optimization_with_Reparametrized_DDIM_for_Efficient_Diffusion_CVPR_2025_paper.pdf.pdf,0
Dong_Reloc3r_Large-Scale_Training_of_Relative_Camera_Pose_Regression_for_Generalizable_CVPR_2025_paper.pdf.pdf,0
Liu_Robust_Audio-Visual_Segmentation_via_Audio-Guided_Visual_Convergent_Alignment_CVPR_2025_paper.pdf.pdf,0
Xiao_De2Gaze_Deformable_and_Decoupled_Representation_Learning_for_3D_Gaze_Estimation_CVPR_2025_paper.pdf.pdf,0
Li_Dynamic_Updates_for_Language_Adaptation_in_Visual-Language_Tracking_CVPR_2025_paper.pdf.pdf,0
Zhang_BlockDance_Reuse_Structurally_Similar_Spatio-Temporal_Features_to_Accelerate_Diffusion_Transformers_CVPR_2025_paper.pdf.pdf,0
Wen_Ouroboros3D_Image-to-3D_Generation_via_3D-aware_Recursive_Diffusion_CVPR_2025_paper.pdf.pdf,0
Shen_Understanding_Multi-Task_Activities_from_Single-Task_Videos_CVPR_2025_paper.pdf.pdf,0
Li_DVHGNN_Multi-Scale_Dilated_Vision_HGNN_for_Efficient_Vision_Recognition_CVPR_2025_paper.pdf.pdf,0
Kim_Mixture_of_Submodules_for_Domain_Adaptive_Person_Search_CVPR_2025_paper.pdf.pdf,0
Patnaik_AesthetiQ_Enhancing_Graphic_Layout_Design_via_Aesthetic-Aware_Preference_Alignment_of_CVPR_2025_paper.pdf.pdf,0
McAllister_Decentralized_Diffusion_Models_CVPR_2025_paper.pdf.pdf,0
Shrivastava_Self-Supervised_Spatial_Correspondence_Across_Modalities_CVPR_2025_paper.pdf.pdf,0
Kairanda_Thin-Shell-SfT_Fine-Grained_Monocular_Non-rigid_3D_Surface_Tracking_with_Neural_Deformation_CVPR_2025_paper.pdf.pdf,0
Wang_Population_Normalization_for_Federated_Learning_CVPR_2025_paper.pdf.pdf,0
Wen_FoundationStereo_Zero-Shot_Stereo_Matching_CVPR_2025_paper.pdf.pdf,0
Shang_SCSA_A_Plug-and-Play_Semantic_Continuous-Sparse_Attention_for_Arbitrary_Semantic_Style_CVPR_2025_paper.pdf.pdf,0
Liu_UnCommon_Objects_in_3D_CVPR_2025_paper.pdf.pdf,0
Tanaka_VDocRAG_Retrieval-Augmented_Generation_over_Visually-Rich_Documents_CVPR_2025_paper.pdf.pdf,0
Wang_Generative_Zero-Shot_Composed_Image_Retrieval_CVPR_2025_paper.pdf.pdf,0
Liu_Distinguish_Then_Exploit_Source-free_Open_Set_Domain_Adaptation_via_Weight_CVPR_2025_paper.pdf.pdf,0
Min_Supervising_Sound_Localization_by_In-the-wild_Egomotion_CVPR_2025_paper.pdf.pdf,0
Zanella_Can_Text-to-Video_Generation_help_Video-Language_Alignment_CVPR_2025_paper.pdf.pdf,0
Cheng_WeakMCN_Multi-task_Collaborative_Network_for_Weakly_Supervised_Referring_Expression_Comprehension_CVPR_2025_paper.pdf.pdf,0
Jeong_LC-Mamba_Local_and_Continuous_Mamba_with_Shifted_Windows_for_Frame_CVPR_2025_paper.pdf.pdf,0
Wang_TAPT_Test-Time_Adversarial_Prompt_Tuning_for_Robust_Inference_in_Vision-Language_CVPR_2025_paper.pdf.pdf,0
Zhu_FADE_Frequency-Aware_Diffusion_Model_Factorization_for_Video_Editing_CVPR_2025_paper.pdf.pdf,0
Liu_A_Selective_Re-learning_Mechanism_for_Hyperspectral_Fusion_Imaging_CVPR_2025_paper.pdf.pdf,0
Ahmed_Efficient_Event-Based_Object_Detection_A_Hybrid_Neural_Network_with_Spatial_CVPR_2025_paper.pdf.pdf,0
Yang_DnLUT_Ultra-Efficient_Color_Image_Denoising_via_Channel-Aware_Lookup_Tables_CVPR_2025_paper.pdf.pdf,0
Lyu_AniMer_Animal_Pose_and_Shape_Estimation_Using_Family_Aware_Transformer_CVPR_2025_paper.pdf.pdf,0
Liu_Neural_Hierarchical_Decomposition_for_Single_Image_Plant_Modeling_CVPR_2025_paper.pdf.pdf,0
Fang_Attend_to_Not_Attended_Structure-then-Detail_Token_Merging_for_Post-training_DiT_CVPR_2025_paper.pdf.pdf,0
Ruiz-Ponce_MixerMDM_Learnable_Composition_of_Human_Motion_Diffusion_Models_CVPR_2025_paper.pdf.pdf,0
Nam_Optical-Flow_Guided_Prompt_Optimization_for_Coherent_Video_Generation_CVPR_2025_paper.pdf.pdf,0
Tian_Towards_All-in-One_Medical_Image_Re-Identification_CVPR_2025_paper.pdf.pdf,0
Wang_Complementary_Advantages_Exploiting_Cross-Field_Frequency_Correlation_for_NIR-Assisted_Image_Denoising_CVPR_2025_paper.pdf.pdf,0
Jin_UniMamba_Unified_Spatial-Channel_Representation_Learning_with_Group-Efficient_Mamba_for_LiDAR-based_CVPR_2025_paper.pdf.pdf,0
Liu_Unleashing_the_Potential_of_Multi-modal_Foundation_Models_and_Video_Diffusion_CVPR_2025_paper.pdf.pdf,0
Zhong_Unlearning_through_Knowledge_Overwriting_Reversible_Federated_Unlearning_via_Selective_Sparse_CVPR_2025_paper.pdf.pdf,0
Dong_Improve_Representation_for_Imbalanced_Regression_through_Geometric_Constraints_CVPR_2025_paper.pdf.pdf,0
Miao_Noise_Diffusion_for_Enhancing_Semantic_Faithfulness_in_Text-to-Image_Synthesis_CVPR_2025_paper.pdf.pdf,0
Messaoud_Towards_Generalizable_Trajectory_Prediction_using_Dual-Level_Representation_Learning_and_Adaptive_CVPR_2025_paper.pdf.pdf,0
Ni_Decompositional_Neural_Scene_Reconstruction_with_Generative_Diffusion_Prior_CVPR_2025_paper.pdf.pdf,0
Ji_RoboBrain_A_Unified_Brain_Model_for_Robotic_Manipulation_from_Abstract_CVPR_2025_paper.pdf.pdf,0
Yu_ComRoPE_Scalable_and_Robust_Rotary_Position_Embedding_Parameterized_by_Trainable_CVPR_2025_paper.pdf.pdf,0
Meng_LT3SD_Latent_Trees_for_3D_Scene_Diffusion_CVPR_2025_paper.pdf.pdf,0
Wu_Event-Equalized_Dense_Video_Captioning_CVPR_2025_paper.pdf.pdf,0
Kim_Adaptive_Non-Uniform_Timestep_Sampling_for_Accelerating_Diffusion_Model_Training_CVPR_2025_paper.pdf.pdf,0
Zhao_MExD_An_Expert-Infused_Diffusion_Model_for_Whole-Slide_Image_Classification_CVPR_2025_paper.pdf.pdf,0
Li_MCCD_Multi-Agent_Collaboration-based_Compositional_Diffusion_for_Complex_Text-to-Image_Generation_CVPR_2025_paper.pdf.pdf,0
An_Decoder_Gradient_Shield_Provable_and_High-Fidelity_Prevention_of_Gradient-Based_Box-Free_CVPR_2025_paper.pdf.pdf,0
Chiu_ABC-Former_Auxiliary_Bimodal_Cross-domain_Transformer_with_Interactive_Channel_Attention_for_CVPR_2025_paper.pdf.pdf,0
Zhao_Analyzing_the_Synthetic-to-Real_Domain_Gap_in_3D_Hand_Pose_Estimation_CVPR_2025_paper.pdf.pdf,0
Shen_LidarGait_Learning_Local_Features_and_Size_Awareness_from_LiDAR_Point_CVPR_2025_paper.pdf.pdf,0
Lee_HUSH_Holistic_Panoramic_3D_Scene_Understanding_using_Spherical_Harmonics_CVPR_2025_paper.pdf.pdf,0
Ma_SpatialLLM_A_Compound_3D-Informed_Design_towards_Spatially-Intelligent_Large_Multimodal_Models_CVPR_2025_paper.pdf.pdf,0
Khosla_RELOCATE_A_Simple_Training-Free_Baseline_for_Visual_Query_Localization_Using_CVPR_2025_paper.pdf.pdf,0
Huang_SIDA_Social_Media_Image_Deepfake_Detection_Localization_and_Explanation_with_CVPR_2025_paper.pdf.pdf,0
Ma_AA-CLIP_Enhancing_Zero-Shot_Anomaly_Detection_via_Anomaly-Aware_CLIP_CVPR_2025_paper.pdf.pdf,0
Zhou_UNEM_UNrolled_Generalized_EM_for_Transductive_Few-Shot_Learning_CVPR_2025_paper.pdf.pdf,0
Hu_FIFA_Fine-grained_Inter-frame_Attention_for_Drivers_Video_Gaze_Estimation_CVPR_2025_paper.pdf.pdf,0
Huang_ArcPro_Architectural_Programs_for_Structured_3D_Abstraction_of_Sparse_Points_CVPR_2025_paper.pdf.pdf,0
Zhang_ASAP_Advancing_Semantic_Alignment_Promotes_Multi-Modal_Manipulation_Detecting_and_Grounding_CVPR_2025_paper.pdf.pdf,Error
Zeng_Unlocking_Generalization_Power_in_LiDAR_Point_Cloud_Registration_CVPR_2025_paper.pdf.pdf,0
Li_Time_of_the_Flight_of_the_Gaussians_Optimizing_Depth_Indirectly_CVPR_2025_paper.pdf.pdf,0
Chen_The_Language_of_Motion_Unifying_Verbal_and_Non-verbal_Language_of_CVPR_2025_paper.pdf.pdf,0
Diehl_DIO_Decomposable_Implicit_4D_Occupancy-Flow_World_Model_CVPR_2025_paper.pdf.pdf,0
Lin_FrugalNeRF_Fast_Convergence_for_Extreme_Few-shot_Novel_View_Synthesis_without_CVPR_2025_paper.pdf.pdf,0
Liang_Be_More_Specific_Evaluating_Object-centric_Realism_in_Synthetic_Images_CVPR_2025_paper.pdf.pdf,0
Rao_Towards_Universal_Soccer_Video_Understanding_CVPR_2025_paper.pdf.pdf,0
Li_Implicit_Correspondence_Learning_for_Image-to-Point_Cloud_Registration_CVPR_2025_paper.pdf.pdf,0
Tang_UniSTD_Towards_Unified_Spatio-Temporal_Learning_across_Diverse_Disciplines_CVPR_2025_paper.pdf.pdf,0
Yin_Beyond_Background_Shift_Rethinking_Instance_Replay_in_Continual_Semantic_Segmentation_CVPR_2025_paper.pdf.pdf,0
Liu_Effective_Cloud_Removal_for_Remote_Sensing_Images_by_an_Improved_CVPR_2025_paper.pdf.pdf,0
Yuan_VideoRefer_Suite_Advancing_Spatial-Temporal_Object_Understanding_with_Video_LLM_CVPR_2025_paper.pdf.pdf,0
Guo_DiN_Diffusion_Model_for_Robust_Medical_VQA_with_Semantic_Noisy_CVPR_2025_paper.pdf.pdf,0
Cheng_MARBLE_Material_Recomposition_and_Blending_in_CLIP-Space_CVPR_2025_paper.pdf.pdf,0
Tang_MV-DUSt3R_Single-Stage_Scene_Reconstruction_from_Sparse_Views_In_2_Seconds_CVPR_2025_paper.pdf.pdf,0
Kwon_Efficient_Dynamic_Scene_Editing_via_4D_Gaussian-based_Static-Dynamic_Separation_CVPR_2025_paper.pdf.pdf,0
Purkrabek_ProbPose_A_Probabilistic_Approach_to_2D_Human_Pose_Estimation_CVPR_2025_paper.pdf.pdf,0
Sun_SET_Spectral_Enhancement_for_Tiny_Object_Detection_CVPR_2025_paper.pdf.pdf,0
Chen_Symbolic_Representation_for_Any-to-Any_Generative_Tasks_CVPR_2025_paper.pdf.pdf,0
Guo_Depth_Any_Camera_Zero-Shot_Metric_Depth_Estimation_from_Any_Camera_CVPR_2025_paper.pdf.pdf,0
Wu_Learning_4D_Panoptic_Scene_Graph_Generation_from_Rich_2D_Visual_CVPR_2025_paper.pdf.pdf,0
Hu_SF2T_Self-supervised_Fragment_Finetuning_of_Video-LLMs_for_Fine-Grained_Understanding_CVPR_2025_paper.pdf.pdf,0
Pei_PMNI_Pose-free_Multi-view_Normal_Integration_for_Reflective_and_Textureless_Surface_CVPR_2025_paper.pdf.pdf,0
Jacob_PatchDEMUX_A_Certifiably_Robust_Framework_for_Multi-label_Classifiers_Against_Adversarial_CVPR_2025_paper.pdf.pdf,0
Matsuki_4DTAM_Non-Rigid_Tracking_and_Mapping_via_Dynamic_Surface_Gaussians_CVPR_2025_paper.pdf.pdf,0
Schmalfuss_PARC_A_Quantitative_Framework_Uncovering_the_Symmetries_within_Vision_Language_CVPR_2025_paper.pdf.pdf,0
Tran_Enhancing_Dataset_Distillation_via_Non-Critical_Region_Refinement_CVPR_2025_paper.pdf.pdf,0
Ren_VideoWorld_Exploring_Knowledge_Learning_from_Unlabeled_Videos_CVPR_2025_paper.pdf.pdf,0
Jiang_Devils_in_Middle_Layers_of_Large_Vision-Language_Models_Interpreting_Detecting_CVPR_2025_paper.pdf.pdf,0
Man_Argus_Vision-Centric_Reasoning_with_Grounded_Chain-of-Thought_CVPR_2025_paper.pdf.pdf,0
Li_LMO_Linear_Mamba_Operator_for_MRI_Reconstruction_CVPR_2025_paper.pdf.pdf,0
Gui_I2VGuard_Safeguarding_Images_against_Misuse_in_Diffusion-based_Image-to-Video_Models_CVPR_2025_paper.pdf.pdf,0
Hong_Perturb-and-Revise_Flexible_3D_Editing_with_Generative_Trajectories_CVPR_2025_paper.pdf.pdf,0
Yang_Unified_Dense_Prediction_of_Video_Diffusion_CVPR_2025_paper.pdf.pdf,0
Seo_Efficient_Personalization_of_Quantized_Diffusion_Model_without_Backpropagation_CVPR_2025_paper.pdf.pdf,0
Wu_VISCO_Benchmarking_Fine-Grained_Critique_and_Correction_Towards_Self-Improvement_in_Visual_CVPR_2025_paper.pdf.pdf,0
Hadgi_Escaping_Platos_Cave_Towards_the_Alignment_of_3D_and_Text_CVPR_2025_paper.pdf.pdf,0
Jiao_Img-Diff_Contrastive_Data_Synthesis_for_Multimodal_Large_Language_Models_CVPR_2025_paper.pdf.pdf,0
Chen_CoMM_A_Coherent_Interleaved_Image-Text_Dataset_for_Multimodal_Understanding_and_CVPR_2025_paper.pdf.pdf,0
Mei_GeoMM_On_Geodesic_Perspective_for_Multi-modal_Learning_CVPR_2025_paper.pdf.pdf,0
Kim_Sufficient_Invariant_Learning_for_Distribution_Shift_CVPR_2025_paper.pdf.pdf,0
Luo_Viewpoint_Rosetta_Stone_Unlocking_Unpaired_Ego-Exo_Videos_for_View-invariant_Representation_CVPR_2025_paper.pdf.pdf,0
Li_COUNTS_Benchmarking_Object_Detectors_and_Multimodal_Large_Language_Models_under_CVPR_2025_paper.pdf.pdf,0
Wang_OpticalNet_An_Optical_Imaging_Dataset_and_Benchmark_Beyond_the_Diffraction_CVPR_2025_paper.pdf.pdf,0
Zhang_RSAR_Restricted_State_Angle_Resolver_and_Rotated_SAR_Benchmark_CVPR_2025_paper.pdf.pdf,0
Li_K-Sort_Arena_Efficient_and_Reliable_Benchmarking_for_Generative_Models_via_CVPR_2025_paper.pdf.pdf,0
Wang_TIMotion_Temporal_and_Interactive_Framework_for_Efficient_Human-Human_Motion_Generation_CVPR_2025_paper.pdf.pdf,0
Li_MESC-3DMining_Effective_Semantic_Cues_for_3D_Reconstruction_from_a_Single_CVPR_2025_paper.pdf.pdf,0
Sidhu_Search_and_Detect_Training-Free_Long_Tail_Object_Detection_via_Web-Image_CVPR_2025_paper.pdf.pdf,0
Luo_STINR_Deciphering_Spatial_Transcriptomics_via_Implicit_Neural_Representation_CVPR_2025_paper.pdf.pdf,0
Chinchure_Black_Swan_Abductive_and_Defeasible_Video_Reasoning_in_Unpredictable_Events_CVPR_2025_paper.pdf.pdf,0
Ma_Scaling_Inference_Time_Compute_for_Diffusion_Models_CVPR_2025_paper.pdf.pdf,0
Kim_Pixel-aligned_RGB-NIR_Stereo_Imaging_and_Dataset_for_Robot_Vision_CVPR_2025_paper.pdf.pdf,0
Chen_GraphMimic_Graph-to-Graphs_Generative_Modeling_from_Videos_for_Policy_Learning_CVPR_2025_paper.pdf.pdf,0
Bai_R2C_Mapping_Room_to_Chessboard_to_Unlock_LLM_As_Low-Level_CVPR_2025_paper.pdf.pdf,0
Wang_End-to-End_HOI_Reconstruction_Transformer_with_Graph-based_Encoding_CVPR_2025_paper.pdf.pdf,0
Yin_ROD-MLLM_Towards_More_Reliable_Object_Detection_in_Multimodal_Large_Language_CVPR_2025_paper.pdf.pdf,0
Hegde_Distilling_Multi-modal_Large_Language_Models_for_Autonomous_Driving_CVPR_2025_paper.pdf.pdf,0
Luo_Mono-InternVL_Pushing_the_Boundaries_of_Monolithic_Multimodal_Large_Language_Models_CVPR_2025_paper.pdf.pdf,0
Li_SimMotionEdit_Text-Based_Human_Motion_Editing_with_Motion_Similarity_Prediction_CVPR_2025_paper.pdf.pdf,0
Bao_GazeGene_Large-scale_Synthetic_Gaze_Dataset_with_3D_Eyeball_Annotations_CVPR_2025_paper.pdf.pdf,0
Chen_DiffVsgg_Diffusion-Driven_Online_Video_Scene_Graph_Generation_CVPR_2025_paper.pdf.pdf,0
Duan_Fuzzy_Multimodal_Learning_for_Trusted_Cross-modal_Retrieval_CVPR_2025_paper.pdf.pdf,0
He_Generalized_Diffusion_Detector_Mining_Robust_Features_from_Diffusion_Models_for_CVPR_2025_paper.pdf.pdf,0
Zhu_SeaLion_Semantic_Part-Aware_Latent_Point_Diffusion_Models_for_3D_Generation_CVPR_2025_paper.pdf.pdf,0
Tang_OCRT_Boosting_Foundation_Models_in_the_Open_World_with_Object-Concept-Relation_CVPR_2025_paper.pdf.pdf,0
Ryan_Gaze-LLE_Gaze_Target_Estimation_via_Large-Scale_Learned_Encoders_CVPR_2025_paper.pdf.pdf,0
Kumari_Annotation_Ambiguity_Aware_Semi-Supervised_Medical_Image_Segmentation_CVPR_2025_paper.pdf.pdf,0
Zheng_GauSTAR_Gaussian_Surface_Tracking_and_Reconstruction_CVPR_2025_paper.pdf.pdf,0
Li_Empowering_Vector_Graphics_with_Consistently_Arbitrary_Viewing_and_View-dependent_Visibility_CVPR_2025_paper.pdf.pdf,0
Chen_Toward_Generalized_Image_Quality_Assessment_Relaxing_the_Perfect_Reference_Quality_CVPR_2025_paper.pdf.pdf,0
Sharan_Neuro-Symbolic_Evaluation_of_Text-to-Video_Models_using_Formal_Verification_CVPR_2025_paper.pdf.pdf,0
Xie_dFLMoE_Decentralized_Federated_Learning_via_Mixture_of_Experts_for_Medical_CVPR_2025_paper.pdf.pdf,0
Zhao_Learning_from_Neighbors_Category_Extrapolation_for_Long-Tail_Learning_CVPR_2025_paper.pdf.pdf,0
Astruc_AnySat_One_Earth_Observation_Model_for_Many_Resolutions_Scales_and_CVPR_2025_paper.pdf.pdf,0
Lin_Point-to-Region_Loss_for_Semi-Supervised_Point-Based_Crowd_Counting_CVPR_2025_paper.pdf.pdf,0
Wu_Antidote_A_Unified_Framework_for_Mitigating_LVLM_Hallucinations_in_Counterfactual_CVPR_2025_paper.pdf.pdf,0
Guo_Text-guided_Sparse_Voxel_Pruning_for_Efficient_3D_Visual_Grounding_CVPR_2025_paper.pdf.pdf,0
Chen_DViN_Dynamic_Visual_Routing_Network_for_Weakly_Supervised_Referring_Expression_CVPR_2025_paper.pdf.pdf,0
Vasu_FastVLM_Efficient_Vision_Encoding_for_Vision_Language_Models_CVPR_2025_paper.pdf.pdf,0
Zheng_GroomLight_Hybrid_Inverse_Rendering_for_Relightable_Human_Hair_Appearance_Modeling_CVPR_2025_paper.pdf.pdf,0
Dai_Free_on_the_Fly_Enhancing_Flexibility_in_Test-Time_Adaptation_with_CVPR_2025_paper.pdf.pdf,0
Zhang_ReCapture_Generative_Video_Camera_Controls_for_User-Provided_Videos_using_Masked_CVPR_2025_paper.pdf.pdf,0
Yang_Taste_More_Taste_Better_Diverse_Data_and_Strong_Model_Boost_CVPR_2025_paper.pdf.pdf,0
Huang_V2X-R_Cooperative_LiDAR-4D_Radar_Fusion_with_Denoising_Diffusion_for_3D_CVPR_2025_paper.pdf.pdf,0
Qi_Customized_Condition_Controllable_Generation_for_Video_Soundtrack_CVPR_2025_paper.pdf.pdf,0
Wang_MLLM-as-a-Judge_for_Image_Safety_without_Human_Labeling_CVPR_2025_paper.pdf.pdf,0
Sehwag_Stretching_Each_Dollar_Diffusion_Training_from_Scratch_on_a_Micro-Budget_CVPR_2025_paper.pdf.pdf,0
Novello_Tuning_the_Frequencies_Robust_Training_for_Sinusoidal_Neural_Networks_CVPR_2025_paper.pdf.pdf,0
Zhang_Improving_the_Training_of_Data-Efficient_GANs_via_Quality_Aware_Dynamic_CVPR_2025_paper.pdf.pdf,0
Ma_You_See_it_You_Got_it_Learning_3D_Creation_on_CVPR_2025_paper.pdf.pdf,0
Wang_OmniStyle_Filtering_High_Quality_Style_Transfer_Data_at_Scale_CVPR_2025_paper.pdf.pdf,0
Gu_IRGS_Inter-Reflective_Gaussian_Splatting_with_2D_Gaussian_Ray_Tracing_CVPR_2025_paper.pdf.pdf,0
Lou_OverLoCK_An_Overview-first-Look-Closely-next_ConvNet_with_Context-Mixing_Dynamic_Kernels_CVPR_2025_paper.pdf.pdf,0
Li_Deep_Change_Monitoring_A_Hyperbolic_Representative_Learning_Framework_and_a_CVPR_2025_paper.pdf.pdf,0
Li_Deterministic_Certification_of_Graph_Neural_Networks_against_Graph_Poisoning_Attacks_CVPR_2025_paper.pdf.pdf,0
Wang_FreeTimeGS_Free_Gaussian_Primitives_at_Anytime_Anywhere_for_Dynamic_Scene_CVPR_2025_paper.pdf.pdf,0
Wang_Ego4o_Egocentric_Human_Motion_Capture_and_Understanding_from_Multi-Modal_Input_CVPR_2025_paper.pdf.pdf,0
Chen_POSTA_A_Go-to_Framework_for_Customized_Artistic_Poster_Generation_CVPR_2025_paper.pdf.pdf,0
Fang_GRAPHGPT-O_Synergistic_Multimodal_Comprehension_and_Generation_on_Graphs_CVPR_2025_paper.pdf.pdf,0
Luo_VideoAutoArena_An_Automated_Arena_for_Evaluating_Large_Multimodal_Models_in_CVPR_2025_paper.pdf.pdf,0
Zhuravlev_Denoising_Functional_Maps_Diffusion_Models_for_Shape_Correspondence_CVPR_2025_paper.pdf.pdf,0
Yao_CountLLM_Towards_Generalizable_Repetitive_Action_Counting_via_Large_Language_Model_CVPR_2025_paper.pdf.pdf,0
You_Teaching_Large_Language_Models_to_Regress_Accurate_Image_Quality_Scores_CVPR_2025_paper.pdf.pdf,0
Xie_Model_Poisoning_Attacks_to_Federated_Learning_via_Multi-Round_Consistency_CVPR_2025_paper.pdf.pdf,0
Zhao_DynRefer_Delving_into_Region-level_Multimodal_Tasks_via_Dynamic_Resolution_CVPR_2025_paper.pdf.pdf,0
Jang_Lost_in_Translation_Found_in_Context_Sign_Language_Translation_with_CVPR_2025_paper.pdf.pdf,0
Yu_ViKIENet_Towards_Efficient_3D_Object_Detection_with_Virtual_Key_Instance_CVPR_2025_paper.pdf.pdf,0
Zheng_FedCALM_Conflict-aware_Layer-wise_Mitigation_for_Selective_Aggregation_in_Deeper_Personalized_CVPR_2025_paper.pdf.pdf,0
Wang_A_Closer_Look_at_Time_Steps_is_Worthy_of_Triple_CVPR_2025_paper.pdf.pdf,Error
Wang_DORNet_A_Degradation_Oriented_and_Regularized_Network_for_Blind_Depth_CVPR_2025_paper.pdf.pdf,0
Wu_Synthetic_Data_is_an_Elegant_GIFT_for_Continual_Vision-Language_Models_CVPR_2025_paper.pdf.pdf,0
Liu_Plug-and-Play_PPO_An_Adaptive_Point_Prompt_Optimizer_Making_SAM_Greater_CVPR_2025_paper.pdf.pdf,0
Wang_SAM2-LOVE_Segment_Anything_Model_2_in_Language-aided_Audio-Visual_Scenes_CVPR_2025_paper.pdf.pdf,0
Ye_EntitySAM_Segment_Everything_in_Video_CVPR_2025_paper.pdf.pdf,0
Yin_DFormerv2_Geometry_Self-Attention_for_RGBD_Semantic_Segmentation_CVPR_2025_paper.pdf.pdf,0
Kang_Zero-Shot_Head_Swapping_in_Real-World_Scenarios_CVPR_2025_paper.pdf.pdf,0
Yu_MambaOut_Do_We_Really_Need_Mamba_for_Vision_CVPR_2025_paper.pdf.pdf,0
Wu_Erasing_Undesirable_Influence_in_Diffusion_Models_CVPR_2025_paper.pdf.pdf,0
Donnelly_Rashomon_Sets_for_Prototypical-Part_Networks_Editing_Interpretable_Models_in_Real-Time_CVPR_2025_paper.pdf.pdf,0
Gu_Improving_Visual_and_Downstream_Performance_of_Low-Light_Enhancer_with_Vision_CVPR_2025_paper.pdf.pdf,0
Chang_Unified_Medical_Lesion_Segmentation_via_Self-referring_Indicator_CVPR_2025_paper.pdf.pdf,0
Li_HyperLoRA_Parameter-Efficient_Adaptive_Generation_for_Portrait_Synthesis_CVPR_2025_paper.pdf.pdf,0
Li_Noise_Calibration_and_Spatial-Frequency_Interactive_Network_for_STEM_Image_Enhancement_CVPR_2025_paper.pdf.pdf,0
Liu_Erase_Diffusion_Empowering_Object_Removal_Through_Calibrating_Diffusion_Pathways_CVPR_2025_paper.pdf.pdf,0
Liu_Coarse_Correspondences_Boost_Spatial-Temporal_Reasoning_in_Multimodal_Language_Model_CVPR_2025_paper.pdf.pdf,0
Yang_Improving_Gaussian_Splatting_with_Localized_Points_Management_CVPR_2025_paper.pdf.pdf,0
Bian_Feature_Information_Driven_Position_Gaussian_Distribution_Estimation_for_Tiny_Object_CVPR_2025_paper.pdf.pdf,0
Xing_Dual-Granularity_Semantic_Guided_Sparse_Routing_Diffusion_Model_for_General_Pansharpening_CVPR_2025_paper.pdf.pdf,0
Lu_DeCafNet_Delegate_and_Conquer_for_Efficient_Temporal_Grounding_in_Long_CVPR_2025_paper.pdf.pdf,0
Luo_ICP_Immediate_Compensation_Pruning_for_Mid-to-high_Sparsity_CVPR_2025_paper.pdf.pdf,0
Qin_CLIP_is_Almost_All_You_Need_Towards_Parameter-Efficient_Scene_Text_CVPR_2025_paper.pdf.pdf,0
Sarvestani_HybridMQA_Exploring_Geometry-Texture_Interactions_for_Colored_Mesh_Quality_Assessment_CVPR_2025_paper.pdf.pdf,0
Serianni_Attention_IoU_Examining_Biases_in_CelebA_using_Attention_Maps_CVPR_2025_paper.pdf.pdf,0
Han_Infinity_Scaling_Bitwise_AutoRegressive_Modeling_for_High-Resolution_Image_Synthesis_CVPR_2025_paper.pdf.pdf,0
Nasery_PLeaS_-_Merging_Models_with_Permutations_and_Least_Squares_CVPR_2025_paper.pdf.pdf,0
Xie_Are_Spatial-Temporal_Graph_Convolution_Networks_for_Human_Action_Recognition_Over-Parameterized_CVPR_2025_paper.pdf.pdf,0
Lu_Align3R_Aligned_Monocular_Depth_Estimation_for_Dynamic_Videos_CVPR_2025_paper.pdf.pdf,0
Xiao_Deterministic_Image-to-Image_Translation_via_Denoising_Brownian_Bridge_Models_with_Dual_CVPR_2025_paper.pdf.pdf,0
Lee_Spiking_Transformer_with_Spatial-Temporal_Attention_CVPR_2025_paper.pdf.pdf,0
Bae_Three_Cars_Approaching_within_100m_Enhancing_Distant_Geometry_by_Tri-Axis_CVPR_2025_paper.pdf.pdf,0
Pei_Seeing_What_Matters_Empowering_CLIP_with_Patch_Generation-to-Selection_CVPR_2025_paper.pdf.pdf,0
Hassan_GEM_A_Generalizable_Ego-Vision_Multimodal_World_Model_for_Fine-Grained_Ego-Motion_CVPR_2025_paper.pdf.pdf,0
Hyung_Spatiotemporal_Skip_Guidance_for_Enhanced_Video_Diffusion_Sampling_CVPR_2025_paper.pdf.pdf,0
Liu_One2Any_One-Reference_6D_Pose_Estimation_for_Any_Object_CVPR_2025_paper.pdf.pdf,0
Huang_Implicit_Bias_Injection_Attacks_against_Text-to-Image_Diffusion_Models_CVPR_2025_paper.pdf.pdf,0
Tian_Extrapolating_and_Decoupling_Image-to-Video_Generation_Models_Motion_Modeling_is_Easier_CVPR_2025_paper.pdf.pdf,0
Chen_GuardSplat_Efficient_and_Robust_Watermarking_for_3D_Gaussian_Splatting_CVPR_2025_paper.pdf.pdf,0
Deng_OmniStereo_Real-time_Omnidireactional_Depth_Estimation_with_Multiview_Fisheye_Cameras_CVPR_2025_paper.pdf.pdf,0
Liu_Hearing_Anywhere_in_Any_Environment_CVPR_2025_paper.pdf.pdf,0
Choi_Fine-Grained_Image-Text_Correspondence_with_Cost_Aggregation_for_Open-Vocabulary_Part_Segmentation_CVPR_2025_paper.pdf.pdf,0
Kim_Autoregressive_Distillation_of_Diffusion_Transformers_CVPR_2025_paper.pdf.pdf,0
Li_InstanceGaussian_Appearance-Semantic_Joint_Gaussian_Representation_for_3D_Instance-Level_Perception_CVPR_2025_paper.pdf.pdf,0
Liu_UCM-VeID_V2_A_Richer_Dataset_and_A_Pre-training_Method_for_CVPR_2025_paper.pdf.pdf,0
Zhou_LiDAR-RT_Gaussian-based_Ray_Tracing_for_Dynamic_LiDAR_Re-simulation_CVPR_2025_paper.pdf.pdf,0
Tian_Activating_Sparse_Part_Concepts_for_3D_Class_Incremental_Learning_CVPR_2025_paper.pdf.pdf,0
Zhang_Towards_Fine-Grained_Interpretability_Counterfactual_Explanations_for_Misclassification_with_Saliency_Partition_CVPR_2025_paper.pdf.pdf,0
Xu_HiFi-Portrait_Zero-shot_Identity-preserved_Portrait_Generation_with_High-fidelity_Multi-face_Fusion_CVPR_2025_paper.pdf.pdf,0
Wang_EmotiveTalk_Expressive_Talking_Head_Generation_through_Audio_Information_Decoupling_and_CVPR_2025_paper.pdf.pdf,0
Lee_Data-free_Universal_Adversarial_Perturbation_with_Pseudo-semantic_Prior_CVPR_2025_paper.pdf.pdf,0
Chen_3DTopia-XL_Scaling_High-quality_3D_Asset_Generation_via_Primitive_Diffusion_CVPR_2025_paper.pdf.pdf,0
Wu_BG-Triangle_Bezier_Gaussian_Triangle_for_3D_Vectorization_and_Rendering_CVPR_2025_paper.pdf.pdf,0
Lee_Effective_SAM_Combination_for_Open-Vocabulary_Semantic_Segmentation_CVPR_2025_paper.pdf.pdf,0
Chen_FoundHand_Large-Scale_Domain-Specific_Learning_for_Controllable_Hand_Image_Generation_CVPR_2025_paper.pdf.pdf,0
Deng_Motion-Grounded_Video_Reasoning_Understanding_and_Perceiving_Motion_at_Pixel_Level_CVPR_2025_paper.pdf.pdf,0
Ren_GEN3C_3D-Informed_World-Consistent_Video_Generation_with_Precise_Camera_Control_CVPR_2025_paper.pdf.pdf,0
Zhu_Rethinking_End-to-End_2D_to_3D_Scene_Segmentation_in_Gaussian_Splatting_CVPR_2025_paper.pdf.pdf,0
Li_Detect-and-Guide_Self-regulation_of_Diffusion_Models_for_Safe_Text-to-Image_Generation_via_CVPR_2025_paper.pdf.pdf,0
Hu_DepthCrafter_Generating_Consistent_Long_Depth_Sequences_for_Open-world_Videos_CVPR_2025_paper.pdf.pdf,0
Duan_Docopilot_Improving_Multimodal_Models_for_Document-Level_Understanding_CVPR_2025_paper.pdf.pdf,0
Li_Dual_Diffusion_for_Unified_Image_Generation_and_Understanding_CVPR_2025_paper.pdf.pdf,0
Oh_Illumination_Spectrum_Estimation_for_Multispectral_Images_via_Surface_Reflectance_Modeling_CVPR_2025_paper.pdf.pdf,0
Zhang_CamPoint_Boosting_Point_Cloud_Segmentation_with_Virtual_Camera_CVPR_2025_paper.pdf.pdf,0
Caldarola_Beyond_Local_Sharpness_Communication-Efficient_Global_Sharpness-aware_Minimization_for_Federated_Learning_CVPR_2025_paper.pdf.pdf,0
Georg_FSboard_Over_3_Million_Characters_of_ASL_Fingerspelling_Collected_via_CVPR_2025_paper.pdf.pdf,0
Geng_Birth_and_Death_of_a_Rose_CVPR_2025_paper.pdf.pdf,0
Tian_DiC_Rethinking_Conv3x3_Designs_in_Diffusion_Models_CVPR_2025_paper.pdf.pdf,0
Akkerman_InterDyn_Controllable_Interactive_Dynamics_with_Video_Diffusion_Models_CVPR_2025_paper.pdf.pdf,0
Liu_PAVE_Patching_and_Adapting_Video_Large_Language_Models_CVPR_2025_paper.pdf.pdf,0
Liu_GaussHDR_High_Dynamic_Range_Gaussian_Splatting_via_Learning_Unified_3D_CVPR_2025_paper.pdf.pdf,0
Tian_VidMuse_A_Simple_Video-to-Music_Generation_Framework_with_Long-Short-Term_Modeling_CVPR_2025_paper.pdf.pdf,0
Fang_HuMoCon_Concept_Discovery_for_Human_Motion_Understanding_CVPR_2025_paper.pdf.pdf,0
Hoogeboom_Simpler_Diffusion_1.5_FID_on_ImageNet512_with_Pixel-space_Diffusion_CVPR_2025_paper.pdf.pdf,0
Du_Automatic_Spectral_Calibration_of_Hyperspectral_Images_Method_Dataset_and_Benchmark_CVPR_2025_paper.pdf.pdf,0
Zhang_EnergyMoGen_Compositional_Human_Motion_Generation_with_Energy-Based_Diffusion_Model_in_CVPR_2025_paper.pdf.pdf,0
Qin_Reversing_Flow_for_Image_Restoration_CVPR_2025_paper.pdf.pdf,0
Gholami_CASP_Compression_of_Large_Multimodal_Models_Based_on_Attention_Sparsity_CVPR_2025_paper.pdf.pdf,0
Guo_Multi-view_Reconstruction_via_SfM-guided_Monocular_Depth_Estimation_CVPR_2025_paper.pdf.pdf,0
Buchner_Electromyography-Informed_Facial_Expression_Reconstruction_for_Physiological-Based_Synthesis_and_Analysis_CVPR_2025_paper.pdf.pdf,0
Liu_LoRA_Subtraction_for_Drift-Resistant_Space_in_Exemplar-Free_Continual_Learning_CVPR_2025_paper.pdf.pdf,0
Yu_Active_Hyperspectral_Imaging_Using_an_Event_Camera_CVPR_2025_paper.pdf.pdf,0
Wang_LeviTor_3D_Trajectory_Oriented_Image-to-Video_Synthesis_CVPR_2025_paper.pdf.pdf,0
Wu_GarmentPile_Point-Level_Visual_Affordance_Guided_Retrieval_and_Adaptation_for_Cluttered_CVPR_2025_paper.pdf.pdf,0
Wang_Proximal_Algorithm_Unrolling_Flexible_and_Efficient_Reconstruction_Networks_for_Single-Pixel_CVPR_2025_paper.pdf.pdf,0
Zhang_SCAP_Transductive_Test-Time_Adaptation_via_Supportive_Clique-based_Attribute_Prompting_CVPR_2025_paper.pdf.pdf,0
Sun_GUI-Xplore_Empowering_Generalizable_GUI_Agents_with_One_Exploration_CVPR_2025_paper.pdf.pdf,0
Koo_VideoHandles_Editing_3D_Object_Compositions_in_Videos_Using_Video_Generative_CVPR_2025_paper.pdf.pdf,0
Kashiani_FreqDebias_Towards_Generalizable_Deepfake_Detection_via_Consistency-Driven_Frequency_Debiasing_CVPR_2025_paper.pdf.pdf,0
Qiu_STEP_Enhancing_Video-LLMs_Compositional_Reasoning_by_Spatio-Temporal_Graph-guided_Self-Training_CVPR_2025_paper.pdf.pdf,0
Fang_Notes-guided_MLLM_Reasoning_Enhancing_MLLM_with_Knowledge_and_Visual_Notes_CVPR_2025_paper.pdf.pdf,0
Sun_Investigating_the_Role_of_Weight_Decay_in_Enhancing_Nonconvex_SGD_CVPR_2025_paper.pdf.pdf,0
Wu_Learning_Occlusion-Robust_Vision_Transformers_for_Real-Time_UAV_Tracking_CVPR_2025_paper.pdf.pdf,0
Mazzamuto_Gazing_Into_Missteps_Leveraging_Eye-Gaze_for_Unsupervised_Mistake_Detection_in_CVPR_2025_paper.pdf.pdf,0
Zheng_Decoupling_Fine_Detail_and_Global_Geometry_for_Compressed_Depth_Map_CVPR_2025_paper.pdf.pdf,0
Capellera_Unified_Uncertainty-Aware_Diffusion_for_Multi-Agent_Trajectory_Modeling_CVPR_2025_paper.pdf.pdf,0
Li_Towards_Smart_Point-and-Shoot_Photography_CVPR_2025_paper.pdf.pdf,0
Dibene_Camera_Resection_from_Known_Line_Pencils_and_a_Radially_Distorted_CVPR_2025_paper.pdf.pdf,0
Sun_SVG-IR_Spatially-Varying_Gaussian_Splatting_for_Inverse_Rendering_CVPR_2025_paper.pdf.pdf,0
Souza_Latent_Space_Imaging_CVPR_2025_paper.pdf.pdf,0
Jiang_Visual_and_Semantic_Prompt_Collaboration_for_Generalized_Zero-Shot_Learning_CVPR_2025_paper.pdf.pdf,0
Wang_LaVin-DiT_Large_Vision_Diffusion_Transformer_CVPR_2025_paper.pdf.pdf,0
Gao_MeshArt_Generating_Articulated_Meshes_with_Structure-Guided_Transformers_CVPR_2025_paper.pdf.pdf,0
Gerogiannis_Arc2Avatar_Generating_Expressive_3D_Avatars_from_a_Single_Image_via_CVPR_2025_paper.pdf.pdf,0
Liao_Can_Large_Vision-Language_Models_Correct_Semantic_Grounding_Errors_By_Themselves_CVPR_2025_paper.pdf.pdf,0
Pilligua_HyperNVD_Accelerating_Neural_Video_Decomposition_via_Hypernetworks_CVPR_2025_paper.pdf.pdf,0
Liu_AvatarArtist_Open-Domain_4D_Avatarization_CVPR_2025_paper.pdf.pdf,0
Lin_From_Elements_to_Design_A_Layered_Approach_for_Automatic_Graphic_CVPR_2025_paper.pdf.pdf,0
Jang_CoMapGS_Covisibility_Map-based_Gaussian_Splatting_for_Sparse_Novel_View_Synthesis_CVPR_2025_paper.pdf.pdf,0
Jung_TailedCore_Few-Shot_Sampling_for_Unsupervised_Long-Tail_Noisy_Anomaly_Detection_CVPR_2025_paper.pdf.pdf,0
Lee_EditSplat_Multi-View_Fusion_and_Attention-Guided_Optimization_for_View-Consistent_3D_Scene_CVPR_2025_paper.pdf.pdf,0
Wang_Action_Detail_Matters_Refining_Video_Recognition_with_Local_Action_Queries_CVPR_2025_paper.pdf.pdf,0
Liao_Convex_Relaxation_for_Robust_Vanishing_Point_Estimation_in_Manhattan_World_CVPR_2025_paper.pdf.pdf,0
Huang_Visual_Representation_Learning_through_Causal_Intervention_for_Controllable_Image_Editing_CVPR_2025_paper.pdf.pdf,0
Yang_FreeUV_Ground-Truth-Free_Realistic_Facial_UV_Texture_Recovery_via_Cross-Assembly_Inference_CVPR_2025_paper.pdf.pdf,0
Kara_ShotAdapter_Text-to-Multi-Shot_Video_Generation_with_Diffusion_Models_CVPR_2025_paper.pdf.pdf,0
Ryu_Seeing_Speech_and_Sound_Distinguishing_and_Locating_Audio_Sources_in_CVPR_2025_paper.pdf.pdf,0
Yu_SSHNet_Unsupervised_Cross-modal_Homography_Estimation_via_Problem_Reformulation_and_Split_CVPR_2025_paper.pdf.pdf,0
Lin_Causal_Composition_Diffusion_Model_for_Closed-loop_Traffic_Generation_CVPR_2025_paper.pdf.pdf,0
Zhou_Design2GarmentCode_Turning_Design_Concepts_to_Tangible_Garments_Through_Program_Synthesis_CVPR_2025_paper.pdf.pdf,0
Held_3D_Convex_Splatting_Radiance_Field_Rendering_with_3D_Smooth_Convexes_CVPR_2025_paper.pdf.pdf,0
Kaneko_Structure_from_Collision_CVPR_2025_paper.pdf.pdf,0
Maniparambil_Harnessing_Frozen_Unimodal_Encoders_for_Flexible_Multimodal_Alignment_CVPR_2025_paper.pdf.pdf,0
Baek_TADFormer_Task-Adaptive_Dynamic_TransFormer_for_Efficient_Multi-Task_Learning_CVPR_2025_paper.pdf.pdf,0
Jin_Dual-Interrelated_Diffusion_Model_for_Few-Shot_Anomaly_Image_Generation_CVPR_2025_paper.pdf.pdf,0
Schusterbauer_Diff2Flow_Training_Flow_Matching_Models_via_Diffusion_Model_Alignment_CVPR_2025_paper.pdf.pdf,0
Kant_Pippo_High-Resolution_Multi-View_Humans_from_a_Single_Image_CVPR_2025_paper.pdf.pdf,0
You_Layer-_and_Timestep-Adaptive_Differentiable_Token_Compression_Ratios_for_Efficient_Diffusion_CVPR_2025_paper.pdf.pdf,0
An_Mitigating_Object_Hallucinations_in_Large_Vision-Language_Models_with_Assembly_of_CVPR_2025_paper.pdf.pdf,0
Miao_Shining_Yourself_High-Fidelity_Ornaments_Virtual_Try-on_with_Diffusion_Model_CVPR_2025_paper.pdf.pdf,0
Yun_SoMA_Singular_Value_Decomposed_Minor_Components_Adaptation_for_Domain_Generalizable_CVPR_2025_paper.pdf.pdf,0
Wang_Comprehensive_Relighting_Generalizable_and_Consistent_Monocular_Human_Relighting_and_Harmonization_CVPR_2025_paper.pdf.pdf,0
Hong_ITA-MDT_Image-Timestep-Adaptive_Masked_Diffusion_Transformer_Framework_for_Image-Based_Virtual_Try-On_CVPR_2025_paper.pdf.pdf,0
Liu_LUCAS_Layered_Universal_Codec_Avatars_CVPR_2025_paper.pdf.pdf,0
Yu_Dyn-HaMR_Recovering_4D_Interacting_Hand_Motion_from_a_Dynamic_Camera_CVPR_2025_paper.pdf.pdf,0
Liu_MagicQuill_An_Intelligent_Interactive_Image_Editing_System_CVPR_2025_paper.pdf.pdf,0
Liu_VideoDPO_Omni-Preference_Alignment_for_Video_Diffusion_Generation_CVPR_2025_paper.pdf.pdf,0
Fan_Re-HOLD_Video_Hand_Object_Interaction_Reenactment_via_adaptive_Layout-instructed_Diffusion_CVPR_2025_paper.pdf.pdf,0
Fan_All-Day_Multi-Camera_Multi-Target_Tracking_CVPR_2025_paper.pdf.pdf,0
Hong_SALAD_Skeleton-aware_Latent_Diffusion_for_Text-driven_Motion_Generation_and_Editing_CVPR_2025_paper.pdf.pdf,0
Wang_HumanDreamer_Generating_Controllable_Human-Motion_Videos_via_Decoupled_Generation_CVPR_2025_paper.pdf.pdf,0
Zhao_DI-PCG_Diffusion-based_Efficient_Inverse_Procedural_Content_Generation_for_High-quality_3D_CVPR_2025_paper.pdf.pdf,0
Lei_OffsetOPT_Explicit_Surface_Reconstruction_without_Normals_CVPR_2025_paper.pdf.pdf,0
Poppi_Hyperbolic_Safety-Aware_Vision-Language_Models_CVPR_2025_paper.pdf.pdf,0
Wang_Vision-Language_Model_IP_Protection_via_Prompt-based_Learning_CVPR_2025_paper.pdf.pdf,0
Du_STiL_Semi-supervised_Tabular-Image_Learning_for_Comprehensive_Task-Relevant_Information_Exploration_in_CVPR_2025_paper.pdf.pdf,0
Wang_Parallel_Sequence_Modeling_via_Generalized_Spatial_Propagation_Network_CVPR_2025_paper.pdf.pdf,0
Bu_Inference-Scale_Complexity_in_ANN-SNN_Conversion_for_High-Performance_and_Low-Power_Applications_CVPR_2025_paper.pdf.pdf,0
Wang_Boosting_Domain_Incremental_Learning_Selecting_the_Optimal_Parameters_is_All_CVPR_2025_paper.pdf.pdf,0
Zhang_Incomplete_Multi-modal_Brain_Tumor_Segmentation_via_Learnable_Sorting_State_Space_CVPR_2025_paper.pdf.pdf,0
Wei_Minimizing_Labeled_Maximizing_Unlabeled_An_Image-Driven_Approach_for_Video_Instance_CVPR_2025_paper.pdf.pdf,0
Yu-Hang_TAET_Two-Stage_Adversarial_Equalization_Training_on_Long-Tailed__Distributions_CVPR_2025_paper.pdf.pdf,0
Li_Infighting_in_the_Dark_Multi-Label_Backdoor_Attack_in_Federated_Learning_CVPR_2025_paper.pdf.pdf,0
You_VISTREAM_Improving_Computation_Efficiency_of_Visual_Streaming_Perception_via_Law-of-Charge-Conservation_CVPR_2025_paper.pdf.pdf,0
Xing_CLIP_is_Strong_Enough_to_Fight_Back_Test-time_Counterattacks_towards_CVPR_2025_paper.pdf.pdf,0
Liang_HiMoR_Monocular_Deformable_Gaussian_Reconstruction_with_Hierarchical_Motion_Representation_CVPR_2025_paper.pdf.pdf,0
Li_SimAvatar_Simulation-Ready_Avatars_with_Layered_Hair_and_Clothing_CVPR_2025_paper.pdf.pdf,0
Lee_Dense-SfM_Structure_from_Motion_with_Dense_Consistent_Matching_CVPR_2025_paper.pdf.pdf,0
Li_LLaVA-ST_A_Multimodal_Large_Language_Model_for_Fine-Grained_Spatial-Temporal_Understanding_CVPR_2025_paper.pdf.pdf,0
Kim_From_Faces_to_Voices_Learning_Hierarchical_Representations_for_High-quality_Video-to-Speech_CVPR_2025_paper.pdf.pdf,0
Wu_Video_Language_Model_Pretraining_with_Spatio-temporal_Masking_CVPR_2025_paper.pdf.pdf,0
Luo_Visual-Instructed_Degradation_Diffusion_for_All-in-One_Image_Restoration_CVPR_2025_paper.pdf.pdf,0
Lin_BIP3D_Bridging_2D_Images_and_3D_Perception_for_Embodied_Intelligence_CVPR_2025_paper.pdf.pdf,0
Shao_FinePhys_Fine-grained_Human_Action_Generation_by_Explicitly_Incorporating_Physical_Laws_CVPR_2025_paper.pdf.pdf,0
Meng_Closest_Neighbors_are_Harmful_for_Lightweight_Masked_Auto-encoders_CVPR_2025_paper.pdf.pdf,0
Zhuang_IDOL_Instant_Photorealistic_3D_Human_Creation_from_a_Single_Image_CVPR_2025_paper.pdf.pdf,0
Muller_Black-Box_Forgery_Attacks_on_Semantic_Watermarks_for_Diffusion_Models_CVPR_2025_paper.pdf.pdf,0
Dong_Insight-V_Exploring_Long-Chain_Visual_Reasoning_with_Multimodal_Large_Language_Models_CVPR_2025_paper.pdf.pdf,0
Xue_ComfyBench_Benchmarking_LLM-based_Agents_in_ComfyUI_for_Autonomously_Designing_Collaborative_CVPR_2025_paper.pdf.pdf,0
Lee_Calibrated_Multi-Preference_Optimization_for_Aligning_Diffusion_Models_CVPR_2025_paper.pdf.pdf,0
Zhao_Less_is_More_Efficient_Image_Vectorization_with_Adaptive_Parameterization_CVPR_2025_paper.pdf.pdf,0
Li_Human_Motion_Instruction_Tuning_CVPR_2025_paper.pdf.pdf,0
Garrido-Munoz_On_the_Generalization_of_Handwritten_Text_Recognition_Models_CVPR_2025_paper.pdf.pdf,0
Thakral_Fine-Grained_Erasure_in_Text-to-Image_Diffusion-based_Foundation_Models_CVPR_2025_paper.pdf.pdf,0
Yang_OODD_Test-time_Out-of-Distribution_Detection_with_Dynamic_Dictionary_CVPR_2025_paper.pdf.pdf,0
Xu_DynPose_Largely_Improving_the_Efficiency_of_Human_Pose_Estimation_by_CVPR_2025_paper.pdf.pdf,0
Sinitsyn_PRaDA_Projective_Radial_Distortion_Averaging_CVPR_2025_paper.pdf.pdf,0
Kumar_A_Unified_Resilient_and_Explainable_Adversarial_Patch_Detector_CVPR_2025_paper.pdf.pdf,0
Xu_DropoutGS_Dropping_Out_Gaussians_for_Better_Sparse-view_Rendering_CVPR_2025_paper.pdf.pdf,0
Wang_Is_this_Generated_Person_Existed_in_Real-world_Fine-grained_Detecting_and_CVPR_2025_paper.pdf.pdf,0
Park_Dynamic_Pseudo_Labeling_via_Gradient_Cutting_for_High-Low_Entropy_Exploration_CVPR_2025_paper.pdf.pdf,0
Wu_Janus_Decoupling_Visual_Encoding_for_Unified_Multimodal_Understanding_and_Generation_CVPR_2025_paper.pdf.pdf,0
Yellapragada_ZoomLDM_Latent_Diffusion_Model_for_Multi-scale_Image_Generation_CVPR_2025_paper.pdf.pdf,0
Sami_Gradient_Inversion_Attacks_on_Parameter-Efficient_Fine-Tuning_CVPR_2025_paper.pdf.pdf,0
Zhang_Scene_Splatter_Momentum_3D_Scene_Generation_from_Single_Image_with_CVPR_2025_paper.pdf.pdf,0
Malic_GBlobs_Explicit_Local_Structure_via_Gaussian_Blobs_for_Improved_Cross-Domain_CVPR_2025_paper.pdf.pdf,0
Ding_CSC-PA_Cross-image_Semantic_Correlation_via_Prototype_Attentions_for_Single-network_Semi-supervised_CVPR_2025_paper.pdf.pdf,0
Zhao_AIM-Fair_Advancing_Algorithmic_Fairness_via_Selectively_Fine-Tuning_Biased_Models_with_CVPR_2025_paper.pdf.pdf,0
Geng_LongVALE_Vision-Audio-Language-Event_Benchmark_Towards_Time-Aware_Omni-Modal_Perception_of_Long_Videos_CVPR_2025_paper.pdf.pdf,0
Chu_RaCFormer_Towards_High-Quality_3D_Object_Detection_via_Query-based_Radar-Camera_Fusion_CVPR_2025_paper.pdf.pdf,0
Wu_InteractionMap_Improving_Online_Vectorized_HDMap_Construction_with_Interaction_CVPR_2025_paper.pdf.pdf,0
Xu_Language-Guided_Audio-Visual_Learning_for_Long-Term_Sports_Assessment_CVPR_2025_paper.pdf.pdf,0
Zhuang_Argus_A_Compact_and_Versatile_Foundation_Model_for_Vision_CVPR_2025_paper.pdf.pdf,0
Zhou_Learning_Flow_Fields_in_Attention_for_Controllable_Person_Image_Generation_CVPR_2025_paper.pdf.pdf,0
Cseke_PICO_Reconstructing_3D_People_In_Contact_with_Objects_CVPR_2025_paper.pdf.pdf,0
Taubner_CAP4D_Creating_Animatable_4D_Portrait_Avatars_with_Morphable_Multi-View_Diffusion_CVPR_2025_paper.pdf.pdf,0
Astermark_Dense_Match_Summarization_for_Faster_Two-view_Estimation_CVPR_2025_paper.pdf.pdf,0
Chen_SoundVista_Novel-View_Ambient_Sound_Synthesis_via_Visual-Acoustic_Binding_CVPR_2025_paper.pdf.pdf,0
Chen_Frequency_Dynamic_Convolution_for_Dense_Image_Prediction_CVPR_2025_paper.pdf.pdf,0
Huang_WeGen_A_Unified_Model_for_Interactive_Multimodal_Generation_as_We_CVPR_2025_paper.pdf.pdf,0
Wang_JTD-UAV_MLLM-Enhanced_Joint_Tracking_and_Description_Framework_for_Anti-UAV_Systems_CVPR_2025_paper.pdf.pdf,0
Chen_Instruct-CLIP_Improving_Instruction-Guided_Image_Editing_with_Automated_Data_Refinement_Using_CVPR_2025_paper.pdf.pdf,0
Meli_QuCOOP_A_Versatile_Framework_for_Solving_Composite_and_Binary-Parametrised_Problems_CVPR_2025_paper.pdf.pdf,0
Bergner_Token_Cropr_Faster_ViTs_for_Quite_a_Few_Tasks_CVPR_2025_paper.pdf.pdf,0
Fan_FreeSim_Toward_Free-viewpoint_Camera_Simulation_in_Driving_Scenes_CVPR_2025_paper.pdf.pdf,0
Videnovic_A_Distractor-Aware_Memory_for_Visual_Object_Tracking_with_SAM2_CVPR_2025_paper.pdf.pdf,0
Aiello_DreamCache_Finetuning-Free_Lightweight_Personalized_Image_Generation_via_Feature_Caching_CVPR_2025_paper.pdf.pdf,0
Lei_MoSca_Dynamic_Gaussian_Fusion_from_Casual_Videos_via_4D_Motion_CVPR_2025_paper.pdf.pdf,0
Jung_Is_Right_Right_Enhancing_Object_Orientation_Understanding_in_Multimodal_Large_CVPR_2025_paper.pdf.pdf,0
Yu_Relative_Pose_Estimation_through_Affine_Corrections_of_Monocular_Depth_Priors_CVPR_2025_paper.pdf.pdf,0
Xia_FG2_Fine-Grained_Cross-View_Localization_by_Fine-Grained_Feature_Matching_CVPR_2025_paper.pdf.pdf,0
Alzayer_Generative_Multiview_Relighting_for_3D_Reconstruction_under_Extreme_Illumination_Variation_CVPR_2025_paper.pdf.pdf,0
Xia_Rectified_Diffusion_Guidance_for_Conditional_Generation_CVPR_2025_paper.pdf.pdf,0
Cohen-Bar_TriTex_Learning_Texture_from_a_Single_Mesh_via_Triplane_Semantic_CVPR_2025_paper.pdf.pdf,0
Lai_Font-Agent_Enhancing_Font_Understanding_with_Large_Language_Models_CVPR_2025_paper.pdf.pdf,0
Bae_Continuous_Locomotive_Crowd_Behavior_Generation_CVPR_2025_paper.pdf.pdf,0
Gao_Show_and_Segment_Universal_Medical_Image_Segmentation_via_In-Context_Learning_CVPR_2025_paper.pdf.pdf,0
Zhao_DPSeg_Dual-Prompt_Cost_Volume_Learning_for_Open-Vocabulary_Semantic_Segmentation_CVPR_2025_paper.pdf.pdf,0
Wang_AKiRa_Augmentation_Kit_on_Rays_for_Optical_Video_Generation_CVPR_2025_paper.pdf.pdf,0
Ye_PO3AD_Predicting_Point_Offsets_toward_Better_3D_Point_Cloud_Anomaly_CVPR_2025_paper.pdf.pdf,0
Wang_g3D-LF_Generalizable_3D-Language_Feature_Fields_for_Embodied_Tasks_CVPR_2025_paper.pdf.pdf,0
Kamberov_Doppelgangers_and_Adversarial_Vulnerability_CVPR_2025_paper.pdf.pdf,0
Xu_Overcoming_Shortcut_Problem_in_VLM_for_Robust_Out-of-Distribution_Detection_CVPR_2025_paper.pdf.pdf,0
Xue_Similarity-Guided_Layer-Adaptive_Vision_Transformer_for_UAV_Tracking_CVPR_2025_paper.pdf.pdf,0
Zhang_Joint_Vision-Language_Social_Bias_Removal_for_CLIP_CVPR_2025_paper.pdf.pdf,0
Wu_Sonata_Self-Supervised_Learning_of_Reliable_Point_Representations_CVPR_2025_paper.pdf.pdf,0
Chen_D3-Human_Dynamic_Disentangled_Digital_Human_from_Monocular_Video_CVPR_2025_paper.pdf.pdf,0
Park_Resilient_Sensor_Fusion_Under_Adverse_Sensor_Failures_via_Multi-Modal_Expert_CVPR_2025_paper.pdf.pdf,0
Zhou_Attention_Distillation_A_Unified_Approach_to_Visual_Characteristics_Transfer_CVPR_2025_paper.pdf.pdf,0
Liang_LoRASculpt_Sculpting_LoRA_for_Harmonizing_General_and_Specialized_Knowledge_in_CVPR_2025_paper.pdf.pdf,0
Huang_SPAR3D_Stable_Point-Aware_Reconstruction_of_3D_Objects_from_Single_Images_CVPR_2025_paper.pdf.pdf,0
Zhang_Attribute-formed_Class-specific_Concept_Space_Endowing_Language_Bottleneck_Model_with_Better_CVPR_2025_paper.pdf.pdf,0
Yang_Hierarchical_Gaussian_Mixture_Model_Splatting_for_Efficient_and_Part_Controllable_CVPR_2025_paper.pdf.pdf,0
Yuan_Empowering_Large_Language_Models_with_3D_Situation_Awareness_CVPR_2025_paper.pdf.pdf,0
Yang_Generative_Image_Layer_Decomposition_with_Visual_Effects_CVPR_2025_paper.pdf.pdf,0
Malic_LiSu_A_Dataset_and_Method_for_LiDAR_Surface_Normal_Estimation_CVPR_2025_paper.pdf.pdf,0
Li_Joint_Scheduling_of_Causal_Prompts_and_Tasks_for_Multi-Task_Learning_CVPR_2025_paper.pdf.pdf,0
Wen_A_Data-Centric_Revisit_of_Pre-Trained_Vision_Models_for_Robot_Learning_CVPR_2025_paper.pdf.pdf,0
Zheng_HiPART_Hierarchical_Pose_AutoRegressive_Transformer_for_Occluded_3D_Human_Pose_CVPR_2025_paper.pdf.pdf,0
Marchellus_Link_to_the_Past_Temporal_Propagation_for_Fast_3D_Human_CVPR_2025_paper.pdf.pdf,0
Zhou_Consistency-aware_Self-Training_for_Iterative-based_Stereo_Matching_CVPR_2025_paper.pdf.pdf,0
Fan_Breaking_the_Low-Rank_Dilemma_of_Linear_Attention_CVPR_2025_paper.pdf.pdf,0
Stone_Learning_Visual_Composition_through_Improved_Semantic_Guidance_CVPR_2025_paper.pdf.pdf,0
Wang_Align-A-Video_Deterministic_Reward_Tuning_of_Image_Diffusion_Models_for_Consistent_CVPR_2025_paper.pdf.pdf,0
Wu_Percept_Memory_and_Imagine_World_Feature_Simulating_for_Open-Domain_Unknown_CVPR_2025_paper.pdf.pdf,0
Xie_Training_Data_Provenance_Verification_Did_Your_Model_Use_Synthetic_Data_CVPR_2025_paper.pdf.pdf,0
Sun_MDP_Multidimensional_Vision_Model_Pruning_with_Latency_Constraint_CVPR_2025_paper.pdf.pdf,0
Dalva_FluxSpace_Disentangled_Semantic_Editing_in_Rectified_Flow_Models_CVPR_2025_paper.pdf.pdf,0
Bie_GraphI2P_Image-to-Point_Cloud_Registration_with_Exploring_Pattern_of_Correspondence_via_CVPR_2025_paper.pdf.pdf,0
Chen_MeshGen_Generating_PBR_Textured_Mesh_with_Render-Enhanced_Auto-Encoder_and_Generative_CVPR_2025_paper.pdf.pdf,0
Liu_SketchVideo_Sketch-based_Video_Generation_and_Editing_CVPR_2025_paper.pdf.pdf,0
Hu_A_Lightweight_UDF_Learning_Framework_for_3D_Reconstruction_Based_on_CVPR_2025_paper.pdf.pdf,0
Lun_Towards_Effective_and_Sparse_Adversarial_Attack_on_Spiking_Neural_Networks_CVPR_2025_paper.pdf.pdf,0
Xiangli_Doppelgangers_Improved_Visual_Disambiguation_with_Geometric_3D_Features_CVPR_2025_paper.pdf.pdf,0
Chen_A_Physics-Informed_Blur_Learning_Framework_for_Imaging_Systems_CVPR_2025_paper.pdf.pdf,0
Lin_Towards_Continual_Universal_Segmentation_CVPR_2025_paper.pdf.pdf,0
Ni_SLVR_Super-Light_Visual_Reconstruction_via_Blueprint_Controllable_Convolutions_and_Exploring_CVPR_2025_paper.pdf.pdf,0
Djeghim_ViiNeuS_Volumetric_Initialization_for_Implicit_Neural_Surface_Reconstruction_of_Urban_CVPR_2025_paper.pdf.pdf,0
Song_IDProtector_An_Adversarial_Noise_Encoder_to_Protect_Against_ID-Preserving_Image_CVPR_2025_paper.pdf.pdf,0
Gu_ACL_Activating_Capability_of_Linear_Attention_for_Image_Restoration_CVPR_2025_paper.pdf.pdf,0
Li_High-quality_Point_Cloud_Oriented_Normal_Estimation_via_Hybrid_Angular_and_CVPR_2025_paper.pdf.pdf,0
Xia_DRAWER_Digital_Reconstruction_and_Articulation_With_Environment_Realism_CVPR_2025_paper.pdf.pdf,0
Zatsarynna_MANTA_Diffusion_Mamba_for_Efficient_and_Effective_Stochastic_Long-Term_Dense_CVPR_2025_paper.pdf.pdf,0
Ji_SfM-Free_3D_Gaussian_Splatting_via_Hierarchical_Training_CVPR_2025_paper.pdf.pdf,0
Lv_SpatialDreamer_Self-supervised_Stereo_Video_Synthesis_from_Monocular_Input_CVPR_2025_paper.pdf.pdf,0
Yang_EdgeMovingNet_Edge-preserving_Point_Cloud_Reconstruction_via_Joint_Geometry_Features_CVPR_2025_paper.pdf.pdf,0
Ye_Schedule_On_the_Fly_Diffusion_Time_Prediction_for_Faster_and_CVPR_2025_paper.pdf.pdf,0
Liu_CORE4D_A_4D_Human-Object-Human_Interaction_Dataset_for_Collaborative_Object_REarrangement_CVPR_2025_paper.pdf.pdf,0
Peng_MOS_Modeling_Object-Scene_Associations_in_Generalized_Category_Discovery_CVPR_2025_paper.pdf.pdf,0
Wang_XLRS-Bench_Could_Your_Multimodal_LLMs_Understand_Extremely_Large_Ultra-High-Resolution_Remote_CVPR_2025_paper.pdf.pdf,0
Cai_DiTCtrl_Exploring_Attention_Control_in_Multi-Modal_Diffusion_Transformer_for_Tuning-Free_CVPR_2025_paper.pdf.pdf,0
Greer_CARL_A_Framework_for_Equivariant_Image_Registration_CVPR_2025_paper.pdf.pdf,0
Shirkavand_Efficient_Fine-Tuning_and_Concept_Suppression_for_Pruned_Diffusion_Models_CVPR_2025_paper.pdf.pdf,0
Pan_BASKET_A_Large-Scale_Video_Dataset_for_Fine-Grained_Skill_Estimation_CVPR_2025_paper.pdf.pdf,0
Chen_Repurposing_Pre-trained_Video_Diffusion_Models_for_Event-based_Video_Interpolation_CVPR_2025_paper.pdf.pdf,0
Saha_F3OCUS_-_Federated_Finetuning_of_Vision-Language_Foundation_Models_with_Optimal_CVPR_2025_paper.pdf.pdf,0
Qi_Two_by_Two_Learning_Multi-Task_Pairwise_Objects_Assembly_for_Generalizable_CVPR_2025_paper.pdf.pdf,0
Kang_GFlowVLM_Enhancing_Multi-step_Reasoning_in_Vision-Language_Models_with_Generative_Flow_CVPR_2025_paper.pdf.pdf,0
Li_Distilling_Spatially-Heterogeneous_Distortion_Perception_for_Blind_Image_Quality_Assessment_CVPR_2025_paper.pdf.pdf,0
Lin_JarvisIR_Elevating_Autonomous_Driving_Perception_with_Intelligent_Image_Restoration_CVPR_2025_paper.pdf.pdf,0
Hamann_ETAP_Event-based_Tracking_of_Any_Point_CVPR_2025_paper.pdf.pdf,0
Zhong_Towards_Stable_and_Storage-efficient_Dataset_Distillation_Matching_Convexified_Trajectory_CVPR_2025_paper.pdf.pdf,0
Thoker_SMILE_Infusing_Spatial_and_Motion_Semantics_in_Masked_Video_Learning_CVPR_2025_paper.pdf.pdf,0
Zhang_Soft_Self-labeling_and_Potts_Relaxations_for_Weakly-supervised_Segmentation_CVPR_2025_paper.pdf.pdf,0
Huang_Adaptive_Unimodal_Regulation_for_Balanced_Multimodal_Information_Acquisition_CVPR_2025_paper.pdf.pdf,0
Cao_MoVE-KD_Knowledge_Distillation_for_VLMs_with_Mixture_of_Visual_Encoders_CVPR_2025_paper.pdf.pdf,0
Kim_Faster_Parameter-Efficient_Tuning_with_Token_Redundancy_Reduction_CVPR_2025_paper.pdf.pdf,0
Nousias_Opportunistic_Single-Photon_Time_of_Flight_CVPR_2025_paper.pdf.pdf,0
Su_ArtFormer_Controllable_Generation_of_Diverse_3D_Articulated_Objects_CVPR_2025_paper.pdf.pdf,0
Guimard_Classifier-to-Bias_Toward_Unsupervised_Automatic_Bias_Detection_for_Visual_Classifiers_CVPR_2025_paper.pdf.pdf,0
Ko_Bringing_CLIP_to_the_Clinic_Dynamic_Soft_Labels_and_Negation-Aware_CVPR_2025_paper.pdf.pdf,0
Nisar_PSA-SSL_Pose_and_Size-aware_Self-Supervised_Learning_on_LiDAR_Point_Clouds_CVPR_2025_paper.pdf.pdf,0
Ruan_Prof._Robot_Differentiable_Robot_Rendering_Without_Static_and_Self-Collisions_CVPR_2025_paper.pdf.pdf,0
Cai_Keep_the_Balance_A_Parameter-Efficient_Symmetrical_Framework_for_RGBX_Semantic_CVPR_2025_paper.pdf.pdf,0
Gadot_RL-RC-DoT_A_Block-level_RL_agent_for_Task-Aware_Video_Compression_CVPR_2025_paper.pdf.pdf,0
Tang_Reason-before-Retrieve_One-Stage_Reflective_Chain-of-Thoughts_for_Training-Free_Zero-Shot_Composed_Image_Retrieval_CVPR_2025_paper.pdf.pdf,0
Wu_GenFusion_Closing_the_Loop_between_Reconstruction_and_Generation_via_Videos_CVPR_2025_paper.pdf.pdf,0
Jiang_Geometry_Field_Splatting_with_Gaussian_Surfels_CVPR_2025_paper.pdf.pdf,0
Wang_SeedVR_Seeding_Infinity_in_Diffusion_Transformer_Towards_Generic_Video_Restoration_CVPR_2025_paper.pdf.pdf,0
Shen_EnliveningGS_Active_Locomotion_of_3DGS_CVPR_2025_paper.pdf.pdf,0
Chen_Parametric_Point_Cloud_Completion_for_Polygonal_Surface_Reconstruction_CVPR_2025_paper.pdf.pdf,0
Wu_SinGS_Animatable_Single-Image_Human_Gaussian_Splats_with_Kinematic_Priors_CVPR_2025_paper.pdf.pdf,0
Ryan_Improving_Personalized_Search_with_Regularized_Low-Rank_Parameter_Updates_CVPR_2025_paper.pdf.pdf,0
Lu_Toward_Real-world_BEV_Perception_Depth_Uncertainty_Estimation_via_Gaussian_Splatting_CVPR_2025_paper.pdf.pdf,0
Bian_ChatGarment_Garment_Estimation_Generation_and_Editing_via_Large_Language_Models_CVPR_2025_paper.pdf.pdf,0
Miao_EVolSplat_Efficient_Volume-based_Gaussian_Splatting_for_Urban_View_Synthesis_CVPR_2025_paper.pdf.pdf,0
Chen_Single_Domain_Generalization_for_Few-Shot_Counting_via_Universal_Representation_Matching_CVPR_2025_paper.pdf.pdf,0
Dhouib_PACT_Pruning_and_Clustering-Based_Token_Reduction_for_Faster_Visual_Language_CVPR_2025_paper.pdf.pdf,0
Heo_Omni-RGPT_Unifying_Image_and_Video_Region-level_Understanding_via_Token_Marks_CVPR_2025_paper.pdf.pdf,0
Huang_IncEventGS_Pose-Free_Gaussian_Splatting_from_a_Single_Event_Camera_CVPR_2025_paper.pdf.pdf,0
Mi_ADD_Attribution-Driven_Data_Augmentation_Framework_for_Boosting_Image_Super-Resolution_CVPR_2025_paper.pdf.pdf,0
Ahn_Nearly_Zero-Cost_Protection_Against_Mimicry_by_Personalized_Diffusion_Models_CVPR_2025_paper.pdf.pdf,0
Zeng_Plug-and-Play_Versatile_Compressed_Video_Enhancement_CVPR_2025_paper.pdf.pdf,0
Pondaven_Video_Motion_Transfer_with_Diffusion_Transformers_CVPR_2025_paper.pdf.pdf,0
Kim_Question-Aware_Gaussian_Experts_for_Audio-Visual_Question_Answering_CVPR_2025_paper.pdf.pdf,0
Liu_Hyperbolic_Category_Discovery_CVPR_2025_paper.pdf.pdf,0
Liu_ProjAttacker_A_Configurable_Physical_Adversarial_Attack_for_Face_Recognition_via_CVPR_2025_paper.pdf.pdf,0
Li_PointSR_Self-Regularized_Point_Supervision_for_Drone-View_Object_Detection_CVPR_2025_paper.pdf.pdf,0
Zhang_Critic-V_VLM_Critics_Help_Catch_VLM_Errors_in_Multimodal_Reasoning_CVPR_2025_paper.pdf.pdf,0
Yuan_From_Poses_to_Identity_Training-Free_Person_Re-Identification_via_Feature_Centralization_CVPR_2025_paper.pdf.pdf,0
Xu_IceDiff_High_Resolution_and_High-Quality_Arctic_Sea_Ice_Forecasting_with_CVPR_2025_paper.pdf.pdf,0
Anagnostidis_FlexiDiT_Your_Diffusion_Transformer_Can_Easily_Generate_High-Quality_Samples_with_CVPR_2025_paper.pdf.pdf,0
Didolkar_CTRL-O_Language-Controllable_Object-Centric_Visual_Representation_Learning_CVPR_2025_paper.pdf.pdf,0
Liu_HOIGen-1M_A_Large-scale_Dataset_for_Human-Object_Interaction_Video_Generation_CVPR_2025_paper.pdf.pdf,0
Ren_Improving_Adversarial_Transferability_on_Vision_Transformers_via_Forward_Propagation_Refinement_CVPR_2025_paper.pdf.pdf,0
Bai_SDBF_Steep-Decision-Boundary_Fingerprinting_for_Hard-Label_Tampering_Detection_of_DNN_Models_CVPR_2025_paper.pdf.pdf,0
Chen_Uni-Renderer_Unifying_Rendering_and_Inverse_Rendering_Via_Dual_Stream_Diffusion_CVPR_2025_paper.pdf.pdf,0
Hu_LoRA_Recycle_Unlocking_Tuning-Free_Few-Shot_Adaptability_in_Visual_Foundation_Models_CVPR_2025_paper.pdf.pdf,0
Chen_Explainable_Saliency_Articulating_Reasoning_with_Contextual_Prioritization_CVPR_2025_paper.pdf.pdf,0
Zeng_MambaIC_State_Space_Models_for_High-Performance_Learned_Image_Compression_CVPR_2025_paper.pdf.pdf,0
Elflein_Light3R-SfM_Towards_Feed-forward_Structure-from-Motion_CVPR_2025_paper.pdf.pdf,0
Zhu_PassionSR_Post-Training_Quantization_with_Adaptive_Scale_in_One-Step_Diffusion_based_CVPR_2025_paper.pdf.pdf,0
Zhang_Unveiling_Differences_in_Generative_Models_A_Scalable_Differential_Clustering_Approach_CVPR_2025_paper.pdf.pdf,0
Guo_Keyframe-Guided_Creative_Video_Inpainting_CVPR_2025_paper.pdf.pdf,0
Ren_Rethinking_Correspondence-based_Category-Level_Object_Pose_Estimation_CVPR_2025_paper.pdf.pdf,0
Ha_Geometry-guided_Online_3D_Video_Synthesis_with_Multi-View_Temporal_Consistency_CVPR_2025_paper.pdf.pdf,0
Zhang_FLARE_Feed-forward_Geometry_Appearance_and_Camera_Estimation_from_Uncalibrated_Sparse_CVPR_2025_paper.pdf.pdf,0
Xiang_Structured_3D_Latents_for_Scalable_and_Versatile_3D_Generation_CVPR_2025_paper.pdf.pdf,0
Xu_Weakly_Supervised_Semantic_Segmentation_via_Progressive_Confidence_Region_Expansion_CVPR_2025_paper.pdf.pdf,0
Sun_Enhancing_Dance-to-Music_Generation_via_Negative_Conditioning_Latent_Diffusion_Model_CVPR_2025_paper.pdf.pdf,0
Zhen_Teller_Real-Time_Streaming_Audio-Driven_Portrait_Animation_with_Autoregressive_Motion_Generation_CVPR_2025_paper.pdf.pdf,0
Vuillecard_Enhancing_3D_Gaze_Estimation_in_the_Wild_using_Weak_Supervision_CVPR_2025_paper.pdf.pdf,0
Gao_PartRM_Modeling_Part-Level_Dynamics_with_Large_Cross-State_Reconstruction_Model_CVPR_2025_paper.pdf.pdf,0
Hahn_Scene-Centric_Unsupervised_Panoptic_Segmentation_CVPR_2025_paper.pdf.pdf,0
Chen_LiveCC_Learning_Video_LLM_with_Streaming_Speech_Transcription_at_Scale_CVPR_2025_paper.pdf.pdf,0
Weng_Scaling_Mesh_Generation_via_Compressive_Tokenization_CVPR_2025_paper.pdf.pdf,0
Shi_Multi-modal_Topology-embedded_Graph_Learning_for_Spatially_Resolved_Genes_Prediction_from_CVPR_2025_paper.pdf.pdf,0
Yan_HVI_A_New_Color_Space_for_Low-light_Image_Enhancement_CVPR_2025_paper.pdf.pdf,0
Chen_Leveraging_Perturbation_Robustness_to_Enhance_Out-of-Distribution_Detection_CVPR_2025_paper.pdf.pdf,0
Wang_MaRI_Material_Retrieval_Integration_across_Domains_CVPR_2025_paper.pdf.pdf,0
Yariv_Through-The-Mask_Mask-based_Motion_Trajectories_for_Image-to-Video_Generation_CVPR_2025_paper.pdf.pdf,0
Liu_DEAL_Data-Efficient_Adversarial_Learning_for_High-Quality_Infrared_Imaging_CVPR_2025_paper.pdf.pdf,0
Sun_Learning_Compatible_Multi-Prize_Subnetworks_for_Asymmetric_Retrieval_CVPR_2025_paper.pdf.pdf,0
Kee_Removing_Reflections_from_RAW_Photos_CVPR_2025_paper.pdf.pdf,0
He_RivuletMLP_An_MLP-based_Architecture_for_Efficient_Compressed_Video_Quality_Enhancement_CVPR_2025_paper.pdf.pdf,0
Antony_CheXwhatsApp_A_Dataset_for_Exploring_Challenges_in_the_Diagnosis_of_CVPR_2025_paper.pdf.pdf,0
Zhu_Transformers_without_Normalization_CVPR_2025_paper.pdf.pdf,0
Xu_Adaptive_Dropout_Unleashing_Dropout_across_Layers_for_Generalizable_Image_Super-Resolution_CVPR_2025_paper.pdf.pdf,0
Nizamani_Dynamic_Neural_Surfaces_for_Elastic_4D_Shape_Representation_and_Analysis_CVPR_2025_paper.pdf.pdf,0
Kang_Do_Your_Best_and_Get_Enough_Rest_for_Continual_Learning_CVPR_2025_paper.pdf.pdf,0
Bae_MASH-VLM_Mitigating_Action-Scene_Hallucination_in_Video-LLMs_through_Disentangled_Spatial-Temporal_Representations_CVPR_2025_paper.pdf.pdf,0
Tran_SimLTD_Simple_Supervised_and_Semi-Supervised_Long-Tailed_Object_Detection_CVPR_2025_paper.pdf.pdf,0
Chen_Accelerating_Diffusion_Transformer_via_Increment-Calibrated_Caching_with_Channel-Aware_Singular_Value_CVPR_2025_paper.pdf.pdf,0
Zhang_FLAVC_Learned_Video_Compression_with_Feature_Level_Attention_CVPR_2025_paper.pdf.pdf,0
Li_VSNet_Focusing_on_the_Linguistic_Characteristics_of_Sign_Language_CVPR_2025_paper.pdf.pdf,0
Huang_From_Sparse_to_Dense_Camera_Relocalization_with_Scene-Specific_Detector_from_CVPR_2025_paper.pdf.pdf,0
Li_HyperFree_A_Channel-adaptive_and_Tuning-free_Foundation_Model_for_Hyperspectral_Remote_CVPR_2025_paper.pdf.pdf,0
Yu_Vision-Guided_Action_Enhancing_3D_Human_Motion_Prediction_with_Gaze-informed_Affordance_CVPR_2025_paper.pdf.pdf,0
Zhu_SkySense-O_Towards_Open-World_Remote_Sensing_Interpretation_with_Vision-Centric_Visual-Language_Modeling_CVPR_2025_paper.pdf.pdf,0
Yang_GenVDM_Generating_Vector_Displacement_Maps_From_a_Single_Image_CVPR_2025_paper.pdf.pdf,0
Zhou_Cross-Modal_3D_Representation_with_Multi-View_Images_and_Point_Clouds_CVPR_2025_paper.pdf.pdf,0
Zong_Rethinking_Epistemic_and_Aleatoric_Uncertainty_for_Active_Open-Set_Annotation_An_CVPR_2025_paper.pdf.pdf,0
Parihar_Compass_Control_Multi_Object_Orientation_Control_for_Text-to-Image_Generation_CVPR_2025_paper.pdf.pdf,0
Lian_AutoSSVH_Exploring_Automated_Frame_Sampling_for_Efficient_Self-Supervised_Video_Hashing_CVPR_2025_paper.pdf.pdf,0
Yu_Language_Guided_Concept_Bottleneck_Models_for_Interpretable_Continual_Learning_CVPR_2025_paper.pdf.pdf,0
Shin_Dense_Dispersed_Structured_Light_for_Hyperspectral_3D_Imaging_of_Dynamic_CVPR_2025_paper.pdf.pdf,0
Wang_PointLoRA_Low-Rank_Adaptation_with_Token_Selection_for_Point_Cloud_Learning_CVPR_2025_paper.pdf.pdf,0
Lu_Benchmarking_Large_Vision-Language_Models_via_Directed_Scene_Graph_for_Comprehensive_CVPR_2025_paper.pdf.pdf,0
Qu_CaricatureBooth_Data-Free_Interactive_Caricature_Generation_in_a_Photo_Booth_CVPR_2025_paper.pdf.pdf,0
Walker_CrossSDF_3D_Reconstruction_of_Thin_Structures_From_Cross-Sections_CVPR_2025_paper.pdf.pdf,0
Matsubara_HeatFormer_A_Neural_Optimizer_for_Multiview_Human_Mesh_Recovery_CVPR_2025_paper.pdf.pdf,0
Tian_Pay_Attention_to_the_Foreground_in_Object-Centric_Learning_CVPR_2025_paper.pdf.pdf,0
Li_CAD-Llama_Leveraging_Large_Language_Models_for_Computer-Aided_Design_Parametric_3D_CVPR_2025_paper.pdf.pdf,0
Zhao_CoT-VLA_Visual_Chain-of-Thought_Reasoning_for_Vision-Language-Action_Models_CVPR_2025_paper.pdf.pdf,0
Sun_Unseen_Visual_Anomaly_Generation_CVPR_2025_paper.pdf.pdf,0
Baade_Self-Supervised_Cross-View_Correspondence_with_Predictive_Cycle_Consistency_CVPR_2025_paper.pdf.pdf,0
Yang_3D-GRAND_A_Million-Scale_Dataset_for_3D-LLMs_with_Better_Grounding_and_CVPR_2025_paper.pdf.pdf,0
Fan_Factored-NeuS_Reconstructing_Surfaces_Illumination_and_Materials_of_Possibly_Glossy_Objects_CVPR_2025_paper.pdf.pdf,0
Liu_Query_Efficient_Black-Box_Visual_Prompting_with_Subspace_Learning_CVPR_2025_paper.pdf.pdf,0
Liu_When_the_Future_Becomes_the_Past_Taming_Temporal_Correspondence_for_CVPR_2025_paper.pdf.pdf,0
Wan_S2Gaussian_Sparse-View_Super-Resolution_3D_Gaussian_Splatting_CVPR_2025_paper.pdf.pdf,0
Yang_HEIE_MLLM-Based_Hierarchical_Explainable_AIGC_Image_Implausibility_Evaluator_CVPR_2025_paper.pdf.pdf,0
Banerjee_HOT3D_Hand_and_Object_Tracking_in_3D_from_Egocentric_Multi-View_CVPR_2025_paper.pdf.pdf,0
Yin_Towards_Precise_Scaling_Laws_for_Video_Diffusion_Transformers_CVPR_2025_paper.pdf.pdf,0
Gong_The_Devil_is_in_Temporal_Token_High_Quality_Video_Reasoning_CVPR_2025_paper.pdf.pdf,0
Ham_Parameter_Efficient_Mamba_Tuning_via_Projector-targeted_Diagonal-centric_Linear_Transformation_CVPR_2025_paper.pdf.pdf,0
Liang_Zero-Shot_Monocular_Scene_Flow_Estimation_in_the_Wild_CVPR_2025_paper.pdf.pdf,0
Zhao_SP3D_Boosting_Sparsely-Supervised_3D_Object_Detection_via_Accurate_Cross-Modal_Semantic_CVPR_2025_paper.pdf.pdf,0
Jang_3D-GSW_3D_Gaussian_Splatting_for_Robust_Watermarking_CVPR_2025_paper.pdf.pdf,0
Lu_Shading_Meets_Motion_Self-supervised_Indoor_3D_Reconstruction_Via_Simultaneous_Shape-from-Shading_CVPR_2025_paper.pdf.pdf,0
Feng_CASAGPT_Cuboid_Arrangement_and_Scene_Assembly_for_Interior_Design_CVPR_2025_paper.pdf.pdf,0
Mu_EditAR_Unified_Conditional_Generation_with_Autoregressive_Models_CVPR_2025_paper.pdf.pdf,0
Bandyopadhyay_FlipSketch_Flipping_Static_Drawings_to_Text-Guided_Sketch_Animations_CVPR_2025_paper.pdf.pdf,0
Liu_Commonsense_Video_Question_Answering_through_Video-Grounded_Entailment_Tree_Reasoning_CVPR_2025_paper.pdf.pdf,0
Roth_Context-Aware_Multimodal_Pretraining_CVPR_2025_paper.pdf.pdf,0
Liu_DynamicScaler_Seamless_and_Scalable_Video_Generation_for_Panoramic_Scenes_CVPR_2025_paper.pdf.pdf,0
Grobrugge_Towards_Human-Understandable_Multi-Dimensional_Concept_Discovery_CVPR_2025_paper.pdf.pdf,0
Qu_Automatic_Joint_Structured_Pruning_and_Quantization_for_Efficient_Neural_Network_CVPR_2025_paper.pdf.pdf,0
Xing_Conical_Visual_Concentration_for_Efficient_Large_Vision-Language_Models_CVPR_2025_paper.pdf.pdf,0
Gallagher-Syed_BioX-CPath_Biologically-driven_Explainable_Diagnostics_for_Multistain_IHC_Computational_Pathology_CVPR_2025_paper.pdf.pdf,0
Wang_Towards_Precise_Embodied_Dialogue_Localization_via_Causality_Guided_Diffusion_CVPR_2025_paper.pdf.pdf,0
Goswami_RoboPEPP_Vision-Based_Robot_Pose_and_Joint_Angle_Estimation_through_Embedding_CVPR_2025_paper.pdf.pdf,0
Qu_TokenFlow_Unified_Image_Tokenizer_for_Multimodal_Understanding_and_Generation_CVPR_2025_paper.pdf.pdf,0
Yao_AirRoom_Objects_Matter_in_Room_Reidentification_CVPR_2025_paper.pdf.pdf,0
Yao_Think_Small_Act_Big_Primitive_Prompt_Learning_for_Lifelong_Robot_CVPR_2025_paper.pdf.pdf,0
Rui_Multi-modal_Vision_Pre-training_for_Medical_Image_Analysis_CVPR_2025_paper.pdf.pdf,0
You_RENO_Real-Time_Neural_Compression_for_3D_LiDAR_Point_Clouds_CVPR_2025_paper.pdf.pdf,0
Azad_HierarQ_Task-Aware_Hierarchical_Q-Former_for_Enhanced_Video_Understanding_CVPR_2025_paper.pdf.pdf,0
Kucuksozen_Hierarchical_Compact_Clustering_Attention_COCA_for_Unsupervised_Object-Centric_Learning_CVPR_2025_paper.pdf.pdf,0
Zhang_CarPlanner_Consistent_Auto-regressive_Trajectory_Planning_for_Large-Scale_Reinforcement_Learning_in_CVPR_2025_paper.pdf.pdf,0
Li_Learning_Physics-Based_Full-Body_Human_Reaching_and_Grasping_from_Brief_Walking_CVPR_2025_paper.pdf.pdf,0
Li_Towards_Visual_Discrimination_and_Reasoning_of_Real-World_Physical_Dynamics_Physics-Grounded_CVPR_2025_paper.pdf.pdf,0
Lin_SGC-Net_Stratified_Granular_Comparison_Network_for_Open-Vocabulary_HOI_Detection_CVPR_2025_paper.pdf.pdf,0
Yin_From_Slow_Bidirectional_to_Fast_Autoregressive_Video_Diffusion_Models_CVPR_2025_paper.pdf.pdf,0
Zhu_FedMIA_An_Effective_Membership_Inference_Attack_Exploiting_All_for_One_CVPR_2025_paper.pdf.pdf,0
Zhang_MultiGO_Towards_Multi-level_Geometry_Learning_for_Monocular_3D_Textured_Human_CVPR_2025_paper.pdf.pdf,0
Liu_MangaNinja_Line_Art_Colorization_with_Precise_Reference_Following_CVPR_2025_paper.pdf.pdf,0
Ni_Balancing_Two_Classifiers_via_A_Simplex_ETF_Structure_for_Model_CVPR_2025_paper.pdf.pdf,0
Fan_Pose-Guided_Temporal_Enhancement_for_Robust_Low-Resolution_Hand_Reconstruction_CVPR_2025_paper.pdf.pdf,0
Peng_DualTalk_Dual-Speaker_Interaction_for_3D_Talking_Head_Conversations_CVPR_2025_paper.pdf.pdf,0
Wang_Distribution_Prototype_Diffusion_Learning_for_Open-set_Supervised_Anomaly_Detection_CVPR_2025_paper.pdf.pdf,0
Guang_Dragin3D_Image_Editing_by_Dragging_in_3D_Space_CVPR_2025_paper.pdf.pdf,0
Kriz_MultiVENT_2.0_A_Massive_Multilingual_Benchmark_for_Event-Centric_Video_Retrieval_CVPR_2025_paper.pdf.pdf,0
Ashutosh_FIction_4D_Future_Interaction_Prediction_from_Video_CVPR_2025_paper.pdf.pdf,0
Hua_Deterministic-to-Stochastic_Diverse_Latent_Feature_Mapping_for_Human_Motion_Synthesis_CVPR_2025_paper.pdf.pdf,0
Ding_Three-view_Focal_Length_Recovery_From_Homographies_CVPR_2025_paper.pdf.pdf,0
Spitznagel_PhysicsGen_Can_Generative_Models_Learn_from_Images_to_Predict_Complex_CVPR_2025_paper.pdf.pdf,0
Lai_Order-Robust_Class_Incremental_Learning_Graph-Driven_Dynamic_Similarity_Grouping_CVPR_2025_paper.pdf.pdf,0
Wu_F-LMM_Grounding_Frozen_Large_Multimodal_Models_CVPR_2025_paper.pdf.pdf,0
Lee_Any6D_Model-free_6D_Pose_Estimation_of_Novel_Objects_CVPR_2025_paper.pdf.pdf,0
Gao_Mani-GS_Gaussian_Splatting_Manipulation_with_Triangular_Mesh_CVPR_2025_paper.pdf.pdf,0
Wu_Mind_the_Time_Temporally-Controlled_Multi-Event_Video_Generation_CVPR_2025_paper.pdf.pdf,0
Tao_Dual-view_X-ray_Detection_Can_AI_Detect_Prohibited_Items_from_Dual-view_CVPR_2025_paper.pdf.pdf,0
Stracke_CleanDIFT_Diffusion_Features_without_Noise_CVPR_2025_paper.pdf.pdf,0
Wu_CAT4D_Create_Anything_in_4D_with_Multi-View_Video_Diffusion_Models_CVPR_2025_paper.pdf.pdf,0
Mei_SAM-I2V_Upgrading_SAM_to_Support_Promptable_Video_Segmentation_with_Less_CVPR_2025_paper.pdf.pdf,0
Huang_Move-in-2D_2D-Conditioned_Human_Motion_Generation_CVPR_2025_paper.pdf.pdf,0
Kim_GENIUS_A_Generative_Framework_for_Universal_Multimodal_Search_CVPR_2025_paper.pdf.pdf,0
Feng_Align-KD_Distilling_Cross-Modal_Alignment_Knowledge_for_Mobile_Vision-Language_Large_Model_CVPR_2025_paper.pdf.pdf,0
Zeng_DeepLA-Net_Very_Deep_Local_Aggregation_Networks_for_Point_Cloud_Analysis_CVPR_2025_paper.pdf.pdf,0
Ye_BEVDiffuser_Plug-and-Play_Diffusion_Model_for_BEV_Denoising_with_Ground-Truth_Guidance_CVPR_2025_paper.pdf.pdf,0
Wang_BLADE_Single-view_Body_Mesh_Estimation_through_Accurate_Depth_Estimation_CVPR_2025_paper.pdf.pdf,0
Xu_A_Hubness_Perspective_on_Representation_Learning_for_Graph-Based_Multi-View_Clustering_CVPR_2025_paper.pdf.pdf,0
Baumann_Continuous_Subject-Specific_Attribute_Control_in_T2I_Models_by_Identifying_Semantic_CVPR_2025_paper.pdf.pdf,0
Wang_TopNet_Transformer-Efficient_Occupancy_Prediction_Network_for_Octree-Structured_Point_Cloud_Geometry_CVPR_2025_paper.pdf.pdf,0
Fu_Consistent_Normal_Orientation_for_3D_Point_Clouds_via_Least_Squares_CVPR_2025_paper.pdf.pdf,0
Han_DynFocus_Dynamic_Cooperative_Network_Empowers_LLMs_with_Video_Understanding_CVPR_2025_paper.pdf.pdf,0
Wu_Chat2SVG_Vector_Graphics_Generation_with_Large_Language_Models_and_Image_CVPR_2025_paper.pdf.pdf,0
Li_PSHuman_Photorealistic_Single-image_3D_Human_Reconstruction_using_Cross-Scale_Multiview_Diffusion_CVPR_2025_paper.pdf.pdf,0
Kha_RobSense_A_Robust_Multi-modal_Foundation_Model_for_Remote_Sensing_with_CVPR_2025_paper.pdf.pdf,0
Agro_MAD_Memory-Augmented_Detection_of_3D_Objects_CVPR_2025_paper.pdf.pdf,0
Chang_GCC_Generative_Color_Constancy_via_Diffusing_a_Color_Checker_CVPR_2025_paper.pdf.pdf,0
Li_Seeking_Consistent_Flat_Minima_for_Better_Domain_Generalization_via_Refining_CVPR_2025_paper.pdf.pdf,0
Li_Unleashing_the_Potential_of_Consistency_Learning_for_Detecting_and_Grounding_CVPR_2025_paper.pdf.pdf,0
Guo_Towards_Natural_Language-Based_Document_Image_Retrieval_New_Dataset_and_Benchmark_CVPR_2025_paper.pdf.pdf,0
Liu_Stealthy_Backdoor_Attack_in_Self-Supervised_Learning_Vision_Encoders_for_Large_CVPR_2025_paper.pdf.pdf,0
Mao_Making_Old_Film_Great_Again_Degradation-aware_State_Space_Model_for_CVPR_2025_paper.pdf.pdf,0
Wang_Gazing_at_Rewards_Eye_Movements_as_a_Lens_into_Human_CVPR_2025_paper.pdf.pdf,0
Zhao_Convex_Combination_Star_Shape_Prior_for_Data-driven_Image_Semantic_Segmentation_CVPR_2025_paper.pdf.pdf,0
Meng_EchoMimicV2_Towards_Striking_Simplified_and_Semi-Body_Human_Animation_CVPR_2025_paper.pdf.pdf,0
Dong_TSD-SR_One-Step_Diffusion_with_Target_Score_Distillation_for_Real-World_Image_CVPR_2025_paper.pdf.pdf,0
Jung_Exposure-slot_Exposure-centric_Representations_Learning_with_Slot-in-Slot_Attention_for_Region-aware_Exposure_CVPR_2025_paper.pdf.pdf,0
Peng_DeSiRe-GS_4D_Street_Gaussians_for_Static-Dynamic_Decomposition_and_Surface_Reconstruction_CVPR_2025_paper.pdf.pdf,0
Ke_Knowledge_Bridger_Towards_Training-Free_Missing_Modality_Completion_CVPR_2025_paper.pdf.pdf,0
Mehta_Locally_Orderless_Images_for_Optimization_in_Differentiable_Rendering_CVPR_2025_paper.pdf.pdf,0
Qin_Apply_Hierarchical-Chain-of-Generation_to_Complex_Attributes_Text-to-3D_Generation_CVPR_2025_paper.pdf.pdf,0
Xing_ConText-CIR_Learning_from_Concepts_in_Text_for_Composed_Image_Retrieval_CVPR_2025_paper.pdf.pdf,0
Lei_AnimateAnything_Consistent_and_Controllable_Animation_for_Video_Generation_CVPR_2025_paper.pdf.pdf,0
Rathore_When_Domain_Generalization_meets_Generalized_Category_Discovery_An_Adaptive_Task-Arithmetic_CVPR_2025_paper.pdf.pdf,0
Guo_Make-It-Animatable_An_Efficient_Framework_for_Authoring_Animation-Ready_3D_Characters_CVPR_2025_paper.pdf.pdf,0
Han_Towards_Lossless_Implicit_Neural_Representation_via_Bit_Plane_Decomposition_CVPR_2025_paper.pdf.pdf,0
Zeng_Foveated_Instance_Segmentation_CVPR_2025_paper.pdf.pdf,0
Wang_MotiF_Making_Text_Count_in_Image_Animation_with_Motion_Focal_CVPR_2025_paper.pdf.pdf,0
Curreli_Nonisotropic_Gaussian_Diffusion_for_Realistic_3D_Human_Motion_Prediction_CVPR_2025_paper.pdf.pdf,0
Fu_MoFlow_One-Step_Flow_Matching_for_Human_Trajectory_Forecasting_via_Implicit_CVPR_2025_paper.pdf.pdf,0
Terris_FiRe_Fixed-points_of_Restoration_Priors_for_Solving_Inverse_Problems_CVPR_2025_paper.pdf.pdf,0
Lv_Test-Time_Domain_Generalization_via_Universe_Learning_A_Multi-Graph_Matching_Approach_CVPR_2025_paper.pdf.pdf,Error
Kim_Text_Embedding_is_Not_All_You_Need_Attention_Control_for_CVPR_2025_paper.pdf.pdf,0
Xu_VLMs-Guided_Representation_Distillation_for_Efficient_Vision-Based_Reinforcement_Learning_CVPR_2025_paper.pdf.pdf,0
Wang_OmniDrive_A_Holistic_Vision-Language_Dataset_for_Autonomous_Driving_with_Counterfactual_CVPR_2025_paper.pdf.pdf,0
Cui_OPTICAL_Leveraging_Optimal_Transport_for_Contribution_Allocation_in_Dataset_Distillation_CVPR_2025_paper.pdf.pdf,0
Yeung_Reanimating_Images_using_Neural_Representations_of_Dynamic_Stimuli_CVPR_2025_paper.pdf.pdf,0
Yang_Patient-Level_Anatomy_Meets_Scanning-Level_Physics_Personalized_Federated_Low-Dose_CT_Denoising_CVPR_2025_paper.pdf.pdf,0
Li_T2ISafety_Benchmark_for_Assessing_Fairness_Toxicity_and_Privacy_in_Image_CVPR_2025_paper.pdf.pdf,0
Zhang_Simulator_HC_Regression-based_Online_Simulation_of_Starting_Problem-Solution_Pairs_for_CVPR_2025_paper.pdf.pdf,0
Yang_Gyro-based_Neural_Single_Image_Deblurring_CVPR_2025_paper.pdf.pdf,0
Zhang_Localizing_Events_in_Videos_with_Multimodal_Queries_CVPR_2025_paper.pdf.pdf,0
Liu_Few-Shot_Recognition_via_Stage-Wise_Retrieval-Augmented_Finetuning_CVPR_2025_paper.pdf.pdf,0
Li_LIRM_Large_Inverse_Rendering_Model_for_Progressive_Reconstruction_of_Shape_CVPR_2025_paper.pdf.pdf,0
Wang_FRESA_Feedforward_Reconstruction_of_Personalized_Skinned_Avatars_from_Few_Images_CVPR_2025_paper.pdf.pdf,0
Tu_GBC-Splat_Generalizable_Gaussian-Based_Clothed_Human_Digitalization_under_Sparse_RGB_Cameras_CVPR_2025_paper.pdf.pdf,0
Jung_On_the_Consistency_of_Video_Large_Language_Models_in_Temporal_CVPR_2025_paper.pdf.pdf,0
Matsuo_Instance-wise_Supervision-level_Optimization_in_Active_Learning_CVPR_2025_paper.pdf.pdf,0
Guo_BrepGiff_Lightweight_Generation_of_Complex_B-rep_with_3D_GAT_Diffusion_CVPR_2025_paper.pdf.pdf,0
Zheng_Efficient_Video_Super-Resolution_for_Real-time_Rendering_with_Decoupled_G-buffer_Guidance_CVPR_2025_paper.pdf.pdf,0
Zhang_Adaptive_Parameter_Selection_for_Tuning_Vision-Language_Models_CVPR_2025_paper.pdf.pdf,0
Bu_ByTheWay_Boost_Your_Text-to-Video_Generation_Model_to_Higher_Quality_in_CVPR_2025_paper.pdf.pdf,0
Pang_Context-Enhanced_Memory-Refined_Transformer_for_Online_Action_Detection_CVPR_2025_paper.pdf.pdf,0
Taketsugu_Physical_Plausibility-aware_Trajectory_Prediction_via_Locomotion_Embodiment_CVPR_2025_paper.pdf.pdf,0
Xiang_Jailbreaking_the_Non-Transferable_Barrier_via_Test-Time_Data_Disguising_CVPR_2025_paper.pdf.pdf,0
Chen_ICT_Image-Object_Cross-Level_Trusted_Intervention_for_Mitigating_Object_Hallucination_in_CVPR_2025_paper.pdf.pdf,0
Su_ANNEXE_Unified_Analyzing_Answering_and_Pixel_Grounding_for_Egocentric_Interaction_CVPR_2025_paper.pdf.pdf,0
Srivatsan_STEREO_A_Two-Stage_Framework_for_Adversarially_Robust_Concept_Erasing_from_CVPR_2025_paper.pdf.pdf,0
Wang_SkillMimic_Learning_Basketball_Interaction_Skills_from_Demonstrations_CVPR_2025_paper.pdf.pdf,0
Yao_RigGS_Rigging_of_3D_Gaussians_for_Modeling_Articulated_Objects_in_CVPR_2025_paper.pdf.pdf,0
Yan_Instant_Gaussian_Stream_Fast_and_Generalizable_Streaming_of_Dynamic_Scene_CVPR_2025_paper.pdf.pdf,0
Cao_SocialGesture_Delving_into_Multi-person_Gesture_Understanding_CVPR_2025_paper.pdf.pdf,0
Zhou_PIDSR_Complementary_Polarized_Image_Demosaicing_and_Super-Resolution_CVPR_2025_paper.pdf.pdf,0
Zhao_Distilling_Long-tailed_Datasets_CVPR_2025_paper.pdf.pdf,0
Liu_Protecting_Your_Video_Content_Disrupting_Automated_Video-based_LLM_Annotations_CVPR_2025_paper.pdf.pdf,0
Hesham_Exploiting_Temporal_State_Space_Sharing_for_Video_Semantic_Segmentation_CVPR_2025_paper.pdf.pdf,0
Lin_GLUS_Global-Local_Reasoning_Unified_into_A_Single_Large_Language_Model_CVPR_2025_paper.pdf.pdf,0
Choi_Dual_Exposure_Stereo_for_Extended_Dynamic_Range_3D_Imaging_CVPR_2025_paper.pdf.pdf,0
Khalil_NoT_Federated_Unlearning_via_Weight_Negation_CVPR_2025_paper.pdf.pdf,0
Xia_Seek_Common_Ground_While_Reserving_Differences_Semi-Supervised_Image-Text_Sentiment_Recognition_CVPR_2025_paper.pdf.pdf,0
Schmidt_Segment_This_Thing_Foveated_Tokenization_for_Efficient_Point-Prompted_Segmentation_CVPR_2025_paper.pdf.pdf,0
Lee_Localized_Concept_Erasure_for_Text-to-Image_Diffusion_Models_Using_Training-Free_Gated_CVPR_2025_paper.pdf.pdf,0
Han_MoST_Efficient_Monarch_Sparse_Tuning_for_3D_Representation_Learning_CVPR_2025_paper.pdf.pdf,0
Smadar_Dynamic_Group_Normalization_Spatio-Temporal_Adaptation_to_Evolving_Data_Statistics_CVPR_2025_paper.pdf.pdf,0
Jang_VL2Lite_Task-Specific_Knowledge_Distillation_from_Large_Vision-Language_Models_to_Lightweight_CVPR_2025_paper.pdf.pdf,0
Cheng_Stacking_Brick_by_Brick_Aligned_Feature_Isolation_for_Incremental_Face_CVPR_2025_paper.pdf.pdf,0
Hou_Binarized_Neural_Network_for_Multi-spectral_Image_Fusion_CVPR_2025_paper.pdf.pdf,0
Du_SVLTA_Benchmarking_Vision-Language_Temporal_Alignment_via_Synthetic_Video_Situation_CVPR_2025_paper.pdf.pdf,0
Choi_Controllable_Human_Image_Generation_with_Personalized_Multi-Garments_CVPR_2025_paper.pdf.pdf,0
Chen_MIMO_A_Medical_Vision_Language_Model_with_Visual_Referring_Multimodal_CVPR_2025_paper.pdf.pdf,0
Cheng_Interactive_Medical_Image_Segmentation_A_Benchmark_Dataset_and_Baseline_CVPR_2025_paper.pdf.pdf,0
Lin_A_Unified_Image-Dense_Annotation_Generation_Model_for_Underwater_Scenes_CVPR_2025_paper.pdf.pdf,0
Garber_Zero-Shot_Image_Restoration_Using_Few-Step_Guidance_of_Consistency_Models_and_CVPR_2025_paper.pdf.pdf,0
Choi_ScribbleLight_Single_Image_Indoor_Relighting_with_Scribbles_CVPR_2025_paper.pdf.pdf,0
Fan_InstanceCap_Improving_Text-to-Video_Generation_via_Instance-aware_Structured_Caption_CVPR_2025_paper.pdf.pdf,0
Kim_Random_Conditioning_for_Diffusion_Model_Compression_with_Distillation_CVPR_2025_paper.pdf.pdf,0
Monroy_Generalized_Recorrupted-to-Recorrupted_Self-Supervised_Learning_Beyond_Gaussian_Noise_CVPR_2025_paper.pdf.pdf,1
Xie_SmartCLIP_Modular_Vision-language_Alignment_with_Identification_Guarantees_CVPR_2025_paper.pdf.pdf,0
Zhang_SeriesBench_A_Benchmark_for_Narrative-Driven_Drama_Series_Understanding_CVPR_2025_paper.pdf.pdf,0
Zhou_Taming_Teacher_Forcing_for_Masked_Autoregressive_Video_Generation_CVPR_2025_paper.pdf.pdf,0
Ni_ReconDreamer_Crafting_World_Models_for_Driving_Scene_Reconstruction_via_Online_CVPR_2025_paper.pdf.pdf,0
Dal_Cin_AnyMap_Learning_a_General_Camera_Model_for_Structure-from-Motion_with_Unknown_CVPR_2025_paper.pdf.pdf,0
Li_CH3Depth_Efficient_and_Flexible_Depth_Foundation_Model_with_Flow_Matching_CVPR_2025_paper.pdf.pdf,0
Wen_Reconstructing_In-the-Wild_Open-Vocabulary_Human-Object_Interactions_CVPR_2025_paper.pdf.pdf,0
Chang_LookingGlass_Generative_Anamorphoses_via_Laplacian_Pyramid_Warping_CVPR_2025_paper.pdf.pdf,0
Guo_Audio-Visual_Instance_Segmentation_CVPR_2025_paper.pdf.pdf,0
Pang_Identity-Clothing_Similarity_Modeling_for_Unsupervised_Clothing_Change_Person_Re-Identification_CVPR_2025_paper.pdf.pdf,0
Tang_Simplification_Is_All_You_Need_against_Out-of-Distribution_Overconfidence_CVPR_2025_paper.pdf.pdf,0
Weng_VIRES_Video_Instance_Repainting_via_Sketch_and_Text_Guided_Generation_CVPR_2025_paper.pdf.pdf,0
Mao_SIR-DIFF_Sparse_Image_Sets_Restoration_with_Multi-View_Diffusion_Model_CVPR_2025_paper.pdf.pdf,0
Wu_MODA_Motion-Drift_Augmentation_for_Inertial_Human_Motion_Analysis_CVPR_2025_paper.pdf.pdf,0
Wang_Federated_Learning_with_Domain_Shift_Eraser_CVPR_2025_paper.pdf.pdf,0
Wu_SAMBLE_Shape-Specific_Point_Cloud_Sampling_for_an_Optimal_Trade-Off_Between_CVPR_2025_paper.pdf.pdf,0
Zhang_Automated_Generation_of_Challenging_Multiple-Choice_Questions_for_Vision_Language_Model_CVPR_2025_paper.pdf.pdf,0
Zhang_Bridging_Modalities_Improving_Universal_Multimodal_Retrieval_by_Multimodal_Large_Language_CVPR_2025_paper.pdf.pdf,0
Chen_Sensitivity-Aware_Efficient_Fine-Tuning_via_Compact_Dynamic-Rank_Adaptation_CVPR_2025_paper.pdf.pdf,0
Xing_EchoTraffic_Enhancing_Traffic_Anomaly_Understanding_with_Audio-Visual_Insights_CVPR_2025_paper.pdf.pdf,0
Choe_Universal_Domain_Adaptation_for_Semantic_Segmentation_CVPR_2025_paper.pdf.pdf,0
Zhao_FisherTune_Fisher-Guided_Robust_Tuning_of_Vision_Foundation_Models_for_Domain_CVPR_2025_paper.pdf.pdf,0
Wang_Dual_Semantic_Guidance_for_Open_Vocabulary_Semantic_Segmentation_CVPR_2025_paper.pdf.pdf,0
Zhu_SceneCrafter_Controllable_Multi-View_Driving_Scene_Editing_CVPR_2025_paper.pdf.pdf,0
Zhu_DiG_Scalable_and_Efficient_Diffusion_Models_with_Gated_Linear_Attention_CVPR_2025_paper.pdf.pdf,0
Wang_UniHOPE_A_Unified_Approach_for_Hand-Only_and_Hand-Object_Pose_Estimation_CVPR_2025_paper.pdf.pdf,0
Danier_DepthCues_Evaluating_Monocular_Depth_Perception_in_Large_Vision_Models_CVPR_2025_paper.pdf.pdf,0
Wang_TAMT_Temporal-Aware_Model_Tuning_for_Cross-Domain_Few-Shot_Action_Recognition_CVPR_2025_paper.pdf.pdf,0
Yuan_Generative_Photography_Scene-Consistent_Camera_Control_for_Realistic_Text-to-Image_Synthesis_CVPR_2025_paper.pdf.pdf,0
Song_MagicArticulate_Make_Your_3D_Models_Articulation-Ready_CVPR_2025_paper.pdf.pdf,0
Lee_Generative_Omnimatte_Learning_to_Decompose_Video_into_Layers_CVPR_2025_paper.pdf.pdf,0
Choi_Channel-wise_Noise_Scheduled_Diffusion_for_Inverse_Rendering_in_Indoor_Scenes_CVPR_2025_paper.pdf.pdf,0
Xu_Detecting_Backdoor_Attacks_in_Federated_Learning_via_Direction_Alignment_Inspection_CVPR_2025_paper.pdf.pdf,0
Liu_Language-Guided_Salient_Object_Ranking_CVPR_2025_paper.pdf.pdf,0
Nguyen_YoChameleon_Personalized_Vision_and_Language_Generation_CVPR_2025_paper.pdf.pdf,0
Cui_Incorporating_Dense_Knowledge_Alignment_into_Unified_Multimodal_Representation_Models_CVPR_2025_paper.pdf.pdf,0
Wang_MP-GUI_Modality_Perception_with_MLLMs_for_GUI_Understanding_CVPR_2025_paper.pdf.pdf,0
Qu_ProAPO_Progressively_Automatic_Prompt_Optimization_for_Visual_Classification_CVPR_2025_paper.pdf.pdf,0
Kim_Exploring_Temporally-Aware_Features_for_Point_Tracking_CVPR_2025_paper.pdf.pdf,0
Chen_TaoAvatar_Real-Time_Lifelike_Full-Body_Talking_Avatars_for_Augmented_Reality_via_CVPR_2025_paper.pdf.pdf,0
Jiang_HIIF_Hierarchical_Encoding_based_Implicit_Image_Function_for_Continuous_Super-resolution_CVPR_2025_paper.pdf.pdf,0
Jia_D2iT_Dynamic_Diffusion_Transformer_for_Accurate_Image_Generation_CVPR_2025_paper.pdf.pdf,0
Lee_REWIND_Real-Time_Egocentric_Whole-Body_Motion_Diffusion_with_Exemplar-Based_Identity_Conditioning_CVPR_2025_paper.pdf.pdf,0
Guo_Vid2Avatar-Pro_Authentic_Avatar_from_Videos_in_the_Wild_via_Universal_CVPR_2025_paper.pdf.pdf,0
Wang_SeqMvRL_A_Sequential_Fusion_Framework_for_Multi-view_Representation_Learning_CVPR_2025_paper.pdf.pdf,0
Ouyang_OmniDocBench_Benchmarking_Diverse_PDF_Document_Parsing_with_Comprehensive_Annotations_CVPR_2025_paper.pdf.pdf,0
Chu_Robust_Multi-Object_4D_Generation_for_In-the-wild_Videos_CVPR_2025_paper.pdf.pdf,0
Wu_4D-Fly_Fast_4D_Reconstruction_from_a_Single_Monocular_Video_CVPR_2025_paper.pdf.pdf,0
Zhou_UNIALIGN_Scaling_Multimodal_Alignment_within_One_Unified_Model_CVPR_2025_paper.pdf.pdf,0
Garosi_Compositional_Caching_for_Training-free_Open-vocabulary_Attribute_Detection_CVPR_2025_paper.pdf.pdf,0
Wang_HotSpot_Signed_Distance_Function_Optimization_with_an_Asymptotically_Sufficient_Condition_CVPR_2025_paper.pdf.pdf,0
Ouyang_K-LoRA_Unlocking_Training-Free_Fusion_of_Any_Subject_and_Style_LoRAs_CVPR_2025_paper.pdf.pdf,0
Kim_RefPose_Leveraging_Reference_Geometric_Correspondences_for_Accurate_6D_Pose_Estimation_CVPR_2025_paper.pdf.pdf,0
Li_LION-FS_Fast__Slow_Video-Language_Thinker_as_Online_Video_Assistant_CVPR_2025_paper.pdf.pdf,0
Zhang_MaDCoW_Marginal_Distortion_Correction_for_Wide-Angle_Photography_with_Arbitrary_Objects_CVPR_2025_paper.pdf.pdf,0
Sinha_MARVEL-40M_Multi-Level_Visual_Elaboration_for_High-Fidelity_Text-to-3D_Content_Creation_CVPR_2025_paper.pdf.pdf,0
Yan_Image_Referenced_Sketch_Colorization_Based_on_Animation_Creation_Workflow_CVPR_2025_paper.pdf.pdf,0
Nguyen_SwiftEdit_Lightning_Fast_Text-Guided_Image_Editing_via_One-Step_Diffusion_CVPR_2025_paper.pdf.pdf,0
Rahman_EffiDec3D_An_Optimized_Decoder_for_High-Performance_and_Efficient_3D_Medical_CVPR_2025_paper.pdf.pdf,0
Man_AdaCM2_On_Understanding_Extremely_Long-Term_Video_with_Adaptive_Cross-Modality_Memory_CVPR_2025_paper.pdf.pdf,0
Li_EEE-Bench_A_Comprehensive_Multimodal_Electrical_And_Electronics_Engineering_Benchmark_CVPR_2025_paper.pdf.pdf,0
Wu_DIFIX3D_Improving_3D_Reconstructions_with_Single-Step_Diffusion_Models_CVPR_2025_paper.pdf.pdf,0
Liang_Movie_Weaver_Tuning-Free_Multi-Concept_Video_Personalization_with_Anchored_Prompts_CVPR_2025_paper.pdf.pdf,0
Zhang_Visual_Prompting_for_One-shot_Controllable_Video_Editing_without_Inversion_CVPR_2025_paper.pdf.pdf,0
Guo_Neuro-3D_Towards_3D_Visual_Decoding_from_EEG_Signals_CVPR_2025_paper.pdf.pdf,0
Xie_Lets_Chorus_Partner-aware_Hybrid_Song-Driven_3D_Head_Animation_CVPR_2025_paper.pdf.pdf,0
He_VTON_360_High-Fidelity_Virtual_Try-On_from_Any_Viewing_Direction_CVPR_2025_paper.pdf.pdf,0
Shin_Large-Scale_Text-to-Image_Model_with_Inpainting_is_a_Zero-Shot_Subject-Driven_Image_CVPR_2025_paper.pdf.pdf,0
Cao_Temporal_Score_Analysis_for_Understanding_and_Correcting_Diffusion_Artifacts_CVPR_2025_paper.pdf.pdf,0
Kerssies_Your_ViT_is_Secretly_an_Image_Segmentation_Model_CVPR_2025_paper.pdf.pdf,0
Dhakal_RANGE_Retrieval_Augmented_Neural_Fields_for_Multi-Resolution_Geo-Embeddings_CVPR_2025_paper.pdf.pdf,0
Wang_Learning_to_Normalize_on_the_SPD_Manifold_under_Bures-Wasserstein_Geometry_CVPR_2025_paper.pdf.pdf,0
Konwer_Enhancing_SAM_with_Efficient_Prompting_and_Preference_Optimization_for_Semi-supervised_CVPR_2025_paper.pdf.pdf,0
Yang_Libra-Merging_Importance-redundancy_and_Pruning-merging_Trade-off_for_Acceleration_Plug-in_in_Large_CVPR_2025_paper.pdf.pdf,0
Yang_Gain_from_Neighbors_Boosting_Model_Robustness_in_the_Wild_via_CVPR_2025_paper.pdf.pdf,0
Fan_Learning_Textual_Prompts_for_Open-World_Semi-Supervised_Learning_CVPR_2025_paper.pdf.pdf,0
Wang_PromptHMR_Promptable_Human_Mesh_Recovery_CVPR_2025_paper.pdf.pdf,0
Wu_GeoDepth_From_Point-to-Depth_to_Plane-to-Depth_Modeling_for_Self-Supervised_Monocular_Depth_CVPR_2025_paper.pdf.pdf,0
Chen_A_Polarization-Aided_Transformer_for_Image_Deblurring_via_Motion_Vector_Decomposition_CVPR_2025_paper.pdf.pdf,0
Liao_SPC-GS_Gaussian_Splatting_with_Semantic-Prompt_Consistency_for_Indoor_Open-World_Free-view_CVPR_2025_paper.pdf.pdf,0
Bigverdi_Perception_Tokens_Enhance_Visual_Reasoning_in_Multimodal_Language_Models_CVPR_2025_paper.pdf.pdf,0
Berasi_Not_Only_Text_Exploring_Compositionality_of_Visual_Representations_in_Vision-Language_CVPR_2025_paper.pdf.pdf,0
Zhou_PillarHist_A_Quantization-aware_Pillar_Feature_Encoder_based_on_Height-aware_Histogram_CVPR_2025_paper.pdf.pdf,0
Samira_Variance-Based_Membership_Inference_Attacks_Against_Large-Scale_Image_Captioning_Models_CVPR_2025_paper.pdf.pdf,0
Radman_TSAM_Temporal_SAM_Augmented_with_Multimodal_Prompts_for_Referring_Audio-Visual_CVPR_2025_paper.pdf.pdf,0
Chung_Differentiable_Inverse_Rendering_with_Interpretable_Basis_BRDFs_CVPR_2025_paper.pdf.pdf,0
Nath_VILA-M3_Enhancing_Vision-Language_Models_with_Medical_Expert_Knowledge_CVPR_2025_paper.pdf.pdf,0
Lu_Matrix3D_Large_Photogrammetry_Model_All-in-One_CVPR_2025_paper.pdf.pdf,0
Liu_LamRA_Large_Multimodal_Model_as_Your_Advanced_Retrieval_Assistant_CVPR_2025_paper.pdf.pdf,0
Lee_ABBSPO_Adaptive_Bounding_Box_Scaling_and_Symmetric_Prior_based_Orientation_CVPR_2025_paper.pdf.pdf,0
Li_Image_Quality_Assessment_From_Human_to_Machine_Preference_CVPR_2025_paper.pdf.pdf,0
Jung_Two_is_Better_than_One__Efficient_Ensemble_Defense_for_CVPR_2025_paper.pdf.pdf,0
Cong_EmoDubber_Towards_High_Quality_and_Emotion_Controllable_Movie_Dubbing__CVPR_2025_paper.pdf.pdf,0
Lu_Continuous_Adverse_Weather_Removal_via_Degradation-Aware_Distillation_CVPR_2025_paper.pdf.pdf,0
Marques_GauCho_Gaussian_Distributions_with_Cholesky_Decomposition_for_Oriented_Object_Detection_CVPR_2025_paper.pdf.pdf,1
Xu_DriveGPT4-V2_Harnessing_Large_Language_Model_Capabilities_for_Enhanced_Closed-Loop_Autonomous_CVPR_2025_paper.pdf.pdf,0
Chen_JiSAM_Alleviate_Labeling_Burden_and_Corner_Case_Problems_in_Autonomous_CVPR_2025_paper.pdf.pdf,0
Zhou_Mitigating_the_Human-Robot_Domain_Discrepancy_in_Visual_Pre-training_for_Robotic_CVPR_2025_paper.pdf.pdf,0
Wu_DeNVeR_Deformable_Neural_Vessel_Representations_for_Unsupervised_Video_Vessel_Segmentation_CVPR_2025_paper.pdf.pdf,0
Zhang_Subspace_Constraint_and_Contribution_Estimation_for_Heterogeneous_Federated_Learning_CVPR_2025_paper.pdf.pdf,0
Zhang_MotionPro_A_Precise_Motion_Controller_for_Image-to-Video_Generation_CVPR_2025_paper.pdf.pdf,0
Zhang_Weakly_Supervised_Contrastive_Adversarial_Training_for_Learning_Robust_Features_from_CVPR_2025_paper.pdf.pdf,0
Wang_VideoTree_Adaptive_Tree-based_Video_Representation_for_LLM_Reasoning_on_Long_CVPR_2025_paper.pdf.pdf,0
Dong_Enhanced_then_Progressive_Fusion_with_View_Graph_for_Multi-View_Clustering_CVPR_2025_paper.pdf.pdf,0
Ye_Re-thinking_Temporal_Search_for_Long-Form_Video_Understanding_CVPR_2025_paper.pdf.pdf,0
Shvetsova_Unbiasing_through_Textual_Descriptions_Mitigating_Representation_Bias_in_Video_Benchmarks_CVPR_2025_paper.pdf.pdf,0
Hedlin_HyperNet_Fields_Efficiently_Training_Hypernetworks_without_Ground_Truth_by_Learning_CVPR_2025_paper.pdf.pdf,0
Cheng_3D_Prior_Is_All_You_Need_Cross-Task_Few-shot_2D_Gaze_CVPR_2025_paper.pdf.pdf,0
Yang_MMAR_Towards_Lossless_Multi-Modal_Auto-Regressive_Probabilistic_Modeling_CVPR_2025_paper.pdf.pdf,0
Yuan_Identity-Preserving_Text-to-Video_Generation_by_Frequency_Decomposition_CVPR_2025_paper.pdf.pdf,0
Zheng_Task-Agnostic_Guided_Feature_Expansion_for_Class-Incremental_Learning_CVPR_2025_paper.pdf.pdf,0
Corona_VLOGGER_Multimodal_Diffusion_for_Embodied_Avatar_Synthesis_CVPR_2025_paper.pdf.pdf,0
Wang_Precise_Fast_and_Low-cost_Concept_Erasure_in_Value_Space__CVPR_2025_paper.pdf.pdf,0
Sun_Sparse_Voxels_Rasterization_Real-time_High-fidelity_Radiance_Field_Rendering_CVPR_2025_paper.pdf.pdf,0
Zhou_Improving_the_Transferability_of_Adversarial_Attacks_on_Face_Recognition_with_CVPR_2025_paper.pdf.pdf,0
Yu_CoE_Chain-of-Explanation_via_Automatic_Visual_Concept_Circuit_Description_and_Polysemanticity_CVPR_2025_paper.pdf.pdf,0
Li_OpenHumanVid_A_Large-Scale_High-Quality_Dataset_for_Enhancing_Human-Centric_Video_Generation_CVPR_2025_paper.pdf.pdf,0
Wang_OmniMMI_A_Comprehensive_Multi-modal_Interaction_Benchmark_in_Streaming_Video_Contexts_CVPR_2025_paper.pdf.pdf,0
Li_Towards_RAW_Object_Detection_in_Diverse_Conditions_CVPR_2025_paper.pdf.pdf,0
Tarres_Multitwine_Multi-Object_Compositing_with_Text_and_Layout_Control_CVPR_2025_paper.pdf.pdf,0
Lv_Spatial-Temporal_Graph_Diffusion_Policy_with_Kinematic_Modeling_for_Bimanual_Robotic_CVPR_2025_paper.pdf.pdf,0
Wang_PS-Diffusion_Photorealistic_Subject-Driven_Image_Editing_with_Disentangled_Control_and_Attention_CVPR_2025_paper.pdf.pdf,0
Yuan_Where_the_Devil_Hides_Deepfake_Detectors_Can_No_Longer_Be_CVPR_2025_paper.pdf.pdf,0
Wang_Effortless_Active_Labeling_for_Long-Term_Test-Time_Adaptation_CVPR_2025_paper.pdf.pdf,0
Bi_NightAdapter_Learning_a_Frequency_Adapter_for_Generalizable_Night-time_Scene_Segmentation_CVPR_2025_paper.pdf.pdf,0
Kayabasi_Bias_for_Action_Video_Implicit_Neural_Representations_with_Bias_Modulation_CVPR_2025_paper.pdf.pdf,0
Zu_Collaborative_Tree_Search_for_Enhancing_Embodied_Multi-Agent_Collaboration_CVPR_2025_paper.pdf.pdf,0
Subramanian_Pose_Priors_from_Language_Models_CVPR_2025_paper.pdf.pdf,0
Kim_VideoComp_Advancing_Fine-Grained_Compositional_and_Temporal_Alignment_in_Video-Text_Models_CVPR_2025_paper.pdf.pdf,0
Xiao_Disentangled_Pose_and_Appearance_Guidance_for_Multi-Pose_Generation_CVPR_2025_paper.pdf.pdf,0
Fan_MANTA_A_Large-Scale_Multi-View_and_Visual-Text_Anomaly_Detection_Dataset_for_CVPR_2025_paper.pdf.pdf,0
Li_Noise_Modeling_in_One_Hour_Minimizing_Preparation_Efforts_for_Self-supervised_CVPR_2025_paper.pdf.pdf,0
Dang_Personalized_Preference_Fine-tuning_of_Diffusion_Models_CVPR_2025_paper.pdf.pdf,0
Szot_From_Multimodal_LLMs_to_Generalist_Embodied_Agents_Methods_and_Lessons_CVPR_2025_paper.pdf.pdf,0
Mughal_Retrieving_Semantics_from_the_Deep_an_RAG_Solution_for_Gesture_CVPR_2025_paper.pdf.pdf,0
Simsar_LoRACLR_Contrastive_Adaptation_for_Customization_of_Diffusion_Models_CVPR_2025_paper.pdf.pdf,0
Yang_Detecting_Open_World_Objects_via_Partial_Attribute_Assignment_CVPR_2025_paper.pdf.pdf,0
Iwase_ZeroGrasp_Zero-Shot_Shape_Reconstruction_Enabled_Robotic_Grasping_CVPR_2025_paper.pdf.pdf,0
Jiang_PHGC_Procedural_Heterogeneous_Graph_Completion_for_Natural_Language_Task_Verification_CVPR_2025_paper.pdf.pdf,0
Daryani_CaMuViD_Calibration-Free_Multi-View_Detection_CVPR_2025_paper.pdf.pdf,0
Hu_Turbo3D_Ultra-fast_Text-to-3D_Generation_CVPR_2025_paper.pdf.pdf,0
Kang_Your_Large_Vision-Language_Model_Only_Needs_A_Few_Attention_Heads_CVPR_2025_paper.pdf.pdf,0
Zha_PMA_Towards_Parameter-Efficient_Point_Cloud_Understanding_via_Point_Mamba_Adapter_CVPR_2025_paper.pdf.pdf,0
Hossain_SLADE_Shielding_against_Dual_Exploits_in_Large_Vision-Language_Models_CVPR_2025_paper.pdf.pdf,0
Feng_Gaussian_Splashing_Unified_Particles_for_Versatile_Motion_Synthesis_and_Rendering_CVPR_2025_paper.pdf.pdf,0
Mantri_DiTASK_Multi-Task_Fine-Tuning_with_Diffeomorphic_Transformations_CVPR_2025_paper.pdf.pdf,0
Zheng_WildGS-SLAM_Monocular_Gaussian_Splatting_SLAM_in_Dynamic_Environments_CVPR_2025_paper.pdf.pdf,0
Shen_DoF-Gaussian_Controllable_Depth-of-Field_for_3D_Gaussian_Splatting_CVPR_2025_paper.pdf.pdf,0
Stuyck_Quaffure_Real-Time_Quasi-Static_Neural_Hair_Simulation_CVPR_2025_paper.pdf.pdf,0
Li_ReCap_Better_Gaussian_Relighting_with_Cross-Environment_Captures_CVPR_2025_paper.pdf.pdf,0
Soucek_ShowHowTo_Generating_Scene-Conditioned_Step-by-Step_Visual_Instructions_CVPR_2025_paper.pdf.pdf,0
Yang_Bridging_Gait_Recognition_and_Large_Language_Models_Sequence_Modeling_CVPR_2025_paper.pdf.pdf,0
Yang_ResCLIP_Residual_Attention_for_Training-free_Dense_Vision-language_Inference_CVPR_2025_paper.pdf.pdf,0
Du_AdaMMS_Model_Merging_for_Heterogeneous_Multimodal_Large_Language_Models_with_CVPR_2025_paper.pdf.pdf,0
Assefa_DyCON_Dynamic_Uncertainty-aware_Consistency_and_Contrastive_Learning_for_Semi-supervised_Medical_CVPR_2025_paper.pdf.pdf,0
Qin_MUST_The_First_Dataset_and_Unified_Framework_for_Multispectral_UAV_CVPR_2025_paper.pdf.pdf,0
Chaturvedi_SynthLight_Portrait_Relighting_with_Diffusion_Model_by_Learning_to_Re-render_CVPR_2025_paper.pdf.pdf,0
Kawana_GA3CE_Unconstrained_3D_Gaze_Estimation_with_Gaze-Aware_3D_Context_Encoding_CVPR_2025_paper.pdf.pdf,0
Tang_Adaptive_Keyframe_Sampling_for_Long_Video_Understanding_CVPR_2025_paper.pdf.pdf,0
Ashutosh_ExpertAF_Expert_Actionable_Feedback_from_Video_CVPR_2025_paper.pdf.pdf,0
Noda_Learning_Bijective_Surface_Parameterization_for_Inferring_Signed_Distance_Functions_from_CVPR_2025_paper.pdf.pdf,0
Yu_Enduring_Efficient_and_Robust_Trajectory_Prediction_Attack_in_Autonomous_Driving_CVPR_2025_paper.pdf.pdf,0
Ebrahimi_GIF_Generative_Inspiration_for_Face_Recognition_at_Scale_CVPR_2025_paper.pdf.pdf,0
Xiao_OmniGen_Unified_Image_Generation_CVPR_2025_paper.pdf.pdf,0
Gao_Unity_in_Diversity_Video_Editing_via_Gradient-Latent_Purification_CVPR_2025_paper.pdf.pdf,0
Zhao_Beyond_Sight_Towards_Cognitive_Alignment_in_LVLM_via_Enriched_Visual_CVPR_2025_paper.pdf.pdf,0
Khan_Sketchtopia_A_Dataset_and_Foundational_Agents_for_Benchmarking_Asynchronous_Multimodal_CVPR_2025_paper.pdf.pdf,0
Yu_Inst3D-LMM_Instance-Aware_3D_Scene_Understanding_with_Multi-modal_Instruction_Tuning_CVPR_2025_paper.pdf.pdf,0
Xu_CoSDH_Communication-Efficient_Collaborative_Perception_via_Supply-Demand_Awareness_and_Intermediate-Late_Hybridization_CVPR_2025_paper.pdf.pdf,0
Lu_GEAL_Generalizable_3D_Affordance_Learning_with_Cross-Modal_Consistency_CVPR_2025_paper.pdf.pdf,0
Heo_Masking_meets_Supervision_A_Strong_Learning_Alliance_CVPR_2025_paper.pdf.pdf,0
Zhao_Attribute-Missing_Multi-view_Graph_Clustering_CVPR_2025_paper.pdf.pdf,0
Chen_Dora_Sampling_and_Benchmarking_for_3D_Shape_Variational_Auto-Encoders_CVPR_2025_paper.pdf.pdf,0
Lee_Temporal_Alignment-Free_Video_Matching_for_Few-shot_Action_Recognition_CVPR_2025_paper.pdf.pdf,0
Yao_PolarFree_Polarization-based_Reflection-Free_Imaging_CVPR_2025_paper.pdf.pdf,0
Zhang_Continuous_Space-Time_Video_Resampling_with__Invertible_Motion_Steganography_CVPR_2025_paper.pdf.pdf,0
Sun_Towards_General_Visual-Linguistic_Face_Forgery_Detection_CVPR_2025_paper.pdf.pdf,0
Liu_CacheQuant_Comprehensively_Accelerated_Diffusion_Models_CVPR_2025_paper.pdf.pdf,0
Liu_MAP_Unleashing_Hybrid_Mamba-Transformer_Vision_Backbones_Potential_with_Masked_Autoregressive_CVPR_2025_paper.pdf.pdf,0
Zhou_OpenING_A_Comprehensive_Benchmark_for_Judging_Open-ended_Interleaved_Image-Text_Generation_CVPR_2025_paper.pdf.pdf,0
Wang_MoGe_Unlocking_Accurate_Monocular_Geometry_Estimation_for_Open-Domain_Images_with_CVPR_2025_paper.pdf.pdf,0
Wang_Adaptive_Rectangular_Convolution_for_Remote_Sensing_Pansharpening_CVPR_2025_paper.pdf.pdf,0
Bao_One-Step_Event-Driven_High-Speed_Autofocus_CVPR_2025_paper.pdf.pdf,0
Xu_LiMoE_Mixture_of_LiDAR_Representation_Learners_from_Automotive_Scenes_CVPR_2025_paper.pdf.pdf,0
Fan_Scene_Map-based_Prompt_Tuning_for_Navigation_Instruction_Generation_CVPR_2025_paper.pdf.pdf,0
Han_Spatial_Transport_Optimization_by_Repositioning_Attention_Map_for_Training-Free_Text-to-Image_CVPR_2025_paper.pdf.pdf,0
Liang_DIFFER_Disentangling_Identity_Features_via_Semantic_Cues_for_Clothes-Changing_Person_CVPR_2025_paper.pdf.pdf,0
Sur_Hyperbolic_Uncertainty-Aware_Few-Shot_Incremental_Point_Cloud_Segmentation_CVPR_2025_paper.pdf.pdf,0
Chen_ActiveGAMER_Active_GAussian_Mapping_through_Efficient_Rendering_CVPR_2025_paper.pdf.pdf,0
Zhou_Alias-Free_Latent_Diffusion_Models_Improving_Fractional_Shift_Equivariance_of_Diffusion_CVPR_2025_paper.pdf.pdf,0
Lee_Unlocking_the_Potential_of_Unlabeled_Data_in_Semi-Supervised_Domain_Generalization_CVPR_2025_paper.pdf.pdf,0
Zhang_Mr._DETR_Instructive_Multi-Route_Training_for_Detection_Transformers_CVPR_2025_paper.pdf.pdf,0
Zhu_BiLoRA_Almost-Orthogonal_Parameter_Spaces_for_Continual_Learning_CVPR_2025_paper.pdf.pdf,0
Ke_ProReflow_Progressive_Reflow_with_Decomposed_Velocity_CVPR_2025_paper.pdf.pdf,0
Dages_Finsler_Multi-Dimensional_Scaling_Manifold_Learning_for_Asymmetric_Dimensionality_Reduction_and_CVPR_2025_paper.pdf.pdf,0
Yang_3D-Mem_3D_Scene_Memory_for_Embodied_Exploration_and_Reasoning_CVPR_2025_paper.pdf.pdf,0
Um_Minority-Focused_Text-to-Image_Generation_via_Prompt_Optimization_CVPR_2025_paper.pdf.pdf,0
Zheng_M3amba_Memory_Mamba_is_All_You_Need_for_Whole_Slide_CVPR_2025_paper.pdf.pdf,0
Mao_Learning_Person-Specific_Animatable_Face_Models_from_In-the-Wild_Images_via_a_CVPR_2025_paper.pdf.pdf,0
Zhang_GaussianSpa_An_Optimizing-Sparsifying_Simplification_Framework_for_Compact_and_High-Quality_3D_CVPR_2025_paper.pdf.pdf,0
Meng_Free_Lunch_Enhancements_for_Multi-modal_Crowd_Counting_CVPR_2025_paper.pdf.pdf,0
Dai_EAP-GS_Efficient_Augmentation_of_Pointcloud_for_3D_Gaussian_Splatting_in_CVPR_2025_paper.pdf.pdf,0
Dombrowski_Image_Generation_Diversity_Issues_and_How_to_Tame_Them_CVPR_2025_paper.pdf.pdf,0
Ozturk_GLane3D_Detecting_Lanes_with_Graph_of_3D_Keypoints_CVPR_2025_paper.pdf.pdf,0
Ren_FDS_Frequency-Aware_Denoising_Score_for_Text-Guided_Latent_Diffusion_Image_Editing_CVPR_2025_paper.pdf.pdf,0
Hu_EchoONE_Segmenting_Multiple_Echocardiography_Planes_in_One_Model_CVPR_2025_paper.pdf.pdf,0
Kim_PersonaBooth_Personalized_Text-to-Motion_Generation_CVPR_2025_paper.pdf.pdf,0
Sun_Learning_Affine_Correspondences_by_Integrating_Geometric_Constraints_CVPR_2025_paper.pdf.pdf,0
Flotho_T-FAKE_Synthesizing_Thermal_Images_for_Facial_Landmarking_CVPR_2025_paper.pdf.pdf,0
Zhou_HarmonySet_A_Comprehensive_Dataset_for_Understanding_Video-Music_Semantic_Alignment_and_CVPR_2025_paper.pdf.pdf,0
Pang_RandAR_Decoder-only_Autoregressive_Visual_Generation_in_Random_Orders_CVPR_2025_paper.pdf.pdf,0
Wang_Your_Scale_Factors_are_My_Weapon_Targeted_Bit-Flip_Attacks_on_CVPR_2025_paper.pdf.pdf,0
Zeng_Vision-Language_Gradient_Descent-driven_All-in-One_Deep_Unfolding_Networks_CVPR_2025_paper.pdf.pdf,0
Wang_DOF-GS_Adjustable_Depth-of-Field_3D_Gaussian_Splatting_for_Post-Capture_Refocusing_Defocus_CVPR_2025_paper.pdf.pdf,0
Hu_Learnable_Infinite_Taylor_Gaussian_for_Dynamic_View_Rendering_CVPR_2025_paper.pdf.pdf,0
Yu_Handling_Spatial-Temporal_Data_Heterogeneity_for_Federated_Continual_Learning_via_Tail_CVPR_2025_paper.pdf.pdf,0
Huang_Unveiling_the_Mist_over_3D_Vision-Language_Understanding_Object-centric_Evaluation_with_CVPR_2025_paper.pdf.pdf,0
Hu_Improving_Autoregressive_Visual_Generation_with_Cluster-Oriented_Token_Prediction_CVPR_2025_paper.pdf.pdf,0
Wu_Skip_Tuning_Pre-trained_Vision-Language_Models_are_Effective_and_Efficient_Adapters_CVPR_2025_paper.pdf.pdf,0
Li_DPC_Dual-Prompt_Collaboration_for_Tuning_Vision-Language_Models_CVPR_2025_paper.pdf.pdf,0
Huang_H-MoRe_Learning_Human-centric_Motion_Representation_for_Action_Analysis_CVPR_2025_paper.pdf.pdf,0
Lee_DynScene_Scalable_Generation_of_Dynamic_Robotic_Manipulation_Scenes_for_Embodied_CVPR_2025_paper.pdf.pdf,0
Galerne_SGSST_Scaling_Gaussian_Splatting_Style_Transfer_CVPR_2025_paper.pdf.pdf,0
Cao_PanDA_Towards_Panoramic_Depth_Anything_with_Unlabeled_Panoramas_and_Mobius_CVPR_2025_paper.pdf.pdf,0
Fixelle_Hypergraph_Vision_Transformers_Images_are_More_than_Nodes_More_than_CVPR_2025_paper.pdf.pdf,0
Vinker_SketchAgent_Language-Driven_Sequential_Sketch_Generation_CVPR_2025_paper.pdf.pdf,0
Gao_Multiple_Object_Tracking_as_ID_Prediction_CVPR_2025_paper.pdf.pdf,0
Wang_Edit_Away_and_My_Face_Will_not_Stay_Personal_Biometric_CVPR_2025_paper.pdf.pdf,0
Tourani_Unsupervised_Discovery_of_Facial_Landmarks_and_Head_Pose_CVPR_2025_paper.pdf.pdf,0
Zhu_Revisiting_Source-Free_Domain_Adaptation_Insights_into_Representativeness_Generalization_and_Variety_CVPR_2025_paper.pdf.pdf,0
Deng_Sketchy_Bounding-box_Supervision_for_3D_Instance_Segmentation_CVPR_2025_paper.pdf.pdf,0
Qu_An_End-to-End_Robust_Point_Cloud_Semantic_Segmentation_Network_with_Single-Step_CVPR_2025_paper.pdf.pdf,0
Feng_Object-Shot_Enhanced_Grounding_Network_for_Egocentric_Video_CVPR_2025_paper.pdf.pdf,0
Kong_EventFly_Event_Camera_Perception_from_Ground_to_the_Sky_CVPR_2025_paper.pdf.pdf,0
Reddy_Video-ColBERT_Contextualized_Late_Interaction_for_Text-to-Video_Retrieval_CVPR_2025_paper.pdf.pdf,0
Zheng_Flow-NeRF_Joint_Learning_of_Geometry_Poses_and_Dense_Flow_within_CVPR_2025_paper.pdf.pdf,0
Lin_ShowUI_One_Vision-Language-Action_Model_for_GUI_Visual_Agent_CVPR_2025_paper.pdf.pdf,0
An_Generalized_Few-shot_3D_Point_Cloud_Segmentation_with_Vision-Language_Model_CVPR_2025_paper.pdf.pdf,0
Liu_Unraveling_Normal_Anatomy_via_Fluid-Driven_Anomaly_Randomization_CVPR_2025_paper.pdf.pdf,0
Roetzer_Higher-Order_Ratio_Cycles_for_Fast_and_Globally_Optimal_Shape_Matching_CVPR_2025_paper.pdf.pdf,0
Jin_FloVD_Optical_Flow_Meets_Video_Diffusion_Model_for_Enhanced_Camera-Controlled_CVPR_2025_paper.pdf.pdf,0
Jiang_DEFOM-Stereo_Depth_Foundation_Model_Based_Stereo_Matching_CVPR_2025_paper.pdf.pdf,0
Pan_OmniManip_Towards_General_Robotic_Manipulation_via_Object-Centric_Interaction_Primitives_as_CVPR_2025_paper.pdf.pdf,0
Kim_VideoICL_Confidence-based_Iterative_In-context_Learning_for_Out-of-Distribution_Video_Understanding_CVPR_2025_paper.pdf.pdf,0
Cai_Diffusion_Self-Distillation_for_Zero-Shot_Customized_Image_Generation_CVPR_2025_paper.pdf.pdf,0
Lin_UniAP_Unifying_Inter-_and_Intra-Layer_Automatic_Parallelism_by_Mixed_Integer_CVPR_2025_paper.pdf.pdf,0
Hao_Task-Aware_Clustering_for_Prompting_Vision-Language_Models_CVPR_2025_paper.pdf.pdf,0
Behari_Blurred_LiDAR_for_Sharper_3D_Robust_Handheld_3D_Scanning_with_CVPR_2025_paper.pdf.pdf,0
Li_Pseudo_Visible_Feature_Fine-Grained_Fusion_for_Thermal_Object_Detection_CVPR_2025_paper.pdf.pdf,0
Talegaonkar_Volumetrically_Consistent_3D_Gaussian_Rasterization_CVPR_2025_paper.pdf.pdf,0
Jiang_RePerformer_Immersive_Human-centric_Volumetric_Videos_from_Playback_to_Photoreal_Reperformance_CVPR_2025_paper.pdf.pdf,0
Long_CheckManual_A_New_Challenge_and_Benchmark_for_Manual-based_Appliance_Manipulation_CVPR_2025_paper.pdf.pdf,0
Zhu_SegAgent_Exploring_Pixel_Understanding_Capabilities_in_MLLMs_by_Imitating_Human_CVPR_2025_paper.pdf.pdf,0
Liu_Detecting_Out-of-Distribution_Through_the_Lens_of_Neural_Collapse_CVPR_2025_paper.pdf.pdf,0
Chen_SAR3D_Autoregressive_3D_Object_Generation_and_Understanding_via_Multi-scale_3D_CVPR_2025_paper.pdf.pdf,0
Wang_LEDiff_Latent_Exposure_Diffusion_for_HDR_Generation_CVPR_2025_paper.pdf.pdf,0
Sun_AR-Diffusion_Asynchronous_Video_Generation_with_Auto-Regressive_Diffusion_CVPR_2025_paper.pdf.pdf,0
Zayene_HELVIPAD_A_Real-World_Dataset_for_Omnidirectional_Stereo_Depth_Estimation_CVPR_2025_paper.pdf.pdf,0
Xia_DreamOmni_Unified_Image_Generation_and_Editing_CVPR_2025_paper.pdf.pdf,0
Rao_Probabilistic_Prompt_Distribution_Learning_for_Animal_Pose_Estimation_CVPR_2025_paper.pdf.pdf,0
Teng_Fingerprinting_Denoising_Diffusion_Probabilistic_Models_CVPR_2025_paper.pdf.pdf,0
Fan_SpectroMotion_Dynamic_3D_Reconstruction_of_Specular_Scenes_CVPR_2025_paper.pdf.pdf,0
Long_RICCARDO_Radar_Hit_Prediction_and_Convolution_for_Camera-Radar_3D_Object_CVPR_2025_paper.pdf.pdf,0
Li_Enhancing_Vision-Language_Compositional_Understanding_with_Multimodal_Synthetic_Data_CVPR_2025_paper.pdf.pdf,0
Li_NeISF_Neural_Incident_Stokes_Field_for_Polarized_Inverse_Rendering_of_CVPR_2025_paper.pdf.pdf,0
Piccinelli_UniK3D_Universal_Camera_Monocular_3D_Estimation_CVPR_2025_paper.pdf.pdf,0
Wu_Learning_Heterogeneous_Tissues_with_Mixture_of_Experts_for_Gigapixel_Whole_CVPR_2025_paper.pdf.pdf,0
Truong_FALCON_Fairness_Learning_via_Contrastive_Attention_Approach_to_Continual_Semantic_CVPR_2025_paper.pdf.pdf,0
Shi_Chain_of_Semantics_Programming_in_3D_Gaussian_Splatting_Representation_for_CVPR_2025_paper.pdf.pdf,0
Yu_METASCENES_Towards_Automated_Replica_Creation_for_Real-world_3D_Scans_CVPR_2025_paper.pdf.pdf,0
Sun_Unsupervised_Continual_Domain_Shift_Learning_with_Multi-Prototype_Modeling_CVPR_2025_paper.pdf.pdf,0
Niu_OVO-Bench_How_Far_is_Your_Video-LLMs_from_Real-World_Online_Video_CVPR_2025_paper.pdf.pdf,0
Peng_Person_De-reidentification_A_Variation-guided_Identity_Shift_Modeling_CVPR_2025_paper.pdf.pdf,0
Beizaee_Correcting_Deviations_from_Normality_A_Reformulated_Diffusion_Model_for_Multi-Class_CVPR_2025_paper.pdf.pdf,0
Hai_Hierarchical_Flow_Diffusion_for_Efficient_Frame_Interpolation_CVPR_2025_paper.pdf.pdf,0
Li_GIFStream_4D_Gaussian-based_Immersive_Video_with_Feature_Stream_CVPR_2025_paper.pdf.pdf,0
Chu_FIRE_Robust_Detection_of_Diffusion-Generated_Images_via_Frequency-Guided_Reconstruction_Error_CVPR_2025_paper.pdf.pdf,0
Bian_Augmented_Deep_Contexts_for_Spatially_Embedded_Video_Coding_CVPR_2025_paper.pdf.pdf,0
Wang_StickMotion_Generating_3D_Human_Motions_by_Drawing_a_Stickman_CVPR_2025_paper.pdf.pdf,0
Liu_H2ST_Hierarchical_Two-Sample_Tests_for_Continual_Out-of-Distribution_Detection_CVPR_2025_paper.pdf.pdf,0
Blum_CroCoDL_Cross-device_Collaborative_Dataset_for_Localization_CVPR_2025_paper.pdf.pdf,0
Yuan_BadToken_Token-level_Backdoor_Attacks_to_Multi-modal_Large_Language_Models_CVPR_2025_paper.pdf.pdf,0
Yang_Multi-party_Collaborative_Attention_Control_for_Image_Customization_CVPR_2025_paper.pdf.pdf,0
Zhang_MedUnifier_Unifying_Vision-and-Language_Pre-training_on_Medical_Data_with_Vision_Generation_CVPR_2025_paper.pdf.pdf,0
Wang_Blind_Bitstream-corrupted_Video_Recovery_via_Metadata-guided_Diffusion_Model_CVPR_2025_paper.pdf.pdf,0
Duan_UNIC-Adapter_Unified_Image-instruction_Adapter_with_Multi-modal_Transformer_for_Image_Generation_CVPR_2025_paper.pdf.pdf,0
Yu_RLAIF-V_Open-Source_AI_Feedback_Leads_to_Super_GPT-4V_Trustworthiness_CVPR_2025_paper.pdf.pdf,0
Zhu_Mosaic_of_Modalities_A_Comprehensive_Benchmark_for_Multimodal_Graph_Learning_CVPR_2025_paper.pdf.pdf,0
Xu_NN-Former_Rethinking_Graph_Structure_in_Neural_Architecture_Representation_CVPR_2025_paper.pdf.pdf,0
Huang_Text-Driven_Fashion_Image_Editing_with_Compositional_Concept_Learning_and_Counterfactual_CVPR_2025_paper.pdf.pdf,0
Wang_Diffusion-based_Realistic_Listening_Head_Generation_via_Hybrid_Motion_Modeling_CVPR_2025_paper.pdf.pdf,0
Chen_A_Focused_Human_Body_Model_for_Accurate_Anthropometric_Measurements_Extraction_CVPR_2025_paper.pdf.pdf,0
Wang_Dataset_Distillation_with_Neural_Characteristic_Function_A_Minmax_Perspective_CVPR_2025_paper.pdf.pdf,0
Li_LongDiff_Training-Free_Long_Video_Generation_in_One_Go_CVPR_2025_paper.pdf.pdf,0
Wang_D2SP_Dynamic_Dual-Stage_Purification_Framework_for_Dual_Noise_Mitigation_in_CVPR_2025_paper.pdf.pdf,0
Franchi_Towards_Understanding_and_Quantifying_Uncertainty_for_Text-to-Image_Generation_CVPR_2025_paper.pdf.pdf,0
Zhao_DoraCycle_Domain-Oriented_Adaptation_of_Unified_Generative_Model_in_Multimodal_Cycles_CVPR_2025_paper.pdf.pdf,0
Yao_STDD_Spatio-Temporal_Dual_Diffusion_for_Video_Generation_CVPR_2025_paper.pdf.pdf,0
Choi_GOAL_Global-local_Object_Alignment_Learning_CVPR_2025_paper.pdf.pdf,0
Chen_UniReal_Universal_Image_Generation_and_Editing_via_Learning_Real-world_Dynamics_CVPR_2025_paper.pdf.pdf,0
Ahmed_Towards_Source-Free_Machine_Unlearning_CVPR_2025_paper.pdf.pdf,0
Rangwani_Composing_Parts_for_Expressive_Object_Generation_CVPR_2025_paper.pdf.pdf,0
Cohen_Conditional_Balance_Improving_Multi-Conditioning_Trade-Offs_in_Image_Generation_CVPR_2025_paper.pdf.pdf,0
Tang_Discrete_to_Continuous_Generating_Smooth_Transition_Poses_from_Sign_Language_CVPR_2025_paper.pdf.pdf,0
Zhu_Learning_Class_Prototypes_for_Unified_Sparse-Supervised_3D_Object_Detection_CVPR_2025_paper.pdf.pdf,0
Shi_Scaling_Vision_Pre-Training_to_4K_Resolution_CVPR_2025_paper.pdf.pdf,0
Cheng_One_Model_for_ALL_Low-Level_Task_Interaction_Is_a_Key_CVPR_2025_paper.pdf.pdf,0
Um_Object-aware_Sound_Source_Localization_via_Audio-Visual_Scene_Understanding_CVPR_2025_paper.pdf.pdf,0
Yu_SuperLightNet_Lightweight_Parameter_Aggregation_Network_for_Multimodal_Brain_Tumor_Segmentation_CVPR_2025_paper.pdf.pdf,0
Wu_Number_it_Temporal_Grounding_Videos_like_Flipping_Manga_CVPR_2025_paper.pdf.pdf,0
Dai_Efficient_Decoupled_Feature_3D_Gaussian_Splatting_via_Hierarchical_Compression_CVPR_2025_paper.pdf.pdf,0
Dai_Imputation-free_and_Alignment-free_Incomplete_Multi-view_Clustering_Driven_by_Consensus_Semantic_CVPR_2025_paper.pdf.pdf,0
Purohit_Consistency_Posterior_Sampling_for_Diverse_Image_Synthesis_CVPR_2025_paper.pdf.pdf,0
Hahn_Order-One_Rolling_Shutter_Cameras_CVPR_2025_paper.pdf.pdf,0
Wang_Embodied_Scene_Understanding_for_Vision_Language_Models_via_MetaVQA_CVPR_2025_paper.pdf.pdf,0
Wang_GET_Unlocking_the_Multi-modal_Potential_of_CLIP_for_Generalized_Category_CVPR_2025_paper.pdf.pdf,0
Liang_Revisiting_Backdoor_Attacks_against_Large_Vision-Language_Models_from_Domain_Shift_CVPR_2025_paper.pdf.pdf,0
Avrahami_Stable_Flow_Vital_Layers_for_Training-Free_Image_Editing_CVPR_2025_paper.pdf.pdf,0
Karypidis_Advancing_Semantic_Future_Prediction_through_Multimodal_Visual_Sequence_Transformers_CVPR_2025_paper.pdf.pdf,0
Li_Enhancing_Virtual_Try-On_with_Synthetic_Pairs_and_Error-Aware_Noise_Scheduling_CVPR_2025_paper.pdf.pdf,0
Lionar_TreeMeshGPT_Artistic_Mesh_Generation_with_Autoregressive_Tree_Sequencing_CVPR_2025_paper.pdf.pdf,0
Zhang_Weakly_Supervised_Temporal_Action_Localization_via_Dual-Prior_Collaborative_Learning_Guided_CVPR_2025_paper.pdf.pdf,0
Ma_Correlative_and_Discriminative_Label_Grouping_for_Multi-Label_Visual_Prompt_Tuning_CVPR_2025_paper.pdf.pdf,0
Jung_EDM_Equirectangular_Projection-Oriented_Dense_Kernelized_Feature_Matching_CVPR_2025_paper.pdf.pdf,0
Qian_Omni-ID_Holistic_Identity_Representation_Designed_for_Generative_Tasks_CVPR_2025_paper.pdf.pdf,0
Chen_PartGen_Part-level_3D_Generation_and_Reconstruction_with_Multi-view_Diffusion_Models_CVPR_2025_paper.pdf.pdf,0
Sariyildiz_DUNE_Distilling_a_Universal_Encoder_from_Heterogeneous_2D_and_3D_CVPR_2025_paper.pdf.pdf,0
Wang_Visual_Lexicon_Rich_Image_Features_in_Language_Space_CVPR_2025_paper.pdf.pdf,0
Snaebjarnarson_Taxonomy-Aware_Evaluation_of_Vision-Language_Models_CVPR_2025_paper.pdf.pdf,0
Hu_beta-FFT_Nonlinear_Interpolation_and_Differentiated_Training_Strategies_for_Semi-Supervised_Medical_CVPR_2025_paper.pdf.pdf,0
Wu_DFM_Differentiable_Feature_Matching_for_Anomaly_Detection_CVPR_2025_paper.pdf.pdf,0
Nguyen_Joint_Optimization_of_Neural_Radiance_Fields_and_Continuous_Camera_Motion_CVPR_2025_paper.pdf.pdf,0
Huynh_CoLLM_A_Large_Language_Model_for_Composed_Image_Retrieval_CVPR_2025_paper.pdf.pdf,0
Hu_AMO_Sampler_Enhancing_Text_Rendering_with_Overshooting_CVPR_2025_paper.pdf.pdf,0
Liu_EasyHOI_Unleashing_the_Power_of_Large_Models_for_Reconstructing_Hand-Object_CVPR_2025_paper.pdf.pdf,0
Chen_Video-Guided_Foley_Sound_Generation_with_Multimodal_Controls_CVPR_2025_paper.pdf.pdf,0
Han_Towards_More_General_Video-based_Deepfake_Detection_through_Facial_Component_Guided_CVPR_2025_paper.pdf.pdf,0
Fang_Depth-Guided_Bundle_Sampling_for_Efficient_Generalizable_Neural_Radiance_Field_Reconstruction_CVPR_2025_paper.pdf.pdf,0
Kumar_Fortifying_Federated_Learning_Towards_Trustworthiness_via_Auditable_Data_Valuation_and_CVPR_2025_paper.pdf.pdf,0
Huang_Sound_Bridge_Associating_Egocentric_and_Exocentric_Videos_via_Audio_Cues_CVPR_2025_paper.pdf.pdf,0
Murai_MASt3R-SLAM_Real-Time_Dense_SLAM_with_3D_Reconstruction_Priors_CVPR_2025_paper.pdf.pdf,0
Zanella_Realistic_Test-Time_Adaptation_of_Vision-Language_Models_CVPR_2025_paper.pdf.pdf,0
Tong_GS-2DGS_Geometrically_Supervised_2DGS_for_Reflective_Object_Reconstruction_CVPR_2025_paper.pdf.pdf,0
Xi_3D_Dental_Model_Segmentation_with_Geometrical_Boundary_Preserving_CVPR_2025_paper.pdf.pdf,0
Tao_HoVLE_Unleashing_the_Power_of_Monolithic_Vision-Language_Models_with_Holistic_CVPR_2025_paper.pdf.pdf,0
Hao_RAP_Retrieval-Augmented_Personalization_for_Multimodal_Large_Language_Models_CVPR_2025_paper.pdf.pdf,0
Shim_Focusing_on_Tracks_for_Online_Multi-Object_Tracking_CVPR_2025_paper.pdf.pdf,0
Chen_Task-aware_Cross-modal_Feature_Refinement_Transformer_with_Large_Language_Models_for_CVPR_2025_paper.pdf.pdf,0
Zhang_Linguistics-aware_Masked_Image_Modeling_for_Self-supervised_Scene_Text_Recognition_CVPR_2025_paper.pdf.pdf,0
Li_LightLoc_Learning_Outdoor_LiDAR_Localization_at_Light_Speed_CVPR_2025_paper.pdf.pdf,0
Song_RoboSpatial_Teaching_Spatial_Understanding_to_2D_and_3D_Vision-Language_Models_CVPR_2025_paper.pdf.pdf,0
Kim_Towards_Generalizable_Scene_Change_Detection_CVPR_2025_paper.pdf.pdf,0
Guo_SGFormer_Satellite-Ground_Fusion_for_3D_Semantic_Scene_Completion_CVPR_2025_paper.pdf.pdf,0
Li_GaussianUDF_Inferring_Unsigned_Distance_Functions_through_3D_Gaussian_Splatting_CVPR_2025_paper.pdf.pdf,0
Yang_Magma_A_Foundation_Model_for_Multimodal_AI_Agents_CVPR_2025_paper.pdf.pdf,0
Nandam_Text_Augmented_Correlation_Transformer_For_Few-shot_Classification__Segmentation_CVPR_2025_paper.pdf.pdf,0
Agarwal_TIDE_Training_Locally_Interpretable_Domain_Generalization_Models_Enables_Test-time_Correction_CVPR_2025_paper.pdf.pdf,0
Qin_Boosting_the_Dual-Stream_Architecture_in_Ultra-High_Resolution_Segmentation_with_Resolution-Biased_CVPR_2025_paper.pdf.pdf,0
Alexandridis_Fractal_Calibration_for_Long-tailed_Object_Detection_CVPR_2025_paper.pdf.pdf,0
Dong_Fast_and_Accurate_Gigapixel_Pathological_Image_Classification_with_Hierarchical_Distillation_CVPR_2025_paper.pdf.pdf,0
Park_Bootstrap_Your_Own_Views_Masked_Ego-Exo_Modeling_for_Fine-grained_View-invariant_CVPR_2025_paper.pdf.pdf,0
Duan_FineVQ_Fine-Grained_User_Generated_Content_Video_Quality_Assessment_CVPR_2025_paper.pdf.pdf,0
Zhao_MMVU_Measuring_Expert-Level_Multi-Discipline_Video_Understanding_CVPR_2025_paper.pdf.pdf,0
Wu_PBR-NeRF_Inverse_Rendering_with_Physics-Based_Neural_Fields_CVPR_2025_paper.pdf.pdf,0
Tang_Stochastic_Human_Motion_Prediction_with_Memory_of_Action_Transition_and_CVPR_2025_paper.pdf.pdf,0
Jiang_Beyond_Image_Classification_A_Video_Benchmark_and_Dual-Branch_Hybrid_Discrimination_CVPR_2025_paper.pdf.pdf,0
Gao_Knowledge_Memorization_and_Rumination_for_Pre-trained_Model-based_Class-Incremental_Learning_CVPR_2025_paper.pdf.pdf,0
Liu_Mind_the_Gap_Confidence_Discrepancy_Can_Guide_Federated_Semi-Supervised_Learning_CVPR_2025_paper.pdf.pdf,0
Ma_SURGEON_Memory-Adaptive_Fully_Test-Time_Adaptation_via_Dynamic_Activation_Sparsity_CVPR_2025_paper.pdf.pdf,0
Chen_Enhancing_Privacy-Utility_Trade-offs_to_Mitigate_Memorization_in_Diffusion_Models_CVPR_2025_paper.pdf.pdf,0
Wu_Glossy_Object_Reconstruction_with_Cost-effective_Polarized_Acquisition_CVPR_2025_paper.pdf.pdf,0
Shi_FedAWA_Adaptive_Optimization_of_Aggregation_Weights_in_Federated_Learning_Using_CVPR_2025_paper.pdf.pdf,0
Hu_Noise-Resistant_Video_Anomaly_Detection_via_RGB_Error-Guided_Multiscale_Predictive_Coding_CVPR_2025_paper.pdf.pdf,0
Zhou_All-Optical_Nonlinear_Diffractive_Deep_Network_for_Ultrafast_Image_Denoising_CVPR_2025_paper.pdf.pdf,0
Xie_Discovering_Fine-Grained_Visual-Concept_Relations_by_Disentangled_Optimal_Transport_Concept_Bottleneck_CVPR_2025_paper.pdf.pdf,0
He_MobileMamba_Lightweight_Multi-Receptive_Visual_Mamba_Network_CVPR_2025_paper.pdf.pdf,0
Feng_ARM_Appearance_Reconstruction_Model_for_Relightable_3D_Generation_CVPR_2025_paper.pdf.pdf,0
Guan_AudCast_Audio-Driven_Human_Video_Generation_by_Cascaded_Diffusion_Transformers_CVPR_2025_paper.pdf.pdf,0
Cha_VerbDiff_Text-Only_Diffusion_Models_with_Enhanced_Interaction_Awareness_CVPR_2025_paper.pdf.pdf,0
Zhang_SOGS_Second-Order_Anchor_for_Advanced_3D_Gaussian_Splatting_CVPR_2025_paper.pdf.pdf,0
Du_Crab_A_Unified_Audio-Visual_Scene_Understanding_Model_with_Explicit_Cooperation_CVPR_2025_paper.pdf.pdf,0
Jin_Stereo4D_Learning_How_Things_Move_in_3D_from_Internet_Stereo_CVPR_2025_paper.pdf.pdf,0
Fu_Hybrid_Reciprocal_Transformer_with_Triplet_Feature_Alignment_for_Scene_Graph_CVPR_2025_paper.pdf.pdf,0
Xu_Multirate_Neural_Image_Compression_with_Adaptive_Lattice_Vector_Quantization_CVPR_2025_paper.pdf.pdf,0
Poesina_PQPP_A_Joint_Benchmark_for_Text-to-Image_Prompt_and_Query_Performance_CVPR_2025_paper.pdf.pdf,0
Deng_Z-Magic_Zero-shot_Multiple_Attributes_Guided_Image_Creator_CVPR_2025_paper.pdf.pdf,Error
Tang_Neural_Video_Compression_with_Context_Modulation_CVPR_2025_paper.pdf.pdf,0
Liang_Distilling_Monocular_Foundation_Model_for_Fine-grained_Depth_Completion_CVPR_2025_paper.pdf.pdf,0
Wu_DiskVPS_Vanishing_Point_Detector_via_Hough_Transform_in_a_Disk_CVPR_2025_paper.pdf.pdf,0
Wu_PI-HMR_Towards_Robust_In-bed_Temporal_Human_Shape_Reconstruction_with_Contact_CVPR_2025_paper.pdf.pdf,0
Reed_EBS-EKF_Accurate_and_High_Frequency_Event-based_Star_Tracking_CVPR_2025_paper.pdf.pdf,0
Yue_V-Stylist_Video_Stylization_via_Collaboration_and_Reflection_of_MLLM_Agents_CVPR_2025_paper.pdf.pdf,Error
Liu_HoGS_Unified_Near_and_Far_Object_Reconstruction_via_Homogeneous_Gaussian_CVPR_2025_paper.pdf.pdf,0
Liang_Incremental_Object_Keypoint_Learning_CVPR_2025_paper.pdf.pdf,0
Yi_Video-Panda_Parameter-efficient_Alignment_for_Encoder-free_Video-Language_Models_CVPR_2025_paper.pdf.pdf,0
Zhao_Pioneering_4-Bit_FP_Quantization_for_Diffusion_Models_Mixup-Sign_Quantization_and_CVPR_2025_paper.pdf.pdf,0
Liu_Efficient_Depth_Estimation_for_Unstable_Stereo_Camera_Systems_on_AR_CVPR_2025_paper.pdf.pdf,0
Zhang_v-CLR_View-Consistent_Learning_for_Open-World_Instance_Segmentation_CVPR_2025_paper.pdf.pdf,0
Li_Cross-Modal_and_Uncertainty-Aware_Agglomeration_for_Open-Vocabulary_3D_Scene_Understanding_CVPR_2025_paper.pdf.pdf,0
Chang_ASHiTA_Automatic_Scene-grounded_HIerarchical_Task_Analysis_CVPR_2025_paper.pdf.pdf,0
Ta_Low-Rank_Adaptation_in_Multilinear_Operator_Networks_for_Security-Preserving_Incremental_Learning_CVPR_2025_paper.pdf.pdf,0
Hao_FedCS_Coreset_Selection_for_Federated_Learning_CVPR_2025_paper.pdf.pdf,0
Luu_RC-AutoCalib_An_End-to-End_Radar-Camera_Automatic_Calibration_Network_CVPR_2025_paper.pdf.pdf,0
Li_Asynchronous_Collaborative_Graph_Representation_for_Frames_and_Events_CVPR_2025_paper.pdf.pdf,0
Al-Emadi_Benchmarking_Object_Detectors_under_Real-World_Distribution_Shifts_in_Satellite_Imagery_CVPR_2025_paper.pdf.pdf,0
Zhou_nnWNet_Rethinking_the_Use_of_Transformers_in_Biomedical_Image_Segmentation_CVPR_2025_paper.pdf.pdf,0
Yan_StreetCrafter_Street_View_Synthesis_with_Controllable_Video_Diffusion_Models_CVPR_2025_paper.pdf.pdf,0
Zhu_Real-IAD_D3_A_Real-World_2DPseudo-3D3D_Dataset_for_Industrial_Anomaly_Detection_CVPR_2025_paper.pdf.pdf,0
Feng_GPAvatar_High-fidelity_Head_Avatars_by_Learning_Efficient_Gaussian_Projections_CVPR_2025_paper.pdf.pdf,0
Gao_VinaBench_Benchmark_for_Faithful_and_Consistent_Visual_Narratives_CVPR_2025_paper.pdf.pdf,0
Gielisse_End-to-End_Implicit_Neural_Representations_for_Classification_CVPR_2025_paper.pdf.pdf,0
Li_One-Way_Ticket_Time-Independent_Unified_Encoder_for_Distilling_Text-to-Image_Diffusion_Models_CVPR_2025_paper.pdf.pdf,0
Chen_Florence-VL_Enhancing_Vision-Language_Models_with_Generative_Vision_Encoder_and_Depth-Breadth_CVPR_2025_paper.pdf.pdf,0
Zhang_FATE_Full-head_Gaussian_Avatar_with_Textural_Editing_from_Monocular_Video_CVPR_2025_paper.pdf.pdf,0
Zhang_Point_Cloud_Upsampling_Using_Conditional_Diffusion_Module_with_Adaptive_Noise_CVPR_2025_paper.pdf.pdf,0
Mei_The_Power_of_Context_How_Multimodality_Improves_Image_Super-Resolution_CVPR_2025_paper.pdf.pdf,0
Wang_AdaptCMVC_Robust_Adaption_to_Incremental_Views_in_Continual_Multi-view_Clustering_CVPR_2025_paper.pdf.pdf,0
Zhou_Towards_Explainable_and_Unprecedented_Accuracy_in_Matching_Challenging_Finger_Crease_CVPR_2025_paper.pdf.pdf,0
Levin_Understanding_Multi-layered_Transmission_Matrices_CVPR_2025_paper.pdf.pdf,0
Xing_Focus-N-Fix_Region-Aware_Fine-Tuning_for_Text-to-Image_Generation_CVPR_2025_paper.pdf.pdf,0
Zhao_SAM2Object_Consolidating_View_Consistency_via_SAM2_for_Zero-Shot_3D_Instance_CVPR_2025_paper.pdf.pdf,0
Lee_Cropper_Vision-Language_Model_for_Image_Cropping_through_In-Context_Learning_CVPR_2025_paper.pdf.pdf,0
Zhang_Open-Vocabulary_Functional_3D_Scene_Graphs_for_Real-World_Indoor_Spaces_CVPR_2025_paper.pdf.pdf,0
Wang_Visual_Consensus_Prompting_for_Co-Salient_Object_Detection_CVPR_2025_paper.pdf.pdf,0
Li_DocSAM_Unified_Document_Image_Segmentation_via_Query_Decomposition_and_Heterogeneous_CVPR_2025_paper.pdf.pdf,0
Tybl_Training-free_Neural_Architecture_Search_through_Variance_of_Knowledge_of_Deep_CVPR_2025_paper.pdf.pdf,0
Wang_Structure-from-Motion_with_a_Non-Parametric_Camera_Model_CVPR_2025_paper.pdf.pdf,0
Li_InsTaG_Learning_Personalized_3D_Talking_Head_from_Few-Second_Video_CVPR_2025_paper.pdf.pdf,0
Wald_Revisiting_MAE_Pre-training_for_3D_Medical_Image_Segmentation_CVPR_2025_paper.pdf.pdf,0
Xing_RAEncoder_A_Label-Free_Reversible_Adversarial_Examples_Encoder_for_Dataset_Intellectual_CVPR_2025_paper.pdf.pdf,0
Xu_MAC-Ego3D_Multi-Agent_Gaussian_Consensus_for_Real-Time_Collaborative_Ego-Motion_and_Photorealistic_CVPR_2025_paper.pdf.pdf,0
Wu_SnapGen-V_Generating_a_Five-Second_Video_within_Five_Seconds_on_a_CVPR_2025_paper.pdf.pdf,0
Nwoye_CholecTrack20_A_Multi-Perspective_Tracking_Dataset_for_Surgical_Tools_CVPR_2025_paper.pdf.pdf,0
Qiu_AniGS_Animatable_Gaussian_Avatar_from_a_Single_Image_with_Inconsistent_CVPR_2025_paper.pdf.pdf,0
Lee_SOAP_Vision-Centric_3D_Semantic_Scene_Completion_with_Scene-Adaptive_Decoder_and_CVPR_2025_paper.pdf.pdf,0
Ho_DejaVid_Encoder-Agnostic_Learned_Temporal_Matching_for_Video_Classification_CVPR_2025_paper.pdf.pdf,0
Shen_CocoER_Aligning_Multi-Level_Feature_by__Competition_and_Coordination_for_CVPR_2025_paper.pdf.pdf,0
Qiu_Noise-Consistent_Siamese-Diffusion_for_Medical_Image_Synthesis_and_Segmentation_CVPR_2025_paper.pdf.pdf,0
Gao_FluidNexus_3D_Fluid_Reconstruction_and_Prediction_from_a_Single_Video_CVPR_2025_paper.pdf.pdf,0
Duan_SDGOCC_Semantic_and_Depth-Guided_Birds-Eye_View_Transformation_for_3D_Multimodal_CVPR_2025_paper.pdf.pdf,0
