filename,latam_detected
Xiang_Evidential_Knowledge_Distillation_ICCV_2025_paper.pdf,0
Xie_Allowing_Oscillation_Quantization_Overcoming_Solution_Space_Limitation_in_Low_Bit-Width_ICCV_2025_paper.pdf,0
Long_Boosting_Adversarial_Transferability_via_Negative_Hessian_Trace_Regularization_ICCV_2025_paper.pdf,0
Wang_Asynchronous_Event_Error-Minimizing_Noise_for_Safeguarding_Event_Dataset_ICCV_2025_paper.pdf,0
Liu_E-NeMF_Event-based_Neural_Motion_Field_for_Novel_Space-time_View_Synthesis_ICCV_2025_paper.pdf,0
Bian_Scene_Coordinate_Reconstruction_Priors_ICCV_2025_paper.pdf,0
Zhang_DiffPCI_Large_Motion_Point_Cloud_frame_Interpolation_with_Diffusion_Model_ICCV_2025_paper.pdf,0
An_MinCD-PnP_Learning_2D-3D_Correspondences_with_Approximate_Blind_PnP_ICCV_2025_paper.pdf,0
Li_SEHDR_Single-Exposure_HDR_Novel_View_Synthesis_via_3D_Gaussian_Bracketing_ICCV_2025_paper.pdf,0
Lu_GenieBlue_Integrating_both_Linguistic_and_Multimodal_Capabilities_for_Large_Language_ICCV_2025_paper.pdf,0
Zeng_An_Efficient_Hybrid_Vision_Transformer_for_TinyML_Applications_ICCV_2025_paper.pdf,0
Kim_SummDiff_Generative_Modeling_of_Video_Summarization_with_Diffusion_ICCV_2025_paper.pdf,0
Saha_Generate_Transduct_Adapt_Iterative_Transduction_with_VLMs_ICCV_2025_paper.pdf,0
Han_InfGen_A_Resolution-Agnostic_Paradigm_for_Scalable_Image_Synthesis_ICCV_2025_paper.pdf,0
Luo_TR-PTS_Task-Relevant_Parameter_and_Token_Selection_for_Efficient_Tuning_ICCV_2025_paper.pdf,0
Yamane_MVTrajecter_Multi-View_Pedestrian_Tracking_with_Trajectory_Motion_Cost_and_Trajectory_ICCV_2025_paper.pdf,0
Khayatan_Analyzing_Finetuning_Representation_Shift_for_Multimodal_LLMs_Steering_ICCV_2025_paper.pdf,0
Kuo_D-Attn_Decomposed_Attention_for_Large_Vision-and-Language_Model_ICCV_2025_paper.pdf,0
Ke_Task-Aware_Prompt_Gradient_Projection_for_Parameter-Efficient_Tuning_Federated_Class-Incremental_Learning_ICCV_2025_paper.pdf,0
Zhang_Focal_Plane_Visual_Feature_Generation_and_Matching_on_a_Pixel_ICCV_2025_paper.pdf,0
Zhong_UnrealZoo_Enriching_Photo-realistic_Virtual_Worlds_for_Embodied_AI_ICCV_2025_paper.pdf,0
Balauca_Understanding_Museum_Exhibits_using_Vision-Language_Reasoning_ICCV_2025_paper.pdf,0
Lin_LongSplat_Robust_Unposed_3D_Gaussian_Splatting_for_Casual_Long_Videos_ICCV_2025_paper.pdf,0
Yang_VLIPP_Towards_Physically_Plausible_Video_Generation_with_Vision_and_Language_ICCV_2025_paper.pdf,0
Giakoumoglou_SAGI_Semantically_Aligned_and_Uncertainty_Guided_AI_Image_Inpainting_ICCV_2025_paper.pdf,0
Lin_MCOP_Multi-UAV_Collaborative_Occupancy_Prediction_ICCV_2025_paper.pdf,0
Bui_TrustMark_Robust_Watermarking_and_Watermark_Removal_for_Arbitrary_Resolution_Images_ICCV_2025_paper.pdf,0
Petit_DiSCO-3D__Discovering_and_Segmenting_Sub-Concepts_from_Open-vocabulary_Queries_in_ICCV_2025_paper.pdf,0
Zust_PanSt3R_Multi-view_Consistent_Panoptic_Segmentation_ICCV_2025_paper.pdf,0
Wang_UniCombine_Unified_Multi-Conditional_Combination_with_Diffusion_Transformer_ICCV_2025_paper.pdf,0
Shi_Imbalance_in_Balance_Online_Concept_Balancing_in_Generation_Models_ICCV_2025_paper.pdf,0
Xiang_ForestFormer3D_A_Unified_Framework_for_End-to-End_Segmentation_of_Forest_LiDAR_ICCV_2025_paper.pdf,0
Lei_The_Scalability_of_Simplicity_Empirical_Analysis_of_Vision-Language_Learning_with_ICCV_2025_paper.pdf,0
Jo_COIN_Confidence_Score-Guided_Distillation_for_Annotation-Free_Cell_Segmentation_ICCV_2025_paper.pdf,0
Bai_Retinex-MEF_Retinex-based_Glare_Effects_Aware_Unsupervised_Multi-Exposure_Image_Fusion_ICCV_2025_paper.pdf,0
Wang_LOTA_Bit-Planes_Guided_AI-Generated_Image_Detection_ICCV_2025_paper.pdf,0
Zhang_MEGA_Memory-Efficient_4D_Gaussian_Splatting_for_Dynamic_Scenes_ICCV_2025_paper.pdf,0
Hirota_Bias_in_Gender_Bias_Benchmarks_How_Spurious_Features_Distort_Evaluation_ICCV_2025_paper.pdf,0
Zhou_Towards_Effective_Foundation_Model_Adaptation_for_Extreme_Cross-Domain_Few-Shot_Learning_ICCV_2025_paper.pdf,0
Yin_ProGait_A_Multi-Purpose_Video_Dataset_and_Benchmark_for_Transfemoral_Prosthesis_ICCV_2025_paper.pdf,0
Katragadda_Online_Language_Splatting_ICCV_2025_paper.pdf,0
Li_MSA2_Multi-task_Framework_with_Structure-aware_and_Style-adaptive_Character_Representation_for_ICCV_2025_paper.pdf,0
Park_Know_No_Better_A_Data-Driven_Approach_for_Enhancing_Negation_Awareness_ICCV_2025_paper.pdf,0
Hassan_Vision-Language_Neural_Graph_Featurization_for_Extracting_Retinal_Lesions_ICCV_2025_paper.pdf,0
Cho_Representing_3D_Shapes_with_64_Latent_Vectors_for_3D_Diffusion_ICCV_2025_paper.pdf,0
Liang_Instance-Level_Video_Depth_in_Groups_Beyond_Occlusions_ICCV_2025_paper.pdf,0
Ji_CARL_Causality-guided_Architecture_Representation_Learning_for_an_Interpretable_Performance_Predictor_ICCV_2025_paper.pdf,0
Cheng_VPO_Aligning_Text-to-Video_Generation_Models_with_Prompt_Optimization_ICCV_2025_paper.pdf,0
Wang_ILLUME_Illuminating_Your_LLMs_to_See_Draw_and_Self-Enhance_ICCV_2025_paper.pdf,0
Li_FIND_Few-Shot_Anomaly_Inspection_with_Normal-Only_Multi-Modal_Data_ICCV_2025_paper.pdf,0
Guo_DiST-4D_Disentangled_Spatiotemporal_Diffusion_with_Metric_Depth_for_4D_Driving_ICCV_2025_paper.pdf,0
Cong_Rethinking_the_Upsampling_Process_in_Light_Field_Super-Resolution_with_Spatial-Epipolar_ICCV_2025_paper.pdf,0
Zhang_Beyond_Training_Dynamic_Token_Merging_for_Zero-Shot_Video_Understanding_ICCV_2025_paper.pdf,0
Kong_RogSplat_Robust_Gaussian_Splatting_via_Generative_Priors_ICCV_2025_paper.pdf,0
Xie_Hi-Gaussian_Hierarchical_Gaussians_under_Normalized_Spherical_Projection_for_Single-View_3D_ICCV_2025_paper.pdf,0
Zheng_Learning_Counterfactually_Decoupled_Attention_for_Open-World_Model_Attribution_ICCV_2025_paper.pdf,0
Galliena_Embodied_Image_Captioning_Self-supervised_Learning_Agents_for_Spatially_Coherent_Image_ICCV_2025_paper.pdf,0
Alshami_AIM_Amending_Inherent_Interpretability_via_Self-Supervised_Masking_ICCV_2025_paper.pdf,0
Xu_Dual-Temporal_Exemplar_Representation_Network_for_Video_Semantic_Segmentation_ICCV_2025_paper.pdf,0
Yuan_CAT_A_Unified_Click-and-Track_Framework_for_Realistic_Tracking_ICCV_2025_paper.pdf,0
Fan_Video_Individual_Counting_for_Moving_Drones_ICCV_2025_paper.pdf,0
Milano_Discontinuity-aware_Normal_Integration_for_Generic_Central_Camera_Models_ICCV_2025_paper.pdf,0
Wang_FOLDER_Accelerating_Multi-Modal_Large_Language_Models_with_Enhanced_Performance_ICCV_2025_paper.pdf,0
Wei_GTR_Guided_Thought_Reinforcement_Prevents_Thought_Collapse_in_RL-based_VLM_ICCV_2025_paper.pdf,0
Das_ConsNoTrainLoRA_Data-driven_Weight_Initialization_of_Low-rank_Adapters_using_Constraints_ICCV_2025_paper.pdf,0
Lee_Scheduling_Weight_Transitions_for_Quantization-Aware_Training_ICCV_2025_paper.pdf,0
Ma_An_Inversion-based_Measure_of_Memorization_for_Diffusion_Models_ICCV_2025_paper.pdf,0
Suo_Pruning_All-Rounder_Rethinking_and_Improving_Inference_Efficiency_for_Large_Vision_ICCV_2025_paper.pdf,0
Di_DiffTell_A_High-Quality_Dataset_for_Describing_Image_Manipulation_Changes_ICCV_2025_paper.pdf,0
Liang_EventUPS_Uncalibrated_Photometric_Stereo_Using_an_Event_Camera_ICCV_2025_paper.pdf,0
Aneja_GaussianSpeech_Audio-Driven_Personalized_3D_Gaussian_Avatars_ICCV_2025_paper.pdf,0
Zhang_Revisiting_Efficient_Semantic_Segmentation_Learning_Offsets_for_Better_Spatial_and_ICCV_2025_paper.pdf,0
Zhai_Efficient_Input-level_Backdoor_Defense_on_Text-to-Image_Synthesis_via_Neuron_Activation_ICCV_2025_paper.pdf,0
Li_Bitrate-Controlled_Diffusion_for_Disentangling_Motion_and_Content_in_Video_ICCV_2025_paper.pdf,0
Li_AnyI2V_Animating_Any_Conditional_Image_with_Motion_Control_ICCV_2025_paper.pdf,0
Li_Puppet-Master_Scaling_Interactive_Video_Generation_as_a_Motion_Prior_for_ICCV_2025_paper.pdf,0
Zhu_LLaVA-3D_A_Simple_yet_Effective_Pathway_to_Empowering_LMMs_with_ICCV_2025_paper.pdf,0
Wang_LightCity_An_Urban_Dataset_for_Outdoor_Inverse_Rendering_and_Reconstruction_ICCV_2025_paper.pdf,0
Chen_HyTIP_Hybrid_Temporal_Information_Propagation_for_Masked_Conditional_Residual_Video_ICCV_2025_paper.pdf,0
Kayan_Princeton365_A_Diverse_Dataset_with_Accurate_Camera_Pose_ICCV_2025_paper.pdf,0
Deng_UNIS_A_Unified_Framework_for_Achieving_Unbiased_Neural_Implicit_Surfaces_ICCV_2025_paper.pdf,0
Ha_HVPUNet_Hybrid-Voxel_Point-cloud_Upsampling_Network_ICCV_2025_paper.pdf,0
Sastry_Global_and_Local_Entailment_Learning_for_Natural_World_Imagery_ICCV_2025_paper.pdf,0
Li_Learning_Hierarchical_Line_Buffer_for_Image_Processing_ICCV_2025_paper.pdf,0
Yun_WarpHE4D_Dense_4D_Head_Map_toward_Full_Head_Reconstruction_ICCV_2025_paper.pdf,0
Hartwig_GECO_Geometrically_Consistent_Embedding_with_Lightspeed_Inference_ICCV_2025_paper.pdf,0
Zhang_GenDoP_Auto-regressive_Camera_Trajectory_Generation_as_a_Director_of_Photography_ICCV_2025_paper.pdf,0
Chen_Exploring_Probabilistic_Modeling_Beyond_Domain_Generalization_for_Semantic_Segmentation_ICCV_2025_paper.pdf,0
Liang_Efficient_Event_Camera_Data_Pretraining_with_Adaptive_Prompt_Fusion_ICCV_2025_paper.pdf,0
Cao_Refer_to_Any_Segmentation_Mask_Group_With_Vision-Language_Prompts_ICCV_2025_paper.pdf,0
Soni_LOCATEdit_Graph_Laplacian_Optimized_Cross_Attention_for_Localized_Text-Guided_Image_ICCV_2025_paper.pdf,0
Wang_Rethinking_the_Embodied_Gap_in_Vision-and-Language_Navigation_A_Holistic_Study_ICCV_2025_paper.pdf,0
Narayan_FaceXFormer_A_Unified_Transformer_for_Facial_Analysis_ICCV_2025_paper.pdf,0
Lo_From_Prompt_to_Progression_Taming_Video_Diffusion_Models_for_Seamless_ICCV_2025_paper.pdf,0
Ishihara_Spatio-Spectral_Pattern_Illumination_for_Direct_and_Indirect_Separation_from_a_ICCV_2025_paper.pdf,0
Gao_3D_Gaussian_Map_with_Open-Set_Semantic_Grouping_for_Vision-Language_Navigation_ICCV_2025_paper.pdf,0
Ramanathan_ModalTune_Fine-Tuning_Slide-Level_Foundation_Models_with_Multi-Modal_Information_for_Multi-task_ICCV_2025_paper.pdf,0
Hou_FROSS_Faster-Than-Real-Time_Online_3D_Semantic_Scene_Graph_Generation_from_RGB-D_ICCV_2025_paper.pdf,0
Zuo_Signs_as_Tokens_A_Retrieval-Enhanced_Multilingual_Sign_Language_Generator_ICCV_2025_paper.pdf,0
Fang_Forensic-MoE_Exploring_Comprehensive_Synthetic_Image_Detection_Traces_with_Mixture_of_ICCV_2025_paper.pdf,0
Simonelli_Easy3D_A_Simple_Yet_Effective_Method_for_3D_Interactive_Segmentation_ICCV_2025_paper.pdf,0
Wang_UAVScenes_A_Multi-Modal_Dataset_for_UAVs_ICCV_2025_paper.pdf,0
Liao_ImageGen-CoT_Enhancing_Text-to-Image_In-context_Learning_with_Chain-of-Thought_Reasoning_ICCV_2025_paper.pdf,0
Bi_A_Simple_yet_Mighty_Hartley_Diffusion_Versatilist_for_Generalizable_Dense_ICCV_2025_paper.pdf,0
Makabe_Spectral_Sensitivity_Estimation_with_an_Uncalibrated_Diffraction_Grating_ICCV_2025_paper.pdf,0
Du_Diffusion_Transformer_meets_Multi-level_Wavelet_Spectrum_for_Single_Image_Super-Resolution_ICCV_2025_paper.pdf,0
Yang_DriveArena_A_Closed-loop_Generative_Simulation_Platform_for_Autonomous_Driving_ICCV_2025_paper.pdf,0
Chatterjee_Streaming_VideoLLMs_for_Real-Time_Procedural_Video_Understanding_ICCV_2025_paper.pdf,0
Gong_InstantEdit_Text-Guided_Few-Step_Image_Editing_with_Piecewise_Rectified_Flow_ICCV_2025_paper.pdf,0
Tsai_LightsOut_Diffusion-based_Outpainting_for_Enhanced_Lens_Flare_Removal_ICCV_2025_paper.pdf,0
Yoon_S4M_Boosting_Semi-Supervised_Instance_Segmentation_with_SAM_ICCV_2025_paper.pdf,0
Chen_TokenUnify_Scaling_Up_Autoregressive_Pretraining_for_Neuron_Segmentation_ICCV_2025_paper.pdf,0
Ding_RePoseD_Efficient_Relative_Pose_Estimation_With_Known_Depth_Information_ICCV_2025_paper.pdf,0
Lu_RhythmGuassian_Repurposing_Generalizable_Gaussian_Model_For_Remote_Physiological_Measurement_ICCV_2025_paper.pdf,0
Li_Towards_Long-Horizon_Vision-Language-Action_System_Reasoning_Acting_and_Memory_ICCV_2025_paper.pdf,0
Sun_Knowledge_Distillation_with_Refined_Logits_ICCV_2025_paper.pdf,0
Lu_GWM_Towards_Scalable_Gaussian_World_Models_for_Robotic_Manipulation_ICCV_2025_paper.pdf,0
Chen_Semantic_Causality-Aware_Vision-Based_3D_Occupancy_Prediction_ICCV_2025_paper.pdf,0
Fu_Neural_Solver_of_Dichromatic_Reflection_Model_for_Specular_Highlight_Removal_ICCV_2025_paper.pdf,0
You_FB-Diff_Fourier_Basis-guided_Diffusion_for_Temporal_Interpolation_of_4D_Medical_ICCV_2025_paper.pdf,0
Cho_Controllable_Feature_Whitening_for_Hyperparameter-Free_Bias_Mitigation_ICCV_2025_paper.pdf,0
He_UniPortrait_A_Unified_Framework_for_Identity-Preserving_Single-_and_Multi-Human_Image_ICCV_2025_paper.pdf,0
Krause_TREAD_Token_Routing_for_Efficient_Architecture-agnostic_Diffusion_Training_ICCV_2025_paper.pdf,0
Yin_ToolVQA_A_Dataset_for_Multi-step_Reasoning_VQA_with_External_Tools_ICCV_2025_paper.pdf,0
Dong_DepthSync_Diffusion_Guidance-Based_Depth_Synchronization_for_Scale-_and_Geometry-Consistent_Video_ICCV_2025_paper.pdf,0
Li_MeshPad_Interactive_Sketch-Conditioned_Artist-Reminiscent_Mesh_Generation_and_Editing_ICCV_2025_paper.pdf,0
Li_Generalized_Few-Shot_Point_Cloud_Segmentation_via_LLM-Assisted_Hyper-Relation_Matching_ICCV_2025_paper.pdf,0
Pei_OpenSubstance_A_High-quality_Measured_Dataset_of_Multi-View_and_-Lighting_Images_ICCV_2025_paper.pdf,0
Rakib_G2D_Boosting_Multimodal_Learning_with_Gradient-Guided_Distillation_ICCV_2025_paper.pdf,0
Ba_Enhancing_Reward_Models_for_High-quality_Image_Generation_Beyond_Text-Image_Alignment_ICCV_2025_paper.pdf,0
Liu_4DSegStreamer_Streaming_4D_Panoptic_Segmentation_via_Dual_Threads_ICCV_2025_paper.pdf,0
Lu_End-to-End_Multi-Modal_Diffusion_Mamba_ICCV_2025_paper.pdf,0
Li_MMAD_Multi-label_Micro-Action_Detection_in_Videos_ICCV_2025_paper.pdf,0
He_Simulating_Dual-Pixel_Images_From_Ray_Tracing_For_Depth_Estimation_ICCV_2025_paper.pdf,0
Augustin_DASH_Detection_and_Assessment_of_Systematic_Hallucinations_of_VLMs_ICCV_2025_paper.pdf,0
Liu_EEGMirror_Leveraging_EEG_Data_in_the_Wild_via_Montage-Agnostic_Self-Supervision_ICCV_2025_paper.pdf,0
Yu_Wasserstein_Style_Distribution_Analysis_and_Transform_for_Stylized_Image_Generation_ICCV_2025_paper.pdf,0
Chen_HouseCrafter_Lifting_Floorplans_to_3D_Scenes_with_2D_Diffusion_Models_ICCV_2025_paper.pdf,0
Winter_ObjectMate_A_Recurrence_Prior_for_Object_Insertion_and_Subject-Driven_Generation_ICCV_2025_paper.pdf,0
Gu_Gradient_Short-Circuit_Efficient_Out-of-Distribution_Detection_via_Feature_Intervention_ICCV_2025_paper.pdf,0
Zheng_Hierarchical_Event_Memory_for_Accurate_and_Low-latency_Online_Video_Temporal_ICCV_2025_paper.pdf,0
Zhu_Blind_Video_Super-Resolution_based_on_Implicit_Kernels_ICCV_2025_paper.pdf,0
Wang_VistaDream_Sampling_multiview_consistent_images_for_single-view_scene_reconstruction_ICCV_2025_paper.pdf,0
Park_Understanding_Personal_Concept_in_Open-Vocabulary_Semantic_Segmentation_ICCV_2025_paper.pdf,0
Jun_Generative_Adversarial_Diffusion_ICCV_2025_paper.pdf,0
Zhang_An_Information-Theoretic_Regularizer_for_Lossy_Neural_Image_Compression_ICCV_2025_paper.pdf,0
Shao_MagShield_Towards_Better_Robustness_in_Sparse_Inertial_Motion_Capture_Under_ICCV_2025_paper.pdf,0
Wang_FedDifRC_Unlocking_the_Potential_of_Text-to-Image_Diffusion_Models_in_Heterogeneous_ICCV_2025_paper.pdf,0
Li_Towards_Performance_Consistency_in_Multi-Level_Model_Collaboration_ICCV_2025_paper.pdf,0
Tao_Transformed_Low-rank_Adaptation_via_Tensor_Decomposition_and_Its_Applications_to_ICCV_2025_paper.pdf,0
Park_SFUOD_Source-Free_Unknown_Object_Detection_ICCV_2025_paper.pdf,0
Gao_Self-supervised_Learning_of_Hybrid_Part-aware_3D_Representations_of_2D_Gaussians_ICCV_2025_paper.pdf,0
Zhang_PhysRig_Differentiable_Physics-Based_Skinning_and_Rigging_Framework_for_Realistic_Articulated_ICCV_2025_paper.pdf,0
Rege_CuRe_Cultural_Gaps_in_the_Long_Tail_of_Text-to-Image_Systems_ICCV_2025_paper.pdf,0
Liang_Diffusion_Curriculum_Synthetic-to-Real_Data_Curriculum_via_Image-Guided_Diffusion_ICCV_2025_paper.pdf,0
Guo_CopyrightShield_Enhancing_Diffusion_Model_Security_Against_Copyright_Infringement_Attacks_ICCV_2025_paper.pdf,0
Huang_MCID_Multi-aspect_Copyright_Infringement_Detection_for_Generated_Images_ICCV_2025_paper.pdf,0
Wu_CMT_A_Cascade_MAR_with_Topology_Predictor_for_Multimodal_Conditional_ICCV_2025_paper.pdf,0
Tong_Any-SSR_How_Recursive_Least_Squares_Works_in_Continual_Learning_of_ICCV_2025_paper.pdf,0
Zhao_Tune-Your-Style_Intensity-tunable_3D_Style_Transfer_with_Gaussian_Splatting_ICCV_2025_paper.pdf,0
Gao_SurfaceSplat_Connecting_Surface_Reconstruction_and_Gaussian_Splatting_ICCV_2025_paper.pdf,0
Maharana_BATCLIP_Bimodal_Online_Test-Time_Adaptation_for_CLIP_ICCV_2025_paper.pdf,0
Yang_Democratizing_High-Fidelity_Co-Speech_Gesture_Video_Generation_ICCV_2025_paper.pdf,0
Wang_DeGauss_Dynamic-Static_Decomposition_with_Gaussian_Splatting_for_Distractor-free_3D_Reconstruction_ICCV_2025_paper.pdf,0
Feng_VideoOrion_Tokenizing_Object_Dynamics_in_Videos_ICCV_2025_paper.pdf,0
Lu_HUMOTO_A_4D_Dataset_of_Mocap_Human_Object_Interactions_ICCV_2025_paper.pdf,0
Li_Learning_Precise_Affordances_from_Egocentric_Videos_for_Robotic_Manipulation_ICCV_2025_paper.pdf,0
Jeon_Teaching_AI_the_Anatomy_Behind_the_Scan_Addressing_Anatomical_Flaws_ICCV_2025_paper.pdf,0
Peng_Mitigating_Object_Hallucinations_via_Sentence-Level_Early_Intervention_ICCV_2025_paper.pdf,0
Sun_Invisible_Watermarks_Visible_Gains_Steering_Machine_Unlearning_with_Bi-Level_Watermarking_ICCV_2025_paper.pdf,0
Zhang_VTimeCoT_Thinking_by_Drawing_for_Video_Temporal_Grounding_and_Reasoning_ICCV_2025_paper.pdf,0
Gorgun_VITAL_More_Understandable_Feature_Visualization_through_Distribution_Alignment_and_Relevant_ICCV_2025_paper.pdf,0
Yang_Versatile_Transition_Generation_with_Image-to-Video_Diffusion_ICCV_2025_paper.pdf,0
Li_AGO_Adaptive_Grounding_for_Open_World_3D_Occupancy_Prediction_ICCV_2025_paper.pdf,0
Yuan_WalkVLM_Aid_Visually_Impaired_People_Walking_by_Vision_Language_Model_ICCV_2025_paper.pdf,0
Wang_UniConvNet_Expanding_Effective_Receptive_Field_while_Maintaining_Asymptotically_Gaussian_Distribution_ICCV_2025_paper.pdf,0
Zhu_Aether_Geometric-Aware_Unified_World_Modeling_ICCV_2025_paper.pdf,0
Deng_Visual_Chronicles_Using_Multimodal_LLMs_to_Analyze_Massive_Collections_of_ICCV_2025_paper.pdf,0
Kang_Open-ended_Hierarchical_Streaming_Video_Understanding_with_Vision_Language_Models_ICCV_2025_paper.pdf,0
Yu_Learning_to_Generalize_without_Bias_for_Open-Vocabulary_Action_Recognition_ICCV_2025_paper.pdf,0
Raza_PS3_A_Multimodal_Transformer_Integrating_Pathology_Reports_with_Histology_Images_ICCV_2025_paper.pdf,0
Nguyen_EgoMusic-driven_Human_Dance_Motion_Estimation_with_Skeleton_Mamba_ICCV_2025_paper.pdf,0
Ying_FusionPhys_A_Flexible_Framework_for_Fusing_Complementary_Sensing_Modalities_in_ICCV_2025_paper.pdf,0
Engelhardt_SViM3D_Stable_Video_Material_Diffusion_for_Single_Image_3D_Generation_ICCV_2025_paper.pdf,0
Yu_Randomized_Autoregressive_Visual_Generation_ICCV_2025_paper.pdf,0
Wan_Intra-view_and_Inter-view_Correlation_Guided_Multi-view_Novel_Class_Discovery_ICCV_2025_paper.pdf,0
Kim_Early_Timestep_Zero-Shot_Candidate_Selection_for_Instruction-Guided_Image_Editing_ICCV_2025_paper.pdf,0
Peng_A_Constrained_Optimization_Approach_for_Gaussian_Splatting_from_Coarsely-posed_Images_ICCV_2025_paper.pdf,0
Luo_T2Bs_Text-to-Character_Blendshapes_via_Video_Generation_ICCV_2025_paper.pdf,0
Zhao_Membership_Inference_Attacks_with_False_Discovery_Rate_Control_ICCV_2025_paper.pdf,0
Si_Generalized_Tensor-based_Parameter-Efficient_Fine-Tuning_via_Lie_Group_Transformations_ICCV_2025_paper.pdf,0
Bhowmik_TWIST__SCOUT_Grounding_Multimodal_LLM-Experts_by_Forget-Free_Tuning_ICCV_2025_paper.pdf,0
Wang_From_Enhancement_to_Understanding_Build_a_Generalized_Bridge_for_Low-light_ICCV_2025_paper.pdf,0
Yang_DADM_Dual_Alignment_of_Domain_and_Modality_for_Face_Anti-spoofing_ICCV_2025_paper.pdf,0
Ge_V2PE_Improving_Multimodal_Long-Context_Capability_of_Vision-Language_Models_with_Variable_ICCV_2025_paper.pdf,0
Yun_FedMeNF_Privacy-Preserving_Federated_Meta-Learning_for_Neural_Fields_ICCV_2025_paper.pdf,0
Shen_Fish2Mesh_Transformer_3D_Human_Mesh_Recovery_from_Egocentric_Vision_ICCV_2025_paper.pdf,0
Lim_ChartCap_Mitigating_Hallucination_of_Dense_Chart_Captioning_ICCV_2025_paper.pdf,0
Zhang_Beyond_Text-Visual_Attention_Exploiting_Visual_Cues_for_Effective_Token_Pruning_ICCV_2025_paper.pdf,0
Seizinger_Bokehlicious_Photorealistic_Bokeh_Rendering_with_Controllable_Apertures_ICCV_2025_paper.pdf,0
Chen_Sparse_Fine-Tuning_of_Transformers_for_Generative_Tasks_ICCV_2025_paper.pdf,0
Casey_Aligning_Constraint_Generation_with_Design_Intent_in_Parametric_CAD_ICCV_2025_paper.pdf,0
Junhao_Disrupting_Model_Merging_A_Parameter-Level_Defense_Without_Sacrificing_Accuracy_ICCV_2025_paper.pdf,0
He_ZipVL_Accelerating_Vision-Language_Models_through_Dynamic_Token_Sparsity_ICCV_2025_paper.pdf,0
Zheng_ViLLa_Video_Reasoning_Segmentation_with_Large_Language_Model_ICCV_2025_paper.pdf,0
Hou_Omegance_A_Single_Parameter_for_Various_Granularities_in_Diffusion-Based_Synthesis_ICCV_2025_paper.pdf,0
Lim_Event-Driven_Storytelling_with_Multiple_Lifelike_Humans_in_a_3D_Scene_ICCV_2025_paper.pdf,0
Zhu_4D-Bench_Benchmarking_Multi-modal_Large_Language_Models_for_4D_Object_Understanding_ICCV_2025_paper.pdf,0
Xu_INSTINCT_Instance-Level_Interaction_Architecture_for_Query-Based_Collaborative_Perception_ICCV_2025_paper.pdf,0
Miao_Temporal_Overlapping_Prediction_A_Self-supervised_Pre-training_Method_for_LiDAR_Moving_ICCV_2025_paper.pdf,0
Jang_Identity-aware_Language_Gaussian_Splatting_for_Open-vocabulary_3D_Semantic_Segmentation_ICCV_2025_paper.pdf,0
Wang_Rep-MTL_Unleashing_the_Power_of_Representation-level_Task_Saliency_for_Multi-Task_ICCV_2025_paper.pdf,0
Pun_Generating_Physically_Stable_and_Buildable_Brick_Structures_from_Text_ICCV_2025_paper.pdf,0
Haitman_DoppDrive_Doppler-Driven_Temporal_Aggregation_for_Improved_Radar_Object_Detection_ICCV_2025_paper.pdf,0
Roy_DuoLoRA__Cycle-consistent_and_Rank-disentangled_Content-Style_Personalization_ICCV_2025_paper.pdf,0
Yang_CounterPC_Counterfactual_Feature_Realignment_for_Unsupervised_Domain_Adaptation_on_Point_ICCV_2025_paper.pdf,0
Zhang_VLDrive_Vision-Augmented_Lightweight_MLLMs_for_Efficient_Language-grounded_Autonomous_Driving_ICCV_2025_paper.pdf,0
Pan_Structure-aware_Semantic_Discrepancy_and_Consistency_for_3D_Medical_Image_Self-supervised_ICCV_2025_paper.pdf,0
Gao_MagicDrive-V2_High-Resolution_Long_Video_Generation_for_Autonomous_Driving_with_Adaptive_ICCV_2025_paper.pdf,0
Pujol-Perich_Sparse-Dense_Side-Tuner_for_efficient_Video_Temporal_Grounding_ICCV_2025_paper.pdf,0
Guo_SCAN_Bootstrapping_Contrastive_Pre-training_for_Data_Efficiency_ICCV_2025_paper.pdf,0
Guo_Forgetting_Through_Transforming_Enabling_Federated_Unlearning_via_Class-Aware_Representation_Transformation_ICCV_2025_paper.pdf,0
Li_InfoBridge_Balanced_Multimodal_Integration_through_Conditional_Dependency_Modeling_ICCV_2025_paper.pdf,0
Ulmer_Conditional_Latent_Diffusion_Models_for_Zero-Shot_Instance_Segmentation_ICCV_2025_paper.pdf,0
Dunnhofer_Is_Tracking_Really_More_Challenging_in_First_Person_Egocentric_Vision_ICCV_2025_paper.pdf,0
Chen_EgoAgent_A_Joint_Predictive_Agent_Model_in_Egocentric_Worlds_ICCV_2025_paper.pdf,0
Li_One-Shot_Knowledge_Transfer_for_Scalable_Person_Re-Identification_ICCV_2025_paper.pdf,0
Zhu_PossLoss_A_Reliable_and_Sensitive_Facial_Landmark_Detection_Loss_Function_ICCV_2025_paper.pdf,0
Zhai_Text2Outfit_Controllable_Outfit_Generation_with_Multimodal_Language_Models_ICCV_2025_paper.pdf,0
Xu_FreeSplatter_Pose-free_Gaussian_Splatting_for_Sparse-view_3D_Reconstruction_ICCV_2025_paper.pdf,0
Wu_MP-HSIR_A_Multi-Prompt_Framework_for_Universal_Hyperspectral_Image_Restoration_ICCV_2025_paper.pdf,0
Zhou_VLM4D_Towards_Spatiotemporal_Awareness_in_Vision_Language_Models_ICCV_2025_paper.pdf,0
Fan_Go_to_Zero_Towards_Zero-shot_Motion_Generation_with_Million-scale_Data_ICCV_2025_paper.pdf,0
Liu_LangScene-X_Reconstruct_Generalizable_3D_Language-Embedded_Scenes_with_TriMap_Video_Diffusion_ICCV_2025_paper.pdf,0
Zhang_Adversarial_Training_for_Probabilistic_Robustness_ICCV_2025_paper.pdf,0
Wang_Mamba-3VL_Taming_State_Space_Model_for_3D_Vision_Language_Learning_ICCV_2025_paper.pdf,0
Du_Category-Specific_Selective_Feature_Enhancement_for_Long-Tailed_Multi-Label_Image_Classification_ICCV_2025_paper.pdf,0
Bai_ReCamMaster_Camera-Controlled_Generative_Rendering_from_A_Single_Video_ICCV_2025_paper.pdf,0
Duan_WorldScore_A_Unified_Evaluation_Benchmark_for_World_Generation_ICCV_2025_paper.pdf,0
Fu_ObjectRelator_Enabling_Cross-View_Object_Relation_Understanding_Across_Ego-Centric_and_Exo-Centric_ICCV_2025_paper.pdf,0
Albert_Towards_Higher_Effective_Rank_in_Parameter-Efficient_Fine-tuning_using_Khatri-Rao_Product_ICCV_2025_paper.pdf,0
Sutton_Staining_and_Locking_Computer_Vision_Models_Without_Retraining_ICCV_2025_paper.pdf,0
Li_SceneSplat_Gaussian_Splatting-based_Scene_Understanding_with_Vision-Language_Pretraining_ICCV_2025_paper.pdf,0
Zheng_CO2-Net_A_Physics-Informed_Spatio-Temporal_Model_for_Global_Surface_CO2_Reconstruction_ICCV_2025_paper.pdf,0
Wei_ViT-Linearizer_Distilling_Quadratic_Knowledge_into_Linear-Time_Vision_Models_ICCV_2025_paper.pdf,0
Guo_Compression-Aware_One-Step_Diffusion_Model_for_JPEG_Artifact_Removal_ICCV_2025_paper.pdf,0
Chu_OmniCache_A_Trajectory-Oriented_Global_Perspective_on_Training-Free_Cache_Reuse_for_ICCV_2025_paper.pdf,0
Xu_Bringing_RNNs_Back_to_Efficient_Open-Ended_Video_Understanding_ICCV_2025_paper.pdf,0
Yang_Towards_a_Universal_Image_Degradation_Model_via_Content-Degradation_Disentanglement_ICCV_2025_paper.pdf,0
Liu_Video-T1_Test-time_Scaling_for_Video_Generation_ICCV_2025_paper.pdf,0
Xiang_Repurposing_2D_Diffusion_Models_with_Gaussian_Atlas_for_3D_Generation_ICCV_2025_paper.pdf,0
Wong_SignRep_Enhancing_Self-Supervised_Sign_Representations_ICCV_2025_paper.pdf,0
Yi_Fine-structure_Preserved_Real-world_Image_Super-resolution_via_Transfer_VAE_Training_ICCV_2025_paper.pdf,0
Zhang_VIPerson_Flexibly_Generating_Virtual_Identity_for_Person_Re-Identification_ICCV_2025_paper.pdf,0
Tan_MPBR_Multimodal_Progressive_Bidirectional_Reasoning_for_Open-Set_Fine-Grained_Recognition_ICCV_2025_paper.pdf,0
Wu_BVINet_Unlocking_Blind_Video_Inpainting_with_Zero_Annotations_ICCV_2025_paper.pdf,0
Yuan_SPD_Shallow_Backdoor_Protecting_Deep_Backdoor_Against_Backdoor_Detection_ICCV_2025_paper.pdf,0
Tian_REDUCIO_Generating_1K_Video_within_16_Seconds_using_Extremely_Compressed_ICCV_2025_paper.pdf,0
Ho_A_Differentiable_Wave_Optics_Model_for_End-to-End_Computational_Imaging_System_ICCV_2025_paper.pdf,0
Wu_Diorama_Unleashing_Zero-shot_Single-view_3D_Indoor_Scene_Modeling_ICCV_2025_paper.pdf,0
Cheng_Social_Debiasing_for_Fair_Multi-modal_LLMs_ICCV_2025_paper.pdf,0
Daxberger_MM-Spatial_Exploring_3D_Spatial_Understanding_in_Multimodal_LLMs_ICCV_2025_paper.pdf,0
Lou_LLaVA-SP_Enhancing_Visual_Representation_with_Visual_Spatial_Tokens_for_MLLMs_ICCV_2025_paper.pdf,0
Gupta_TOGA_Temporally_Grounded_Open-Ended_Video_QA_with_Weak_Supervision_ICCV_2025_paper.pdf,0
Yu_HERO_Human_Reaction_Generation_from_Videos_ICCV_2025_paper.pdf,0
Chen_Learning_Robust_Image_Watermarking_with_Lossless_Cover_Recovery_ICCV_2025_paper.pdf,0
Zhou_PanoLlama_Generating_Endless_and_Coherent_Panoramas_with_Next-Token-Prediction_LLMs_ICCV_2025_paper.pdf,0
Zhou_Polarimetric_Neural_Field_via_Unified_Complex-Valued_Wave_Representation_ICCV_2025_paper.pdf,0
Li_Tensor-aggregated_LoRA_in_Federated_Fine-tuning_ICCV_2025_paper.pdf,0
Ma_InterSyn_Interleaved_Learning_for_Dynamic_Motion_Synthesis_in_the_Wild_ICCV_2025_paper.pdf,0
Bi_AdaDCP_Learning_an_Adapter_with_Discrete_Cosine_Prior_for_Clear-to-Adverse_ICCV_2025_paper.pdf,0
Jiang_InfiniteYou_Flexible_Photo_Recrafting_While_Preserving_Your_Identity_ICCV_2025_paper.pdf,0
Huang_AirCache_Activating_Inter-modal_Relevancy_KV_Cache_Compression_for_Efficient_Large_ICCV_2025_paper.pdf,0
Chung_ETA_Energy-based_Test-time_Adaptation_for_Depth_Completion_ICCV_2025_paper.pdf,0
Wang_VehicleMAE_View-asymmetry_Mutual_Learning_for_Vehicle_Re-identification_Pre-training_via_Masked_ICCV_2025_paper.pdf,0
Abdelreheem_PlaceIt3D_Language-Guided_Object_Placement_in_Real_3D_Scenes_ICCV_2025_paper.pdf,0
Hofer_Kaputt_A_Large-Scale_Dataset_for_Visual_Defect_Detection_ICCV_2025_paper.pdf,0
Wu_Measuring_the_Impact_of_Rotation_Equivariance_on_Aerial_Object_Detection_ICCV_2025_paper.pdf,0
Shi_Decouple_and_Track_Benchmarking_and_Improving_Video_Diffusion_Transformers_For_ICCV_2025_paper.pdf,0
Xu_GaussianProperty_Integrating_Physical_Properties_to_3D_Gaussians_with_LMMs_ICCV_2025_paper.pdf,0
Galanakis_SpinMeRound_Consistent_Multi-View_Identity_Generation_Using_Diffusion_Models_ICCV_2025_paper.pdf,0
Wu_UniGS_Modeling_Unitary_3D_Gaussians_for_Novel_View_Synthesis_from_ICCV_2025_paper.pdf,0
Su_HUG_Hierarchical_Urban_Gaussian_Splatting_with_Block-Based_Reconstruction_for_Large-Scale_ICCV_2025_paper.pdf,0
Benita_CAFA_a_Controllable_Automatic_Foley_Artist_ICCV_2025_paper.pdf,0
Ji_Instruction-based_Image_Editing_with_Planning_Reasoning_and_Generation_ICCV_2025_paper.pdf,0
Wang_Describe_Adapt_and_Combine_Empowering_CLIP_Encoders_for_Open-set_3D_ICCV_2025_paper.pdf,0
Wu_Ensemble_Foreground_Management_for_Unsupervised_Object_Discovery_ICCV_2025_paper.pdf,0
Zheng_CULTURE3D_A_Large-Scale_and_Diverse_Dataset_of_Cultural_Landmarks_and_ICCV_2025_paper.pdf,0
Wang_Shape_of_Motion_4D_Reconstruction_from_a_Single_Video_ICCV_2025_paper.pdf,0
Zhang_Benchmarking_and_Learning_Multi-Dimensional_Quality_Evaluator_for_Text-to-3D_Generation_ICCV_2025_paper.pdf,0
Yang_STaR_Seamless_Spatial-Temporal_Aware_Motion_Retargeting_with_Penetration_and_Consistency_ICCV_2025_paper.pdf,0
Qin_Cassic_Towards_Content-Adaptive_State-Space_Models_for_Learned_Image_Compression_ICCV_2025_paper.pdf,0
Zhang_CreatiLayout_Siamese_Multimodal_Diffusion_Transformer_for_Creative_Layout-to-Image_Generation_ICCV_2025_paper.pdf,0
Kang_Is_CLIP_ideal_No._Can_we_fix_it_Yes_ICCV_2025_paper.pdf,0
Kim_Leveraging_Prior_Knowledge_of_Diffusion_Model_for_Person_Search_ICCV_2025_paper.pdf,0
Zhang_LiON-LoRA_Rethinking_LoRA_Fusion_to_Unify_Controllable_Spatial_and_Temporal_ICCV_2025_paper.pdf,0
Zhang_TAR3D_Creating_High-Quality_3D_Assets_via_Next-Part_Prediction_ICCV_2025_paper.pdf,0
Gou_Knowledge-Guided_Part_Segmentation_ICCV_2025_paper.pdf,0
Cheng_AnimeGamer_Infinite_Anime_Life_Simulation_with_Next_Game_State_Prediction_ICCV_2025_paper.pdf,0
Wang_Deep_Adaptive_Unfolded_Network_via_Spatial_Morphology_Stripping_and_Spectral_ICCV_2025_paper.pdf,0
Zhang_UPRE_Zero-Shot_Domain_Adaptation_for_Object_Detection_via_Unified_Prompt_ICCV_2025_paper.pdf,0
Li_UST-SSM_Unified_Spatio-Temporal_State_Space_Models_for_Point_Cloud_Video_ICCV_2025_paper.pdf,Error
Zhang_Overcoming_Dual_Drift_for_Continual_Long-Tailed_Visual_Question_Answering_ICCV_2025_paper.pdf,0
Canham_Gain-MLP_Improving_HDR_Gain_Map_Encoding_via_a_Lightweight_MLP_ICCV_2025_paper.pdf,0
Litman_LightSwitch_Multi-view_Relighting_with_Material-guided_Diffusion_ICCV_2025_paper.pdf,0
Zhang_FreeCus_Free_Lunch_Subject-driven_Customization_in_Diffusion_Transformers_ICCV_2025_paper.pdf,0
Ye_GS-Occ3D_Scaling_Vision-only_Occupancy_Reconstruction_with_Gaussian_Splatting_ICCV_2025_paper.pdf,0
Liu_Probabilistic_Prototype_Calibration_of_Vision-language_Models_for_Generalized_Few-shot_Semantic_ICCV_2025_paper.pdf,0
Ciubotariu_MIORe__VAR-MIORe_Benchmarks_to_Push_the_Boundaries_of_Restoration_ICCV_2025_paper.pdf,0
Wang_Fix-CLIP_Dual-Branch_Hierarchical_Contrastive_Learning_via_Synthetic_Captions_for_Better_ICCV_2025_paper.pdf,0
Wang_Language-Driven_Multi-Label_Zero-Shot_Learning_with_Semantic_Granularity_ICCV_2025_paper.pdf,0
Wu_Partial_Forward_Blocking_A_Novel_Data_Pruning_Paradigm_for_Lossless_ICCV_2025_paper.pdf,0
Medeiros_Visual_Modality_Prompt_for_Adapting_Vision-Language_Object_Detectors_ICCV_2025_paper.pdf,0
Velez_From_Image_to_Video_An_Empirical_Study_of_Diffusion_Representations_ICCV_2025_paper.pdf,0
Hashmi_TorchAdapt_Towards_Light-Agnostic_Real-Time_Visual_Perception_ICCV_2025_paper.pdf,0
Luo_Decoupled_Multi-Predictor_Optimization_for_Inference-Efficient_Model_Tuning_ICCV_2025_paper.pdf,0
Zhu_SegmentDreamer_Towards_High-fidelity_Text-to-3D_Synthesis_with_Segmented_Consistency_Trajectory_Distillation_ICCV_2025_paper.pdf,0
Shi_PVChat_Personalized_Video_Chat_with_One-Shot_Learning_ICCV_2025_paper.pdf,0
Afifi_Time-Aware_Auto_White_Balance_in_Mobile_Photography_ICCV_2025_paper.pdf,0
Zhang_Detect_Anything_3D_in_the_Wild_ICCV_2025_paper.pdf,0
Lu_Jigsaw_Imagining_Complete_Shape_Priors_for_Object_Reassembly_ICCV_2025_paper.pdf,0
Min_S2M2_Scalable_Stereo_Matching_Model_for_Reliable_Depth_Estimation_ICCV_2025_paper.pdf,0
Park_Generative_Active_Learning_for_Long-tail_Trajectory_Prediction_via_Controllable_Diffusion_ICCV_2025_paper.pdf,0
Tang_FinMMR_Make_Financial_Numerical_Reasoning_More_Multimodal_Comprehensive_and_Challenging_ICCV_2025_paper.pdf,0
Li_OracleFusion_Assisting_the_Decipherment_of_Oracle_Bone_Script_with_Structurally_ICCV_2025_paper.pdf,0
Xing_AID_Adapting_Image2Video_Diffusion_Models_for_Instruction-guided_Video_Prediction_ICCV_2025_paper.pdf,0
Lu_GAS_Generative_Avatar_Synthesis_from_a_Single_Image_ICCV_2025_paper.pdf,0
Zhong_CVFusion_Cross-View_Fusion_of_4D_Radar_and_Camera_for_3D_ICCV_2025_paper.pdf,0
Hu_ShadowHack_Hacking_Shadows_via_Luminance-Color_Divide_and_Conquer_ICCV_2025_paper.pdf,0
Xiong_Intervening_in_Black_Box_Concept_Bottleneck_Model_for_Enhancing_Human_ICCV_2025_paper.pdf,0
Rong_MPG-SAM_2_Adapting_SAM_2_with_Mask_Priors_and_Global_ICCV_2025_paper.pdf,0
Ali_Joint_Self-Supervised_Video_Alignment_and_Action_Segmentation_ICCV_2025_paper.pdf,0
Lu_monoVLN_Bridging_the_Observation_Gap_between_Monocular_and_Panoramic_Vision_ICCV_2025_paper.pdf,0
Jiang_Balanced_Image_Stylization_with_Style_Matching_Score_ICCV_2025_paper.pdf,0
Lin_DRaM-LHM_A_Quaternion_Framework_for_Iterative_Camera_Pose_Estimation_ICCV_2025_paper.pdf,0
Zhou_External_Knowledge_Injection_for_CLIP-Based_Class-Incremental_Learning_ICCV_2025_paper.pdf,0
Fu_FrameFusion_Combining_Similarity_and_Importance_for_Video_Token_Reduction_on_ICCV_2025_paper.pdf,0
Lu_Hierarchical_Divide-and-Conquer_Grouping_for_Classification_Adaptation_of_Pre-Trained_Models_ICCV_2025_paper.pdf,0
Conti_ToF-Splatting_Dense_SLAM_using_Sparse_Time-of-Flight_Depth_and_Multi-Frame_Integration_ICCV_2025_paper.pdf,0
Kundu_ProbRes_Probabilistic_Jump_Diffusion_for_Open-World_Egocentric_Activity_Recognition_ICCV_2025_paper.pdf,0
Xie_Shot-by-Shot_Film-Grammar-Aware_Training-Free_Audio_Description_Generation_ICCV_2025_paper.pdf,0
Feng_Unified_Video_Generation_via_Next-Set_Prediction_in_Continuous_Domain_ICCV_2025_paper.pdf,0
Kim_Beyond_Spatial_Frequency_Pixel-wise_Temporal_Frequency-based_Deepfake_Video_Detection_ICCV_2025_paper.pdf,0
Xin_Adaptive_Routing_of_Text-to-Image_Generation_Requests_Between_Large_Cloud_Model_ICCV_2025_paper.pdf,0
Zhu_Separation_for_Better_Integration_Disentangling_Edge_and_Motion_in_Event-based_ICCV_2025_paper.pdf,0
Gauen_Bayesian-Inspired_Space-Time_Superpixels_ICCV_2025_paper.pdf,0
Tan_Towards_a_Universal_3D_Medical_Multi-modality_Generalization_via_Learning_Personalized_ICCV_2025_paper.pdf,0
Yan_TextMaster_A_Unified_Framework_for_Realistic_Text_Editing_via_Glyph-Style_ICCV_2025_paper.pdf,0
Sarker_Correspondence-Free_Fast_and_Robust_Spherical_Point_Pattern_Registration_ICCV_2025_paper.pdf,0
Shi_Ultra-Precision_6DoF_Pose_Estimation_Using_2-D_Interpolated_Discrete_Fourier_Transform_ICCV_2025_paper.pdf,0
Zou_Dynamic_Dictionary_Learning_for_Remote_Sensing_Image_Segmentation_ICCV_2025_paper.pdf,0
Rawal_ARGUS_Hallucination_and_Omission_Evaluation_in_Video-LLMs_ICCV_2025_paper.pdf,0
Cheng_A_Unified_Interpretation_of_Training-Time_Out-of-Distribution_Detection_ICCV_2025_paper.pdf,0
Kumari_Generating_Multi-Image_Synthetic_Data_for_Text-to-Image_Customization_ICCV_2025_paper.pdf,0
Feng_St4RTrack_Simultaneous_4D_Reconstruction_and_Tracking_in_the_World_ICCV_2025_paper.pdf,0
Li_Unbiased_Region-Language_Alignment_for_Open-Vocabulary_Dense_Prediction_ICCV_2025_paper.pdf,0
Schwarz_Generative_Gaussian_Splatting_Generating_3D_Scenes_with_Video_Diffusion_Priors_ICCV_2025_paper.pdf,0
Zhu_ObjectGS_Object-aware_Scene_Reconstruction_and_Scene_Understanding_via_Gaussian_Splatting_ICCV_2025_paper.pdf,0
Golyadkin_MEH_A_Multi-Style_Dataset_and_Toolkit_for_Advancing_Egyptian_Hieroglyph_ICCV_2025_paper.pdf,0
Liu_Visual-RFT_Visual_Reinforcement_Fine-Tuning_ICCV_2025_paper.pdf,0
Pang_Towards_a_3D_Transfer-based_Black-box_Attack_via_Critical_Feature_Guidance_ICCV_2025_paper.pdf,0
Zheng_RARE_Refine_Any_Registration_of_Pairwise_Point_Clouds_via_Zero-Shot_ICCV_2025_paper.pdf,0
Li_GARF_Learning_Generalizable_3D_Reassembly_for_Real-World_Fractures_ICCV_2025_paper.pdf,0
Jung_Online_Generic_Event_Boundary_Detection_ICCV_2025_paper.pdf,0
Park_Steering_Guidance_for_Personalized_Text-to-Image_Diffusion_Models_ICCV_2025_paper.pdf,0
Zhou_MonoMobility_Zero-Shot_3D_Mobility_Analysis_from_Monocular_Videos_ICCV_2025_paper.pdf,0
Xu_OURO_A_Self-Bootstrapped_Framework_for_Enhancing_Multimodal_Scene_Understanding_ICCV_2025_paper.pdf,0
Xiong_Diagnosing_Pretrained_Models_for_Out-of-distribution_Detection_ICCV_2025_paper.pdf,0
Xiang_Advancing_Visual_Large_Language_Model_for_Multi-granular_Versatile_Perception_ICCV_2025_paper.pdf,0
Kulikov_FlowEdit_Inversion-Free_Text-Based_Editing_Using_Pre-Trained_Flow_Models_ICCV_2025_paper.pdf,0
Ma_VisionMath_Vision-Form_Mathematical_Problem-Solving_ICCV_2025_paper.pdf,0
Li_Triad_Empowering_LMM-based_Anomaly_Detection_with_Expert-guided_Region-of-Interest_Tokenizer_and_ICCV_2025_paper.pdf,0
Lei_HOLa_Zero-Shot_HOI_Detection_with_Low-Rank_Decomposed_VLM_Feature_Adaptation_ICCV_2025_paper.pdf,0
Jo_Few-Shot_Pattern_Detection_via_Template_Matching_and_Regression_ICCV_2025_paper.pdf,0
Dong_Can_We_Achieve_Efficient_Diffusion_Without_Self-Attention_Distilling_Self-Attention_into_ICCV_2025_paper.pdf,0
Patel_Learning_to_Unlearn_while_Retaining_Combating_Gradient_Conflicts_in_Machine_ICCV_2025_paper.pdf,0
Xue_Pretrained_Reversible_Generation_as_Unsupervised_Visual_Representation_Learning_ICCV_2025_paper.pdf,0
Moon_Holistic_Unlearning_Benchmark_A_Multi-Faceted_Evaluation_for_Text-to-Image_Diffusion_Model_ICCV_2025_paper.pdf,0
Wang_Timestep-Aware_Diffusion_Model_for_Extreme_Image_Rescaling_ICCV_2025_paper.pdf,0
Gong_FE-CLIP_Frequency_Enhanced_CLIP_Model_for_Zero-Shot_Anomaly_Detection_and_ICCV_2025_paper.pdf,0
Jia_H3R_Hybrid_Multi-view_Correspondence_for_Generalizable_3D_Reconstruction_ICCV_2025_paper.pdf,0
Xu_Learnable_Feature_Patches_and_Vectors_for_Boosting_Low-light_Image_Enhancement_ICCV_2025_paper.pdf,0
Zhang_EasyControl_Adding_Efficient_and_Flexible_Control_for_Diffusion_Transformer_ICCV_2025_paper.pdf,0
Gokay_Skeleton_Motion_Words_for_Unsupervised_Skeleton-Based_Temporal_Action_Segmentation_ICCV_2025_paper.pdf,0
Yao_Towards_Fine-grained_Interactive_Segmentation_in_Images_and_Videos_ICCV_2025_paper.pdf,0
Lu_CIARD_Cyclic_Iterative_Adversarial_Robustness_Distillation_ICCV_2025_paper.pdf,0
Tsai_Differentially_Private_Fine-Tuning_of_Diffusion_Models_ICCV_2025_paper.pdf,0
Peng_On_the_Provable_Importance_of_Gradients_for_Autonomous_Language-Assisted_Image_ICCV_2025_paper.pdf,0
Luo_Gradient_Decomposition_and_Alignment_for_Incremental_Object_Detection_ICCV_2025_paper.pdf,0
Tirado-Garin_AnyCalib_On-Manifold_Learning_for_Model-Agnostic_Single-View_Camera_Calibration_ICCV_2025_paper.pdf,0
Zhang_Breaking_Rectangular_Shackles_Cross-View_Object_Segmentation_for_Fine-Grained_Object_Geo-Localization_ICCV_2025_paper.pdf,0
Zha_Implicit_Counterfactual_Learning_for_Audio-Visual_Segmentation_ICCV_2025_paper.pdf,0
Wang_CanFields_Consolidating_Diffeomorphic_Flows_for_Non-Rigid_4D_Interpolation_from_Arbitrary-Length_ICCV_2025_paper.pdf,0
Zhang_Dual-S3D_Hierarchical_Dual-Path_Selective_SSM-CNN_for_High-Fidelity_Implicit_Reconstruction_ICCV_2025_paper.pdf,0
Chen_Fusion_Meets_Diverse_Conditions_A_High-diversity_Benchmark_and_Baseline_for_ICCV_2025_paper.pdf,0
Zhang_Adversarial_Data_Augmentation_for_Single_Domain_Generalization_via_Lyapunov_Exponent-Guided_ICCV_2025_paper.pdf,0
Zhang_WIPES_Wavelet-based_Visual_Primitives_ICCV_2025_paper.pdf,0
Zheng_World4Drive_End-to-End_Autonomous_Driving_via_Intention-aware_Physical_Latent_World_Model_ICCV_2025_paper.pdf,0
Yang_3D-MOOD_Lifting_2D_to_3D_for_Monocular_Open-Set_Object_Detection_ICCV_2025_paper.pdf,0
Yang_CLIPSym_Delving_into_Symmetry_Detection_with_CLIP_ICCV_2025_paper.pdf,0
Li_Causal-Entity_Reflected_Egocentric_Traffic_Accident_Video_Synthesis_ICCV_2025_paper.pdf,0
Su_FLSeg_Enhancing_Privacy_and_Robustness_in_Federated_Learning_under_Heterogeneous_ICCV_2025_paper.pdf,0
He_ERNet_Efficient_Non-Rigid_Registration_Network_for_Point_Sequences_ICCV_2025_paper.pdf,0
Long_AdsQA_Towards_Advertisement_Video_Understanding_ICCV_2025_paper.pdf,0
Lou_Learning_Pixel-adaptive_Multi-layer_Perceptrons_for_Real-time_Image_Enhancement_ICCV_2025_paper.pdf,0
Li_Global_Regulation_and_Excitation_via_Attention_Tuning_for_Stereo_Matching_ICCV_2025_paper.pdf,0
Mueller_GeoDiffusion_A_Training-Free_Framework_for_Accurate_3D_Geometric_Conditioning_in_ICCV_2025_paper.pdf,0
Li_Advancing_Textual_Prompt_Learning_with_Anchored_Attributes_ICCV_2025_paper.pdf,0
Reiss_Is_Visual_in-Context_Learning_for_Compositional_Medical_Tasks_within_Reach_ICCV_2025_paper.pdf,0
He_DexVLG_Dexterous_Vision-Language-Grasp_Model_at_Scale_ICCV_2025_paper.pdf,0
Naiman_LV-MAE_Learning_Long_Video_Representations_through_Masked-Embedding_Autoencoders_ICCV_2025_paper.pdf,0
Xie_Human-in-the-Loop_Local_Corrections_of_3D_Scene_Layouts_via_Infilling_ICCV_2025_paper.pdf,0
Fu_UniVG_A_Generalist_Diffusion_Model_for_Unified_Image_Generation_and_ICCV_2025_paper.pdf,0
Ota_PINO_Person-Interaction_Noise_Optimization_for_Long-Duration_and_Customizable_Motion_Generation_ICCV_2025_paper.pdf,0
Yasuki_GeoProg3D_Compositional_Visual_Reasoning_for_City-Scale_3D_Language_Fields_ICCV_2025_paper.pdf,0
Mahapatra_Progressive_Growing_of_Video_Tokenizers_for_Temporally_Compact_Latent_Spaces_ICCV_2025_paper.pdf,0
Feng_High-Resolution_Spatiotemporal_Modeling_with_Global-Local_State_Space_Models_for_Video-Based_ICCV_2025_paper.pdf,0
Shin_Deeply_Supervised_Flow-Based_Generative_Models_ICCV_2025_paper.pdf,0
Min_Vision-Language_Interactive_Relation_Mining_for_Open-Vocabulary_Scene_Graph_Generation_ICCV_2025_paper.pdf,0
Chen_CombatVLA_An_Efficient_Vision-Language-Action_Model_for_Combat_Tasks_in_3D_ICCV_2025_paper.pdf,0
Xiang_DEPTHOR_Depth_Enhancement_from_a_Practical_Light-Weight_dToF_Sensor_and_ICCV_2025_paper.pdf,0
Lee_CAVIS_Context-Aware_Video_Instance_Segmentation_ICCV_2025_paper.pdf,0
Guo_Any2AnyTryon_Leveraging_Adaptive_Position_Embeddings_for_Versatile_Virtual_Clothing_Tasks_ICCV_2025_paper.pdf,0
Zhao_Rethinking_Multi-modal_Object_Detection_from_the_Perspective_of_Mono-Modality_Feature_ICCV_2025_paper.pdf,0
Hu_Cross-Category_Subjectivity_Generalization_for_Style-Adaptive_Sketch_Re-ID_ICCV_2025_paper.pdf,0
Wang_Outlier-Aware_Post-Training_Quantization_for_Image_Super-Resolution_ICCV_2025_paper.pdf,0
Wang_StolenLoRA_Exploring_LoRA_Extraction_Attacks_via_Synthetic_Data_ICCV_2025_paper.pdf,0
Li_Fuse_Before_Transfer_Knowledge_Fusion_for_Heterogeneous_Distillation_ICCV_2025_paper.pdf,0
Guan_Is_Meta-Learning_Out_Rethinking_Unsupervised_Few-Shot_Classification_with_Limited_Entropy_ICCV_2025_paper.pdf,0
Liang_WSI-LLaVA_A_Multimodal_Large_Language_Model_for_Whole_Slide_Image_ICCV_2025_paper.pdf,0
Jiang_Multimodal_LLM_Guided_Exploration_and_Active_Mapping_using_Fisher_Information_ICCV_2025_paper.pdf,0
Dong_VPR-Cloak_A_First_Look_at_Privacy_Cloak_Against_Visual_Place_ICCV_2025_paper.pdf,0
Doveh_Teaching_VLMs_to_Localize_Specific_Objects_from_In-context_Examples_ICCV_2025_paper.pdf,0
Cheng_The_Curse_of_Conditions_Analyzing_and_Improving_Optimal_Transport_for_ICCV_2025_paper.pdf,0
Li_On_the_Robustness_Tradeoff_in_Fine-Tuning_ICCV_2025_paper.pdf,0
Simsar_UIP2P_Unsupervised_Instruction-based_Image_Editing_via_Edit_Reversibility_Constraint_ICCV_2025_paper.pdf,0
Wang_VAFlow_Video-to-Audio_Generation_with_Cross-Modality_Flow_Matching_ICCV_2025_paper.pdf,0
Karthik_Scalable_Ranked_Preference_Optimization_for_Text-to-Image_Generation_ICCV_2025_paper.pdf,0
Lin_OmniHuman-1_Rethinking_the_Scaling-Up_of_One-Stage_Conditioned_Human_Animation_Models_ICCV_2025_paper.pdf,0
Park_Adversarial_Purification_via_Super-Resolution_and_Diffusion_ICCV_2025_paper.pdf,0
Zheng_GMMamba_Group_Masking_Mamba_for_Whole_Slide_Image_Classification_ICCV_2025_paper.pdf,0
Zhang_Ultra_High-Resolution_Image_Inpainting_with_Patch-Based_Content_Consistency_Adapter_ICCV_2025_paper.pdf,0
Dong_Pose-Star_Anatomy-Aware_Editing_for_Open-World_Fashion_Images_ICCV_2025_paper.pdf,0
Leng_REPA-E_Unlocking_VAE_for_End-to-End_Tuning_of_Latent_Diffusion_Transformers_ICCV_2025_paper.pdf,0
Cho_DisCoRD_Discrete_Tokens_to_Continuous_Motion_via_Rectified_Flow_Decoding_ICCV_2025_paper.pdf,0
Guo_Motion-2-to-3_Leveraging_2D_Motion_Data_for_3D_Motion_Generations_ICCV_2025_paper.pdf,0
Zheng_Why_LVLMs_Are_More_Prone_to_Hallucinations_in_Longer_Responses_ICCV_2025_paper.pdf,0
Cho_AJAHR_Amputated_Joint_Aware_3D_Human_Mesh_Recovery_ICCV_2025_paper.pdf,0
Yang_Unified_Multi-Agent_Trajectory_Modeling_with_Masked_Trajectory_Diffusion_ICCV_2025_paper.pdf,0
Yin_FaceCraft4D_Animated_3D_Facial_Avatar_Generation_from_a_Single_Image_ICCV_2025_paper.pdf,0
Zhou_When_Pixel_Difference_Patterns_Meet_ViT_PiDiViT_for_Few-Shot_Object_ICCV_2025_paper.pdf,0
Li_TRACE_Learning_3D_Gaussian_Physical_Dynamics_from_Multi-view_Videos_ICCV_2025_paper.pdf,0
Zhuo_From_Reflection_to_Perfection_Scaling_Inference-Time_Optimization_for_Text-to-Image_Diffusion_ICCV_2025_paper.pdf,0
Deng_Open-World_Skill_Discovery_from_Unsegmented_Demonstration_Videos_ICCV_2025_paper.pdf,0
Wang_ISP2HRNet_Learning_to_Reconstruct_High_Resolution_Image_from_Irregularly_Sampled_ICCV_2025_paper.pdf,0
Li_EgoM2P_Egocentric_Multimodal_Multitask_Pretraining_ICCV_2025_paper.pdf,0
Hong_DIA_The_Adversarial_Exposure_of_Deterministic_Inversion_in_Diffusion_Models_ICCV_2025_paper.pdf,0
Zhang_REGEN_Learning_Compact_Video_Embedding_with_Re-Generative_Decoder_ICCV_2025_paper.pdf,0
Fang_One_Perturbation_is_Enough_On_Generating_Universal_Adversarial_Perturbations_against_ICCV_2025_paper.pdf,0
Wang_Semantic_Discrepancy-aware_Detector_for_Image_Forgery_Identification_ICCV_2025_paper.pdf,0
Chen_GLEAM_Learning_Generalizable_Exploration_Policy_for_Active_Mapping_in_Complex_ICCV_2025_paper.pdf,0
Ai_ProJudge_A_Multi-Modal_Multi-Discipline_Benchmark_and_Instruction-Tuning_Dataset_for_MLLM-based_ICCV_2025_paper.pdf,0
Chen_Interpretable_Zero-Shot_Learning_with_Locally-Aligned_Vision-Language_Model_ICCV_2025_paper.pdf,0
Chowdhury_EgoAdapt_Adaptive_Multisensory_Distillation_and_Policy_Learning_for_Efficient_Egocentric_ICCV_2025_paper.pdf,0
He_PlanGen_Towards_Unified_Layout_Planning_and_Image_Generation_in_Auto-Regressive_ICCV_2025_paper.pdf,0
Park_SteerX_Creating_Any_Camera-Free_3D_and_4D_Scenes_with_Geometric_ICCV_2025_paper.pdf,0
Szymanowicz_Bolt3D_Generating_3D_Scenes_in_Seconds_ICCV_2025_paper.pdf,0
Sun_MDP3_A_Training-free_Approach_for_List-wise_Frame_Selection_in_Video-LLMs_ICCV_2025_paper.pdf,0
Rahmanzadehgervi_TAB_Transformer_Attention_Bottlenecks_enable_User_Intervention_and_Debugging_in_ICCV_2025_paper.pdf,0
Chen_Towards_Stabilized_and_Efficient_Diffusion_Transformers_through_Long-Skip-Connections_with_Spectral_ICCV_2025_paper.pdf,0
Shen_QK-Edit_Revisiting_Attention-based_Injection_in_MM-DiT_for_Image_and_Video_ICCV_2025_paper.pdf,0
Li_StreamGS_Online_Generalizable_Gaussian_Splatting_Reconstruction_for_Unposed_Image_Streams_ICCV_2025_paper.pdf,0
Ma_MotionDiff_Training-free_Zero-shot_Interactive_Motion_Editing_via_Flow-assisted_Multi-view_Diffusion_ICCV_2025_paper.pdf,0
Zhang_SemTalk_Holistic_Co-speech_Motion_Generation_with_Frame-level_Semantic_Emphasis_ICCV_2025_paper.pdf,0
Luo_Visual_Test-time_Scaling_for_GUI_Agent_Grounding_ICCV_2025_paper.pdf,0
Liu_Aligning_Vision_to_Language_Annotation-Free_Multimodal_Knowledge_Graph_Construction_for_ICCV_2025_paper.pdf,0
Phan_Beyond_Losses_Reweighting_Empowering_Multi-Task_Learning_via_the_Generalization_Perspective_ICCV_2025_paper.pdf,0
Wu_Rethinking_DPO-style_Diffusion_Aligning_Frameworks_ICCV_2025_paper.pdf,0
Guan_BridgeDepth_Bridging_Monocular_and_Stereo_Reasoning_with_Latent_Alignment_ICCV_2025_paper.pdf,0
Han_PolGS_Polarimetric_Gaussian_Splatting_for_Fast_Reflective_Surface_Reconstruction_ICCV_2025_paper.pdf,0
Zhang_Autoregressive_Denoising_Score_Matching_is_a_Good_Video_Anomaly_Detector_ICCV_2025_paper.pdf,0
Li_RAGDiffusion_Faithful_Cloth_Generation_via_External_Knowledge_Assimilation_ICCV_2025_paper.pdf,0
Guo_MotionLab_Unified_Human_Motion_Generation_and_Editing_via_the_Motion-Condition-Motion_ICCV_2025_paper.pdf,0
Li_Language_Decoupling_with_Fine-grained_Knowledge_Guidance_for_Referring_Multi-object_Tracking_ICCV_2025_paper.pdf,0
Li_Adversarial_Exploitation_of_Data_Diversity_Improves_Visual_Localization_ICCV_2025_paper.pdf,0
Jia_From_Imitation_to_Innovation_The_Emergence_of_AIs_Unique_Artistic_ICCV_2025_paper.pdf,0
Xu_NeurOp-Diff_Continuous_Remote_Sensing_Image_Super-Resolution_via_Neural_Operator_Diffusion_ICCV_2025_paper.pdf,0
Fedele_SuperDec_3D_Scene_Decomposition_with_Superquadrics_Primitives_ICCV_2025_paper.pdf,0
Liu_QuickSplat_Fast_3D_Surface_Reconstruction_via_Learned_Gaussian_Initialization_ICCV_2025_paper.pdf,0
Sharma_Multi-Modal_Multi-Task_Unified_Embedding_Model_M3T-UEM_A_Task-Adaptive_Representation_Learning_ICCV_2025_paper.pdf,0
Xu_BANet_Bilateral_Aggregation_Network_for_Mobile_Stereo_Matching_ICCV_2025_paper.pdf,0
Alam_SpecGuard_Spectral_Projection-based_Advanced_Invisible_Watermarking_ICCV_2025_paper.pdf,0
Leng_Occupancy_Learning_with_Spatiotemporal_Memory_ICCV_2025_paper.pdf,0
Liu_MOSAIC_Generating_Consistent_Privacy-Preserving_Scenes_from_Multiple_Depth_Views_in_ICCV_2025_paper.pdf,0
Chen_One_Last_Attention_for_Your_Vision-Language_Model_ICCV_2025_paper.pdf,0
Yan_Derm1M_A_Million-scale_Vision-Language_Dataset_Aligned_with_Clinical_Ontology_Knowledge_ICCV_2025_paper.pdf,0
Tang_AcZeroTS_Active_Learning_for_Zero-shot_Tissue_Segmentation_in_Pathology_Images_ICCV_2025_paper.pdf,0
Deng_Boost_3D_Reconstruction_using_Diffusion-based_Monocular_Camera_Calibration_ICCV_2025_paper.pdf,0
Ma_3DSRBench_A_Comprehensive_3D_Spatial_Reasoning_Benchmark_ICCV_2025_paper.pdf,0
Barsellotti_Talking_to_DINO_Bridging_Self-Supervised_Vision_Backbones_with_Language_for_ICCV_2025_paper.pdf,0
Zhou_Are_They_the_Same_Exploring_Visual_Correspondence_Shortcomings_of_Multimodal_ICCV_2025_paper.pdf,0
Li_MultiModal_Action_Conditioned_Video_Simulation_ICCV_2025_paper.pdf,0
Shatwell_GT-Loc_Unifying_When_and_Where_in_Images_Through_a_Joint_ICCV_2025_paper.pdf,0
Zhu_EA-Vit_Efficient_Adaptation_for_Elastic_Vision_Transformer_ICCV_2025_paper.pdf,0
Zheng_Revisiting_Adversarial_Patch_Defenses_on_Object_Detectors_Unified_Evaluation_Large-Scale_ICCV_2025_paper.pdf,0
Cheng_CA-I2P_Channel-Adaptive_Registration_Network_with_Global_Optimal_Selection_ICCV_2025_paper.pdf,0
Wang_HiMTok_Learning_Hierarchical_Mask_Tokens_for_Image_Segmentation_with_Large_ICCV_2025_paper.pdf,0
Duan_DIH-CLIP_Unleashing_the_Diversity_of_Multi-Head_Self-Attention_for_Training-Free_Open-Vocabulary_ICCV_2025_paper.pdf,0
Wang_PacGDC_Label-Efficient_Generalizable_Depth_Completion_with_Projection_Ambiguity_and_Consistency_ICCV_2025_paper.pdf,0
Liu_Text-to-Any-Skeleton_Motion_Generation_Without_Retargeting_ICCV_2025_paper.pdf,0
Zhang_Cross-Architecture_Distillation_Made_Simple_with_Redundancy_Suppression_ICCV_2025_paper.pdf,0
Shi_VSSD_Vision_Mamba_with_Non-Causal_State_Space_Duality_ICCV_2025_paper.pdf,0
Li_M2EIT_Multi-Domain_Mixture_of_Experts_for_Robust_Neural_Inertial_Tracking_ICCV_2025_paper.pdf,0
Li_Robust_Low-light_Scene_Restoration_via_Illumination_Transition_ICCV_2025_paper.pdf,0
Baek_EVOLVE_Event-Guided_Deformable_Feature_Transfer_and_Dual-Memory_Refinement_for_Low-Light_ICCV_2025_paper.pdf,0
Guo_StyleMotif_Multi-Modal_Motion_Stylization_using_Style-Content_Cross_Fusion_ICCV_2025_paper.pdf,0
Baik_Learning_3D_Object_Spatial_Relationships_from_Pre-trained_2D_Diffusion_Models_ICCV_2025_paper.pdf,0
Liang_Gradient-Reweighted_Adversarial_Camouflage_for_Physical_Object_Detection_Evasion_ICCV_2025_paper.pdf,0
Chen_V2M4_4D_Mesh_Animation_Reconstruction_from_a_Single_Monocular_Video_ICCV_2025_paper.pdf,0
Zhao_Self-Ensembling_Gaussian_Splatting_for_Few-Shot_Novel_View_Synthesis_ICCV_2025_paper.pdf,0
Jung_Group-wise_Scaling_and_Orthogonal_Decomposition_for_Domain-Invariant_Feature_Extraction_in_ICCV_2025_paper.pdf,0
Li_Benefit_From_Seen_Enhancing_Open-Vocabulary_Object_Detection_by_Bridging_Visual_ICCV_2025_paper.pdf,0
Cheng_Temporal-aware_Query_Routing_for_Real-time_Video_Instance_Segmentation_ICCV_2025_paper.pdf,0
Cai_NAVER_A_Neuro-Symbolic_Compositional_Automaton_for_Visual_Grounding_with_Explicit_ICCV_2025_paper.pdf,0
Liao_MotionAgent_Fine-grained_Controllable_Video_Generation_via_Motion_Field_Agent_ICCV_2025_paper.pdf,0
Sharma_Preserve_Anything_Controllable_Image_Synthesis_with_Object_Preservation_ICCV_2025_paper.pdf,0
Rukhovich_CAD-Recode_Reverse_Engineering_CAD_Code_from_Point_Clouds_ICCV_2025_paper.pdf,0
Schmidt_Prior2Former_-_Evidential_Modeling_of_Mask_Transformers_for_Assumption-Free_Open-World_ICCV_2025_paper.pdf,0
Yang_TRNAS_A_Training-Free_Robust_Neural_Architecture_Search_ICCV_2025_paper.pdf,0
Nguyen_CSD-VAR_Content-Style_Decomposition_in_Visual_Autoregressive_Models_ICCV_2025_paper.pdf,0
Li_Learned_Image_Compression_with_Hierarchical_Progressive_Context_Modeling_ICCV_2025_paper.pdf,0
Feng_I2VControl_Disentangled_and_Unified_Video_Motion_Synthesis_Control_ICCV_2025_paper.pdf,0
Pinyoanuntapong_MaskControl_Spatio-Temporal_Control_for_Masked_Motion_Synthesis_ICCV_2025_paper.pdf,0
Li_Continual_Adaptation_Environment-Conditional_Parameter_Generation_for_Object_Detection_in_Dynamic_ICCV_2025_paper.pdf,0
Shen_AutoComPose_Automatic_Generation_of_Pose_Transition_Descriptions_for_Composed_Pose_ICCV_2025_paper.pdf,0
Liu_HumanSAM_Classifying_Human-centric_Forgery_Videos_in_Human_Spatial_Appearance_and_ICCV_2025_paper.pdf,0
Lee_Auto-Regressive_Transformation_for_Image_Alignment_ICCV_2025_paper.pdf,0
Zhang_D3QE_Learning_Discrete_Distribution_Discrepancy-aware_Quantization_Error_for_Autoregressive-Generated_Image_ICCV_2025_paper.pdf,0
Blanc_RayGaussX_Accelerating_Gaussian-Based_Ray_Marching_for_Real-Time_and_High-Quality_Novel_ICCV_2025_paper.pdf,0
Li_Breaking_the_Encoder_Barrier_for_Seamless_Video-Language_Understanding_ICCV_2025_paper.pdf,0
Tan_FixTalk_Taming_Identity_Leakage_for_High-Quality_Talking_Head_Generation_in_ICCV_2025_paper.pdf,0
Mihajlovic_VolumetricSMPL_A_Neural_Volumetric_Body_Model_for_Efficient_Interactions_Contacts_ICCV_2025_paper.pdf,0
Zhang_Flash-VStream_Efficient_Real-Time_Understanding_for_Long_Video_Streams_ICCV_2025_paper.pdf,0
Yang_VFlowOpt_A_Token_Pruning_Framework_for_LMMs_with_Visual_Information_ICCV_2025_paper.pdf,0
Wu_RAGNet_Large-scale_Reasoning-based_Affordance_Segmentation_Benchmark_towards_General_Grasping_ICCV_2025_paper.pdf,0
Tu_MotionFollower_Editing_Video_Motion_via_Score-Guided_Diffusion_ICCV_2025_paper.pdf,0
Yu_EvaGaussians_Event_Stream_Assisted_Gaussian_Splatting_from_Blurry_Images_ICCV_2025_paper.pdf,0
Mi_MVQA_Mamba_with_Unified_Sampling_for_Efficient_Video_Quality_Assessment_ICCV_2025_paper.pdf,0
Caetano_DisCoPatch_Taming_Adversarially-driven_Batch_Statistics_for_Improved_Out-of-Distribution_Detection_ICCV_2025_paper.pdf,0
Wang_C4D_4D_Made_from_3D_through_Dual_Correspondences_ICCV_2025_paper.pdf,0
He_CameraCtrl_II_Dynamic_Scene_Exploration_via_Camera-controlled_Video_Diffusion_Models_ICCV_2025_paper.pdf,0
Bian_LoRA-FAIR_Federated_LoRA_Fine-Tuning_with_Aggregation_and_Initialization_Refinement_ICCV_2025_paper.pdf,0
Kichler_Learning_to_See_Inside_Opaque_Liquid_Containers_using_Speckle_Vibrometry_ICCV_2025_paper.pdf,0
Ling_VMBench_A_Benchmark_for_Perception-Aligned_Video_Motion_Generation_ICCV_2025_paper.pdf,0
Zhu_A_Quality-Guided_Mixture_of_Score-Fusion_Experts_Framework_for_Human_Recognition_ICCV_2025_paper.pdf,0
Chang_Learning_Neural_Scene_Representation_from_iToF_Imaging_ICCV_2025_paper.pdf,0
Wu_CATP-LLM_Empowering_Large_Language_Models_for_Cost-Aware_Tool_Planning_ICCV_2025_paper.pdf,0
Wang_Adversarial_Reconstruction_Feedback_for_Robust_Fine-grained_Generalization_ICCV_2025_paper.pdf,0
Zhang_Top2Pano_Learning_to_Generate_Indoor_Panoramas_from_Top-Down_View_ICCV_2025_paper.pdf,0
Xiao_SRefiner_Soft-Braid_Attention_for_Multi-Agent_Trajectory_Refinement_ICCV_2025_paper.pdf,0
Kim_CCMNet_Leveraging_Calibrated_Color_Correction_Matrices_for_Cross-Camera_Color_Constancy_ICCV_2025_paper.pdf,0
Zhu_Training-free_Geometric_Image_Editing_on_Diffusion_Models_ICCV_2025_paper.pdf,0
Zhao_DisCo_Towards_Distinct_and_Coherent_Visual_Encapsulation_in_Video_MLLMs_ICCV_2025_paper.pdf,0
Baraldi_What_Changed_Detecting_and_Evaluating_Instruction-Guided_Image_Edits_with_Multimodal_ICCV_2025_paper.pdf,0
Lee_MultiVerse_A_Multi-Turn_Conversation_Benchmark_for_Evaluating_Large_Vision_and_ICCV_2025_paper.pdf,0
Kuroki_CE-FAM_Concept-Based_Explanation_via_Fusion_of_Activation_Maps_ICCV_2025_paper.pdf,0
Jian_Supervised_Exploratory_Learning_for_Long-Tailed_Visual_Recognition_ICCV_2025_paper.pdf,0
Yang_DC-ControlNet_Decoupling_Inter-_and_Intra-Element_Conditions_in_Image_Generation_with_ICCV_2025_paper.pdf,0
Thai_SplatTalk_3D_VQA_with_Gaussian_Splatting_ICCV_2025_paper.pdf,0
Deng_Leveraging_Panoptic_Scene_Graph_for_Evaluating_Fine-Grained_Text-to-Image_Generation_ICCV_2025_paper.pdf,0
Polaczek_NeuralSVG_An_Implicit_Representation_for_Text-to-Vector_Generation_ICCV_2025_paper.pdf,0
Wang_TurboVSR_Fantastic_Video_Upscalers_and_Where_to_Find_Them_ICCV_2025_paper.pdf,0
Pei_Foresight_in_Motion_Reinforcing_Trajectory_Prediction_with_Reward_Heuristics_ICCV_2025_paper.pdf,0
Han_Extrapolated_Urban_View_Synthesis_Benchmark_ICCV_2025_paper.pdf,0
Lyu_PLA_Prompt_Learning_Attack_against_Text-to-Image_Generative_Models_ICCV_2025_paper.pdf,0
Chen_Frequency-Aware_Autoregressive_Modeling_for_Efficient_High-Resolution_Image_Synthesis_ICCV_2025_paper.pdf,0
Li_CoA-VLA_Improving_Vision-Language-Action_Models_via_Visual-Text_Chain-of-Affordance_ICCV_2025_paper.pdf,0
Shou_Unsupervised_RGB-D_Point_Cloud_Registration_for_Scenes_with_Low_Overlap_ICCV_2025_paper.pdf,0
Lu_Inpaint4Drag_Repurposing_Inpainting_Models_for_Drag-Based_Image_Editing_via_Bidirectional_ICCV_2025_paper.pdf,0
Zhang_SemiVisBooster_Boosting_Semi-Supervised_Learning_for_Fine-Grained_Classification_through_Pseudo-Label_Semantic_ICCV_2025_paper.pdf,0
Lee_LOMM_Latest_Object_Memory_Management_for_Temporally_Consistent_Video_Instance_ICCV_2025_paper.pdf,0
Molahasani_PRISM_Reducing_Spurious_Implicit_Biases_in_Vision-Language_Models_with_LLM-Guided_ICCV_2025_paper.pdf,0
Zhang_MagicColor_Multi-Instance_Sketch_Colorization_ICCV_2025_paper.pdf,0
Yuan_Robust_and_Efficient_3D_Gaussian_Splatting_for_Urban_Scene_Reconstruction_ICCV_2025_paper.pdf,0
Xie_Region-based_Cluster_Discrimination_for_Visual_Representation_Learning_ICCV_2025_paper.pdf,0
Lv_SUV_Suppressing_Undesired_Video_Content_via_Semantic_Modulation_Based_on_ICCV_2025_paper.pdf,0
Xiao_SpatialTrackerV2_Advancing_3D_Point_Tracking_with_Explicit_Camera_Motion_ICCV_2025_paper.pdf,0
Han_MSQ_Memory-Efficient_Bit_Sparsification_Quantization_ICCV_2025_paper.pdf,0
Schoneveld_SHeaP_Self-Supervised_Head_Geometry_Predictor_Learned_via_2D_Gaussians_ICCV_2025_paper.pdf,0
Wei_Improving_Multimodal_Learning_via_Imbalanced_Learning_ICCV_2025_paper.pdf,0
Faure_HERMES_temporal-coHERent_long-forM_understanding_with_Episodes_and_Semantics_ICCV_2025_paper.pdf,0
Zhu_Embodied_Representation_Alignment_with_Mirror_Neurons_ICCV_2025_paper.pdf,0
Xu_Laboring_on_less_labors_RPCA_Paradigm_for_Pan-sharpening_ICCV_2025_paper.pdf,0
Sun_Learning_Null_Geodesics_for_Gravitational_Lensing_Rendering_in_General_Relativity_ICCV_2025_paper.pdf,0
Ji_Controllable_and_Expressive_One-Shot_Video_Head_Swapping_ICCV_2025_paper.pdf,0
Chen_Frequency-Dynamic_Attention_Modulation_For_Dense_Prediction_ICCV_2025_paper.pdf,0
Bahng_Cycle_Consistency_as_Reward_Learning_Image-Text_Alignment_without_Human_Preferences_ICCV_2025_paper.pdf,0
Xue_DLF_Extreme_Image_Compression_with_Dual-generative_Latent_Fusion_ICCV_2025_paper.pdf,0
Ho_PHD_Personalized_3D_Human_Body_Fitting_with_Point_Diffusion_ICCV_2025_paper.pdf,0
Liu_Dataset_Distillation_via_the_Wasserstein_Metric_ICCV_2025_paper.pdf,0
Tang_How_Can_Objects_Help_Video-Language_Understanding_ICCV_2025_paper.pdf,0
Kelly_I_Am_Big_You_Are_Little_I_Am_Right_You_ICCV_2025_paper.pdf,0
Wang_Safeguarding_Vision-Language_Models_Mitigating_Vulnerabilities_to_Gaussian_Noise_in_Perturbation-based_ICCV_2025_paper.pdf,0
Wang_Recognizing_Actions_from_Robotic_View_for_Natural_Human-Robot_Interaction_ICCV_2025_paper.pdf,0
Yang_No_More_Sibling_Rivalry_Debiasing_Human-Object_Interaction_Detection_ICCV_2025_paper.pdf,0
Chen_ForgeLens_Data-Efficient_Forgery_Focus_for_Generalizable_Forgery_Image_Detection_ICCV_2025_paper.pdf,0
Kim_Task_Vector_Quantization_for_Memory-Efficient_Model_Merging_ICCV_2025_paper.pdf,0
Li_Information_Density_Principle_for_MLLM_Benchmarks_ICCV_2025_paper.pdf,0
Xu_SAM4D_Segment_Anything_in_Camera_and_LiDAR_Streams_ICCV_2025_paper.pdf,0
Cai_EfficientMT_Efficient_Temporal_Adaptation_for_Motion_Transfer_in_Text-to-Video_Diffusion_ICCV_2025_paper.pdf,0
Luan_Lifting_the_Structural_Morphing_for_Wide-Angle_Images_Rectification_Unified_Content_ICCV_2025_paper.pdf,0
Zou_Attention_to_Neural_Plagiarism_Diffusion_Models_Can_Plagiarize_Your_Copyrighted_ICCV_2025_paper.pdf,0
Du_All_Parts_Matter_A_Unified_Mask-Free_Virtual_Try-On_Framework_ICCV_2025_paper.pdf,0
Chen_EC-Flow_Enabling_Versatile_Robotic_Manipulation_from_Action-Unlabeled_Videos_via_Embodiment-Centric_ICCV_2025_paper.pdf,0
Dong_From_One_to_More_Contextual_Part_Latents_for_3D_Generation_ICCV_2025_paper.pdf,0
Wang_Debiasing_Trace_Guidance_Top-down_Trace_Distillation_and_Bottom-up_Velocity_Alignment_ICCV_2025_paper.pdf,0
Byun_An_Efficient_Post-hoc_Framework_for_Reducing_Task_Discrepancy_of_Text_ICCV_2025_paper.pdf,0
Li_AIComposer_Any_Style_and_Content_Image_Composition_via_Feature_Integration_ICCV_2025_paper.pdf,0
Liu_CoLMDriver_LLM-based_Negotiation_Benefits_Cooperative_Autonomous_Driving_ICCV_2025_paper.pdf,0
Chen_Enhancing_Prompt_Generation_with_Adaptive_Refinement_for_Camouflaged_Object_Detection_ICCV_2025_paper.pdf,0
Cheng_Constraint-Aware_Feature_Learning_for_Parametric_Point_Cloud_ICCV_2025_paper.pdf,0
Huang_RayPose_Ray_Bundling_Diffusion_for_Template_Views_in_Unseen_6D_ICCV_2025_paper.pdf,0
Ulger_Auto-Vocabulary_Semantic_Segmentation_ICCV_2025_paper.pdf,0
Zhang_CWNet_Causal_Wavelet_Network_for_Low-Light_Image_Enhancement_ICCV_2025_paper.pdf,0
Xu_Cross-Subject_Mind_Decoding_from_Inaccurate_Representations_ICCV_2025_paper.pdf,0
Dong_Transformer-based_Tooth_Alignment_Prediction_with_Occlusion_and_Collision_Constraints_ICCV_2025_paper.pdf,0
Yan_EEdit__Rethinking_the_Spatial_and_Temporal_Redundancy_for_Efficient_ICCV_2025_paper.pdf,0
Wang_VISO_Accelerating_In-orbit_Object_Detection_with_Language-Guided_Mask_Learning_and_ICCV_2025_paper.pdf,0
Jian_G-DexGrasp_Generalizable_Dexterous_Grasping_Synthesis_Via_Part-Aware_Prior_Retrieval_and_ICCV_2025_paper.pdf,0
Cao_VideoMiner_Iteratively_Grounding_Key_Frames_of_Hour-Long_Videos_via_Tree-based_ICCV_2025_paper.pdf,0
Wu_Visual_Textualization_for_Image_Prompted_Object_Detection_ICCV_2025_paper.pdf,0
Wan_EMoTive_Event-guided_Trajectory_Modeling_for_3D_Motion_Estimation_ICCV_2025_paper.pdf,0
Liu_OmniDiff_A_Comprehensive_Benchmark_for_Fine-grained_Image_Difference_Captioning_ICCV_2025_paper.pdf,0
Chen_DrivingGPT_Unifying_Driving_World_Modeling_and_Planning_with_Multi-modal_Autoregressive_ICCV_2025_paper.pdf,0
Xu_Robust_Multi-View_Learning_via_Representation_Fusion_of_Sample-Level_Attention_and_ICCV_2025_paper.pdf,0
Fucka_SALAD_--_Semantics-Aware_Logical_Anomaly_Detection_ICCV_2025_paper.pdf,0
Lu_IntrinsicControlNet_Cross-distribution_Image_Generation_with_Real_and_Unreal_ICCV_2025_paper.pdf,0
Ren_Neural_Compression_for_3D_Geometry_Sets_ICCV_2025_paper.pdf,0
Li_SD2Actor_Continuous_State_Decomposition_via_Diffusion_Embeddings_for_Robotic_Manipulation_ICCV_2025_paper.pdf,0
Jung_Inverse_Image-Based_Rendering_for_Light_Field_Generation_from_Single_Images_ICCV_2025_paper.pdf,0
Wu_Importance-Based_Token_Merging_for_Efficient_Image_and_Video_Generation_ICCV_2025_paper.pdf,0
Liu_Long-Tailed_Classification_with_Multi-Granularity_Semantics_ICCV_2025_paper.pdf,0
Bastian_Forecasting_Continuous_Non-Conservative_Dynamical_Systems_in_SO3_ICCV_2025_paper.pdf,0
Patel_FlowChef_Steering_of_Rectified_Flow_Models_for_Controlled_Generations_ICCV_2025_paper.pdf,0
Kang_Beyond_the_Limits_Overcoming_Negative_Correlation_of_Activation-Based_Training-Free_NAS_ICCV_2025_paper.pdf,0
Huang_ViewSRD_3D_Visual_Grounding_via_Structured_Multi-View_Decomposition_ICCV_2025_paper.pdf,0
Mai_EVER_Exact_Volumetric_Ellipsoid_Rendering_for_Real-time_View_Synthesis_ICCV_2025_paper.pdf,0
Jeon_Exploiting_Domain_Properties_in_Language-Driven_Domain_Generalization_for_Semantic_Segmentation_ICCV_2025_paper.pdf,0
Hu_DyGS-SLAM_Real-Time_Accurate_Localization_and_Gaussian_Reconstruction_for_Dynamic_Scenes_ICCV_2025_paper.pdf,0
Fang_Adapting_Vehicle_Detectors_for_Aerial_Imagery_to_Unseen_Domains_with_ICCV_2025_paper.pdf,0
Lu_SKALD_Learning-Based_Shot_Assembly_for_Coherent_Multi-Shot_Video_Creation_ICCV_2025_paper.pdf,0
Ma_X2I_Seamless_Integration_of_Multimodal_Understanding_into_Diffusion_Transformer_via_ICCV_2025_paper.pdf,0
Xiong_Efficient_Track_Anything_ICCV_2025_paper.pdf,0
Yu_DocThinker_Explainable_Multimodal_Large_Language_Models_with_Rule-based_Reinforcement_Learning_ICCV_2025_paper.pdf,0
Kim_IDF_Iterative_Dynamic_Filtering_Networks_for_Generalizable_Image_Denoising_ICCV_2025_paper.pdf,0
Zhong_OmniSAM_Omnidirectional_Segment_Anything_Model_for_UDA_in_Panoramic_Semantic_ICCV_2025_paper.pdf,0
Qiu_FreeScale_Unleashing_the_Resolution_of_Diffusion_Models_via_Tuning-Free_Scale_ICCV_2025_paper.pdf,0
Wang_UniOcc_A_Unified_Benchmark_for_Occupancy_Forecasting_and_Prediction_in_ICCV_2025_paper.pdf,0
Xiu_Geometric_Alignment_and_Prior_Modulation_for_View-Guided_Point_Cloud_Completion_ICCV_2025_paper.pdf,0
Jin_Differentiable_Room_Acoustic_Rendering_with_Multi-View_Vision_Priors_ICCV_2025_paper.pdf,0
Kim_V.I.P.__Iterative_Online_Preference_Distillation_for_Efficient_Video_Diffusion_ICCV_2025_paper.pdf,0
Chi_Contact-Aware_Amodal_Completion_for_Human-Object_Interaction_via_Multi-Regional_Inpainting_ICCV_2025_paper.pdf,0
Shinoda_AnimalClue_Recognizing_Animals_by_their_Traces_ICCV_2025_paper.pdf,0
Xia_ScenePainter_Semantically_Consistent_Perpetual_3D_Scene_Generation_with_Concept_Relation_ICCV_2025_paper.pdf,0
Parihar_Zero-Shot_Depth_Aware_Image_Editing_with_Diffusion_Models_ICCV_2025_paper.pdf,0
Wang_Stochastic_Gradient_Estimation_for_Higher-Order_Differentiable_Rendering_ICCV_2025_paper.pdf,0
Wang_TrackAny3D_Transferring_Pretrained_3D_Models_for_Category-unified_3D_Point_Cloud_ICCV_2025_paper.pdf,0
Wang_Towards_Annotation-Free_Evaluation_KPAScore_for_Human_Keypoint_Detection_ICCV_2025_paper.pdf,0
Yuan_Not_Only_Vision_Evolve_Visual_Speech_Recognition_via_Peripheral_Information_ICCV_2025_paper.pdf,0
Yang_R1-Onevision_Advancing_Generalized_Multimodal_Reasoning_through_Cross-Modal_Formalization_ICCV_2025_paper.pdf,0
Yu_GenFlowRL_Shaping_Rewards_with_Generative_Object-Centric_Flow_in_Visual_Reinforcement_ICCV_2025_paper.pdf,0
Kumar_Trokens_Semantic-Aware_Relational_Trajectory_Tokens_for_Few-Shot_Action_Recognition_ICCV_2025_paper.pdf,0
Kolek_Learning_Interpretable_Queries_for_Explainable_Image_Classification_with_Information_Pursuit_ICCV_2025_paper.pdf,0
Bae_CaliMatch_Adaptive_Calibration_for_Improving_Safe_Semi-supervised_Learning_ICCV_2025_paper.pdf,0
Zhou_LLaFEA_Frame-Event_Complementary_Fusion_for_Fine-Grained_Spatiotemporal_Understanding_in_LMMs_ICCV_2025_paper.pdf,0
Cao_Boosting_Vision_Semantic_Density_with_Anatomy_Normality_Modeling_for_Medical_ICCV_2025_paper.pdf,0
Bilecen_Identity_Preserving_3D_Head_Stylization_with_Multiview_Score_Distillation_ICCV_2025_paper.pdf,0
Sun_Structured_Policy_Optimization_Enhance_Large_Vision-Language_Model_via_Self-referenced_Dialogue_ICCV_2025_paper.pdf,0
Kim_Dual_Recursive_Feedback_on_Generation_and_Appearance_Latents_for_Pose-Robust_ICCV_2025_paper.pdf,0
Isaac-Medina_FEVER-OOD_Free_Energy_Vulnerability_Elimination_for_Robust_Out-of-Distribution_Detection_ICCV_2025_paper.pdf,0
Zhou_Where_What_Why_Towards_Explainable_Driver_Attention_Prediction_ICCV_2025_paper.pdf,0
Wald_An_OpenMind_for_3D_Medical_Vision_Self-supervised_Learning_ICCV_2025_paper.pdf,0
Kapse_GECKO_Gigapixel_Vision-Concept_Contrastive_Pretraining_in_Histopathology_ICCV_2025_paper.pdf,0
Wang_TopicGeo_An_Efficient_Unified_Framework_for_Geolocation_ICCV_2025_paper.pdf,0
Xu_MC-Bench_A_Benchmark_for_Multi-Context_Visual_Grounding_in_the_Era_ICCV_2025_paper.pdf,0
Cao_Taming_Flow_Matching_with_Unbalanced_Optimal_Transport_into_Fast_Pansharpening_ICCV_2025_paper.pdf,0
Shin_HazeFlow_Revisit_Haze_Physical_Model_as_ODE_and_Non-Homogeneous_Haze_ICCV_2025_paper.pdf,0
Gao_Benchmarking_Multimodal_CoT_Reward_Model_Stepwise_by_Visual_Program_ICCV_2025_paper.pdf,0
Li_FiVE-Bench_A_Fine-grained_Video_Editing_Benchmark_for_Evaluating_Emerging_Diffusion_ICCV_2025_paper.pdf,0
Zhu_Dynamic_Multimodal_Prototype_Learning_in_Vision-Language_Models_ICCV_2025_paper.pdf,0
Yang_KOEnsAttack_Towards_Efficient_Data-Free_Black-Box_Adversarial_Attacks_via_Knowledge-Orthogonalized_Substitute_ICCV_2025_paper.pdf,0
Shi_FonTS_Text_Rendering_With_Typography_and_Style_Controls_ICCV_2025_paper.pdf,0
Tian_DuoCLR_Dual-Surrogate_Contrastive_Learning_for_Skeleton-based_Human_Action_Segmentation_ICCV_2025_paper.pdf,0
Shin_Registration_beyond_Points_General_Affine_Subspace_Alignment_via_Geodesic_Distance_ICCV_2025_paper.pdf,0
Liu_Conditional_Visual_Autoregressive_Modeling_for_Pathological_Image_Restoration_ICCV_2025_paper.pdf,0
Li_LLM_Thought_Divergence_and_Convergence_for_Dialogue-Based_Image_Generation_Control_ICCV_2025_paper.pdf,0
Wei_Augmenting_Moment_Retrieval_Zero-Dependency_Two-Stage_Learning_ICCV_2025_paper.pdf,0
Wang_AG2aussian_Anchor-Graph_Structured_Gaussian_Splatting_for_Instance-Level_3D_Scene_Understanding_ICCV_2025_paper.pdf,0
Lyu_DyWA_Dynamics-adaptive_World_Action_Model_for_Generalizable_Non-prehensile_Manipulation_ICCV_2025_paper.pdf,0
Bisulco_From_Linearity_to_Non-Linearity_How_Masked_Autoencoders_Capture_Spatial_Correlations_ICCV_2025_paper.pdf,0
Wang_The_Silent_Assistant_NoiseQuery_as_Implicit_Guidance_for_Goal-Driven_Image_ICCV_2025_paper.pdf,0
Zhou_AutoOcc_Automatic_Open-Ended_Semantic_Occupancy_Annotation_via_Vision-Language_Guided_Gaussian_ICCV_2025_paper.pdf,0
Ying_Towards_Omnimodal_Expressions_and_Reasoning_in_Referring_Audio-Visual_Segmentation_ICCV_2025_paper.pdf,0
Xuan_ReME_A_Data-Centric_Framework_for_Training-Free_Open-Vocabulary_Segmentation_ICCV_2025_paper.pdf,0
Shimomura_OD-RASE_Ontology-Driven_Risk_Assessment_and_Safety_Enhancement_for_Autonomous_Driving_ICCV_2025_paper.pdf,0
Wang_How_Do_Multimodal_Large_Language_Models_Handle_Complex_Multimodal_Reasoning_ICCV_2025_paper.pdf,0
Wang_Toward_Fair_and_Accurate_Cross-Domain_Medical_Image_Segmentation_A_VLM-Driven_ICCV_2025_paper.pdf,0
Yu_Axis-level_Symmetry_Detection_with_Group-Equivariant_Representation_ICCV_2025_paper.pdf,0
Yang_Medical_World_Model_ICCV_2025_paper.pdf,0
Lee_Power_of_Cooperative_Supervision_Multiple_Teachers_Framework_for_Advanced_3D_ICCV_2025_paper.pdf,0
Zhu_ConsistentCity_Semantic_Flow-guided_Occupancy_DiT_for_Temporally_Consistent_Driving_Scene_ICCV_2025_paper.pdf,0
Yang_CC-OCR_A_Comprehensive_and_Challenging_OCR_Benchmark_for_Evaluating_Large_ICCV_2025_paper.pdf,0
Luo_DICE_Staleness-Centric_Optimizations_for_Parallel_Diffusion_MoE_Inference_ICCV_2025_paper.pdf,0
Li_PointGAC_Geometric-Aware_Codebook_for_Masked_Point_Modeling_ICCV_2025_paper.pdf,0
Mohammadi_TESPEC_Temporally-Enhanced_Self-Supervised_Pretraining_for_Event_Cameras_ICCV_2025_paper.pdf,0
Zhang_Q-Frame_Query-aware_Frame_Selection_and_Multi-Resolution_Adaptation_for_Video-LLMs_ICCV_2025_paper.pdf,0
Chen_Exploiting_Vision_Language_Model_for_Training-Free_3D_Point_Cloud_OOD_ICCV_2025_paper.pdf,0
Huang_SpectralAR_Spectral_Autoregressive_Visual_Generation_ICCV_2025_paper.pdf,0
Dutta_CHROME_Clothed_Human_Reconstruction_with_Occlusion-Resilience_and_Multiview-Consistency_from_a_ICCV_2025_paper.pdf,0
Xie_Dataset_Ownership_Verification_for_Pre-trained_Masked_Models_ICCV_2025_paper.pdf,0
Bin_NormalCrafter_Learning_Temporally_Consistent_Normals_from_Video_Diffusion_Priors_ICCV_2025_paper.pdf,0
Fei_Scalable_Dual_Fingerprinting_for_Hierarchical_Attribution_of_Text-to-Image_Models_ICCV_2025_paper.pdf,0
Zhang_Boosting_Multi-View_Indoor_3D_Object_Detection_via_Adaptive_3D_Volume_ICCV_2025_paper.pdf,0
Wang_CogCM_Cognition-Inspired_Contextual_Modeling_for_Audio-Visual_Speech_Enhancement_ICCV_2025_paper.pdf,0
Shi_Lark_Low-Rank_Updates_After_Knowledge_Localization_for_Few-shot_Class-Incremental_Learning_ICCV_2025_paper.pdf,0
Gao_Meta-Unlearning_on_Diffusion_Models_Preventing_Relearning_Unlearned_Concepts_ICCV_2025_paper.pdf,0
Esteves_Spectral_Image_Tokenizer_ICCV_2025_paper.pdf,0
Simon_TITAN-Guide_Taming_Inference-Time_Alignment_for_Guided_Text-to-Video_Diffusion_Models_ICCV_2025_paper.pdf,0
Cheng_SimpleVQA_Multimodal_Factuality_Evaluation_for_Multimodal_Large_Language_Models_ICCV_2025_paper.pdf,0
Durvasula_ContraGS_Codebook-Condensed_and_Trainable_Gaussian_Splatting_for_Fast_Memory-Efficient_Reconstruction_ICCV_2025_paper.pdf,0
Papais_ForeSight_Multi-View_Streaming_Joint_Object_Detection_and_Trajectory_Forecasting_ICCV_2025_paper.pdf,0
Bassi_RadGPT_Constructing_3D_Image-Text_Tumor_Datasets_ICCV_2025_paper.pdf,0
Wang_MonoFusion_Sparse-View_4D_Reconstruction_via_Monocular_Fusion_ICCV_2025_paper.pdf,0
Bourigault_UKBOB_One_Billion_MRI_Labeled_Masks_for_Generalizable_3D_Medical_ICCV_2025_paper.pdf,0
Kodaira_StreamDiffusion_A_Pipeline-level_Solution_for_Real-Time_Interactive_Generation_ICCV_2025_paper.pdf,0
Huang_Boosting_MLLM_Reasoning_with_Text-Debiased_Hint-GRPO_ICCV_2025_paper.pdf,0
Huang_Reverse_Convolution_and_Its_Applications_to_Image_Restoration_ICCV_2025_paper.pdf,0
Liang_p-AVAS_Can_Physics-Integrated_Audio-Visual_Modeling_Boost_Neural_Acoustic_Synthesis_ICCV_2025_paper.pdf,0
Zhou_Devil_is_in_the_Uniformity_Exploring_Diverse_Learners_within_Transformer_ICCV_2025_paper.pdf,0
Nguyen_Vulnerability-Aware_Spatio-Temporal_Learning_for_Generalizable_Deepfake_Video_Detection_ICCV_2025_paper.pdf,0
Qiu_LHM_Large_Animatable_Human_Reconstruction_Model_for_Single_Image_to_ICCV_2025_paper.pdf,0
Wang_FairHuman_Boosting_Hand_and_Face_Quality_in_Human_Image_Generation_ICCV_2025_paper.pdf,0
Qiao_Learnable_Fractional_Reaction-Diffusion_Dynamics_for_Under-Display_ToF_Imaging_and_Beyond_ICCV_2025_paper.pdf,0
Zhang_p-MoD_Building_Mixture-of-Depths_MLLMs_via_Progressive_Ratio_Decay_ICCV_2025_paper.pdf,0
Lin_Controllable_Weather_Synthesis_and_Removal_with_Video_Diffusion_Models_ICCV_2025_paper.pdf,0
Ji_OcRFDet_Object-Centric_Radiance_Fields_for_Multi-View_3D_Object_Detection_in_ICCV_2025_paper.pdf,0
Decatur_Reusing_Computation_in_Text-to-Image_Diffusion_for_Efficient_Generation_of_Image_ICCV_2025_paper.pdf,0
Liu_Keyframe-oriented_Vision_Token_Pruning_Enhancing_Efficiency_of_Large_Vision_Language_ICCV_2025_paper.pdf,0
Huang_Open-set_Cross_Modal_Generalization_via_Multimodal_Unified_Representation_ICCV_2025_paper.pdf,0
Ye_Alleviating_Textual_Reliance_in_Medical_Language-guided_Segmentation_via_Prototype-driven_Semantic_ICCV_2025_paper.pdf,0
Zhang_Manual-PA_Learning_3D_Part_Assembly_from_Instruction_Diagrams_ICCV_2025_paper.pdf,0
Wu_UniPhys_Unified_Planner_and_Controller_with_Diffusion_for_Flexible_Physics-Based_ICCV_2025_paper.pdf,0
Xia_Unsupervised_Part_Discovery_via_Descriptor-Based_Masked_Image_Restoration_with_Optimized_ICCV_2025_paper.pdf,0
Liu_Omni-scene_Perception-oriented_Point_Cloud_Geometry_Enhancement_for_Coordinate_Quantization_ICCV_2025_paper.pdf,0
Gao_Can3Tok_Canonical_3D_Tokenization_and_Latent_Modeling_of_Scene-Level_3D_ICCV_2025_paper.pdf,0
Zheng_One_Trajectory_One_Token_Grounded_Video_Tokenization_via_Panoptic_Sub-object_ICCV_2025_paper.pdf,0
Sun_Controllable-LPMoE_Adapting_to_Challenging_Object_Segmentation_via_Dynamic_Local_Priors_ICCV_2025_paper.pdf,0
Sun_Hierarchy_UGP_Hierarchy_Unified_Gaussian_Primitive_for_Large-Scale_Dynamic_Scene_ICCV_2025_paper.pdf,0
Yao_MagicCity_Geometry-Aware_3D_City_Generation_from_Satellite_Imagery_with_Multi-View_ICCV_2025_paper.pdf,0
Xu_AdaptiveAE_An_Adaptive_Exposure_Strategy_for_HDR_Capturing_in_Dynamic_ICCV_2025_paper.pdf,0
Niu_Enhancing_Adversarial_Transferability_by_Balancing_Exploration_and_Exploitation_with_Gradient-Guided_ICCV_2025_paper.pdf,0
Zhang_Environment-Agnostic_Pose_Generating_Environment-independent_Object_Representations_for_6D_Pose_Estimation_ICCV_2025_paper.pdf,0
Song_LayerTracer_Cognitive-Aligned_Layered_SVG_Synthesis_via_Diffusion_Transformer_ICCV_2025_paper.pdf,0
Liao_I2-World_Intra-Inter_Tokenization_for_Efficient_Dynamic_4D_Scene_Forecasting_ICCV_2025_paper.pdf,0
Ge_Iris_Breaking_GUI_Complexity_with_Adaptive_Focus_and_Self-Refining_ICCV_2025_paper.pdf,0
Zhang_AHCPTQ_Accurate_and_Hardware-Compatible_Post-Training_Quantization_for_Segment_Anything_Model_ICCV_2025_paper.pdf,0
Ci_Describe_Dont_Dictate_Semantic_Image_Editing_with_Natural_Language_Intent_ICCV_2025_paper.pdf,0
Ma_Heuristic-Induced_Multimodal_Risk_Distribution_Jailbreak_Attack_for_Multimodal_Large_Language_ICCV_2025_paper.pdf,0
Zheng_iManip_Skill-Incremental_Learning_for_Robotic_Manipulation_ICCV_2025_paper.pdf,0
Jiang_PhysTwin_Physics-Informed_Reconstruction_and_Simulation_of_Deformable_Objects_from_Videos_ICCV_2025_paper.pdf,0
Chen_Back_on_Track_Bundle_Adjustment_for_Dynamic_Scene_Reconstruction_ICCV_2025_paper.pdf,0
Lee_Diffusion_Guided_Adaptive_Augmentation_for_Generalization_in_Visual_Reinforcement_Learning_ICCV_2025_paper.pdf,0
Khalid_Bridging_the_Sky_and_Ground_Towards_View-Invariant_Feature_Learning_for_ICCV_2025_paper.pdf,0
Zhang_Geometry_Distributions_ICCV_2025_paper.pdf,0
Atmis_One-Step_Specular_Highlight_Removal_with_Adapted_Diffusion_Models_ICCV_2025_paper.pdf,0
Zheng_FREE-Merging_Fourier_Transform_for_Efficient_Model_Merging_ICCV_2025_paper.pdf,0
Wang_QuEST_Low-bit_Diffusion_Model_Quantization_via_Efficient_Selective_Finetuning_ICCV_2025_paper.pdf,0
Chen_Bridging_Diffusion_Models_and_3D_Representations_A_3D_Consistent_Super-Resolution_ICCV_2025_paper.pdf,0
Tourani_Leveraging_2D_Priors_and_SDF_Guidance_for_Urban_Scene_Rendering_ICCV_2025_paper.pdf,0
Jin_AM-Adapter_Appearance_Matching_Adapter_for_Exemplar-based_Semantic_Image_Synthesis_in-the-Wild_ICCV_2025_paper.pdf,0
Wang_Integrating_Task-Specific_and_Universal_Adapters_for_Pre-Trained_Model-based_Class-Incremental_Learning_ICCV_2025_paper.pdf,0
Gamrian_Beyond_RGB_Adaptive_Parallel_Processing_for_RAW_Object_Detection_ICCV_2025_paper.pdf,0
Liang_UniDxMD_Towards_Unified_Representation_for_Cross-Modal_Unsupervised_Domain_Adaptation_in_ICCV_2025_paper.pdf,0
Zhao_Tree-NeRV_Efficient_Non-Uniform_Sampling_for_Neural_Video_Representation_via_Tree-Structured_ICCV_2025_paper.pdf,0
Zhu_Distilling_Parallel_Gradients_for_Fast_ODE_Solvers_of_Diffusion_Models_ICCV_2025_paper.pdf,0
Hu_Bilateral_Collaboration_with_Large_Vision-Language_Models_for_Open_Vocabulary_Human-Object_ICCV_2025_paper.pdf,0
Pathak_Revisiting_Point_Cloud_Completion_Are_We_Ready_For_The_Real-World_ICCV_2025_paper.pdf,0
Cao_Enhancing_Mamba_Decoder_with_Bidirectional_Interaction_in_Multi-Task_Dense_Prediction_ICCV_2025_paper.pdf,0
Do_Bridging_the_Skeleton-Text_Modality_Gap_Diffusion-Powered_Modality_Alignment_for_Zero-shot_ICCV_2025_paper.pdf,0
Cagatan_Adversarial_Robustness_of_Discriminative_Self-Supervised_Learning_in_Vision_ICCV_2025_paper.pdf,0
Cai_Baking_Gaussian_Splatting_into_Diffusion_Denoiser_for_Fast_and_Scalable_ICCV_2025_paper.pdf,0
Xu_FlexGen_Flexible_Multi-View_Generation_from_Text_and_Image_Inputs_ICCV_2025_paper.pdf,0
Liu_Personalized_Federated_Learning_under_Local_Supervision_ICCV_2025_paper.pdf,0
Son_MDP-Omni_Parameter-free_Multimodal_Depth_Prior-based_Sampling_for_Omnidirectional_Stereo_Matching_ICCV_2025_paper.pdf,0
Cao_MotionCtrl_A_Real-time_Controllable_Vision-Language-Motion_Model_ICCV_2025_paper.pdf,0
Huang_Bridging_Domain_Generalization_to_Multimodal_Domain_Generalization_via_Unified_Representations_ICCV_2025_paper.pdf,0
Jin_Instruction-Grounded_Visual_Projectors_for_Continual_Learning_of_Generative_Vision-Language_Models_ICCV_2025_paper.pdf,0
Qi_Transparent_Vision_A_Theory_of_Hierarchical_Invariant_Representations_ICCV_2025_paper.pdf,0
Huang_DreamCube_RGB-D_Panorama_Generation_via_Multi-plane_Synchronization_ICCV_2025_paper.pdf,0
Li_GenFlow3D_Generative_Scene_Flow_Estimation_and_Prediction_on_Point_Cloud_ICCV_2025_paper.pdf,0
Chen_Training-Free_Class_Purification_for_Open-Vocabulary_Semantic_Segmentation_ICCV_2025_paper.pdf,0
Gao_Feature_Coding_in_the_Era_of_Large_Models_Dataset_Test_ICCV_2025_paper.pdf,0
Ran_HUST_High-Fidelity_Unbiased_Skin_Tone_Estimation_via_Texture_Quantization_ICCV_2025_paper.pdf,0
Patel_UniEgoMotion_A_Unified_Model_for_Egocentric_Motion_Reconstruction_Forecasting_and_ICCV_2025_paper.pdf,0
Zhang_RA-BUSSeg_Relation-aware_Semi-supervised_Breast_Ultrasound_Image_Segmentation_via_Adjacent_Propagation_ICCV_2025_paper.pdf,0
Shi_Competitive_Distillation_A_Simple_Learning_Strategy_for_Improving_Visual_Classification_ICCV_2025_paper.pdf,0
Giacomini_Splat-LOAM_Gaussian_Splatting_LiDAR_Odometry_and_Mapping_ICCV_2025_paper.pdf,0
Fang_Proxy-Bridged_Game_Transformer_for_Interactive_Extreme_Motion_Prediction_ICCV_2025_paper.pdf,0
Chatziagapi_AV-Flow_Transforming_Text_to_Audio-Visual_Human-like_Interactions_ICCV_2025_paper.pdf,0
Cho_Att-Adapter_A_Robust_and_Precise_Domain-Specific_Multi-Attributes_T2I_Diffusion_Adapter_ICCV_2025_paper.pdf,0
Kim_VIGFace_Virtual_Identity_Generation_for_Privacy-Free_Face_Recognition_Dataset_ICCV_2025_paper.pdf,0
Zhao_PhysSplat_Efficient_Physics_Simulation_for_3D_Scenes_via_MLLM-Guided_Gaussian_ICCV_2025_paper.pdf,0
Chen_Achieving_More_with_Less_Additive_Prompt_Tuning_for_Rehearsal-Free_Class-Incremental_ICCV_2025_paper.pdf,0
Pan_Liberated-GS_3D_Gaussian_Splatting_Independent_from_SfM_Point_Clouds_ICCV_2025_paper.pdf,0
Sheng_SpatialSplat_Efficient_Semantic_3D_from_Sparse_Unposed_Images_ICCV_2025_paper.pdf,0
Fischer_FlowR_Flowing_from_Sparse_to_Dense_3D_Reconstructions_ICCV_2025_paper.pdf,0
Moon_GeoAvatar_Adaptive_Geometrical_Gaussian_Splatting_for_3D_Head_Avatar_ICCV_2025_paper.pdf,0
Du_RoCo-Sim_Enhancing_Roadside_Collaborative_Perception_through_Foreground_Simulation_ICCV_2025_paper.pdf,0
Huang_SDMatte_Grafting_Diffusion_Models_for_Interactive_Matting_ICCV_2025_paper.pdf,0
Chadebec_LBM_Latent_Bridge_Matching_for_Fast_Image-to-Image_Translation_ICCV_2025_paper.pdf,0
Liu_Controllable_3D_Outdoor_Scene_Generation_via_Scene_Graphs_ICCV_2025_paper.pdf,0
Yu_Auto-Controlled_Image_Perception_in_MLLMs_via_Visual_Perception_Tokens_ICCV_2025_paper.pdf,0
Wang_CharaConsist_Fine-Grained_Consistent_Character_Generation_ICCV_2025_paper.pdf,0
Zhang_Progressive_Test_Time_Energy_Adaptation_for_Medical_Image_Segmentation_ICCV_2025_paper.pdf,0
Sun_CoTMR_Chain-of-Thought_Multi-Scale_Reasoning_for_Training-Free_Zero-Shot_Composed_Image_Retrieval_ICCV_2025_paper.pdf,0
Wang_DecAD_Decoupling_Anomalies_in_Latent_Space_for_Multi-Class_Unsupervised_Anomaly_ICCV_2025_paper.pdf,0
Yu_From_Easy_to_Hard_Progressive_Active_Learning_Framework_for_Infrared_ICCV_2025_paper.pdf,0
Zuo_OMNI-DC_Highly_Robust_Depth_Completion_with_Multiresolution_Depth_Integration_ICCV_2025_paper.pdf,0
Yao_SV4D_2.0_Enhancing_Spatio-Temporal_Consistency_in_Multi-View_Video_Diffusion_for_ICCV_2025_paper.pdf,0
Akada_Bring_Your_Rear_Cameras_for_Egocentric_3D_Human_Pose_Estimation_ICCV_2025_paper.pdf,0
Kim_HairCUP_Hair_Compositional_Universal_Prior_for_3D_Gaussian_Avatars_ICCV_2025_paper.pdf,0
Kravets_Rethinking_Few_Shot_CLIP_Benchmarks_A_Critical_Analysis_in_the_ICCV_2025_paper.pdf,0
Wang_LaneDiffusion_Improving_Centerline_Graph_Learning_via_Prior_Injected_BEV_Feature_ICCV_2025_paper.pdf,0
Svitov_BillBoard_Splatting_BBSplat_Learnable_Textured_Primitives_for_Novel_View_Synthesis_ICCV_2025_paper.pdf,0
Liu_AlignGuard_Scalable_Safety_Alignment_for_Text-to-Image_Generation_ICCV_2025_paper.pdf,0
Gao_Causality-guided_Prompt_Learning_for_Vision-language_Models_via_Visual_Granulation_ICCV_2025_paper.pdf,0
He_Capturing_head_avatar_with_hand_contacts_from_a_monocular_video_ICCV_2025_paper.pdf,0
Huynh_Vision-Language_Models_Cant_See_the_Obvious_ICCV_2025_paper.pdf,0
Yoon_Occlusion-robust_Stylization_for_Drawing-based_3D_Animation_ICCV_2025_paper.pdf,0
Chen_Scaling_Tumor_Segmentation_Best_Lessons_from_Real_and_Synthetic_Data_ICCV_2025_paper.pdf,0
Konstantinou_EquiCaps_Predictor-Free_Pose-Aware_Pre-Trained_Capsule_Networks_ICCV_2025_paper.pdf,0
Ruan_AdvDreamer_Unveils_Are_Vision-Language_Models_Truly_Ready_for_Real-World_3D_ICCV_2025_paper.pdf,0
Feng_FG-OrIU_Towards_Better_Forgetting_via_Feature-Gradient_Orthogonality_for_Incremental_Unlearning_ICCV_2025_paper.pdf,0
Huang_LINR-PCGC_Lossless_Implicit_Neural_Representations_for_Point_Cloud_Geometry_Compression_ICCV_2025_paper.pdf,0
Desai_Guiding_Diffusion_Models_with_Adaptive_Negative_Sampling_Without_External_Resources_ICCV_2025_paper.pdf,0
Nair_Scaling_Transformer-Based_Novel_View_Synthesis_with_Models_Token_Disentanglement_and_ICCV_2025_paper.pdf,0
Liu_MotionShot_Adaptive_Motion_Transfer_across_Arbitrary_Objects_for_Text-to-Video_Generation_ICCV_2025_paper.pdf,0
Qu_DictAS_A_Framework_for_Class-Generalizable_Few-Shot_Anomaly_Segmentation_via_Dictionary_ICCV_2025_paper.pdf,0
Xiao_MotionStreamer_Streaming_Motion_Generation_via_Diffusion-based_Autoregressive_Model_in_Causal_ICCV_2025_paper.pdf,0
Lee_How_Do_Optical_Flow_and_Textual_Prompts_Collaborate_to_Assist_ICCV_2025_paper.pdf,0
Tong_Robust_Machine_Unlearning_for_Quantized_Neural_Networks_via_Adaptive_Gradient_ICCV_2025_paper.pdf,0
Xu_Monocular_Facial_Appearance_Capture_in_the_Wild_ICCV_2025_paper.pdf,0
Liu_When_Confidence_Fails_Revisiting_Pseudo-Label_Selection_in_Semi-supervised_Semantic_Segmentation_ICCV_2025_paper.pdf,0
Suo_From_Trial_to_Triumph_Advancing_Long_Video_Understanding_via_Visual_ICCV_2025_paper.pdf,0
Kim_CapeLLM_Support-Free_Category-Agnostic_Pose_Estimation_with_Multimodal_Large_Language_Models_ICCV_2025_paper.pdf,0
Chowdhury_AVTrustBench_Assessing_and_Enhancing_Reliability_and_Robustness_in_Audio-Visual_LLMs_ICCV_2025_paper.pdf,0
Kim_MemoryTalker_Personalized_Speech-Driven_3D_Facial_Animation_via_Audio-Guided_Stylization_ICCV_2025_paper.pdf,0
Choi_Whats_Making_That_Sound_Right_Now_Video-centric_Audio-Visual_Localization_ICCV_2025_paper.pdf,0
Zhang_Performing_Defocus_Deblurring_by_Modeling_its_Formation_Process_ICCV_2025_paper.pdf,0
Qu_Hate_in_Plain_Sight_On_the_Risks_of_Moderating_AI-Generated_ICCV_2025_paper.pdf,0
Chen_DASH_4D_Hash_Encoding_with_Self-Supervised_Decomposition_for_Real-Time_Dynamic_ICCV_2025_paper.pdf,0
Gong_ZeroKey_Point-Level_Reasoning_and_Zero-Shot_3D_Keypoint_Detection_from_Large_ICCV_2025_paper.pdf,0
Li_Enhancing_Transferability_of_Targeted_Adversarial_Examples_via_Inverse_Target_Gradient_ICCV_2025_paper.pdf,0
Moon_Selective_Contrastive_Learning_for_Weakly_Supervised_Affordance_Grounding_ICCV_2025_paper.pdf,0
Huang_AdaHuman_Animatable_Detailed_3D_Human_Generation_with_Compositional_Multiview_Diffusion_ICCV_2025_paper.pdf,0
Yang_RALoc_Enhancing_Outdoor_LiDAR_Localization_via_Rotation_Awareness_ICCV_2025_paper.pdf,0
Thoreau_Parameter-Efficient_Adaptation_of_Geospatial_Foundation_Models_through_Embedding_Deflection_ICCV_2025_paper.pdf,0
Lin_SplArt_Articulation_Estimation_and_Part-Level_Reconstruction_with_3D_Gaussian_Splatting_ICCV_2025_paper.pdf,0
Liu_NeuFrameQ_Neural_Frame_Fields_for_Scalable_and_Generalizable_Anisotropic_Quadrangulation_ICCV_2025_paper.pdf,0
Lu_Adversarial_Distribution_Matching_for_Diffusion_Distillation_Towards_Efficient_Image_and_ICCV_2025_paper.pdf,0
Gotz_Sibai_A_Few-Shot_Meta-Classifier_for_Poisoning_Detection_in_Federated_Learning_ICCV_2025_paper.pdf,0
Lu_Think_Twice_Test-Time_Reasoning_for_Robust_CLIP_Zero-Shot_Classification_ICCV_2025_paper.pdf,0
Du_3DRealCar_An_In-the-wild_RGB-D_Car_Dataset_with_360-degree_Views_ICCV_2025_paper.pdf,0
Miao_Auxiliary_Prompt_Tuning_of_Vision-Language_Models_for_Few-Shot_Out-of-Distribution_Detection_ICCV_2025_paper.pdf,0
Cheng_Outdoor_Monocular_SLAM_with_Global_Scale-Consistent_3D_Gaussian_Pointmaps_ICCV_2025_paper.pdf,0
Park_Saliency-Aware_Quantized_Imitation_Learning_for_Efficient_Robotic_Control_ICCV_2025_paper.pdf,0
Ji_Customizing_Domain_Adapters_for_Domain_Generalization_ICCV_2025_paper.pdf,0
Luo_TAViS_Text-bridged_Audio-Visual_Segmentation_with_Foundation_Models_ICCV_2025_paper.pdf,0
Wang_Taming_the_Untamed_Graph-Based_Knowledge_Retrieval_and_Reasoning_for_MLLMs_ICCV_2025_paper.pdf,0
Wang_Learning_Robust_Stereo_Matching_in_the_Wild_with_Selective_Mixture-of-Experts_ICCV_2025_paper.pdf,0
Dai_Latent_Swap_Joint_Diffusion_for_2D_Long-Form_Latent_Generation_ICCV_2025_paper.pdf,0
Yu_DistillDrive_End-to-End_Multi-Mode_Autonomous_Driving_Distillation_by_Isomorphic_Hetero-Source_Planning_ICCV_2025_paper.pdf,0
Yang_OmniVTON_Training-Free_Universal_Virtual_Try-On_ICCV_2025_paper.pdf,0
Hu_Neuroverse3D_Developing_In-Context_Learning_Universal_Model_for_Neuroimaging_in_3D_ICCV_2025_paper.pdf,0
Jia_Can_Generative_Geospatial_Diffusion_Models_Excel_as_Discriminative_Geospatial_Foundation_ICCV_2025_paper.pdf,0
Zhang_CorrCLIP_Reconstructing_Patch_Correlations_in_CLIP_for_Open-Vocabulary_Semantic_Segmentation_ICCV_2025_paper.pdf,0
Chen_ADIEE_Automatic_Dataset_Creation_and_Scorer_for_Instruction-Guided_Image_Editing_ICCV_2025_paper.pdf,0
Li_TransiT_Transient_Transformer_for_Non-line-of-sight_Videography_ICCV_2025_paper.pdf,0
Herbreteau_Self-Calibrated_Variance-Stabilizing_Transformations_for_Real-World_Image_Denoising_ICCV_2025_paper.pdf,0
Jiang_Moderating_the_Generalization_of_Score-based_Generative_Model_ICCV_2025_paper.pdf,0
Cui_Debiased_Teacher_for_Day-to-Night_Domain_Adaptive_Object_Detection_ICCV_2025_paper.pdf,Error
Yang_Effective_Training_Data_Synthesis_for_Improving_MLLM_Chart_Understanding_ICCV_2025_paper.pdf,0
Yan_You_Are_Your_Own_Best_Teacher_Achieving_Centralized-level_Performance_in_ICCV_2025_paper.pdf,0
Yang_AR-VRM_Imitating_Human_Motions_for_Visual_Robot_Manipulation_with_Analogical_ICCV_2025_paper.pdf,0
Shi_GReg_Geometry-Aware_Region_Refinement_for_Sign_Language_Video_Generation_ICCV_2025_paper.pdf,0
Wang_Ross3D_Reconstructive_Visual_Instruction_Tuning_with_3D-Awareness_ICCV_2025_paper.pdf,0
Dong_MoGA_3D_Generative_Avatar_Prior_for_Monocular_Gaussian_Avatar_Reconstruction_ICCV_2025_paper.pdf,0
Hruby_Single-Scanline_Relative_Pose_Estimation_for_Rolling_Shutter_Cameras_ICCV_2025_paper.pdf,0
Ding_DOLLAR_Few-Step_Video_Generation_via_Distillation_and_Latent_Reward_Optimization_ICCV_2025_paper.pdf,0
Tsai_PHATNet_A_Physics-guided_Haze_Transfer_Network_for_Domain-adaptive_Real-world_Image_ICCV_2025_paper.pdf,0
Khaki_SparseVILA_Decoupling_Visual_Sparsity_for_Efficient_VLM_Inference_ICCV_2025_paper.pdf,0
Jin_JailbreakDiffBench_A_Comprehensive_Benchmark_for_Jailbreaking_Diffusion_Models_ICCV_2025_paper.pdf,0
Tran_More_Reliable_Pseudo-labels_Better_Performance_A_Generalized_Approach_to_Single_ICCV_2025_paper.pdf,0
Raphaeli_SILO_Solving_Inverse_Problems_with_Latent_Operators_ICCV_2025_paper.pdf,0
Xu_Sequential_Gaussian_Avatars_with_Hierarchical_Motion_Context_ICCV_2025_paper.pdf,0
Xia_Less_Static_More_Private_Towards_Transferable_Privacy-Preserving_Action_Recognition_by_ICCV_2025_paper.pdf,0
Fu_ViSpeak_Visual_Instruction_Feedback_in_Streaming_Videos_ICCV_2025_paper.pdf,0
Machnio_To_Label_or_Not_to_Label_PALM_-_A_Predictive_ICCV_2025_paper.pdf,0
Bala_DCT-Shield_A_Robust_Frequency_Domain_Defense_against_Malicious_Image_Editing_ICCV_2025_paper.pdf,0
Yin_ArchiSet_Benchmarking_Editable_and_Consistent_Single-View_3D_Reconstruction_of_Buildings_ICCV_2025_paper.pdf,0
Chen_CasP_Improving_Semi-Dense_Feature_Matching_Pipeline_Leveraging_Cascaded_Correspondence_Priors_ICCV_2025_paper.pdf,0
Gao_Curve-Aware_Gaussian_Splatting_for_3D_Parametric_Curve_Reconstruction_ICCV_2025_paper.pdf,0
Dunkel_CNS-Bench_Benchmarking_Image_Classifier_Robustness_Under_Continuous_Nuisance_Shifts_ICCV_2025_paper.pdf,0
Zhang_Synergistic_Prompting_for_Robust_Visual_Recognition_with_Missing_Modalities_ICCV_2025_paper.pdf,0
Xu_GeometryCrafter_Consistent_Geometry_Estimation_for_Open-world_Videos_with_Diffusion_Priors_ICCV_2025_paper.pdf,0
Luo_Beyond_the_Frame_Generating_360deg_Panoramic_Videos_from_Perspective_Videos_ICCV_2025_paper.pdf,0
Li_End-to-End_Driving_with_Online_Trajectory_Evaluation_via_BEV_World_Model_ICCV_2025_paper.pdf,0
Fu_RobustSplat_Decoupling_Densification_and_Dynamics_for_Transient-Free_3DGS_ICCV_2025_paper.pdf,0
Ling_OCSplats_Observation_Completeness_Quantification_and_Label_Noise_Separation_in_3DGS_ICCV_2025_paper.pdf,0
Jiang_Corvid_Improving_Multimodal_Large_Language_Models_Towards_Chain-of-Thought_Reasoning_ICCV_2025_paper.pdf,0
Liu_CycleVAR_Repurposing_Autoregressive_Model_for_Unsupervised_One-Step_Image_Translation_ICCV_2025_paper.pdf,0
Antic_SDFit_3D_Object_Pose_and_Shape_by_Fitting_a_Morphable_ICCV_2025_paper.pdf,0
Cai_Parametric_Shadow_Control_for_Portrait_Generation_in_Text-to-Image_Diffusion_Models_ICCV_2025_paper.pdf,0
Tran_ConstStyle_Robust_Domain_Generalization_with_Unified_Style_Transformation_ICCV_2025_paper.pdf,0
Bader_SUB_Benchmarking_CBM_Generalization_via_Synthetic_Attribute_Substitutions_ICCV_2025_paper.pdf,0
Hong_Communication-Efficient_Multi-Vehicle_Collaborative_Semantic_Segmentation_via_Sparse_3D_Gaussian_Sharing_ICCV_2025_paper.pdf,0
Lee_ESSENTIAL_Episodic_and_Semantic_Memory_Integration_for_Video_Class-Incremental_Learning_ICCV_2025_paper.pdf,0
Cao_IRGPT_Understanding_Real-world_Infrared_Image_with_Bi-cross-modal_Curriculum_on_Large-scale_ICCV_2025_paper.pdf,0
Purkrabek_Detection_Pose_Estimation_and_Segmentation_for_Multiple_Bodies_Closing_the_ICCV_2025_paper.pdf,0
Yu_TrajectoryCrafter_Redirecting_Camera_Trajectory_for_Monocular_Videos_via_Diffusion_Models_ICCV_2025_paper.pdf,0
Fu_FontAnimate_High_Quality_Few-shot_Font_Generation_via_Animating_Font_Transfer_ICCV_2025_paper.pdf,0
Chowdhury_Looking_in_the_Mirror_A_Faithful_Counterfactual_Explanation_Method_for_ICCV_2025_paper.pdf,0
Lee_Combinative_Matching_for_Geometric_Shape_Assembly_ICCV_2025_paper.pdf,0
Wang_VQ-SGen_A_Vector_Quantized_Stroke_Representation_for_Creative_Sketch_Generation_ICCV_2025_paper.pdf,Error
Chowdhury_AURELIA_Test-time_Reasoning_Distillation_in_Audio-Visual_LLMs_ICCV_2025_paper.pdf,0
Ji_Always_Skip_Attention_ICCV_2025_paper.pdf,0
Cheng_LeanVAE_An_Ultra-Efficient_Reconstruction_VAE_for_Video_Diffusion_Models_ICCV_2025_paper.pdf,0
Wu_VSP_Diagnosing_the_Dual_Challenges_of_Perception_and_Reasoning_in_ICCV_2025_paper.pdf,0
Zhang_SC-Captioner_Improving_Image_Captioning_with_Self-Correction_by_Reinforcement_Learning_ICCV_2025_paper.pdf,0
Jiang_MonoMVSNet_Monocular_Priors_Guided_Multi-View_Stereo_Network_ICCV_2025_paper.pdf,0
Marrie_LUDVIG_Learning-Free_Uplifting_of_2D_Visual_Features_to_Gaussian_Splatting_ICCV_2025_paper.pdf,0
Roberts_GRAB_A_Challenging_GRaph_Analysis_Benchmark_for_Large_Multimodal_Models_ICCV_2025_paper.pdf,0
Zhao_Pseudo-SD_Pseudo_Controlled_Stable_Diffusion_for_Semi-Supervised_and_Cross-Domain_Semantic_ICCV_2025_paper.pdf,0
Zhao_Synthetic_Video_Enhances_Physical_Fidelity_in_Video_Synthesis_ICCV_2025_paper.pdf,0
Han_ASCENT_Annotation-free_Self-supervised_Contrastive_Embeddings_for_3D_Neuron_Tracking_in_ICCV_2025_paper.pdf,0
Li_AFUNet_Cross-Iterative_Alignment-Fusion_Synergy_for_HDR_Reconstruction_via_Deep_Unfolding_ICCV_2025_paper.pdf,0
Xie_Flexi-FSCIL_Adaptive_Knowledge_Retention_for_Breaking_the_Stability-Plasticity_Dilemma_in_ICCV_2025_paper.pdf,0
Wang_DynamicFace_High-Quality_and_Consistent_Face_Swapping_for_Image_and_Video_ICCV_2025_paper.pdf,0
Zhang_R1-VL_Learning_to_Reason_with_Multimodal_Large_Language_Models_via_ICCV_2025_paper.pdf,0
Shin_Seam360GS_Seamless_360deg_Gaussian_Splatting_from_Real-World_Omnidirectional_Images_ICCV_2025_paper.pdf,0
Steiner_AAA-Gaussians_Anti-Aliased_and_Artifact-Free_3D_Gaussian_Rendering_ICCV_2025_paper.pdf,0
Zhang_COSMO_Combination_of_Selective_Memorization_for_Low-cost_Vision-and-Language_Navigation_ICCV_2025_paper.pdf,0
Du_Fewer_Denoising_Steps_or_Cheaper_Per-Step_Inference_Towards_Compute-Optimal_Diffusion_ICCV_2025_paper.pdf,0
Zhu_WaveMamba_Wavelet-Driven_Mamba_Fusion_for_RGB-Infrared_Object_Detection_ICCV_2025_paper.pdf,0
Li_Anti-Tamper_Protection_for_Unauthorized_Individual_Image_Generation_ICCV_2025_paper.pdf,0
Luo_CoHD_A_Counting-Aware_Hierarchical_Decoding_Framework_for_Generalized_Referring_Expression_ICCV_2025_paper.pdf,0
Dunkel_Do_It_Yourself_Learning_Semantic_Correspondence_from_Pseudo-Labels_ICCV_2025_paper.pdf,0
Wei_AffordDexGrasp_Open-set_Language-guided_Dexterous_Grasp_with_Generalizable-Instructive_Affordance_ICCV_2025_paper.pdf,0
Wu_Less-to-More_Generalization_Unlocking_More_Controllability_by_In-Context_Generation_ICCV_2025_paper.pdf,0
Wong_MultiverSeg_Scalable_Interactive_Segmentation_of_Biomedical_Imaging_Datasets_with_In-Context_ICCV_2025_paper.pdf,0
Webster_Multi-modal_Identity_Extraction_ICCV_2025_paper.pdf,0
Liao_Continual_Personalization_for_Diffusion_Models_ICCV_2025_paper.pdf,0
Sun_Fine-Grained_3D_Gaussian_Head_Avatars_Modeling_from_Static_Captures_via_ICCV_2025_paper.pdf,0
Spagnoletti_LATINO-PRO_LAtent_consisTency_INverse_sOlver_with_PRompt_Optimization_ICCV_2025_paper.pdf,0
Wang_LiT_Delving_into_a_Simple_Linear_Diffusion_Transformer_for_Image_ICCV_2025_paper.pdf,0
Guo_WildSeg3D_Segment_Any_3D_Objects_in_the_Wild_from_2D_ICCV_2025_paper.pdf,0
Qiu_Bias-Resilient_Weakly_Supervised_Semantic_Segmentation_Using_Normalizing_Flows_ICCV_2025_paper.pdf,0
Huang_ModSkill_Physical_Character_Skill_Modularization_ICCV_2025_paper.pdf,0
Saleem_MaskHand_Generative_Masked_Modeling_for_Robust_Hand_Mesh_Reconstruction_in_ICCV_2025_paper.pdf,0
Zhang_FramePainter_Endowing_Interactive_Image_Editing_with_Video_Diffusion_Priors_ICCV_2025_paper.pdf,0
Shukor_Scaling_Laws_for_Native_Multimodal_Models_ICCV_2025_paper.pdf,0
Zameni_MOSCATO_Predicting_Multiple_Object_State_Change_Through_Actions_ICCV_2025_paper.pdf,0
Gao_DAP-MAE_Domain-Adaptive_Point_Cloud_Masked_Autoencoder_for_Effective_Cross-Domain_Learning_ICCV_2025_paper.pdf,0
Tao_RoboPearls_Editable_Video_Simulation_for_Robot_Manipulation_ICCV_2025_paper.pdf,0
Li_SAS_Segment_Any_3D_Scene_with_Integrated_2D_Priors_ICCV_2025_paper.pdf,0
Shenaj_LoRA.rar_Learning_to_Merge_LoRAs_via_Hypernetworks_for_Subject-Style_Conditioned_ICCV_2025_paper.pdf,0
Zheng_CoralSRT_Revisiting_Coral_Reef_Semantic_Segmentation_by_Feature_Rectification_via_ICCV_2025_paper.pdf,0
Yang_Reinforcement_Learning-Guided_Data_Selection_via_Redundancy_Assessment_ICCV_2025_paper.pdf,0
Zhao_Toward_Material-Agnostic_System_Identification_from_Videos_ICCV_2025_paper.pdf,0
Wang_Hypergraph_Clustering_Network_with_Partial_Attribute_Imputation_ICCV_2025_paper.pdf,0
Zheng_Dense2MoE_Restructuring_Diffusion_Transformer_to_MoE_for_Efficient_Text-to-Image_Generation_ICCV_2025_paper.pdf,0
Sun_Moment_Quantization_for_Video_Temporal_Grounding_ICCV_2025_paper.pdf,0
Josi_SEREP_Semantic_Facial_Expression_Representation_for_Robust_In-the-Wild_Capture_and_ICCV_2025_paper.pdf,0
Dai_Beyond_Isolated_Words_Diffusion_Brush_for_Handwritten_Text-Line_Generation_ICCV_2025_paper.pdf,0
Yan_Entropy-Adaptive_Diffusion_Policy_Optimization_with_Dynamic_Step_Alignment_ICCV_2025_paper.pdf,0
Chen_RMultiplex200K_Toward_Reliable_Multimodal_Process_Supervision_for_Visual_Language_Models_ICCV_2025_paper.pdf,0
He_Vector_Contrastive_Learning_For_Pixel-Wise_Pretraining_In_Medical_Vision_ICCV_2025_paper.pdf,0
Sick_CutS3D_Cutting_Semantics_in_3D_for_2D_Unsupervised_Instance_Segmentation_ICCV_2025_paper.pdf,0
Yao_Unsupervised_Visible-Infrared_Person_Re-identification_under_Unpaired_Settings_ICCV_2025_paper.pdf,0
Xie_PVMamba_Parallelizing_Vision_Mamba_via_Dynamic_State_Aggregation_ICCV_2025_paper.pdf,0
Yang_Uncover_Treasures_in_DCT_Advancing_JPEG_Quality_Enhancement_by_Exploiting_ICCV_2025_paper.pdf,0
Hong_General_Compression_Framework_for_Efficient_Transformer_Object_Tracking_ICCV_2025_paper.pdf,0
Du_SVTRv2_CTC_Beats_Encoder-Decoder_Models_in_Scene_Text_Recognition_ICCV_2025_paper.pdf,0
Zhu_Evading_Data_Provenance_in_Deep_Neural_Networks_ICCV_2025_paper.pdf,0
Mondal_Gaze-Language_Alignment_for_Zero-Shot_Prediction_of_Visual_Search_Targets_from_ICCV_2025_paper.pdf,0
Wang_BabyVLM_Data-Efficient_Pretraining_of_VLMs_Inspired_by_Infant_Learning_ICCV_2025_paper.pdf,0
Yao_UMDATrack_Unified_Multi-Domain_Adaptive_Tracking_Under_Adverse_Weather_Conditions_ICCV_2025_paper.pdf,0
Rabinowitz_COSTARR_Consolidated_Open_Set_Technique_with_Attenuation_for_Robust_Recognition_ICCV_2025_paper.pdf,0
Ton_TARO_Timestep-Adaptive_Representation_Alignment_with_Onset-Aware_Conditioning_for_Synchronized_Video-to-Audio_ICCV_2025_paper.pdf,0
Qraitem_Web_Artifact_Attacks_Disrupt_Vision_Language_Models_ICCV_2025_paper.pdf,0
Zhou_Adaptive_Hyper-Graph_Convolution_Network_for_Skeleton-based_Human_Action_Recognition_with_ICCV_2025_paper.pdf,0
Huang_Inter2Former_Dynamic_Hybrid_Attention_for_Efficient_High-Precision_Interactive_Segmentation_ICCV_2025_paper.pdf,0
Jiang_Revisiting_Pool-based_Prompt_Learning_for_Few-shot_Class-incremental_Learning_ICCV_2025_paper.pdf,0
Jin_6DOPE-GS_Online_6D_Object_Pose_Estimation_using_Gaussian_Splatting_ICCV_2025_paper.pdf,0
Yang_PoseSyn_Synthesizing_Diverse_3D_Pose_Data_from_In-the-Wild_2D_Data_ICCV_2025_paper.pdf,0
Tang_Similarity_Memory_Prior_is_All_You_Need_for_Medical_Image_ICCV_2025_paper.pdf,0
Zongur_Activation_Subspaces_for_Out-of-Distribution_Detection_ICCV_2025_paper.pdf,0
Shen_BlinkTrack_Feature_Tracking_over_80_FPS_via_Events_and_Images_ICCV_2025_paper.pdf,0
Sella_Blended_Point_Cloud_Diffusion_for_Localized_Text-guided_Shape_Editing_ICCV_2025_paper.pdf,0
Liu_Unified_Open-World_Segmentation_with_Multi-Modal_Prompts_ICCV_2025_paper.pdf,0
Yook_ZIUM_Zero-Shot_Intent-Aware_Adversarial_Attack_on_Unlearned_Models_ICCV_2025_paper.pdf,0
Li_Estimating_2D_Camera_Motion_with_Hybrid_Motion_Basis_ICCV_2025_paper.pdf,0
Yao_Denoising_Token_Prediction_in_Masked_Autoregressive_Models_ICCV_2025_paper.pdf,0
Wei_DreamRelation_Relation-Centric_Video_Customization_ICCV_2025_paper.pdf,0
Li_Few-Shot_Image_Quality_Assessment_via_Adaptation_of_Vision-Language_Models_ICCV_2025_paper.pdf,0
Hu_SPADE_Spatial-Aware_Denoising_Network_for_Open-vocabulary_Panoptic_Scene_Graph_Generation_ICCV_2025_paper.pdf,0
Tao_MGSfM_Multi-Camera_Geometry_Driven_Global_Structure-from-Motion_ICCV_2025_paper.pdf,0
Lin_STIV_Scalable_Text_and_Image_Conditioned_Video_Generation_ICCV_2025_paper.pdf,0
Wu_Mixture-of-Scores_Robust_Image-Text_Data_Valuation_via_Three_Lines_of_Code_ICCV_2025_paper.pdf,0
Hanna_Know_Your_Attention_Maps_Class-specific_Token_Masking_for_Weakly_Supervised_ICCV_2025_paper.pdf,0
Schwarz_A_Recipe_for_Generating_3D_Worlds_from_a_Single_Image_ICCV_2025_paper.pdf,0
Mur-Labadia_O-MaMa_Learning_Object_Mask_Matching_between_Egocentric_and_Exocentric_Views_ICCV_2025_paper.pdf,0
Guo_IGL-Nav_Incremental_3D_Gaussian_Localization_for_Image-goal_Navigation_ICCV_2025_paper.pdf,0
Li_Learning_Normals_of_Noisy_Points_by_Local_Gradient-Aware_Surface_Filtering_ICCV_2025_paper.pdf,0
Ke_StealthAttack_Robust_3D_Gaussian_Splatting_Poisoning_via_Density-Guided_Illusions_ICCV_2025_paper.pdf,0
Li_Amodal_Depth_Anything_Amodal_Depth_Estimation_in_the_Wild_ICCV_2025_paper.pdf,0
Chen_Subjective_Camera_1.0_Bridging_Human_Cognition_and_Visual_Reconstruction_through_ICCV_2025_paper.pdf,0
Arabi_SEAL_Semantic_Aware_Image_Watermarking_ICCV_2025_paper.pdf,0
Li_PersonalVideo_High_ID-Fidelity_Video_Customization_without_Dynamic_and_Semantic_Degradation_ICCV_2025_paper.pdf,0
Zhang_FedPall_Prototype-based_Adversarial_and_Collaborative_Learning_for_Federated_Learning_with_ICCV_2025_paper.pdf,0
Ning_Enhancing_Spatial_Reasoning_in_Multimodal_Large_Language_Models_through_Reasoning-based_ICCV_2025_paper.pdf,0
Zhang_Gaussian_Variation_Field_Diffusion_for_High-fidelity_Video-to-4D_Synthesis_ICCV_2025_paper.pdf,0
Wen_InterGSEdit_Interactive_3D_Gaussian_Splatting_Editing_with_3D_Geometry-Consistent_Attention_ICCV_2025_paper.pdf,0
Chen_GenHaze_Pioneering_Controllable_One-Step_Realistic_Haze_Generation_for_Real-World_Dehazing_ICCV_2025_paper.pdf,0
Zhang_E-SAM_Training-Free_Segment_Every_Entity_Model_ICCV_2025_paper.pdf,0
Cao_UniVerse_Unleashing_the_Scene_Prior_of_Video_Diffusion_Models_for_ICCV_2025_paper.pdf,0
Han_Mind_the_Cost_of_Scaffold_Benign_Clients_May_Even_Become_ICCV_2025_paper.pdf,0
Mu_Meta-Learning_Dynamic_Center_Distance_Hard_Sample_Mining_for_Learning_with_ICCV_2025_paper.pdf,0
Chen_Rethinking_Layered_Graphic_Design_Generation_with_a_Top-Down_Approach_ICCV_2025_paper.pdf,0
Cao_ViT-EnsembleAttack_Augmenting_Ensemble_Models_for_Stronger_Adversarial_Transferability_in_Vision_ICCV_2025_paper.pdf,0
Chen_Engage_for_All_Making_Ordinary_Image_Descriptions_Appealing_Again_ICCV_2025_paper.pdf,0
Haji-Ali_AV-Link_Temporally-Aligned_Diffusion_Features_for_Cross-Modal_Audio-Video_Generation_ICCV_2025_paper.pdf,0
Zhang_Oasis_One_Image_is_All_You_Need_for_Multimodal_Instruction_ICCV_2025_paper.pdf,0
Chen_Easi3R_Estimating_Disentangled_Motion_from_DUSt3R_Without_Training_ICCV_2025_paper.pdf,0
Koledic_GVDepth_Zero-Shot_Monocular_Depth_Estimation_for_Ground_Vehicles_based_on_ICCV_2025_paper.pdf,0
Pardo_MatchDiffusion_Training-free_Generation_of_Match-Cuts_ICCV_2025_paper.pdf,0
Li_FPEM_Face_Prior_Enhanced_Facial_Attractiveness_Prediction_for_Live_Videos_ICCV_2025_paper.pdf,0
Liu_Spatial-Temporal_Aware_Visuomotor_Diffusion_Policy_Learning_ICCV_2025_paper.pdf,0
Wang_OrderChain_Towards_General_Instruct-Tuning_for_Stimulating_the_Ordinal_Understanding_Ability_ICCV_2025_paper.pdf,0
Liao_LLM-Assisted_Semantic_Guidance_for_Sparsely_Annotated_Remote_Sensing_Object_Detection_ICCV_2025_paper.pdf,0
Sun_AnnofreeOD_Detecting_All_Classes_at_Low_Frame_Rates_Without_Human_ICCV_2025_paper.pdf,0
Zhang_GUAVA_Generalizable_Upper_Body_3D_Gaussian_Avatar_ICCV_2025_paper.pdf,0
Zhao_Pi-GPS_Enhancing_Geometry_Problem_Solving_by_Unleashing_the_Power_of_ICCV_2025_paper.pdf,0
Cao_MMAIF_Multi-task_and_Multi-degradation_All-in-One_for_Image_Fusion_with_Language_ICCV_2025_paper.pdf,0
Liu_GestureLSM_Latent_Shortcut_based_Co-Speech_Gesture_Generation_with_Spatial-Temporal_Modeling_ICCV_2025_paper.pdf,0
Han_SparseRecon_Neural_Implicit_Surface_Reconstruction_from_Sparse_Views_with_Feature_ICCV_2025_paper.pdf,0
Fan_Semantic_Equitable_Clustering_A_Simple_and_Effective_Strategy_for_Clustering_ICCV_2025_paper.pdf,0
Stojanov_Weakly-Supervised_Learning_of_Dense_Functional_Correspondences_ICCV_2025_paper.pdf,0
Zhu_EDFFDNet_Towards_Accurate_and_Efficient_Unsupervised_Multi-Grid_Image_Registration_ICCV_2025_paper.pdf,0
Li_ViT-Split_Unleashing_the_Power_of_Vision_Foundation_Models_via_Efficient_ICCV_2025_paper.pdf,0
Wei_Perceive_Understand_and_Restore_Real-World_Image_Super-Resolution_with_Autoregressive_Multimodal_ICCV_2025_paper.pdf,0
Yoshiyasu_MeshMamba_State_Space_Models_for_Articulated_3D_Mesh_Generation_and_ICCV_2025_paper.pdf,0
Yu_BoxDreamer_Dreaming_Box_Corners_for_Generalizable_Object_Pose_Estimation_ICCV_2025_paper.pdf,0
He_MaterialMVP_Illumination-Invariant_Material_Generation_via_Multi-view_PBR_Diffusion_ICCV_2025_paper.pdf,0
Jeong_Resolving_Token-Space_Gradient_Conflicts_Token_Space_Manipulation_for_Transformer-Based_Multi-Task_ICCV_2025_paper.pdf,0
Zhu_CompSlider_Compositional_Slider_for_Disentangled_Multiple-Attribute_Image_Generation_ICCV_2025_paper.pdf,0
Tan_OminiControl_Minimal_and_Universal_Control_for_Diffusion_Transformer_ICCV_2025_paper.pdf,0
Dong_INTER_Mitigating_Hallucination_in_Large_Vision-Language_Models_by_Interaction_Guidance_ICCV_2025_paper.pdf,0
Zhao_Equipping_Vision_Foundation_Model_with_Mixture_of_Experts_for_Out-of-Distribution_ICCV_2025_paper.pdf,0
Liao_GM-MoE_Low-Light_Enhancement_with_Gated-Mechanism_Mixture-of-Experts_ICCV_2025_paper.pdf,0
Guo_Long_Context_Tuning_for_Video_Generation_ICCV_2025_paper.pdf,0
Zhuang_CMAD_Correlation-Aware_and_Modalities-Aware_Distillation_for_Multimodal_Sentiment_Analysis_with_ICCV_2025_paper.pdf,0
Ramachandran_OuroMamba_A_Data-Free_Quantization_Framework_for_Vision_Mamba_ICCV_2025_paper.pdf,0
Yan_DuCos_Duality_Constrained_Depth_Super-Resolution_via_Foundation_Model_ICCV_2025_paper.pdf,0
Huang_DreamLayer_Simultaneous_Multi-Layer_Generation_via_Diffusion_Model_ICCV_2025_paper.pdf,0
Li_Morph_A_Motion-free_Physics_Optimization_Framework_for_Human_Motion_Generation_ICCV_2025_paper.pdf,0
Lu_InfiniCube_Unbounded_and_Controllable_Dynamic_3D_Driving_Scene_Generation_with_ICCV_2025_paper.pdf,0
Huang_DreamFuse_Adaptive_Image_Fusion_with_Diffusion_Transformer_ICCV_2025_paper.pdf,0
Yang_LayerAnimate_Layer-level_Control_for_Animation_ICCV_2025_paper.pdf,0
Lee_Semantic_Watermarking_Reinvented_Enhancing_Robustness_and_Generation_Quality_with_Fourier_ICCV_2025_paper.pdf,0
Ruan_VLRMBench_A_Comprehensive_and_Challenging_Benchmark_for_Vision-Language_Reward_Models_ICCV_2025_paper.pdf,0
Zhang_Towards_Adversarial_Robustness_via_Debiased_High-Confidence_Logit_Alignment_ICCV_2025_paper.pdf,0
Shin_Video_Color_Grading_via_Look-Up_Table_Generation_ICCV_2025_paper.pdf,0
Shiba_Simultaneous_Motion_And_Noise_Estimation_with_Event_Cameras_ICCV_2025_paper.pdf,0
Lei_Open-Vocabulary_HOI_Detection_with_Interaction-aware_Prompt_and_Concept_Calibration_ICCV_2025_paper.pdf,0
Chen_SA-Occ_Satellite-Assisted_3D_Occupancy_Prediction_in_Real_World_ICCV_2025_paper.pdf,0
Wu_LocalDyGS_Multi-view_Global_Dynamic_Scene_Modeling_via_Adaptive_Local_Implicit_ICCV_2025_paper.pdf,0
Fan_Salvaging_the_Overlooked_Leveraging_Class-Aware_Contrastive_Learning_for_Multi-Class_Anomaly_ICCV_2025_paper.pdf,0
Wang_Domain_Generalizable_Portrait_Style_Transfer_ICCV_2025_paper.pdf,0
Teng_FVGen_Accelerating_Novel-View_Synthesis_with_Adversarial_Video_Diffusion_Distillation_ICCV_2025_paper.pdf,0
Wang_Nautilus_Locality-aware_Autoencoder_for_Scalable_Mesh_Generation_ICCV_2025_paper.pdf,0
Liu_Towards_Accurate_and_Efficient_3D_Object_Detection_for_Autonomous_Driving_ICCV_2025_paper.pdf,0
Liu_Multi-Object_Sketch_Animation_by_Scene_Decomposition_and_Motion_Planning_ICCV_2025_paper.pdf,0
Nissan_Planar_Affine_Rectification_from_Local_Change_of_Scale_and_Orientation_ICCV_2025_paper.pdf,0
Tang_Sim-DETR_Unlock_DETR_for_Temporal_Sentence_Grounding_ICCV_2025_paper.pdf,0
Yeo_ATAS_Any-to-Any_Self-Distillation_for_Enhanced_Open-Vocabulary_Dense_Prediction_ICCV_2025_paper.pdf,0
Lee_Continual_Multiple_Instance_Learning_with_Enhanced_Localization_for_Histopathological_Whole_ICCV_2025_paper.pdf,0
Bao_Vid-Group_Temporal_Video_Grounding_Pretraining_from_Unlabeled_Videos_in_the_ICCV_2025_paper.pdf,0
Guo_Dark-ISP_Enhancing_RAW_Image_Processing_for_Low-Light_Object_Detection_ICCV_2025_paper.pdf,0
Yang_Toward_Long-Tailed_Online_Anomaly_Detection_through_Class-Agnostic_Concepts_ICCV_2025_paper.pdf,0
Chen_PlugMark_A_Plug-in_Zero-Watermarking_Framework_for_Diffusion_Models_ICCV_2025_paper.pdf,0
Liu_AerialVG_A_Challenging_Benchmark_for_Aerial_Visual_Grounding_by_Exploring_ICCV_2025_paper.pdf,0
Su_Dense_Policy_Bidirectional_Autoregressive_Learning_of_Actions_ICCV_2025_paper.pdf,0
Liu_From_Reusing_to_Forecasting_Accelerating_Diffusion_Models_with_TaylorSeers_ICCV_2025_paper.pdf,0
Ki_CARIM_Caption-Based_Autonomous_Driving_Scene_Retrieval_via_Inclusive_Text_Matching_ICCV_2025_paper.pdf,0
Goto_Referring_Expression_Comprehension_for_Small_Objects_ICCV_2025_paper.pdf,0
You_Consistency_Trajectory_Matching_for_One-Step_Generative_Super-Resolution_ICCV_2025_paper.pdf,0
Damaraju_CObL_Toward_Zero-Shot_Ordinal_Layering_without_User_Prompting_ICCV_2025_paper.pdf,0
Shen_Scene_Graph_Guided_Generation_Enable_Accurate_Relations_Generation_in_Text-to-Image_ICCV_2025_paper.pdf,0
Zhang_AR-1-to-3_Single_Image_to_Consistent_3D_Object_via_Next-View_Prediction_ICCV_2025_paper.pdf,0
Karaev_CoTracker3_Simpler_and_Better_Point_Tracking_by_Pseudo-Labelling_Real_Videos_ICCV_2025_paper.pdf,0
Lin_CleanPose_Category-Level_Object_Pose_Estimation_via_Causal_Learning_and_Knowledge_ICCV_2025_paper.pdf,0
Lee_Understanding_Flatness_in_Generative_Models_Its_Role_and_Benefits_ICCV_2025_paper.pdf,0
Zhen_Learning_4D_Embodied_World_Models_ICCV_2025_paper.pdf,0
Shou_Graph_Domain_Adaptation_with_Dual-branch_Encoder_and_Two-level_Alignment_for_ICCV_2025_paper.pdf,0
Ke_DWIM_Towards_Tool-aware_Visual_Reasoning_via_Discrepancy-aware_Workflow_Generation__ICCV_2025_paper.pdf,0
Han_All_in_One_Visual-Description-Guided_Unified_Point_Cloud_Segmentation_ICCV_2025_paper.pdf,0
Peng_Stylized-Face_A_Million-level_Stylized_Face_Dataset_for_Face_Recognition_ICCV_2025_paper.pdf,0
Yang_Photolithography_Overlay_Map_Generation_with_Implicit_Knowledge_Distillation_Diffusion_Transformer_ICCV_2025_paper.pdf,0
Niedermayr_Lightweight_Gradient-Aware_Upscaling_of_3D_Gaussian_Splatting_Images_ICCV_2025_paper.pdf,0
Sifferman_Recovering_Parametric_Scenes_from_Very_Few_Time-of-Flight_Pixels_ICCV_2025_paper.pdf,0
Lyu_TLB-VFI_Temporal-Aware_Latent_Brownian_Bridge_Diffusion_for_Video_Frame_Interpolation_ICCV_2025_paper.pdf,0
Amicantonio_Mixture_of_Experts_Guided_by_Gaussian_Splatters_Matters_A_new_ICCV_2025_paper.pdf,0
Kazerouni_LIFT_Latent_Implicit_Functions_for_Task-_and_Data-Agnostic_Encoding_ICCV_2025_paper.pdf,0
Rao_AMD_Adaptive_Momentum_and_Decoupled_Contrastive_Learning_Framework_for_Robust_ICCV_2025_paper.pdf,0
Shi_DriveX_Omni_Scene_Modeling_for_Learning_Generalizable_World_Knowledge_in_ICCV_2025_paper.pdf,0
Tedla_Multispectral_Demosaicing_via_Dual_Cameras_ICCV_2025_paper.pdf,0
Buglakova_Tiling_artifacts_and_trade-offs_of_feature_normalization_in_the_segmentation_ICCV_2025_paper.pdf,0
Lyu_ResGS_Residual_Densification_of_3D_Gaussian_for_Efficient_Detail_Recovery_ICCV_2025_paper.pdf,0
Fan_Momentum-GS_Momentum_Gaussian_Self-Distillation_for_High-Quality_Large_Scene_Reconstruction_ICCV_2025_paper.pdf,0
Park_Fair_Generation_without_Unfair_Distortions_Debiasing_Text-to-Image_Generation_with_Entanglement-Free_ICCV_2025_paper.pdf,0
Li_HypDAE_Hyperbolic_Diffusion_Autoencoders_for_Hierarchical_Few-shot_Image_Generation_ICCV_2025_paper.pdf,0
Fang_MeshLLM_Empowering_Large_Language_Models_to_Progressively_Understand_and_Generate_ICCV_2025_paper.pdf,0
Bousselham_LeGrad_An_Explainability_Method_for_Vision_Transformers_via_Feature_Formation_ICCV_2025_paper.pdf,0
Wang_Object-centric_Video_Question_Answering_with_Visual_Grounding_and_Referring_ICCV_2025_paper.pdf,0
Son_DMesh_An_Efficient_Differentiable_Mesh_for_Complex_Shapes_ICCV_2025_paper.pdf,0
Ventura_Uncalibrated_Structure_from_Motion_on_a_Sphere_ICCV_2025_paper.pdf,0
Liu_Phantom_Subject-Consistent_Video_Generation_via_Cross-Modal_Alignment_ICCV_2025_paper.pdf,0
Liu_Ponimator_Unfolding_Interactive_Pose_for_Versatile_Human-human_Interaction_Animation_ICCV_2025_paper.pdf,0
Xi_Player-Centric_Multimodal_Prompt_Generation_for_Large_Language_Model_Based_Identity-Aware_ICCV_2025_paper.pdf,0
Erdogan_LayerLock_Non-collapsing_Representation_Learning_with_Progressive_Freezing_ICCV_2025_paper.pdf,0
Yu_VEGGIE_Instructional_Editing_and_Reasoning_Video_Concepts_with_Grounded_Generation_ICCV_2025_paper.pdf,Error
Potamias_ImHead_A_Large-scale_Implicit_Morphable_Model_for_Localized_Head_Modeling_ICCV_2025_paper.pdf,0
Bao_Dataset_Distillation_as_Data_Compression_A_Rate-Utility_Perspective_ICCV_2025_paper.pdf,0
Wang_S3E_Self-Supervised_State_Estimation_for_Radar-Inertial_System_ICCV_2025_paper.pdf,0
Wang_EditCLIP_Representation_Learning_for_Image_Editing_ICCV_2025_paper.pdf,0
Peng_MUSE_Multi-Subject_Unified_Synthesis_via_Explicit_Layout_Semantic_Expansion_ICCV_2025_paper.pdf,0
Lu_Snakes_and_Ladders_Two_Steps_Up_for_VideoMamba_ICCV_2025_paper.pdf,0
Li_PBCAT_Patch-Based_Composite_Adversarial_Training_against_Physically_Realizable_Attacks_on_ICCV_2025_paper.pdf,0
Dai_PropVG_End-to-End_Proposal-Driven_Visual_Grounding_with_Multi-Granularity_Discrimination_ICCV_2025_paper.pdf,0
Gao_3D_Mesh_Editing_using_Masked_LRMs_ICCV_2025_paper.pdf,0
Li_Images_as_Noisy_Labels_Unleashing_the_Potential_of_the_Diffusion_ICCV_2025_paper.pdf,0
Zheng_Rethinking_Discrete_Tokens_Treating_Them_as_Conditions_for_Continuous_Autoregressive_ICCV_2025_paper.pdf,0
Liu_Decouple_to_Reconstruct_High_Quality_UHD_Restoration_via_Active_Feature_ICCV_2025_paper.pdf,0
Lee_PASTA_Part-Aware_Sketch-to-3D_Shape_Generation_with_Text-Aligned_Prior_ICCV_2025_paper.pdf,0
Zhang_RoBridge_A_Hierarchical_Architecture_Bridging_Cognition_and_Execution_for_General_ICCV_2025_paper.pdf,0
Nassar_SmolDocling_An_ultra-compact_vision-language_model_for_end-to-end_multi-modal_document_conversion_ICCV_2025_paper.pdf,0
Lu_M-Net_MRI_Brain_Tumor_Sequential_Segmentation_Network_via_Mesh-Cast_ICCV_2025_paper.pdf,0
Zhang_VertexRegen_Mesh_Generation_with_Continuous_Level_of_Detail_ICCV_2025_paper.pdf,0
Yang_Clink_Chop_Thud_-_Learning_Object_Sounds_from_Real-World_Interactions_ICCV_2025_paper.pdf,0
Wang_Neurons_Emulating_the_Human_Visual_Cortex_Improves_Fidelity_and_Interpretability_ICCV_2025_paper.pdf,0
Wei_InstructSeg_Unifying_Instructed_Visual_Segmentation_with_Multi-modal_Large_Language_Models_ICCV_2025_paper.pdf,0
Mirlach_R-LiViT_A_LiDAR-Visual-Thermal_Dataset_Enabling_Vulnerable_Road_User_Focused_Roadside_ICCV_2025_paper.pdf,0
Kang_MAESTRO_Task-Relevant_Optimization_via_Adaptive_Feature_Enhancement_and_Suppression_for_ICCV_2025_paper.pdf,0
Lv_Rethinking_Cross-Modal_Interaction_in_Multimodal_Diffusion_Transformers_ICCV_2025_paper.pdf,0
Qin_SAM_Encoder_Breach_by_Adversarial_Simplicial_Complex_Triggers_Downstream_Model_ICCV_2025_paper.pdf,0
Meng_Text2VDM_Text_to_Vector_Displacement_Maps_for_Expressive_and_Interactive_ICCV_2025_paper.pdf,0
Kim_ReFlex_Text-Guided_Editing_of_Real_Images_in_Rectified_Flow_via_ICCV_2025_paper.pdf,0
Kheradmand_StochasticSplats_Stochastic_Rasterization_for_Sorting-Free_3D_Gaussian_Splatting_ICCV_2025_paper.pdf,0
Wu_MRGen_Segmentation_Data_Engine_For_Underrepresented_MRI_Modalities_ICCV_2025_paper.pdf,0
Peng_Chimera_Improving_Generalist_Model_with_Domain-Specific_Experts_ICCV_2025_paper.pdf,0
Xu_Penalizing_Boundary_Activation_for_Object_Completeness_in_Diffusion_Models_ICCV_2025_paper.pdf,0
Zhao_Jailbreaking_Multimodal_Large_Language_Models_via_Shuffle_Inconsistency_ICCV_2025_paper.pdf,0
Yang_HFD-Teacher_High-Frequency_Depth_Distillation_from_Depth_Foundation_Models_for_Enhanced_ICCV_2025_paper.pdf,0
Zhao_Context-Aware_Academic_Emotion_Dataset_and_Benchmark_ICCV_2025_paper.pdf,0
Ding_SAM2Long_Enhancing_SAM_2_for_Long_Video_Segmentation_with_a_ICCV_2025_paper.pdf,0
Luo_When_Large_Vision-Language_Model_Meets_Large_Remote_Sensing_Imagery_Coarse-to-Fine_ICCV_2025_paper.pdf,0
Liang_Fine-grained_Spatiotemporal_Grounding_on_Egocentric_Videos_ICCV_2025_paper.pdf,0
Guo_Client2Vec_Improving_Federated_Learning_by_Distribution_Shifts_Aware_Client_Indexing_ICCV_2025_paper.pdf,0
Lim_ConceptSplit_Decoupled_Multi-Concept_Personalization_of_Diffusion_Models_via_Token-wise_Adaptation_ICCV_2025_paper.pdf,0
Pramanick_Enrich_and_Detect_Video_Temporal_Grounding_with_Multimodal_LLMs_ICCV_2025_paper.pdf,0
Liang_Unraveling_the_Smoothness_Properties_of_Diffusion_Models_A_Gaussian_Mixture_ICCV_2025_paper.pdf,0
Quetu_LaCoOT_Layer_Collapse_through_Optimal_Transport_ICCV_2025_paper.pdf,0
Soldan_ResidualViT_for_Efficient_Temporally_Dense_Video_Encoding_ICCV_2025_paper.pdf,0
Wang_ProSAM_Enhancing_the_Robustness_of_SAM-based_Visual_Reference_Segmentation_with_ICCV_2025_paper.pdf,0
Miao_Unlocking_the_Potential_of_Diffusion_Priors_in_Blind_Face_Restoration_ICCV_2025_paper.pdf,0
Ruiz_Magic_Insert_Style-Aware_Drag-and-Drop_ICCV_2025_paper.pdf,0
Yang_WikiAutoGen_Towards_Multi-Modal_Wikipedia-Style_Article_Generation_ICCV_2025_paper.pdf,0
Mo_PUMPS_Skeleton-Agnostic_Point-based_Universal_Motion_Pre-Training_for_Synthesis_in_Human_ICCV_2025_paper.pdf,0
Duan_DiT4SR_Taming_Diffusion_Transformer_for_Real-World_Image_Super-Resolution_ICCV_2025_paper.pdf,0
Zheng_DNF-Intrinsic_Deterministic_Noise-Free_Diffusion_for_Indoor_Inverse_Rendering_ICCV_2025_paper.pdf,0
Yu_Language_Driven_Occupancy_Prediction_ICCV_2025_paper.pdf,0
Zhong_RoboTrom-Nav_A_Unified_Framework_for_Embodied_Navigation_Integrating_Perception_Planning_ICCV_2025_paper.pdf,0
Kondoh_Embodied_Navigation_with_Auxiliary_Task_of_Action_Description_Prediction_ICCV_2025_paper.pdf,0
Cong_Guiding_Noisy_Label_Conditional_Diffusion_Models_with_Score-based_Discriminator_Correction_ICCV_2025_paper.pdf,0
Girella_LOTS_of_Fashion_Multi-Conditioning_for_Image_Generation_via_Sketch-Text_Pairing_ICCV_2025_paper.pdf,0
Sun_DimensionX_Create_Any_3D_and_4D_Scenes_from_a_Single_ICCV_2025_paper.pdf,0
Zhang_A_Plug-and-Play_Physical_Motion_Restoration_Approach_for_In-the-Wild_High-Difficulty_Motions_ICCV_2025_paper.pdf,0
Ji_MMGeo_Multimodal_Compositional_Geo-Localization_for_UAVs_ICCV_2025_paper.pdf,0
Zhang_MoMa-Kitchen_A_100K_Benchmark_for_Affordance-Grounded_Last-Mile_Navigation_in_Mobile_ICCV_2025_paper.pdf,0
Han_JPEG_Processing_Neural_Operator_for_Backward-Compatible_Coding_ICCV_2025_paper.pdf,0
Li_VMem_Consistent_Interactive_Video_Scene_Generation_with_Surfel-Indexed_View_Memory_ICCV_2025_paper.pdf,0
Phung_MH-LVC_Multi-Hypothesis_Temporal_Prediction_for_Learned_Conditional_Residual_Video_Coding_ICCV_2025_paper.pdf,0
Boeder_GaussianFlowOcc_Sparse_and_Weakly_Supervised_Occupancy_Estimation_using_Gaussian_Splatting_ICCV_2025_paper.pdf,0
Lee_Compression_of_3D_Gaussian_Splatting_with_Optimized_Feature_Planes_and_ICCV_2025_paper.pdf,0
Yao_Diving_into_the_Fusion_of_Monocular_Priors_for_Generalized_Stereo_ICCV_2025_paper.pdf,0
Rezaeian_SL2A-INR_Single-Layer_Learnable_Activation_for_Implicit_Neural_Representation_ICCV_2025_paper.pdf,0
Qian_TryOn-Refiner_Conditional_Rectified-flow-based_TryOn_Refiner_for_More_Accurate_Detail_Reconstruction_ICCV_2025_paper.pdf,0
Roh_CATSplat_Context-Aware_Transformer_with_Spatial_Guidance_for_Generalizable_3D_Gaussian_ICCV_2025_paper.pdf,0
He_RareCLIP_Rarity-aware_Online_Zero-shot_Industrial_Anomaly_Detection_ICCV_2025_paper.pdf,0
Lu_Pinco_Position-induced_Consistent_Adapter_for_Diffusion_Transformer_in_Foreground-conditioned_Inpainting_ICCV_2025_paper.pdf,0
Pan_Exploring_Weather-aware_Aggregation_and_Adaptation_for_Semantic_Segmentation_under_Adverse_ICCV_2025_paper.pdf,0
Bie_Hyper-Depth_Hypergraph-based_Multi-Scale_Representation_Fusion_for_Monocular_Depth_Estimation_ICCV_2025_paper.pdf,0
Tao_G2SF_Geometry-Guided_Score_Fusion_for_Multimodal_Industrial_Anomaly_Detection_ICCV_2025_paper.pdf,0
Xia_Training-free_and_Adaptive_Sparse_Attention_for_Efficient_Long_Video_Generation_ICCV_2025_paper.pdf,0
Gao_Frequency-Guided_Diffusion_for_Training-Free_Text-Driven_Image_Translation_ICCV_2025_paper.pdf,0
Chen_LONG3R_Long_Sequence_Streaming_3D_Reconstruction_ICCV_2025_paper.pdf,0
Chen_RapVerse_Coherent_Vocals_and_Whole-Body_Motion_Generation_from_Text_ICCV_2025_paper.pdf,0
Chou_FlashDepth_Real-time_Streaming_Video_Depth_Estimation_at_2K_Resolution_ICCV_2025_paper.pdf,0
Wu_TARS_Traffic-Aware_Radar_Scene_Flow_Estimation_ICCV_2025_paper.pdf,0
Zhang_MikuDance_Animating_Character_Art_with_Mixed_Motion_Dynamics_ICCV_2025_paper.pdf,0
Li_DSO_Aligning_3D_Generators_with_Simulation_Feedback_for_Physical_Soundness_ICCV_2025_paper.pdf,0
Hu_GGTalker_Talking_Head_Systhesis_with_Generalizable_Gaussian_Priors_and_Identity-Specific_ICCV_2025_paper.pdf,0
Cheng_MCAM_Multimodal_Causal_Analysis_Model_for_Ego-Vehicle-Level_Driving_Video_Understanding_ICCV_2025_paper.pdf,0
Zhang_Towards_Comprehensive_Lecture_Slides_Understanding_Large-scale_Dataset_and_Effective_Method_ICCV_2025_paper.pdf,0
Zverev_VGGSounder_Audio-Visual_Evaluations_for_Foundation_Models_ICCV_2025_paper.pdf,0
Kim_From_Sharp_to_Blur_Unsupervised_Domain_Adaptation_for_2D_Human_ICCV_2025_paper.pdf,0
Zhu_LoD-Loc_v2_Aerial_Visual_Localization_over_Low_Level-of-Detail_City_Models_ICCV_2025_paper.pdf,0
Amara_Erasing_More_Than_Intended_How_Concept_Erasure_Degrades_the_Generation_ICCV_2025_paper.pdf,0
Fan_Adapting_In-Domain_Few-Shot_Segmentation_to_New_Domains_without_Source_Domain_ICCV_2025_paper.pdf,0
Yokoyama_Dynamic_Group_Detection_using_VLM-augmented_Temporal_Groupness_Graph_ICCV_2025_paper.pdf,0
Jeong_StyleKeeper_Prevent_Content_Leakage_using_Negative_Visual_Query_Guidance_ICCV_2025_paper.pdf,0
Zhang_Quantifying_and_Narrowing_the_Unknown_Interactive_Text-to-Video_Retrieval_via_Uncertainty_ICCV_2025_paper.pdf,0
Yang_Driving_View_Synthesis_on_Free-form_Trajectories_with_Generative_Prior_ICCV_2025_paper.pdf,0
Piedade_SAC-GNC_SAmple_Consensus_for_adaptive_Graduated_Non-Convexity_ICCV_2025_paper.pdf,0
Kahatapitiya_Adaptive_Caching_for_Faster_Video_Generation_with_Diffusion_Transformers_ICCV_2025_paper.pdf,0
Fang_Can_Knowledge_be_Transferred_from_Unimodal_to_Multimodal_Investigating_the_ICCV_2025_paper.pdf,0
Zheng_D3_Training-Free_AI-Generated_Video_Detection_Using_Second-Order_Features_ICCV_2025_paper.pdf,0
Khoba_PEFTDiff_Diffusion-Guided_Transferability_Estimation_for_Parameter-Efficient_Fine-Tuning_ICCV_2025_paper.pdf,0
Hang_Improved_Noise_Schedule_for_Diffusion_Training_ICCV_2025_paper.pdf,0
Yang_MobileViCLIP_An_Efficient_Video-Text_Model_for_Mobile_Devices_ICCV_2025_paper.pdf,0
Wang_Cross-modal_Ship_Re-Identification_via_Optical_and_SAR_Imagery_A_Novel_ICCV_2025_paper.pdf,0
Delic_Sequential_keypoint_density_estimator_an_overlooked_baseline_of_skeleton-based_video_ICCV_2025_paper.pdf,0
Paliwal_RI3D_Few-Shot_Gaussian_Splatting_With_Repair_and_Inpainting_Diffusion_Priors_ICCV_2025_paper.pdf,0
Cao_AllGCD_Leveraging_All_Unlabeled_Data_for_Generalized_Category_Discovery_ICCV_2025_paper.pdf,0
Xu_A0_An_Affordance-Aware_Hierarchical_Model_for_General_Robotic_Manipulation_ICCV_2025_paper.pdf,Error
Jiang_Rethinking_Bimanual_Robotic_Manipulation_Learning_with_Decoupled_Interaction_Framework_ICCV_2025_paper.pdf,0
Xu_FreeDNA_Endowing_Domain_Adaptation_of_Diffusion-Based_Dense_Prediction_with_Training-Free_ICCV_2025_paper.pdf,0
Wang_DexH2R_A_Benchmark_for_Dynamic_Dexterous_Grasping_in_Human-to-Robot_Handover_ICCV_2025_paper.pdf,0
Ni_What_Makes_for_Text_to_360-degree_Panorama_Generation_with_Stable_ICCV_2025_paper.pdf,0
Go_VideoRFSplat_Direct_Scene-Level_Text-to-3D_Gaussian_Splatting_Generation_with_Flexible_Pose_ICCV_2025_paper.pdf,0
Chihaoui_Diffusion_Image_Prior_ICCV_2025_paper.pdf,0
Wang_NullSwap_Proactive_Identity_Cloaking_Against_Deepfake_Face_Swapping_ICCV_2025_paper.pdf,0
Kumar_CHARM3R_Towards_Unseen_Camera_Height_Robust_Monocular_3D_Detector_ICCV_2025_paper.pdf,0
Collorone_MonSTeR_a_Unified_Model_for_Motion_Scene_Text_Retrieval_ICCV_2025_paper.pdf,0
Qiu_Spatial_Preference_Rewarding_for_MLLMs_Spatial_Understanding_ICCV_2025_paper.pdf,0
Taioli_Collaborative_Instance_Object_Navigation_Leveraging_Uncertainty-Awareness_to_Minimize_Human-Agent_Dialogues_ICCV_2025_paper.pdf,0
Fang_SynTag_Enhancing_the_Geometric_Robustness_of_Inversion-based_Generative_Image_Watermarking_ICCV_2025_paper.pdf,0
He_Recover_Biological_Structure_from_Sparse-View_Diffraction_Images_with_Neural_Volumetric_ICCV_2025_paper.pdf,0
Lu_FA_Forced_Prompt_Learning_of_Vision-Language_Models_for_Out-of-Distribution_Detection_ICCV_2025_paper.pdf,0
Guo_ImageGem_In-the-wild_Generative_Image_Interaction_Dataset_for_Generative_Model_Personalization_ICCV_2025_paper.pdf,0
Li_Global-Aware_Monocular_Semantic_Scene_Completion_with_State_Space_Models_ICCV_2025_paper.pdf,0
Deng_Self-Calibrating_Gaussian_Splatting_for_Large_Field-of-View_Reconstruction_ICCV_2025_paper.pdf,0
Wu_Drawing_Developmental_Trajectory_from_Cortical_Surface_Reconstruction_ICCV_2025_paper.pdf,0
Uddin_Unsupervised_Identification_of_Protein_Compositions_and_Conformations_via_Implicit_Content-Transformation_ICCV_2025_paper.pdf,0
Jin_Deep_Incomplete_Multi-view_Clustering_with_Distribution_Dual-Consistency_Recovery_Guidance_ICCV_2025_paper.pdf,0
Sun_Two_Losses_One_Goal_Balancing_Conflict_Gradients_for_Semi-supervised_Semantic_ICCV_2025_paper.pdf,0
Huang_Text-IRSTD_Leveraging_Semantic_Text_to_Promote_Infrared_Small_Target_Detection_ICCV_2025_paper.pdf,0
Liao_LangBridge_Interpreting_Image_as_a_Combination_of_Language_Embeddings_ICCV_2025_paper.pdf,0
Song_Normal_and_Abnormal_Pathology_Knowledge-Augmented_Vision-Language_Model_for_Anomaly_Detection_ICCV_2025_paper.pdf,0
Li_WonderPlay_Dynamic_3D_Scene_Generation_from_a_Single_Image_and_ICCV_2025_paper.pdf,0
Dai_DeRIS_Decoupling_Perception_and_Cognition_for_Enhanced_Referring_Image_Segmentation_ICCV_2025_paper.pdf,0
Garcia-Fernandez_Superpowering_Open-Vocabulary_Object_Detectors_for_X-ray_Vision_ICCV_2025_paper.pdf,0
Gangopadhyay_Extending_Foundational_Monocular_Depth_Estimators_to_Fisheye_Cameras_with_Calibration_ICCV_2025_paper.pdf,0
Zhang_Learning_Implicit_Features_with_Flow-Infused_Transformations_for_Realistic_Virtual_Try-On_ICCV_2025_paper.pdf,0
Yeo_Statistical_Confidence_Rescoring_for_Robust_3D_Scene_Graph_Generation_from_ICCV_2025_paper.pdf,0
Lu_Serialization_based_Point_Cloud_Oversegmentation_ICCV_2025_paper.pdf,0
Chen_GloPER_Unsupervised_Animal_Pattern_Extraction_from_Local_Reconstruction_ICCV_2025_paper.pdf,0
Hu_Semi-supervised_Concept_Bottleneck_Models_ICCV_2025_paper.pdf,0
Huang_From_Gaze_to_Movement_Predicting_Visual_Attention_for_Autonomous_Driving_ICCV_2025_paper.pdf,0
Wei_Boosting_Multimodal_Learning_via_Disentangled_Gradient_Learning_ICCV_2025_paper.pdf,0
Yang_SpikeDiff_Zero-shot_High-Quality_Video_Reconstruction_from_Chromatic_Spike_Camera_and_ICCV_2025_paper.pdf,0
Zhou_HERMES_A_Unified_Self-Driving_World_Model_for_Simultaneous_3D_Scene_ICCV_2025_paper.pdf,0
Danish_GEOBench-VLM_Benchmarking_Vision-Language_Models_for_Geospatial_Tasks_ICCV_2025_paper.pdf,0
Majumder_Switch-a-View_View_Selection_Learned_from_Unlabeled_In-the-wild_Videos_ICCV_2025_paper.pdf,0
Zhang_Q-Norm_Robust_Representation_Learning_via_Quality-Adaptive_Normalization_ICCV_2025_paper.pdf,0
DeAlcala_Active_Membership_Inference_Test_aMINT_Enhancing_Model_Auditability_with_Multi-Task_ICCV_2025_paper.pdf,0
Yang_Stroke2Sketch_Harnessing_Stroke_Attributes_for_Training-Free_Sketch_Generation_ICCV_2025_paper.pdf,0
Conde_PixTalk_Controlling_Photorealistic_Image_Processing_and_Editing_with_Language_ICCV_2025_paper.pdf,0
Li_OpenVision_A_Fully-Open_Cost-Effective_Family_of_Advanced_Vision_Encoders_for_ICCV_2025_paper.pdf,0
Wei_Backdoor_Mitigation_by_Distance-Driven_Detoxification_ICCV_2025_paper.pdf,0
Wu_Federated_Domain_Generalization_with_Domain-specific_Soft_Prompts_Generation_ICCV_2025_paper.pdf,0
Shen_Cross-View_Isolated_Sign_Language_Recognition_via_View_Synthesis_and_Feature_ICCV_2025_paper.pdf,0
Xu_Local_Dense_Logit_Relations_for_Enhanced_Knowledge_Distillation_ICCV_2025_paper.pdf,0
Zhang_Disentangled_Clothed_Avatar_Generation_with_Layered_Representation_ICCV_2025_paper.pdf,0
Lu_Tracing_Copied_Pixels_and_Regularizing_Patch_Affinity_in_Copy_Detection_ICCV_2025_paper.pdf,0
Seo_BUFFER-X_Towards_Zero-Shot_Point_Cloud_Registration_in_Diverse_Scenes_ICCV_2025_paper.pdf,0
Chi_Plug-in_Feedback_Self-adaptive_Attention_in_CLIP_for_Training-free_Open-Vocabulary_Segmentation_ICCV_2025_paper.pdf,0
Chen_HORT_Monocular_Hand-held_Objects_Reconstruction_with_Transformers_ICCV_2025_paper.pdf,0
Saito_CaptionSmiths_Flexibly_Controlling_Language_Pattern_in_Image_Captioning_ICCV_2025_paper.pdf,0
Braun_egoPPG_Heart_Rate_Estimation_from_Eye-Tracking_Cameras_in_Egocentric_Systems_ICCV_2025_paper.pdf,0
Jeong_Robust_Adverse_Weather_Removal_via_Spectral-based_Spatial_Grouping_ICCV_2025_paper.pdf,0
Zhang_PerLDiff_Controllable_Street_View_Synthesis_Using_Perspective-Layout_Diffusion_Model_ICCV_2025_paper.pdf,0
Jiang_Token-Efficient_VLM_High-Resolution_Image_Understanding_via_Dynamic_Region_Proposal_ICCV_2025_paper.pdf,0
Zeng_AVAM_a_Universal_Training-free_Adaptive_Visual_Anchoring_Embedded_into_Multimodal_ICCV_2025_paper.pdf,0
Burkhardt_SuperEvent_Cross-Modal_Learning_of_Event-based_Keypoint_Detection_for_SLAM_ICCV_2025_paper.pdf,0
Wen_Seeing_and_Seeing_Through_the_Glass_Real_and_Synthetic_Data_ICCV_2025_paper.pdf,0
Kim_Draw_Your_Mind_Personalized_Generation_via_Condition-Level_Modeling_in_Text-to-Image_ICCV_2025_paper.pdf,0
Ren_Multi-modal_Segment_Anything_Model_for_Camouflaged_Scene_Segmentation_ICCV_2025_paper.pdf,0
Xie_STAR_Spatial-Temporal_Augmentation_with_Text-to-Video_Models_for_Real-World_Video_Super-Resolution_ICCV_2025_paper.pdf,0
Li_Boosting_Class_Representation_via_Semantically_Related_Instances_for_Robust_Long-Tailed_ICCV_2025_paper.pdf,0
Nagrani_MINERVA_Evaluating_Complex_Video_Reasoning_ICCV_2025_paper.pdf,0
Maity_Doodle_Your_Keypoints_Sketch-Based_Few-Shot_Keypoint_Detection_ICCV_2025_paper.pdf,0
Liu_G2PDiffusion_Cross-Species_Genotype-to-Phenotype_Prediction_via_Evolutionary_Diffusion_ICCV_2025_paper.pdf,0
Chen_Test-time_Adaptation_for_Foundation_Medical_Segmentation_Model_Without_Parametric_Updates_ICCV_2025_paper.pdf,0
Zhang_Epona_Autoregressive_Diffusion_World_Model_for_Autonomous_Driving_ICCV_2025_paper.pdf,0
Wu_Hybrid_Layout_Control_for_Diffusion_Transformer_Fewer_Annotations_Superior_Aesthetics_ICCV_2025_paper.pdf,0
Zhu_Addressing_Representation_Collapse_in_Vector_Quantized_Models_with_One_Linear_ICCV_2025_paper.pdf,0
Wang_Open-Vocabulary_Octree-Graph_for_3D_Scene_Understanding_ICCV_2025_paper.pdf,Error
Wen_Principal_Components_Enable_A_New_Language_of_Images_ICCV_2025_paper.pdf,0
Cai_DeepShield_Fortifying_Deepfake_Video_Detection_with_Local_and_Global_Forgery_ICCV_2025_paper.pdf,0
Agrawal_Scaling_Action_Detection_AdaTAD_with_Transformer-Enhanced_Temporal-Spatial_Adaptation_ICCV_2025_paper.pdf,0
Gao_FastJSMA_Accelerating_Jacobian-based_Saliency_Map_Attacks_through_Gradient_Decoupling_ICCV_2025_paper.pdf,0
Lai_Unleashing_Vecset_Diffusion_Model_for_Fast_Shape_Generation_ICCV_2025_paper.pdf,0
Byun_MA-CIR_A_Multimodal_Arithmetic_Benchmark_for_Composed_Image_Retrieval_ICCV_2025_paper.pdf,0
Wild_ArgoTweak_Towards_Self-Updating_HD_Maps_through_Structured_Priors_ICCV_2025_paper.pdf,0
Nguyen_Region-Level_Data_Attribution_for_Text-to-Image_Generative_Models_ICCV_2025_paper.pdf,0
He_Boosting_Domain_Generalized_and_Adaptive_Detection_with_Diffusion_Models_Fitness_ICCV_2025_paper.pdf,0
Park_Inference-Time_Diffusion_Model_Distillation_ICCV_2025_paper.pdf,0
Yu_GaussianReg_Rapid_2D3D_Registration_for_Emergency_Surgery_via_Explicit_3D_ICCV_2025_paper.pdf,0
Zheng_Bridging_3D_Anomaly_Localization_and_Repair_via_High-Quality_Continuous_Geometric_ICCV_2025_paper.pdf,0
Huang_Vivid4D_Improving_4D_Reconstruction_from_Monocular_Video_by_Video_Inpainting_ICCV_2025_paper.pdf,0
Benigmim_FLOSS_Free_Lunch_in_Open-vocabulary_Semantic_Segmentation_ICCV_2025_paper.pdf,0
So_Grouped_Speculative_Decoding_for_Autoregressive_Image_Generation_ICCV_2025_paper.pdf,0
Burges_Active_Learning_Meets_Foundation_Models_Fast_Remote_Sensing_Data_Annotation_ICCV_2025_paper.pdf,0
Chen_Robust_Unfolding_Network_for_HDR_Imaging_with_Modulo_Cameras_ICCV_2025_paper.pdf,0
Hu_Seeing_Through_Deepfakes_A_Human-Inspired_Framework_for_Multi-Face_Detection_ICCV_2025_paper.pdf,0
Li_NATRA_Noise-Agnostic_Framework_for_Trajectory_Prediction_with_Noisy_Observations_ICCV_2025_paper.pdf,0
Jung_Zero-Shot_Compositional_Video_Learning_with_Coding_Rate_Reduction_ICCV_2025_paper.pdf,0
Huang_Edit360_2D_Image_Edits_to_3D_Assets_from_Any_Angle_ICCV_2025_paper.pdf,0
Ayalew_PROGRESSOR_A_Perceptually_Guided_Reward_Estimator_with_Self-Supervised_Online_Refinement_ICCV_2025_paper.pdf,0
Tan_Prototype-based_Contrastive_Learning_with_Stage-wise_Progressive_Augmentation_for_Self-Supervised_Fine-Grained_ICCV_2025_paper.pdf,0
Wan_ONLY_One-Layer_Intervention_Sufficiently_Mitigates_Hallucinations_in_Large_Vision-Language_Models_ICCV_2025_paper.pdf,0
Pothiraj_CAPTURE_Evaluating_Spatial_Reasoning_in_Vision_Language_Models_via_Occluded_ICCV_2025_paper.pdf,0
Yang_SMP-Attack_Boosting_the_Transferability_of_Feature_Importance-based_Adversarial_Attack_with_ICCV_2025_paper.pdf,0
Kuhn_Efficient_Unsupervised_Shortcut_Learning_Detection_and_Mitigation_in_Transformers_ICCV_2025_paper.pdf,0
Elsner_Multidimensional_Byte_Pair_Encoding_Shortened_Sequences_for_Improved_Visual_Data_ICCV_2025_paper.pdf,0
Li_FakeRadar_Probing_Forgery_Outliers_to_Detect_Unknown_Deepfake_Videos_ICCV_2025_paper.pdf,0
Li_ETCH_Generalizing_Body_Fitting_to_Clothed_Humans_via_Equivariant_Tightness_ICCV_2025_paper.pdf,0
Zhang_POMATO_Marrying_Pointmap_Matching_with_Temporal_Motions_for_Dynamic_3D_ICCV_2025_paper.pdf,0
Berisha_Variance-Based_Pruning_for_Accelerating_and_Compressing_Trained_Networks_ICCV_2025_paper.pdf,0
Ma_GenHancer_Imperfect_Generative_Models_are_Secretly_Strong_Vision-Centric_Enhancers_ICCV_2025_paper.pdf,0
Zhang_AdaDrive_Self-Adaptive_Slow-Fast_System_for_Language-Grounded_Autonomous_Driving_ICCV_2025_paper.pdf,0
Wang_Highlight_What_You_Want_Weakly-Supervised_Instance-Level_Controllable_Infrared-Visible_Image_Fusion_ICCV_2025_paper.pdf,0
Li_Coordinate-based_Speed_of_Sound_Recovery_for_Aberration-Corrected_Photoacoustic_Computed_Tomography_ICCV_2025_paper.pdf,0
Zhang_Learning_Visual_Proxy_for_Compositional_Zero-Shot_Learning_ICCV_2025_paper.pdf,0
Wang_Authentic_4D_Driving_Simulation_with_a_Video_Generation_Model_ICCV_2025_paper.pdf,0
Goli_RoMo_Robust_Motion_Segmentation_Improves_Structure_from_Motion_ICCV_2025_paper.pdf,0
Kitichotkul_Free-running_vs_Synchronous_Single-Photon_Lidar_for_High-flux_3D_Imaging_ICCV_2025_paper.pdf,0
Ma_SCFlow_Implicitly_Learning_Style_and_Content_Disentanglement_with_Flow_Models_ICCV_2025_paper.pdf,0
Kung_What_Changed_and_What_Could_Have_Changed_State-Change_Counterfactuals_for_ICCV_2025_paper.pdf,0
Tran_VSRM_A_Robust_Mamba-Based_Framework_for_Video_Super-Resolution_ICCV_2025_paper.pdf,0
Park_SC-Lane_Slope-aware_and_Consistent_Road_Height_Estimation_Framework_for_3D_ICCV_2025_paper.pdf,0
Tang_BASIC_Boosting_Visual_Alignment_with_Intrinsic_Refined_Embeddings_in_Multimodal_ICCV_2025_paper.pdf,0
Zhou_Light-A-Video_Training-free_Video_Relighting_via_Progressive_Light_Fusion_ICCV_2025_paper.pdf,0
Xue_SDFormer_Vision-based_3D_Semantic_Scene_Completion_via_SAM-assisted_Dual-channel_Voxel_ICCV_2025_paper.pdf,0
Chen_TAG-WM_Tamper-Aware_Generative_Image_Watermarking_via_Diffusion_Inversion_Sensitivity_ICCV_2025_paper.pdf,0
Sun_Generalizable_Non-Line-of-Sight_Imaging_with_Learnable_Physical_Priors_ICCV_2025_paper.pdf,0
Zhang_Generalization-Preserved_Learning_Closing_the_Backdoor_to_Catastrophic_Forgetting_in_Continual_ICCV_2025_paper.pdf,0
Yan_Learning_Streaming_Video_Representation_via_Multitask_Training_ICCV_2025_paper.pdf,0
Zhu_Stable_Score_Distillation_ICCV_2025_paper.pdf,0
Liang_Uncertainty-Driven_Expert_Control_Enhancing_the_Reliability_of_Medical_Vision-Language_Models_ICCV_2025_paper.pdf,0
He_Domain-aware_Category-level_Geometry_Learning_Segmentation_for_3D_Point_Clouds_ICCV_2025_paper.pdf,0
Sun_RobAVA_A_Large-scale_Dataset_and_Baseline_Towards_Video_based_Robotic_ICCV_2025_paper.pdf,0
Wang_Spatial-Temporal_Forgery_Trace_based_Forgery_Image_Identification_ICCV_2025_paper.pdf,0
Wang_Towards_a_Unified_Copernicus_Foundation_Model_for_Earth_Vision_ICCV_2025_paper.pdf,0
Yang_NeuraLeaf_Neural_Parametric_Leaf_Models_with_Shape_and_Deformation_Disentanglement_ICCV_2025_paper.pdf,0
Qin_Active_Perception_Meets_Rule-Guided_RL_A_Two-Phase_Approach_for_Precise_ICCV_2025_paper.pdf,0
Xiang_SG-LDM_Semantic-Guided_LiDAR_Generation_via_Latent-Aligned_Diffusion_ICCV_2025_paper.pdf,0
Yan_MobileIE_An_Extremely_Lightweight_and_Effective_ConvNet_for_Real-Time_Image_ICCV_2025_paper.pdf,0
Hong_SuperMat_Physically_Consistent_PBR_Material_Estimation_at_Interactive_Rates_ICCV_2025_paper.pdf,0
Che_Hallucinatory_Image_Tokens_A_Training-free_EAZY_Approach_to_Detecting_and_ICCV_2025_paper.pdf,0
Skiers_Joint_Diffusion_Models_in_Continual_Learning_ICCV_2025_paper.pdf,0
Sun_Visual_Intention_Grounding_for_Egocentric_Assistants_ICCV_2025_paper.pdf,0
Lu_DPoser-X_Diffusion_Model_as_Robust_3D_Whole-body_Human_Pose_Prior_ICCV_2025_paper.pdf,0
Yang_Textured_3D_Regenerative_Morphing_with_3D_Diffusion_Prior_ICCV_2025_paper.pdf,0
Wei_PCR-GS_COLMAP-Free_3D_Gaussian_Splatting_via_Pose_Co-Regularizations_ICCV_2025_paper.pdf,0
Liu_Mind_the_Gap_Aligning_Vision_Foundation_Models_to_Image_Feature_ICCV_2025_paper.pdf,0
Sung-Bin_VoiceCraft-Dub_Automated_Video_Dubbing_with_Neural_Codec_Language_Models_ICCV_2025_paper.pdf,0
Song_EYE3Turn_Anything_into_Naked-eye_3D_ICCV_2025_paper.pdf,0
Zhang_Hybrid-grained_Feature_Aggregation_with_Coarse-to-fine_Language_Guidance_for_Self-supervised_Monocular_ICCV_2025_paper.pdf,0
Pan_LookOut_Real-World_Humanoid_Egocentric_Navigation_ICCV_2025_paper.pdf,0
Lu_VisHall3D_Monocular_Semantic_Scene_Completion_from_Reconstructing_the_Visible_Regions_ICCV_2025_paper.pdf,0
Yao_MMReason_An_Open-Ended_Multi-Modal_Multi-Step_Reasoning_Benchmark_for_MLLMs_Toward_ICCV_2025_paper.pdf,0
Lin_Global_Motion_Corresponder_for_3D_Point-Based_Scene_Interpolation_under_Large_ICCV_2025_paper.pdf,0
Qu_IGD_Instructional_Graphic_Design_with_Multimodal_Layer_Generation_ICCV_2025_paper.pdf,0
Lee_CF3_Compact_and_Fast_3D_Feature_Fields_ICCV_2025_paper.pdf,0
Lin_Pretend_Benign_A_Stealthy_Adversarial_Attack_by_Exploiting_Vulnerabilities_in_ICCV_2025_paper.pdf,0
Zhang_Harnessing_Uncertainty-aware_Bounding_Boxes_for_Unsupervised_3D_Object_Detection_ICCV_2025_paper.pdf,0
He_SparseFlex_High-Resolution_and_Arbitrary-Topology_3D_Shape_Modeling_ICCV_2025_paper.pdf,0
Li_SSVQ_Unleashing_the_Potential_of_Vector_Quantization_with_Sign-Splitting_ICCV_2025_paper.pdf,0
Li_DiffVSR_Revealing_an_Effective_Recipe_for_Taming_Robust_Video_Super-Resolution_ICCV_2025_paper.pdf,0
Sun_Bootstrap3D_Improving_Multi-view_Diffusion_Model_with_Synthetic_Data_ICCV_2025_paper.pdf,0
Song_DiffSim_Taming_Diffusion_Models_for_Evaluating_Visual_Similarity_ICCV_2025_paper.pdf,0
Esmaeilzehi_ZFusion_Efficient_Deep_Compositional_Zero-shot_Learning_for_Blind_Image_Super-Resolution_ICCV_2025_paper.pdf,0
Gandikota_SliderSpace_Decomposing_the_Visual_Capabilities_of_Diffusion_Models_ICCV_2025_paper.pdf,0
Wu_AnimateAnyMesh_A_Feed-Forward_4D_Foundation_Model_for_Text-Driven_Universal_Mesh_ICCV_2025_paper.pdf,0
Zhang_Function-centric_Bayesian_Network_for_Zero-Shot_Object_Goal_Navigation_ICCV_2025_paper.pdf,0
Wasim_MixANT_Observation-dependent_Memory_Propagation_for_Stochastic_Dense_Action_Anticipation_ICCV_2025_paper.pdf,0
Du_RTMap_Real-Time_Recursive_Mapping_with_Change_Detection_and_Localization_ICCV_2025_paper.pdf,0
Tandi_RnGCam_High-speed_video_from_rolling__global_shutter_measurements_ICCV_2025_paper.pdf,0
Hegde_Understanding_Co-speech_Gestures_in-the-wild_ICCV_2025_paper.pdf,0
Zhang_Quadratic_Gaussian_Splatting_High_Quality_Surface_Reconstruction_with_Second-order_Geometric_ICCV_2025_paper.pdf,0
Chen_DC-AE_1.5_Accelerating_Diffusion_Model_Convergence_with_Structured_Latent_Space_ICCV_2025_paper.pdf,0
Zhang_Enhanced_Event-based_Dense_Stereo_via_Cross-Sensor_Knowledge_Distillation_ICCV_2025_paper.pdf,0
Lee_EVT_Efficient_View_Transformation_for_Multi-Modal_3D_Object_Detection_ICCV_2025_paper.pdf,0
Zhang_Diffusion-based_3D_Hand_Motion_Recovery_with_Intuitive_Physics_ICCV_2025_paper.pdf,0
Li_Sculpting_Memory_Multi-Concept_Forgetting_in_Diffusion_Models_via_Dynamic_Mask_ICCV_2025_paper.pdf,0
Zheng_Holistic_Tokenizer_for_Autoregressive_Image_Generation_ICCV_2025_paper.pdf,0
Marouf_Ask_and_Remember_A_Questions-Only_Replay_Strategy_for_Continual_Visual_ICCV_2025_paper.pdf,0
Hao_PersPose_3D_Human_Pose_Estimation_with_Perspective_Encoding_and_Perspective_ICCV_2025_paper.pdf,0
Chen_Coupling_the_Generator_with_Teacher_for_Effective_Data-Free_Knowledge_Distillation_ICCV_2025_paper.pdf,Error
Wang_Gait-X_Exploring_X_modality_for_Generalized_Gait_Recognition_ICCV_2025_paper.pdf,0
Mo_Find_a_Scapegoat_Poisoning_Membership_Inference_Attack_and_Defense_to_ICCV_2025_paper.pdf,0
Bond_GaussianVideo_Efficient_Video_Representation_via_Hierarchical_Gaussian_Splatting_ICCV_2025_paper.pdf,0
Qin_Sliced_Wasserstein_Bridge_for_Open-Vocabulary_Video_Instance_Segmentation_ICCV_2025_paper.pdf,0
Li_Future-Aware_Interaction_Network_For_Motion_Forecasting_ICCV_2025_paper.pdf,0
Qin_Lumina-Image_2.0_A_Unified_and_Efficient_Image_Generative_Framework_ICCV_2025_paper.pdf,0
Mitra_Enhancing_Few-Shot_Vision-Language_Classification_with_Large_Multimodal_Model_Features_ICCV_2025_paper.pdf,0
Pathiraja_RefEdit_A_Benchmark_and_Method_for_Improving_Instruction-based_Image_Editing_ICCV_2025_paper.pdf,0
Das_Training-Free_Personalization_via_Retrieval_and_Reasoning_on_Fingerprints_ICCV_2025_paper.pdf,0
Shi_Multi-Schema_Proximity_Network_for_Composed_Image_Retrieval_ICCV_2025_paper.pdf,0
Hu_OphCLIP_Hierarchical_Retrieval-Augmented_Learning_for_Ophthalmic_Surgical_Video-Language_Pretraining_ICCV_2025_paper.pdf,0
Yuan_StyleSRN_Scene_Text_Image_Super-Resolution_with_Text_Style_Embedding_ICCV_2025_paper.pdf,0
Liu_OccluGaussian_Occlusion-Aware_Gaussian_Splatting_for_Large_Scene_Reconstruction_and_Rendering_ICCV_2025_paper.pdf,0
Zhou_MGSR_2D3D_Mutual-boosted_Gaussian_Splatting_for_High-fidelity_Surface_Reconstruction_under_ICCV_2025_paper.pdf,0
Yahn_Adversarial_Attention_Perturbations_for_Large_Object_Detection_Transformers_ICCV_2025_paper.pdf,0
Kim_DC-TTA_Divide-and-Conquer_Framework_for_Test-Time_Adaptation_of_Interactive_Segmentation_ICCV_2025_paper.pdf,0
Wu_A_Conditional_Probability_Framework_for_Compositional_Zero-shot_Learning_ICCV_2025_paper.pdf,0
Li_Proactive_Scene_Decomposition_and_Reconstruction_ICCV_2025_paper.pdf,0
Jin_Diffuman4D_4D_Consistent_Human_View_Synthesis_from_Sparse-View_Videos_with_ICCV_2025_paper.pdf,0
Meng_Temporal_Rate_Reduction_Clustering_for_Human_Motion_Segmentation_ICCV_2025_paper.pdf,0
Chan_SMSTracker_Tri-path_Score_Mask_Sigma_Fusion_for_Multi-Modal_Tracking_ICCV_2025_paper.pdf,0
Ou_MR-FIQA_Face_Image_Quality_Assessment_with_Multi-Reference_Representations_from_Synthetic_ICCV_2025_paper.pdf,0
Tang_HiP-AD_Hierarchical_and_Multi-Granularity_Planning_with_Deformable_Attention_for_Autonomous_ICCV_2025_paper.pdf,0
Wang_Enhancing_Numerical_Prediction_of_MLLMs_with_Soft_Labeling_ICCV_2025_paper.pdf,0
Liu_GLEAM_Enhanced_Transferable_Adversarial_Attacks_for_Vision-Language_Pre-training_Models_via_ICCV_2025_paper.pdf,0
Zhang_Layer-wise_Vision_Injection_with_Disentangled_Attention_for_Efficient_LVLMs_ICCV_2025_paper.pdf,0
Liu_Stepping_Out_of_Similar_Semantic_Space_for_Open-Vocabulary_Segmentation_ICCV_2025_paper.pdf,0
Fan_RIOcc_Efficient_Cross-Modal_Fusion_Transformer_with_Collaborative_Feature_Refinement_for_ICCV_2025_paper.pdf,0
Kay_Consensus-Driven_Active_Model_Selection_ICCV_2025_paper.pdf,0
Li_DiffIP_Representation_Fingerprints_for_Robust_IP_Protection_of_Diffusion_Models_ICCV_2025_paper.pdf,0
Zheng_S3R-GS_Streamlining_the_Pipeline_for_Large-Scale_Street_Scene_Reconstruction_ICCV_2025_paper.pdf,0
Rahman_DiMPLe_-_Disentangled_Multi-Modal_Prompt_Learning_Enhancing_Out-Of-Distribution_Alignment_with_ICCV_2025_paper.pdf,0
Stotko_SAFT_Shape_and_Appearance_of_Fabrics_from_Template_via_Differentiable_ICCV_2025_paper.pdf,0
Zhang_Adaptive_Articulated_Object_Manipulation_On_The_Fly_with_Foundation_Model_ICCV_2025_paper.pdf,0
Wu_MUNBa_Machine_Unlearning_via_Nash_Bargaining_ICCV_2025_paper.pdf,0
Do_DynFaceRestore_Balancing_Fidelity_and_Quality_in_Diffusion-Guided_Blind_Face_Restoration_ICCV_2025_paper.pdf,0
Lu_A_Structure-aware_and_Motion-adaptive_Framework_for_3D_Human_Pose_Estimation_ICCV_2025_paper.pdf,0
Goyal_Robust_3D_Object_Detection_using_Probabilistic_Point_Clouds_from_Single-Photon_ICCV_2025_paper.pdf,0
Wang_DualReal_Adaptive_Joint_Training_for_Lossless_Identity-Motion_Fusion_in_Video_ICCV_2025_paper.pdf,0
Tran_ReasonVQA_A_Multi-hop_Reasoning_Benchmark_with_Structural_Knowledge_for_Visual_ICCV_2025_paper.pdf,0
Cheng_Demeter_A_Parametric_Model_of_Crop_Plant_Morphology_from_the_ICCV_2025_paper.pdf,0
Hu_Adaptive_Dual_Uncertainty_Optimization_Boosting_Monocular_3D_Object_Detection_under_ICCV_2025_paper.pdf,0
Su_EA-KD_Entropy-based_Adaptive_Knowledge_Distillation_ICCV_2025_paper.pdf,0
Lin_INS-MMBench_A_Comprehensive_Benchmark_for_Evaluating_LVLMs_Performance_in_Insurance_ICCV_2025_paper.pdf,0
Kim_Probabilistic_Inertial_Poser_ProbIP_Uncertainty-aware_Human_Motion_Modeling_from_Sparse_ICCV_2025_paper.pdf,0
Jiao_CLIP-GS_Unifying_Vision-Language_Representation_with_3D_Gaussian_Splatting_ICCV_2025_paper.pdf,0
Wen_SEGS-SLAM_Structure-enhanced_3D_Gaussian_Splatting_SLAM_with_Appearance_Embedding_ICCV_2025_paper.pdf,0
Banerjee_Wide2Long_Learning_Lens_Compression_and_Perspective_Adjustment_for_Wide-Angle_to_ICCV_2025_paper.pdf,0
Mou_DIMO_Diverse_3D_Motion_Generation_for_Arbitrary_Objects_ICCV_2025_paper.pdf,0
Chen_VisRL_Intention-Driven_Visual_Perception_via_Reinforced_Reasoning_ICCV_2025_paper.pdf,0
Wang_UniGlyph_Unified_Segmentation-Conditioned_Diffusion_for_Precise_Visual_Text_Synthesis_ICCV_2025_paper.pdf,0
Shen_Online_Reasoning_Video_Segmentation_with_Just-in-Time_Digital_Twins_ICCV_2025_paper.pdf,0
Ma_BezierGS_Dynamic_Urban_Scene_Reconstruction_with_Bezier_Curve_Gaussian_Splatting_ICCV_2025_paper.pdf,0
Jaenal_Towards_Visual_Localization_Interoperability_Cross-Feature_for_Collaborative_Visual_Localization_and_ICCV_2025_paper.pdf,0
Dutta_IAP_Invisible_Adversarial_Patch_Attack_through_Perceptibility-Aware_Localization_and_Perturbation_ICCV_2025_paper.pdf,0
Zeng_Factorized_Learning_for_Temporally_Grounded_Video-Language_Models_ICCV_2025_paper.pdf,0
Lin_RealGeneral_Unifying_Visual_Generation_via_Temporal_In-Context_Learning_with_Video_ICCV_2025_paper.pdf,0
Guo_MosaicDiff_Training-free_Structural_Pruning_for_Diffusion_Model_Acceleration_Reflecting_Pretraining_ICCV_2025_paper.pdf,0
Yeo_Zero-AVSR_Zero-Shot_Audio-Visual_Speech_Recognition_with_LLMs_by_Learning_Language-Agnostic_ICCV_2025_paper.pdf,0
Zou_Balancing_Conservatism_and_Aggressiveness_Prototype-Affinity_Hybrid_Network_for_Few-Shot_Segmentation_ICCV_2025_paper.pdf,0
Xing_VideoVAE_Large_Motion_Video_Autoencoding_with_Cross-modal_Video_VAE_ICCV_2025_paper.pdf,0
Lin_ClearSight_Human_Vision-Inspired_Solutions_for_Event-Based_Motion_Deblurring_ICCV_2025_paper.pdf,0
Korkmaz_CuMPerLay_Learning_Cubical_Multiparameter_Persistence_Vectorizations_ICCV_2025_paper.pdf,0
He_GCAV_A_Global_Concept_Activation_Vector_Framework_for_Cross-Layer_Consistency_ICCV_2025_paper.pdf,0
Li_Enhancing_Partially_Relevant_Video_Retrieval_with_Hyperbolic_Learning_ICCV_2025_paper.pdf,0
Lu_Dynamic-DINO_Fine-Grained_Mixture_of_Experts_Tuning_for_Real-time_Open-Vocabulary_Object_ICCV_2025_paper.pdf,0
Li_Reflect-DiT_Inference-Time_Scaling_for_Text-to-Image_Diffusion_Transformers_via_In-Context_Reflection_ICCV_2025_paper.pdf,0
Gao_Epipolar_Consistent_Attention_Aggregation_Network_for_Unsupervised_Light_Field_Disparity_ICCV_2025_paper.pdf,0
Lafon_ViLU_Learning_Vision-Language_Uncertainties_for_Failure_Prediction_ICCV_2025_paper.pdf,0
Kwon_VISION-XL_High_Definition_Video_Inverse_Problem_Solver_using_Latent_Image_ICCV_2025_paper.pdf,0
Teufel_HumanOLAT_A_Large-Scale_Dataset_for_Full-Body_Human_Relighting_and_Novel-View_ICCV_2025_paper.pdf,0
Gholami_Streamlining_Image_Editing_with_Layered_Diffusion_Brushes_ICCV_2025_paper.pdf,0
Shi_VoxelKP_A_Voxel-based_Network_Architecture_for_Human_Keypoint_Estimation_in_ICCV_2025_paper.pdf,0
Sumbul_SMARTIES_Spectrum-Aware_Multi-Sensor_Auto-Encoder_for_Remote_Sensing_Images_ICCV_2025_paper.pdf,0
Jiang_Real3D_Towards_Scaling_Large_Reconstruction_Models_with_Real_Images_ICCV_2025_paper.pdf,0
Hwang_Motion_Synthesis_with_Sparse_and_Flexible_Keyjoint_Control_ICCV_2025_paper.pdf,0
Srivastava_Lay-Your-Scene_Natural_Scene_Layout_Generation_with_Diffusion_Transformers_ICCV_2025_paper.pdf,0
Ma_Model_Reveals_What_to_Cache_Profiling-Based_Feature_Reuse_for_Video_ICCV_2025_paper.pdf,0
Chen_Generalized_and_Efficient_2D_Gaussian_Splatting_for_Arbitrary-scale_Super-Resolution_ICCV_2025_paper.pdf,0
Liu_Underwater_Visual_SLAM_with_Depth_Uncertainty_and_Medium_Modeling_ICCV_2025_paper.pdf,0
Lian_Describe_Anything_Detailed_Localized_Image_and_Video_Captioning_ICCV_2025_paper.pdf,0
Chang_LANGTRAJ_Diffusion_Model_and_Dataset_for_Language-Conditioned_Trajectory_Simulation_ICCV_2025_paper.pdf,0
Zhang_Adaptive_Prompt_Learning_via_Gaussian_Outlier_Synthesis_for_Out-of-distribution_Detection_ICCV_2025_paper.pdf,0
Zheng_Reducing_Unimodal_Bias_in_Multi-Modal_Semantic_Segmentation_with_Multi-Scale_Functional_ICCV_2025_paper.pdf,0
Zhu_KV-Edit_Training-Free_Image_Editing_for_Precise_Background_Preservation_ICCV_2025_paper.pdf,0
Lyu_FaceLift_Learning_Generalizable_Single_Image_3D_Face_Reconstruction_from_Synthetic_ICCV_2025_paper.pdf,0
Wang_The_Source_Image_is_the_Best_Attention_for_Infrared_and_ICCV_2025_paper.pdf,0
Fan_Rectifying_Magnitude_Neglect_in_Linear_Attention_ICCV_2025_paper.pdf,0
Sun_Dual_Domain_Control_via_Active_Learning_for_Remote_Sensing_Domain_ICCV_2025_paper.pdf,0
Jin_Unified_Adversarial_Augmentation_for_Improving_Palmprint_Recognition_ICCV_2025_paper.pdf,0
De_Vries_Interpretable_point_cloud_classification_using_multiple_instance_learning_ICCV_2025_paper.pdf,0
Li_Fine-Grained_Evaluation_of_Large_Vision-Language_Models_in_Autonomous_Driving_ICCV_2025_paper.pdf,0
Xiao_VideoAuteur_Towards_Long_Narrative_Video_Generation_ICCV_2025_paper.pdf,0
Yu_VRBench_A_Benchmark_for_Multi-Step_Reasoning_in_Long_Narrative_Videos_ICCV_2025_paper.pdf,0
He_Joint_Semantic_and_Rendering_Enhancements_in_3D_Gaussian_Modeling_with_ICCV_2025_paper.pdf,0
Chen_TRCE_Towards_Reliable_Malicious_Concept_Erasure_in_Text-to-Image_Diffusion_Models_ICCV_2025_paper.pdf,0
Fischer_Unified_Category-Level_Object_Detection_and_Pose_Estimation_from_RGB_Images_ICCV_2025_paper.pdf,0
Hou_4D_Visual_Pre-training_for_Robot_Learning_ICCV_2025_paper.pdf,0
Liao_GT-Mean_Loss_A_Simple_Yet_Effective_Solution_for_Brightness_Mismatch_ICCV_2025_paper.pdf,0
Zeng_Visual-Oriented_Fine-Grained_Knowledge_Editing_for_MultiModal_Large_Language_Models_ICCV_2025_paper.pdf,0
You_LVFace_Progressive_Cluster_Optimization_for_Large_Vision_Models_in_Face_ICCV_2025_paper.pdf,0
Cheng_RegGS_Unposed_Sparse_Views_Gaussian_Splatting_with_3DGS_Registration_ICCV_2025_paper.pdf,0
Liu_AutoPrompt_Automated_Red-Teaming_of_Text-to-Image_Models_via_LLM-Driven_Adversarial_Prompts_ICCV_2025_paper.pdf,0
Jiang_Referring_to_Any_Person_ICCV_2025_paper.pdf,0
Park_IM-LUT_Interpolation_Mixing_Look-Up_Tables_for_Image_Super-Resolution_ICCV_2025_paper.pdf,0
Dang_EmotiCrafter_Text-to-Emotional-Image_Generation_based_on_Valence-Arousal_Model_ICCV_2025_paper.pdf,0
Fang_NeRF_Is_a_Valuable_Assistant_for_3D_Gaussian_Splatting_ICCV_2025_paper.pdf,0
Kim_Robust_Dataset_Condensation_using_Supervised_Contrastive_Learning_ICCV_2025_paper.pdf,0
Fu_ORION_A_Holistic_End-to-End_Autonomous_Driving_Framework_by_Vision-Language_Instructed_ICCV_2025_paper.pdf,0
Tang_Dissecting_Generalized_Category_Discovery_Multiplex_Consensus_under_Self-Deconstruction_ICCV_2025_paper.pdf,0
Liu_Noise-Modeled_Diffusion_Models_for_Low-Light_Spike_Image_Restoration_ICCV_2025_paper.pdf,0
Huang_LoftUp_Learning_a_Coordinate-Based_Feature_Upsampler_for_Vision_Foundation_Models_ICCV_2025_paper.pdf,0
Xiang_Expressive_Talking_Human_from_Single-Image_with_Imperfect_Priors_ICCV_2025_paper.pdf,0
Jiao_GSOT3D_Towards_Generic_3D_Single_Object_Tracking_in_the_Wild_ICCV_2025_paper.pdf,0
Wu_FDPT_Federated_Discrete_Prompt_Tuning_for_Black-Box_Visual-Language_Models_ICCV_2025_paper.pdf,0
Meanti_Unsupervised_Imaging_Inverse_Problems_with_Diffusion_Distribution_Matching_ICCV_2025_paper.pdf,0
Moon_Prototypes_are_Balanced_Units_for_Efficient_and_Effective_Partially_Relevant_ICCV_2025_paper.pdf,0
Xu_Learning_to_Inference_Adaptively_for_Multimodal_Large_Language_Models_ICCV_2025_paper.pdf,0
Wang_Dynamic-VLM_Simple_Dynamic_Visual_Token_Compression_for_VideoLLM_ICCV_2025_paper.pdf,0
Huang_Wavelet_Policy_Lifting_Scheme_for_Policy_Learning_in_Long-Horizon_Tasks_ICCV_2025_paper.pdf,0
Ma_TinyViM_Frequency_Decoupling_for_Tiny_Hybrid_Vision_Mamba_ICCV_2025_paper.pdf,0
Dages_Metric_Convolutions_A_Unifying_Theory_to_Adaptive_Image_Convolutions_ICCV_2025_paper.pdf,0
He_Progressive_Distribution_Bridging_Unsupervised_Adaptation_for_Large-scale_Pre-trained_Models_via_ICCV_2025_paper.pdf,0
Li_LD-RPS_Zero-Shot_Unified_Image_Restoration_via_Latent_Diffusion_Recurrent_Posterior_ICCV_2025_paper.pdf,0
Zhang_Rethinking_Key-frame-based_Micro-expression_Recognition_A_Robust_and_Accurate_Framework_Against_ICCV_2025_paper.pdf,0
Hamdan_ETA_Efficiency_through_Thinking_Ahead_A_Dual_Approach_to_Self-Driving_ICCV_2025_paper.pdf,0
Wei_FreeFlux_Understanding_and_Exploiting_Layer-Specific_Roles_in_RoPE-Based_MMDiT_for_ICCV_2025_paper.pdf,0
Cheng_Perspective-aware_3D_Gaussian_Inpainting_with_Multi-view_Consistency_ICCV_2025_paper.pdf,0
Kondylatos_On_the_Generalization_of_Representation_Uncertainty_in_Earth_Observation_ICCV_2025_paper.pdf,0
Dat_VSC_Visual_Search_Compositional_Text-to-Image_Diffusion_Model_ICCV_2025_paper.pdf,0
Lu_ReAL-AD_Towards_Human-Like_Reasoning_in_End-to-End_Autonomous_Driving_ICCV_2025_paper.pdf,0
Zhang_I2V3D_Controllable_Image-to-video_Generation_with_3D_Guidance_ICCV_2025_paper.pdf,0
Yu_Mastering_Collaborative_Multi-modal_Data_Selection_A_Focus_on_Informativeness_Uniqueness_ICCV_2025_paper.pdf,0
Zhou_Golden_Noise_for_Diffusion_Models_A_Learning_Framework_ICCV_2025_paper.pdf,0
Wu_Amodal3R_Amodal_3D_Reconstruction_from_Occluded_2D_Images_ICCV_2025_paper.pdf,0
Li_Secure_On-Device_Video_OOD_Detection_Without_Backpropagation_ICCV_2025_paper.pdf,0
Dong_Hierarchical_Visual_Prompt_Learning_for_Continual_Video_Instance_Segmentation_ICCV_2025_paper.pdf,0
Fan_Align_Your_Rhythm_Generating_Highly_Aligned_Dance_Poses_with_Gating-Enhanced_ICCV_2025_paper.pdf,0
Ran_KDA_Knowledge_Diffusion_Alignment_with_Enhanced_Context_for_Video_Temporal_ICCV_2025_paper.pdf,Error
Kim_PersonaCraft_Personalized_and_Controllable_Full-Body_Multi-Human_Scene_Generation_Using_Occlusion-Aware_ICCV_2025_paper.pdf,0
Lan_Removing_Out-of-Focus_Reflective_Flares_via_Color_Alignment_ICCV_2025_paper.pdf,0
Liu_Learning_Deblurring_Texture_Prior_from_Unpaired_Data_with_Diffusion_Model_ICCV_2025_paper.pdf,0
Yu_Dynamic_Reconstruction_of_Hand-Object_Interaction_with_Distributed_Force-aware_Contact_Representation_ICCV_2025_paper.pdf,0
Hua_Sat2City_3D_City_Generation_from_A_Single_Satellite_Image_with_ICCV_2025_paper.pdf,0
Hudson_Everything_is_a_Video_Unifying_Modalities_through_Next-Frame_Prediction_ICCV_2025_paper.pdf,0
Tong_Decoding_Correlation-Induced_Misalignment_in_the_Stable_Diffusion_Workflow_for_Text-to-Image_ICCV_2025_paper.pdf,0
Lou_MuGS_Multi-Baseline_Generalizable_Gaussian_Splatting_Reconstruction_ICCV_2025_paper.pdf,0
Sun_Uncertainty-Aware_Gradient_Stabilization_for_Small_Object_Detection_ICCV_2025_paper.pdf,0
Jiang_Diffusion-based_Source-biased_Model_for_Single_Domain_Generalized_Object_Detection_ICCV_2025_paper.pdf,0
Chen_AutoScape_Geometry-Consistent_Long-Horizon_Scene_Generation_ICCV_2025_paper.pdf,0
Ren_GauUpdate_New_Object_Insertion_in_3D_Gaussian_Fields_with_Consistent_ICCV_2025_paper.pdf,0
Wang_HiNeuS_High-fidelity_Neural_Surface_Mitigating_Low-texture_and_Reflective_Ambiguity_ICCV_2025_paper.pdf,0
Grader_Supercharging_Floorplan_Localization_with_Semantic_Rays_ICCV_2025_paper.pdf,0
Chattopadhyay_ODDR_Outlier_Detection__Dimension_Reduction_Based_Defense_Against_Adversarial_ICCV_2025_paper.pdf,0
Park_A_Unified_Framework_for_Motion_Reasoning_and_Generation_in_Human_ICCV_2025_paper.pdf,0
Zhang_OCR_Hinders_RAG_Evaluating_the_Cascading_Impact_of_OCR_on_ICCV_2025_paper.pdf,0
Brousseau_Spherical_Epipolar_Rectification_for_Deep_Two-View_Absolute_Depth_Estimation_ICCV_2025_paper.pdf,0
Gao_ProbMED_A_Probabilistic_Framework_for_Medical_Multimodal_Binding_ICCV_2025_paper.pdf,0
Yahia_Mobile_Video_Diffusion_ICCV_2025_paper.pdf,0
Xu_Self-Reinforcing_Prototype_Evolution_with_Dual-Knowledge_Cooperation_for_Semi-Supervised_Lifelong_Person_ICCV_2025_paper.pdf,0
Jia_PrimHOI_Compositional_Human-Object_Interaction_via_Reusable_Primitives_ICCV_2025_paper.pdf,0
Jin_GeoFormer_Geometry_Point_Encoder_for_3D_Object_Detection_with_Graph-based_ICCV_2025_paper.pdf,0
Sun_Towards_Efficient_General_Feature_Prediction_in_Masked_Skeleton_Modeling_ICCV_2025_paper.pdf,0
Yang_InstaDrive_Instance-Aware_Driving_World_Models_for_Realistic_and_Consistent_Video_ICCV_2025_paper.pdf,0
Luo_MS3D_High-Quality_3D_Generation_via_Multi-Scale_Representation_Modeling_ICCV_2025_paper.pdf,0
Ma_MaGS_Reconstructing_and_Simulating_Dynamic_3D_Objects_with_Mesh-adsorbed_Gaussian_ICCV_2025_paper.pdf,0
Zhou_STD-GS_Exploring_Frame-Event_Interaction_for_SpatioTemporal-Disentangled_Gaussian_Splatting_to_Reconstruct_ICCV_2025_paper.pdf,0
Gan_GaussianOcc_Fully_Self-supervised_and_Efficient_3D_Occupancy_Estimation_with_Gaussian_ICCV_2025_paper.pdf,0
Duan_TruthPrInt_Mitigating_Large_Vision-Language_Models_Object_Hallucination_Via_Latent_Truthful-Guided_ICCV_2025_paper.pdf,0
Park_ATLAS_Decoupling_Skeletal_and_Shape_Parameters_for_Expressive_Parametric_Human_ICCV_2025_paper.pdf,0
Li_ScoreHOI_Physically_Plausible_Reconstruction_of_Human-Object_Interaction_via_Score-Guided_Diffusion_ICCV_2025_paper.pdf,0
Li_Bridging_the_Gap_Between_Ideal_and_Real-world_Evaluation_Benchmarking_AI-Generated_ICCV_2025_paper.pdf,0
Feng_UrbanLLaVA_A_Multi-modal_Large_Language_Model_for_Urban_Intelligence_ICCV_2025_paper.pdf,0
Wu_Harmonizing_Visual_Representations_for_Unified_Multimodal_Understanding_and_Generation_ICCV_2025_paper.pdf,0
Kim_Lightweight_and_Fast_Real-time_Image_Enhancement_via_Decomposition_of_the_ICCV_2025_paper.pdf,0
Xie_MUSE-VL_Modeling_Unified_VLM_through_Semantic_Discrete_Encoding_ICCV_2025_paper.pdf,0
Tan_Towards_Privacy-preserved_Pre-training_of_Remote_Sensing_Foundation_Models_with_Federated_ICCV_2025_paper.pdf,0
Chen_SAMora_Enhancing_SAM_through_Hierarchical_Self-Supervised_Pre-Training_for_Medical_Images_ICCV_2025_paper.pdf,0
Han_Unlearning_the_Noisy_Correspondence_Makes_CLIP_More_Robust_ICCV_2025_paper.pdf,0
Kim_Revelio_Interpreting_and_leveraging_semantic_information_in_diffusion_models_ICCV_2025_paper.pdf,0
Mao_MedSegFactory_Text-Guided_Generation_of_Medical_Image-Mask_Pairs_ICCV_2025_paper.pdf,0
Zou_Dataset_Distillation_via_Vision-Language_Category_Prototype_ICCV_2025_paper.pdf,0
Liang_Towards_Human-like_Virtual_Beings_Simulating_Human_Behavior_in_3D_Scenes_ICCV_2025_paper.pdf,0
Sarridis_MAVias_Mitigate_any_Visual_Bias_ICCV_2025_paper.pdf,0
Monsefi_TaxaDiffusion_Progressively_Trained_Diffusion_Model_for_Fine-Grained_Species_Generation_ICCV_2025_paper.pdf,0
Liu_Multimodal_Latent_Diffusion_Model_for_Complex_Sewing_Pattern_Generation_ICCV_2025_paper.pdf,0
Chen_VA-MoE_Variables-Adaptive_Mixture_of_Experts_for_Incremental_Weather_Forecasting_ICCV_2025_paper.pdf,0
Zhou_The_Devil_is_in_the_Spurious_Correlations_Boosting_Moment_Retrieval_ICCV_2025_paper.pdf,0
Shuai_Free-Form_Motion_Control_Controlling_the_6D_Poses_of_Camera_and_ICCV_2025_paper.pdf,0
Bai_Edicho_Consistent_Image_Editing_in_the_Wild_ICCV_2025_paper.pdf,0
Govindarajan_Radiant_Foam_Real-Time_Differentiable_Ray_Tracing_ICCV_2025_paper.pdf,0
Wu_Human-Object_Interaction_from_Human-Level_Instructions_ICCV_2025_paper.pdf,0
Li_Unveiling_the_Invisible_Reasoning_Complex_Occlusions_Amodally_with_AURA_ICCV_2025_paper.pdf,0
Mu_Diff2I2P_Differentiable_Image-to-Point_Cloud_Registration_with_Diffusion_Prior_ICCV_2025_paper.pdf,0
Zeng_YOLO-Count_Differentiable_Object_Counting_for_Text-to-Image_Generation_ICCV_2025_paper.pdf,0
Huang_No_Pose_at_All_Self-Supervised_Pose-Free_3D_Gaussian_Splatting_from_ICCV_2025_paper.pdf,0
Chu_USP_Unified_Self-Supervised_Pretraining_for_Image_Generation_and_Understanding_ICCV_2025_paper.pdf,0
Miao_Towards_Scalable_Spatial_Intelligence_via_2D-to-3D_Data_Lifting_ICCV_2025_paper.pdf,0
De_Sousa_Ribeiro_Flow_Stochastic_Segmentation_Networks_ICCV_2025_paper.pdf,0
Ren_Vamba_Understanding_Hour-Long_Videos_with_Hybrid_Mamba-Transformers_ICCV_2025_paper.pdf,0
Liao_Neural_Architecture_Search_Driven_by_Locally_Guided_Diffusion_for_Personalized_ICCV_2025_paper.pdf,0
Sundar_Quanta_Neural_Networks_From_Photons_to_Perception_ICCV_2025_paper.pdf,0
Xu_Training-Free_Industrial_Defect_Generation_with_Diffusion_Models_ICCV_2025_paper.pdf,0
Zeng_GaussianUpdate_Continual_3D_Gaussian_Splatting_Update_for_Changing_Environments_ICCV_2025_paper.pdf,0
Yin_The_Best_of_Both_Worlds_Integrating_Language_Models_and_Diffusion_ICCV_2025_paper.pdf,0
Su_UniFuse_A_Unified_All-in-One_Framework_for_Multi-Modal_Medical_Image_Fusion_ICCV_2025_paper.pdf,0
Wang_Correspondence_as_Video_Test-Time_Adaption_on_SAM2_for_Reference_Segmentation_ICCV_2025_paper.pdf,0
Zhao_ReconDreamer_Harmonizing_Generative_and_Reconstructive_Models_for_Driving_Scene_Representation_ICCV_2025_paper.pdf,0
Kobayashi_Temperature_in_Cosine-based_Softmax_Loss_ICCV_2025_paper.pdf,0
Ghezloo_PathFinder_A_Multi-Modal_Multi-Agent_System_for_Medical_Diagnostic_Decision-Making_Applied_ICCV_2025_paper.pdf,0
Li_Task-Specific_Zero-shot_Quantization-Aware_Training_for_Object_Detection_ICCV_2025_paper.pdf,0
Wang_Free-MoRef_Instantly_Multiplexing_Context_Perception_Capabilities_of_Video-MLLMs_within_Single_ICCV_2025_paper.pdf,0
Lee_NuiScene_Exploring_Efficient_Generation_of_Unbounded_Outdoor_Scenes_ICCV_2025_paper.pdf,0
Paul_How_To_Make_Your_Cell_Tracker_Say_I_dunno_ICCV_2025_paper.pdf,0
Halacheva_Articulate3D_Holistic_Understanding_of_3D_Scenes_as_Universal_Scene_Description_ICCV_2025_paper.pdf,0
Zhang_Neural_Shell_Texture_Splatting_More_Details_and_Fewer_Primitives_ICCV_2025_paper.pdf,0
Wang_Consistent_Time-of-Flight_Depth_Denoising_via_Graph-Informed_Geometric_Attention_ICCV_2025_paper.pdf,0
Ma_Lay2Story_Extending_Diffusion_Transformers_for_Layout-Togglable_Story_Generation_ICCV_2025_paper.pdf,0
Tran_Image-Guided_Shape-from-Template_Using_Mesh_Inextensibility_Constraints_ICCV_2025_paper.pdf,0
Liao_Background_Invariance_Testing_According_to_Semantic_Proximity_ICCV_2025_paper.pdf,0
Bai_GaRe_Relightable_3D_Gaussian_Splatting_for_Outdoor_Scenes_from_Unconstrained_ICCV_2025_paper.pdf,0
Chu_GraspCoT_Integrating_Physical_Property_Reasoning_for_6-DoF_Grasping_under_Flexible_ICCV_2025_paper.pdf,0
Qiu_Benchmarking_Multimodal_Large_Language_Models_Against_Image_Corruptions_ICCV_2025_paper.pdf,0
Ma_Robust_Test-Time_Adaptation_for_Single_Image_Denoising_Using_Deep_Gaussian_ICCV_2025_paper.pdf,0
Yang_Long-term_Traffic_Simulation_with_Interleaved_Autoregressive_Motion_and_Scenario_Generation_ICCV_2025_paper.pdf,0
Wang_Precise_Action-to-Video_Generation_Through_Visual_Action_Prompts_ICCV_2025_paper.pdf,0
Liu_SemGes_Semantics-aware_Co-Speech_Gesture_Generation_using_Semantic_Coherence_and_Relevance_ICCV_2025_paper.pdf,0
Wang_Faster_and_Better_3D_Splatting_via_Group_Training_ICCV_2025_paper.pdf,0
Wang_Deterministic_Object_Pose_Confidence_Region_Estimation_ICCV_2025_paper.pdf,0
Liu_MedVSR_Medical_Video_Super-Resolution_with_Cross_State-Space_Propagation_ICCV_2025_paper.pdf,0
Sabolic_Seal_Your_Backdoor_with_Variational_Defense_ICCV_2025_paper.pdf,0
Styborski_When_and_Where_do_Data_Poisons_Attack_Textual_Inversion_ICCV_2025_paper.pdf,0
Zhu_MorphoGen_Efficient_Unconditional_Generation_of_Long-Range_Projection_Neuronal_Morphology_via_ICCV_2025_paper.pdf,0
Kumar_IntroStyle_Training-Free_Introspective_Style_Attribution_using_Diffusion_Features_ICCV_2025_paper.pdf,0
Hermann_Puzzle_Similarity_A_Perceptually-guided_Cross-Reference_Metric_for_Artifact_Detection_in_ICCV_2025_paper.pdf,0
Liang_Learning_Dense_Feature_Matching_via_Lifting_Single_2D_Image_to_ICCV_2025_paper.pdf,0
Kang_Unleashing_the_Temporal_Potential_of_Stereo_Event_Cameras_for_Continuous-Time_ICCV_2025_paper.pdf,0
Chen_Less_is_More_Empowering_GUI_Agent_with_Context-Aware_Simplification_ICCV_2025_paper.pdf,0
Jain_HumorDB_Can_AI_understand_graphical_humor_ICCV_2025_paper.pdf,1
Zhao_HIS-GPT_Towards_3D_Human-In-Scene_Multimodal_Understanding_ICCV_2025_paper.pdf,0
Chen_FW-Merging_Scaling_Model_Merging_with_Frank-Wolfe_Optimization_ICCV_2025_paper.pdf,0
Susladkar_ViCTr_Vital_Consistency_Transfer_for_Pathology_Aware_Image_Synthesis_ICCV_2025_paper.pdf,0
Zhang_Semantic-guided_Camera_Ray_Regression_for_Visual_Localization_ICCV_2025_paper.pdf,0
Rahman_Local_Scale_Equivariance_with_Latent_Deep_Equilibrium_Canonicalizer_ICCV_2025_paper.pdf,0
Zhang_DropletVideo_A_Dataset_and_Approach_to_Explore_Integral_Spatio-Temporal_Consistent_ICCV_2025_paper.pdf,0
Yang_Stealthy_Backdoor_Attack_in_Federated_Learning_via_Adaptive_Layer-wise_Gradient_ICCV_2025_paper.pdf,0
Zhang_VRM_Knowledge_Distillation_via_Virtual_Relation_Matching_ICCV_2025_paper.pdf,0
Hong_Audio-visual_Controlled_Video_Diffusion_with_Masked_Selective_State_Spaces_Modeling_ICCV_2025_paper.pdf,0
Zhong_AIM_Adaptive_Inference_of_Multi-Modal_LLMs_via_Token_Merging_and_ICCV_2025_paper.pdf,0
Sun_Multimodal_Large_Language_Model-Guided_ISP_Hyperparameter_Optimization_with_Dynamic_Preference_ICCV_2025_paper.pdf,0
Serrano-Lozano_Revisiting_Image_Fusion_for_Multi-Illuminant_White-Balance_Correction_ICCV_2025_paper.pdf,0
Guo_ShortFT_Diffusion_Model_Alignment_via_Shortcut-based_Fine-Tuning_ICCV_2025_paper.pdf,0
Yang_InstaScene_Towards_Complete_3D_Instance_Decomposition_and_Reconstruction_from_Cluttered_ICCV_2025_paper.pdf,0
Huang_Diffusion_Epistemic_Uncertainty_with_Asymmetric_Learning_for_Diffusion-Generated_Image_Detection_ICCV_2025_paper.pdf,0
Ye_Where_am_I_Cross-View_Geo-localization_with_Natural_Language_Descriptions_ICCV_2025_paper.pdf,0
Zhang_Learning_Beyond_Still_Frames_Scaling_Vision-Language_Models_with_Video_ICCV_2025_paper.pdf,0
Yang_Event-guided_HDR_Reconstruction_with_Diffusion_Priors_ICCV_2025_paper.pdf,0
Zhong_AMDANet_Attention-Driven_Multi-Perspective_Discrepancy_Alignment_for_RGB-Infrared_Image_Fusion_and_ICCV_2025_paper.pdf,0
Wang_GDKVM_Echocardiography_Video_Segmentation_via_Spatiotemporal_Key-Value_Memory_with_Gated_ICCV_2025_paper.pdf,0
Chen_InteractAvatar_Modeling_Hand-Face_Interaction_in_Photorealistic_Avatars_with_Deformable_Gaussians_ICCV_2025_paper.pdf,0
Kim_GeoMan_Temporally_Consistent_Human_Geometry_Estimation_using_Image-to-Video_Diffusion_ICCV_2025_paper.pdf,0
Maillard_LACONIC_A_3D_Layout_Adapter_for_Controllable_Image_Creation_ICCV_2025_paper.pdf,0
Zhang_Towards_More_Diverse_and_Challenging_Pre-training_for_Point_Cloud_Learning_ICCV_2025_paper.pdf,0
Ni_WonderTurbo_Generating_Interactive_3D_World_in_0.72_Seconds_ICCV_2025_paper.pdf,0
Zhang_SegAnyPET_Universal_Promptable_Segmentation_from_Positron_Emission_Tomography_Images_ICCV_2025_paper.pdf,0
Sharma_DM-EFS_Dynamically_Multiplexed_Expanded_Features_Set_Form_for_Robust_and_ICCV_2025_paper.pdf,0
Li_Attention_to_Trajectory_Trajectory-Aware_Open-Vocabulary_Tracking_ICCV_2025_paper.pdf,0
Yang_TimeExpert_An_Expert-Guided_Video_LLM_for_Video_Temporal_Grounding_ICCV_2025_paper.pdf,0
Liu_Learning_Efficient_and_Generalizable_Human_Representation_with_Human_Gaussian_Model_ICCV_2025_paper.pdf,0
Wang_VideoLLaMB_Long_Streaming_Video_Understanding_with_Recurrent_Memory_Bridges_ICCV_2025_paper.pdf,0
Liu_RESCUE_Crowd_Evacuation_Simulation_via_Controlling_SDM-United_Characters_ICCV_2025_paper.pdf,0
Yao_NavMorph_A_Self-Evolving_World_Model_for_Vision-and-Language_Navigation_in_Continuous_ICCV_2025_paper.pdf,0
Zhou_Multimodal_LLMs_as_Customized_Reward_Models_for_Text-to-Image_Generation_ICCV_2025_paper.pdf,0
Wang_Completing_3D_Partial_Assemblies_with_View-Consistent_2D-3D_Correspondence_ICCV_2025_paper.pdf,0
Li_FED-PsyAU_Privacy-Preserving_Micro-Expression_Recognition_via_Psychological_AU_Coordination_and_Dynamic_ICCV_2025_paper.pdf,0
Shi_Learning_Separable_Fine-Grained_Representation_via_Dendrogram_Construction_from_Coarse_Labels_ICCV_2025_paper.pdf,0
Wei_TrackVerse_A_Large-Scale_Object-Centric_Video_Dataset_for_Image-Level_Representation_Learning_ICCV_2025_paper.pdf,0
Wang_RobuSTereo_Robust_Zero-Shot_Stereo_Matching_under_Adverse_Weather_ICCV_2025_paper.pdf,0
Liu_Multi-scenario_Overlapping_Text_Segmentation_with_Depth_Awareness_ICCV_2025_paper.pdf,0
Cao_Exploiting_Frequency_Dynamics_for_Enhanced_Multimodal_Event-based_Action_Recognition_ICCV_2025_paper.pdf,Error
Zhao_Training-free_Generation_of_Temporally_Consistent_Rewards_from_VLMs_ICCV_2025_paper.pdf,0
Lv_Dual-Expert_Consistency_Model_for_Efficient_and_High-Quality_Video_Generation_ICCV_2025_paper.pdf,0
Ren_Prior-aware_Dynamic_Temporal_Modeling_Framework_for_Sequential_3D_Hand_Pose_ICCV_2025_paper.pdf,0
Meng_Diffusion-Based_Extreme_High-speed_Scenes_Reconstruction_with_the_Complementary_Vision_Sensor_ICCV_2025_paper.pdf,0
Dai_SeaS_Few-shot_Industrial_Anomaly_Image_Generation_with_Separation_and_Sharing_ICCV_2025_paper.pdf,0
Li_RealCam-I2V_Real-World_Image-to-Video_Generation_with_Interactive_Complex_Camera_Control_ICCV_2025_paper.pdf,0
Li_STI-Bench_Are_MLLMs_Ready_for_Precise_Spatial-Temporal_World_Understanding_ICCV_2025_paper.pdf,0
Haddad_Soft_Local_Completeness_Rethinking_Completeness_in_XAI_ICCV_2025_paper.pdf,0
de_La_Gorce_VoluMe_-_Authentic_3D_Video_Calls_from_Live_Gaussian_Splat_ICCV_2025_paper.pdf,0
Lee_Error_Recognition_in_Procedural_Videos_using_Generalized_Task_Graph_ICCV_2025_paper.pdf,0
Zeng_Skip-Vision_Efficient_and_Scalable_Acceleration_of_Vision-Language_Models_via_Adaptive_ICCV_2025_paper.pdf,0
Luo_Dual-Process_Image_Generation_ICCV_2025_paper.pdf,0
Ma_Flow-MIL_Constructing_Highly-expressive_Latent_Feature_Space_For_Whole_Slide_Image_ICCV_2025_paper.pdf,0
Xia_TrafficLoc_Localizing_Traffic_Surveillance_Cameras_in_3D_Scenes_ICCV_2025_paper.pdf,0
Sheng_CA2C_A_Prior-Knowledge-Free_Approach_for_Robust_Label_Noise_Learning_via_ICCV_2025_paper.pdf,0
Do_PAN-Crafter_Learning_Modality-Consistent_Alignment_for_PAN-Sharpening_ICCV_2025_paper.pdf,0
Jiang_RayZer_A_Self-supervised_Large_View_Synthesis_Model_ICCV_2025_paper.pdf,0
Nguyen_SuMa_A_Subspace_Mapping_Approach_for_Robust_and_Effective_Concept_ICCV_2025_paper.pdf,0
Kiehn_PLMP_-_Point-Line_Minimal_Problems_for_Projective_SfM_ICCV_2025_paper.pdf,0
Cai_Cycle-Consistent_Learning_for_Joint_Layout-to-Image_Generation_and_Object_Detection_ICCV_2025_paper.pdf,0
Park_WINS_Winograd_Structured_Pruning_for_Fast_Winograd_Convolution_ICCV_2025_paper.pdf,0
Yuan_LightBSR_Towards_Lightweight_Blind_Super-Resolution_via_Discriminative_Implicit_Degradation_Representation_ICCV_2025_paper.pdf,0
Clarke_X-Capture_An_Open-Source_Portable_Device_for_Multi-Sensory_Learning_ICCV_2025_paper.pdf,0
Xu_TRKT_Weakly_Supervised_Dynamic_Scene_Graph_Generation_with_Temporal-enhanced_Relation-aware_ICCV_2025_paper.pdf,0
Yu_Heavy_Labels_Out_Dataset_Distillation_with_Label_Space_Lightening_ICCV_2025_paper.pdf,0
Chhablani_EmbodiedSplat_Personalized_Real-to-Sim-to-Real_Navigation_with_Gaussian_Splats_from_a_Mobile_ICCV_2025_paper.pdf,0
Jing_Beyond_Brain_Decoding_Visual-Semantic_Reconstructions_to_Mental_Creation_Extension_Based_ICCV_2025_paper.pdf,0
Yoo_Automated_Model_Evaluation_for_Object_Detection_via_Prediction_Consistency_and_ICCV_2025_paper.pdf,0
Hernandez_Improving_Large_Vision_and_Language_Models_by_Learning_from_a_ICCV_2025_paper.pdf,0
Li_MagicID_Hybrid_Preference_Optimization_for_ID-Consistent_and_Dynamic-Preserved_Video_Customization_ICCV_2025_paper.pdf,0
Yu_DADet_Safeguarding_Image_Conditional_Diffusion_Models_against_Adversarial_and_Backdoor_ICCV_2025_paper.pdf,0
Li_Memory-Efficient_4-bit_Preconditioned_Stochastic_Optimization_ICCV_2025_paper.pdf,0
Wu_Temporal_Unlearnable_Examples_Preventing_Personal_Video_Data_from_Unauthorized_Exploitation_ICCV_2025_paper.pdf,0
Yuan_ShortV_Efficient_Multimodal_Large_Language_Models_by_Freezing_Visual_Tokens_ICCV_2025_paper.pdf,0
Wu_Frequency-Semantic_Enhanced_Variational_Autoencoder_for_Zero-Shot_Skeleton-based_Action_Recognition_ICCV_2025_paper.pdf,0
Yang_CoStoDet-DDPM_Collaborative_Training_of_Stochastic_and_Deterministic_Models_Improves_Surgical_ICCV_2025_paper.pdf,0
Perez_UnMix-NeRF_Spectral_Unmixing_Meets_Neural_Radiance_Fields_ICCV_2025_paper.pdf,1
Cai_LLaVA-KD_A_Framework_of_Distilling_Multimodal_Large_Language_Models_ICCV_2025_paper.pdf,0
Tran_Head2Body_Body_Pose_Generation_from_Multi-sensory_Head-mounted_Inputs_ICCV_2025_paper.pdf,0
Li_GlassWizard_Harvesting_Diffusion_Priors_for_Glass_Surface_Detection_ICCV_2025_paper.pdf,0
Xu_Automated_Red_Teaming_for_Text-to-Image_Models_through_Feedback-Guided_Prompt_Iteration_ICCV_2025_paper.pdf,0
Wen_Object-level_Correlation_for_Few-Shot_Segmentation_ICCV_2025_paper.pdf,0
Zeng_From_Objects_to_Events_Unlocking_Complex_Visual_Understanding_in_Object_ICCV_2025_paper.pdf,0
Amula_Prototype_Guided_Backdoor_Defense_via_Activation_Space_Manipulation_ICCV_2025_paper.pdf,0
Dedhia_Generating_Fast_and_Slow_Scalable_Parallel_Video_Generation_with_Video_ICCV_2025_paper.pdf,0
Zhan_LaRender_Training-Free_Occlusion_Control_in_Image_Generation_via_Latent_Rendering_ICCV_2025_paper.pdf,0
Wu_DALIP_Distribution_Alignment-based_Language-Image_Pre-Training_for_Domain-Specific_Data_ICCV_2025_paper.pdf,0
Zhao_FreeDance_Towards_Harmonic_Free-Number_Group_Dance_Generation_via_a_Unified_ICCV_2025_paper.pdf,0
Garg_VOccl3D_A_Video_Benchmark_Dataset_for_3D_Human_Pose_and_ICCV_2025_paper.pdf,0
Xue_Group_Inertial_Poser_Multi-Person_Pose_and_Global_Translation_from_Sparse_ICCV_2025_paper.pdf,0
Han_REPARO_Compositional_3D_Assets_Generation_with_Differentiable_3D_Layout_Alignment_ICCV_2025_paper.pdf,0
Shao_Memory-Efficient_Generative_Models_via_Product_Quantization_ICCV_2025_paper.pdf,0
Ye_ESCNetEdge-Semantic_Collaborative_Network_for_Camouflaged_Object_Detection_ICCV_2025_paper.pdf,0
Yi_Adapt_Foundational_Segmentation_Models_with_Heterogeneous_Searching_Space_ICCV_2025_paper.pdf,0
Madhavan_On_the_Recovery_of_Cameras_from_Fundamental_Matrices_ICCV_2025_paper.pdf,0
Yazdanpanah_Purge-Gate_Backpropagation-Free_Test-Time_Adaptation_for_Point_Clouds_Classification_via_Token_ICCV_2025_paper.pdf,0
Chen_Perception-as-Control_Fine-grained_Controllable_Image_Animation_with_3D-aware_Motion_Representation_ICCV_2025_paper.pdf,0
Wang_LVBench_An_Extreme_Long_Video_Understanding_Benchmark_ICCV_2025_paper.pdf,0
Sirko-Galouchenko_DIP_Unsupervised_Dense_In-Context_Post-training_of_Visual_Representations_ICCV_2025_paper.pdf,0
Wu_FineMotion_A_Dataset_and_Benchmark_with_both_Spatial_and_Temporal_ICCV_2025_paper.pdf,0
Xie_SeqGrowGraph_Learning_Lane_Topology_as_a_Chain_of_Graph_Expansions_ICCV_2025_paper.pdf,0
Zhu_SPA_Efficient_User-Preference_Alignment_against_Uncertainty_in_Medical_Image_Segmentation_ICCV_2025_paper.pdf,0
Li_4D_Gaussian_Splatting_SLAM_ICCV_2025_paper.pdf,0
Wang_IDEATOR_Jailbreaking_and_Benchmarking_Large_Vision-Language_Models_Using_Themselves_ICCV_2025_paper.pdf,0
Singha_FedMVP_Federated_Multimodal_Visual_Prompt_Tuning_for_Vision-Language_Models_ICCV_2025_paper.pdf,0
Gao_GIViC_Generative_Implicit_Video_Compression_ICCV_2025_paper.pdf,0
Niewiadomski_Generative_Zoo_ICCV_2025_paper.pdf,0
Zhang_Enhancing_Zero-shot_Object_Counting_via_Text-guided_Local_Ranking_and_Number-evoked_ICCV_2025_paper.pdf,0
Wang_Attention_to_the_Burstiness_in_Visual_Prompt_Tuning_ICCV_2025_paper.pdf,0
Ouyang_TokensGen_Harnessing_Condensed_Tokens_for_Long_Video_Generation_ICCV_2025_paper.pdf,0
Wang_MagicHOI_Leveraging_3D_Priors_for_Accurate_Hand-object_Reconstruction_from_Short_ICCV_2025_paper.pdf,0
Bae_Less_is_More_Improving_Motion_Diffusion_Models_with_Sparse_Keyframes_ICCV_2025_paper.pdf,0
Ren_Beyond_Next-Token_Next-X_Prediction_for_Autoregressive_Visual_Generation_ICCV_2025_paper.pdf,0
Tong_MetaMorph_Multimodal_Understanding_and_Generation_via_Instruction_Tuning_ICCV_2025_paper.pdf,0
Cao_Visual_Relation_Diffusion_for_Human-Object_Interaction_Detection_ICCV_2025_paper.pdf,0
Chen_Bridging_the_Gap_between_Brain_and_Machine_in_Interpreting_Visual_ICCV_2025_paper.pdf,0
Mo_X-Fusion_Introducing_New_Modality_to_Frozen_Large_Language_Models_ICCV_2025_paper.pdf,0
He_Dual-Rate_Dynamic_Teacher_for_Source-Free_Domain_Adaptive_Object_Detection_ICCV_2025_paper.pdf,Error
Zhu_EvolvingGrasp_Evolutionary_Grasp_Generation_via_Efficient_Preference_Alignment_ICCV_2025_paper.pdf,0
Gong_FlowStyler_Artistic_Video_Stylization_via_Transformation_Fields_Transports_ICCV_2025_paper.pdf,0
Amato_CMB-ML_A_Cosmic_Microwave_Background_Dataset_for_the_Oldest_Possible_ICCV_2025_paper.pdf,0
Zhang_SpatialCrafter_Unleashing_the_Imagination_of_Video_Diffusion_Models_for_Scene_ICCV_2025_paper.pdf,0
Xu_Hipandas_Hyperspectral_Image_Joint_Denoising_and_Super-Resolution_by_Image_Fusion_ICCV_2025_paper.pdf,0
Wang_Make_Your_Training_Flexible_Towards_Deployment-Efficient_Video_Models_ICCV_2025_paper.pdf,0
Dunlap_Discovering_Divergent_Representations_between_Text-to-Image_Models_ICCV_2025_paper.pdf,0
Liu_mmCooper_A_Multi-agent_Multi-stage_Communication-efficient_and_Collaboration-robust_Cooperative_Perception_Framework_ICCV_2025_paper.pdf,0
Ziwen_Long-LRM_Long-sequence_Large_Reconstruction_Model_for_Wide-coverage_Gaussian_Splats_ICCV_2025_paper.pdf,0
Mirzaei_DISTIL_Data-Free_Inversion_of_Suspicious_Trojan_Inputs_via_Latent_Diffusion_ICCV_2025_paper.pdf,0
Ma_Find_Any_Part_in_3D_ICCV_2025_paper.pdf,0
Bernasconi_LDIP_Long_Distance_Information_Propagation_for_Video_Super-Resolution_ICCV_2025_paper.pdf,0
Palladin_Self-Supervised_Sparse_Sensor_Fusion_for_Long_Range_Perception_ICCV_2025_paper.pdf,0
Hu_Animate_Anyone_2_High-Fidelity_Character_Image_Animation_with_Environment_Affordance_ICCV_2025_paper.pdf,0
Wang_RetinexMCNet_A_Memory_Controller_Dominated_Network_for_Low-Light_Video_Enhancement_ICCV_2025_paper.pdf,0
Wang_V2XScenes_A_Multiple_Challenging_Traffic_Conditions_Dataset_for_Large-Range_Vehicle-Infrastructure_ICCV_2025_paper.pdf,0
Ban_SAMO_A_Lightweight_Sharpness-Aware_Approach_for_Multi-Task_Optimization_with_Joint_ICCV_2025_paper.pdf,0
Yang_VCA_Video_Curious_Agent_for_Long_Video_Understanding_ICCV_2025_paper.pdf,0
Zhang_Wave-MambaAD_Wavelet-driven_State_Space_Model_for_Multi-class_Unsupervised_Anomaly_Detection_ICCV_2025_paper.pdf,0
Zhang_PolarAnything_Diffusion-based_Polarimetric_Image_Synthesis_ICCV_2025_paper.pdf,0
Niu_ChatReID_Open-ended_Interactive_Person_Retrieval_via_Hierarchical_Progressive_Tuning_for_ICCV_2025_paper.pdf,0
Liu_Preacher_Paper-to-Video_Agentic_System_ICCV_2025_paper.pdf,0
Zhao_Unsupervised_Visual_Chain-of-Thought_Reasoning_via_Preference_Optimization_ICCV_2025_paper.pdf,0
Liang_Perspective-Invariant_3D_Object_Detection_ICCV_2025_paper.pdf,0
Tastan_A_Framework_for_Double-Blind_Federated_Adaptation_of_Foundation_Models_ICCV_2025_paper.pdf,0
Yuan_Scaling_3D_Compositional_Models_for_Robust_Classification_and_Pose_Estimation_ICCV_2025_paper.pdf,0
Wan_Incremental_Few-Shot_Semantic_Segmentation_via_Multi-Level_Switchable_Visual_Prompts_ICCV_2025_paper.pdf,0
Wang_VQ-VLA_Improving_Vision-Language-Action_Models_via_Scaling_Vector-Quantized_Action_Tokenizers_ICCV_2025_paper.pdf,0
Skvrna_MonoSOWA_Scalable_Monocular_3D_Object_Detector_Without_Human_Annotations_ICCV_2025_paper.pdf,0
Kong_VLR-Driver_Large_Vision-Language-Reasoning_Models_for_Embodied_Autonomous_Driving_ICCV_2025_paper.pdf,0
Mi_GeoExplorer_Active_Geo-localization_with_Curiosity-Driven_Exploration_ICCV_2025_paper.pdf,0
Zhang_Weakly_Supervised_Visible-Infrared_Person_Re-Identification_via_Heterogeneous_Expert_Collaborative_Consistency_ICCV_2025_paper.pdf,0
Zhou_LIRA_Reasoning_Reconstruction_via_Multimodal_Large_Language_Models_ICCV_2025_paper.pdf,0
Chinchuthakun_LUSD_Localized_Update_Score_Distillation_for_Text-Guided_Image_Editing_ICCV_2025_paper.pdf,0
Wu_IFAdapter_Instance_Feature_Control_for_Grounded_Text-to-Image_Generation_ICCV_2025_paper.pdf,0
Biswas_Semi-supervised_Deep_Transfer_for_Regression_without_Domain_Alignment_ICCV_2025_paper.pdf,0
Zhu_IRASim_A_Fine-Grained_World_Model_for_Robot_Manipulation_ICCV_2025_paper.pdf,0
Wu_Boosting_Generative_Adversarial_Transferability_with_Self-supervised_Vision_Transformer_Features_ICCV_2025_paper.pdf,0
Kim_Exploiting_Diffusion_Prior_for_Task-driven_Image_Restoration_ICCV_2025_paper.pdf,0
Wang_Not_All_Degradations_Are_Equal_A_Targeted_Feature_Denoising_Framework_ICCV_2025_paper.pdf,0
Hu_Large_Scene_Generation_with_Cube-Absorb_Discrete_Diffusion_ICCV_2025_paper.pdf,0
Lu_B-VLLM_A_Vision_Large_Language_Model_with_Balanced_Spatio-Temporal_Tokens_ICCV_2025_paper.pdf,0
Celen_HouseTour_A_Virtual_Real_Estate_AIgent_ICCV_2025_paper.pdf,0
Abdullahu_Visual_Interestingness_Decoded_How_GPT-4o_Mirrors_Human_Interests_ICCV_2025_paper.pdf,0
Bang_RCTDistill_Cross-Modal_Knowledge_Distillation_Framework_for_Radar-Camera_3D_Object_Detection_ICCV_2025_paper.pdf,0
Kwon_Granular_Concept_Circuits_Toward_a_Fine-Grained_Circuit_Discovery_for_Concept_ICCV_2025_paper.pdf,0
Chen_Harnessing_Text-to-Image_Diffusion_Models_for_Point_Cloud_Self-Supervised_Learning_ICCV_2025_paper.pdf,0
Zhang_Split-and-Combine_Enhancing_Style_Augmentation_for_Single_Domain_Generalization_ICCV_2025_paper.pdf,0
Yang_GestureHYDRA_Semantic_Co-speech_Gesture_Synthesis_via_Hybrid_Modality_Diffusion_Transformer_ICCV_2025_paper.pdf,0
Zheng_Hierarchical_Cross-modal_Prompt_Learning_for_Vision-Language_Models_ICCV_2025_paper.pdf,0
Asaad_Gradient_Extrapolation_for_Debiased_Representation_Learning_ICCV_2025_paper.pdf,0
Ma_Stochastic_Interpolants_for_Revealing_Stylistic_Flows_across_the_History_of_ICCV_2025_paper.pdf,0
Wang_SHIFT_Smoothing_Hallucinations_by_Information_Flow_Tuning_for_Multimodal_Large_ICCV_2025_paper.pdf,0
Chae_What_to_Distill_Fast_Knowledge_Distillation_with_Adaptive_Sampling_ICCV_2025_paper.pdf,0
Wang_Federated_Continuous_Category_Discovery_and_Learning_ICCV_2025_paper.pdf,0
Dai_Unbiased_Missing-modality_Multimodal_Learning_ICCV_2025_paper.pdf,0
Hosu_Image_Intrinsic_Scale_Assessment_Bridging_the_Gap_Between_Quality_and_ICCV_2025_paper.pdf,0
Becker_EDiT_Efficient_Diffusion_Transformers_with_Linear_Compressed_Attention_ICCV_2025_paper.pdf,0
Mun_Addressing_Text_Embedding_Leakage_in_Diffusion-based_Image_Editing_ICCV_2025_paper.pdf,0
Bian_Prompt-driven_Transferable_Adversarial_Attack_on_Person_Re-Identification_with_Attribute-aware_Textual_ICCV_2025_paper.pdf,0
Ruan_PRE-Mamba_A_4D_State_Space_Model_for_Ultra-High-Frequent_Event_Camera_ICCV_2025_paper.pdf,0
Xuan_Rethink_Sparse_Signals_for_Pose-guided_Text-to-image_Generation_ICCV_2025_paper.pdf,0
Wu_EFTViT_Efficient_Federated_Training_of_Vision_Transformers_with_Masked_Images_ICCV_2025_paper.pdf,0
Xu_DAA_Deep_Angular_A_Star_for_Image-based_Path_Planning_ICCV_2025_paper.pdf,0
Fan_Scaling_Language-Free_Visual_Representation_Learning_ICCV_2025_paper.pdf,0
Dong_Confound_from_All_Sides_Distill_with_Resilience_Multi-Objective_Adversarial_Paths_ICCV_2025_paper.pdf,0
Wu_Hierarchical_Variational_Test-Time_Prompt_Generation_for_Zero-Shot_Generalization_ICCV_2025_paper.pdf,0
Yang_Towards_Robust_Defense_against_Customization_via_Protective_Perturbation_Resistant_to_ICCV_2025_paper.pdf,0
Wu_Discretized_Gaussian_Representation_for_Tomographic_Reconstruction_ICCV_2025_paper.pdf,0
Feng_Gaussian-based_World_Model_Gaussian_Priors_for_Voxel-Based_Occupancy_Prediction_and_ICCV_2025_paper.pdf,0
Po_Long-Context_State-Space_Video_World_Models_ICCV_2025_paper.pdf,0
Ahn_UDC-VIT_A_Real-World_Video_Dataset_for_Under-Display_Cameras_ICCV_2025_paper.pdf,0
Wu_On-Device_Diffusion_Transformer_Policy_for_Efficient_Robot_Manipulation_ICCV_2025_paper.pdf,0
Wang_MOERL_When_Mixture-of-Experts_Meet_Reinforcement_Learning_for_Adverse_Weather_Image_ICCV_2025_paper.pdf,0
Li_Efficient_Fine-Tuning_of_Large_Models_via_Nested_Low-Rank_Adaptation_ICCV_2025_paper.pdf,0
Wang_Unleashing_High-Quality_Image_Generation_in_Diffusion_Sampling_Using_Second-Order_Levenberg-Marquardt-Langevin_ICCV_2025_paper.pdf,0
Xu_ChartPoint_Guiding_MLLMs_with_Grounding_Reflection_for_Chart_Reasoning_ICCV_2025_paper.pdf,0
Xu_MergeOcc_Bridge_the_Domain_Gap_between_Different_LiDARs_for_Robust_ICCV_2025_paper.pdf,0
Fan_PRVQL_Progressive_Knowledge-guided_Refinement_for_Robust_Egocentric_Visual_Query_Localization_ICCV_2025_paper.pdf,0
Xu_Perceiving_and_Acting_in_First-Person_A_Dataset_and_Benchmark_for_ICCV_2025_paper.pdf,0
Liu_Generate_Refine_and_Encode_Leveraging_Synthesized_Novel_Samples_for_On-the-Fly_ICCV_2025_paper.pdf,0
Xin_Music_Grounding_by_Short_Video_ICCV_2025_paper.pdf,0
Sun_Ouroboros_Single-step_Diffusion_Models_for_Cycle-consistent_Forward_and_Inverse_Rendering_ICCV_2025_paper.pdf,0
Jia_A_Visual_Leap_in_CLIP_Compositionality_Reasoning_through_Generation_of_ICCV_2025_paper.pdf,0
Jia_Learning_an_Implicit_Physics_Model_for_Image-based_Fluid_Simulation_ICCV_2025_paper.pdf,0
Liu_Improving_SAM_for_Camouflaged_Object_Detection_via_Dual_Stream_Adapters_ICCV_2025_paper.pdf,0
Wei_RayletDF_Raylet_Distance_Fields_for_Generalizable_3D_Surface_Reconstruction_from_ICCV_2025_paper.pdf,0
Jena_Sparfels_Fast_Reconstruction_from_Sparse_Unposed_Imagery_ICCV_2025_paper.pdf,0
Zhang_Street_Gaussians_without_3D_Object_Tracker_ICCV_2025_paper.pdf,0
Saratchandran_Enhancing_Transformers_Through_Conditioned_Embedded_Tokens_ICCV_2025_paper.pdf,0
Zhang_DiTFastAttnV2_Head-wise_Attention_Compression_for_Multi-Modality_Diffusion_Transformers_ICCV_2025_paper.pdf,0
Wang_Harnessing_Massive_Satellite_Imagery_with_Efficient_Masked_Image_Modeling_ICCV_2025_paper.pdf,0
Lin_Perspective-Aware_Teaching_Adapting_Knowledge_for_Heterogeneous_Distillation_ICCV_2025_paper.pdf,0
Pipoli_MissRAG_Addressing_the_Missing_Modality_Challenge_in_Multimodal_Large_Language_ICCV_2025_paper.pdf,0
Su_FreqPDE_Rethinking_Positional_Depth_Embedding_for_Multi-View_3D_Object_Detection_ICCV_2025_paper.pdf,0
Zhou_V2XPnP_Vehicle-to-Everything_Spatio-Temporal_Fusion_for_Multi-Agent_Perception_and_Prediction_ICCV_2025_paper.pdf,0
Lee_Reference-based_Super-Resolution_via_Image-based_Retrieval-Augmented_Generation_Diffusion_ICCV_2025_paper.pdf,0
Shen_SpikePack_Enhanced_Information_Flow_in_Spiking_Neural_Networks_with_High_ICCV_2025_paper.pdf,0
Luo_DreamActor-M1_Holistic_Expressive_and_Robust_Human_Image_Animation_with_Hybrid_ICCV_2025_paper.pdf,0
Zhao_DeepMesh_Auto-Regressive_Artist-mesh_Creation_with_Reinforcement_Learning_ICCV_2025_paper.pdf,0
Yuan_Self-Supervised_Monocular_4D_Scene_Reconstruction_for_Egocentric_Videos_ICCV_2025_paper.pdf,0
Kim_Learning_3D_Scene_Analogies_with_Neural_Contextual_Scene_Maps_ICCV_2025_paper.pdf,0
Liang_DGTalker_Disentangled_Generative_Latent_Space_Learning_for_Audio-Driven_Gaussian_Talking_ICCV_2025_paper.pdf,0
Xu_Event-boosted_Deformable_3D_Gaussians_for_Dynamic_Scene_Reconstruction_ICCV_2025_paper.pdf,0
Barsbey_Large_Learning_Rates_Simultaneously_Achieve_Robustness_to_Spurious_Correlations_and_ICCV_2025_paper.pdf,0
Dong_Online_Dense_Point_Tracking_with_Streaming_Memory_ICCV_2025_paper.pdf,0
Lee_Text_Embedding_Knows_How_to_Quantize_Text-Guided_Diffusion_Models_ICCV_2025_paper.pdf,0
Peng_ROVI_A_VLM-LLM_Re-Captioned_Dataset_for_Open-Vocabulary_Instance-Grounded_Text-to-Image_Generation_ICCV_2025_paper.pdf,0
Chen_Multi-Cache_Enhanced_Prototype_Learning_for_Test-Time_Generalization_of_Vision-Language_Models_ICCV_2025_paper.pdf,0
Fan_Test-Time_Retrieval-Augmented_Adaptation_for_Vision-Language_Models_ICCV_2025_paper.pdf,0
Zhou_Stable_Virtual_Camera_Generative_View_Synthesis_with_Diffusion_Models_ICCV_2025_paper.pdf,0
Pan_Mitigating_Catastrophic_Overfitting_in_Fast_Adversarial_Training_via_Label_Information_ICCV_2025_paper.pdf,0
Wong_Resonance_Learning_to_Predict_Social-Aware_Pedestrian_Trajectories_as_Co-Vibrations_ICCV_2025_paper.pdf,0
Huy_Seeing_the_Trees_for_the_Forest_Rethinking_Weakly-Supervised_Medical_Visual_ICCV_2025_paper.pdf,0
Zhu_Accelerating_Diffusion_Sampling_via_Exploiting_Local_Transition_Coherence_ICCV_2025_paper.pdf,0
Liu_Blind_Noisy_Image_Deblurring_Using_Residual_Guidance_Strategy_ICCV_2025_paper.pdf,0
Hu_RS-vHeat_Heat_Conduction_Guided_Efficient_Remote_Sensing_Foundation_Model_ICCV_2025_paper.pdf,0
Urakawa_Neural_Inverse_Rendering_for_High-Accuracy_3D_Measurement_of_Moving_Objects_ICCV_2025_paper.pdf,0
Wang_Prompt_Guidance_and_Human_Proximal_Perception_for_HOT_Prediction_with_ICCV_2025_paper.pdf,0
Chen_ConformalSAM_Unlocking_the_Potential_of_Foundational_Segmentation_Models_in_Semi-Supervised_ICCV_2025_paper.pdf,0
Lu_AnyBimanual_Transferring_Unimanual_Policy_for_General_Bimanual_Manipulation_ICCV_2025_paper.pdf,0
Liu_CoSMIC_Continual_Self-supervised_Learning_for_Multi-Domain_Medical_Imaging_via_Conditional_ICCV_2025_paper.pdf,0
Ji_Loss_Functions_for_Predictor-based_Neural_Architecture_Search_ICCV_2025_paper.pdf,0
Hwang_Benchmarking_Burst_Super-Resolution_for_Polarization_Images_Noise_Dataset_and_Analysis_ICCV_2025_paper.pdf,0
Roetzer_Fast_Globally_Optimal_and_Geometrically_Consistent_3D_Shape_Matching_ICCV_2025_paper.pdf,0
Lee_Interaction-Merged_Motion_Planning_Effectively_Leveraging_Diverse_Motion_Datasets_for_Robust_ICCV_2025_paper.pdf,0
Krishnan_Benchmarking_Egocentric_Visual-Inertial_SLAM_at_City_Scale_ICCV_2025_paper.pdf,0
Wang_TeRA_Rethinking_Text-guided_Realistic_3D_Avatar_Generation_ICCV_2025_paper.pdf,0
Nam_M2SFormer_Multi-Spectral_and_Multi-Scale_Attention_with_Edge-Aware_Difficulty_Guidance_for_ICCV_2025_paper.pdf,0
Xie_MVGBench_a_Comprehensive_Benchmark_for_Multi-view_Generation_Models_ICCV_2025_paper.pdf,0
Pei_D2ST-Adapter_Disentangled-and-Deformable_Spatio-Temporal_Adapter_for_Few-shot_Action_Recognition_ICCV_2025_paper.pdf,0
Liu_BlueNeg_A_35mm_Negative_Film_Dataset_for_Restoring_Channel-Heterogeneous_Deterioration_ICCV_2025_paper.pdf,0
Yang_SMGDiff_Soccer_Motion_Generation_using_Diffusion_Probabilistic_Models_ICCV_2025_paper.pdf,0
Hu_DynamicID_Zero-Shot_Multi-ID_Image_Personalization_with_Flexible_Facial_Editability_ICCV_2025_paper.pdf,0
Lee_DMQ_Dissecting_Outliers_of_Diffusion_Models_for_Post-Training_Quantization_ICCV_2025_paper.pdf,0
Nan_NAPPure_Adversarial_Purification_for_Robust_Image_Classification_under_Non-Additive_Perturbations_ICCV_2025_paper.pdf,0
Shi_GenM3_Generative_Pretrained_Multi-path_Motion_Model_for_Text_Conditional_Human_ICCV_2025_paper.pdf,0
Wang_End-to-End_Entity-Predicate_Association_Reasoning_for_Dynamic_Scene_Graph_Generation_ICCV_2025_paper.pdf,0
Xu_A_Hidden_Stumbling_Block_in_Generalized_Category_Discovery_Distracted_Attention_ICCV_2025_paper.pdf,0
Liu_PriOr-Flow_Enhancing_Primitive_Panoramic_Optical_Flow_with_Orthogonal_View_ICCV_2025_paper.pdf,0
Huang_DIVE_Taming_DINO_for_Subject-Driven_Video_Editing_ICCV_2025_paper.pdf,0
Bartolomei_Depth_AnyEvent_A_Cross-Modal_Distillation_Paradigm_for_Event-Based_Monocular_Depth_ICCV_2025_paper.pdf,0
Lee_Perspective-Aware_Reasoning_in_Vision-Language_Models_via_Mental_Imagery_Simulation_ICCV_2025_paper.pdf,0
Wang_Joint_Asymmetric_Loss_for_Learning_with_Noisy_Labels_ICCV_2025_paper.pdf,0
Zhang_CryoFastAR_Fast_Cryo-EM_Ab_initio_Reconstruction_Made_Easy_ICCV_2025_paper.pdf,0
Lee_CityNav_A_Large-Scale_Dataset_for_Real-World_Aerial_Navigation_ICCV_2025_paper.pdf,0
Tao_GSV3D_Gaussian_Splatting-based_Geometric_Distillation_with_Stable_Video_Diffusion_for_ICCV_2025_paper.pdf,0
Huang_Learning_A_Unified_Template_for_Gait_Recognition_ICCV_2025_paper.pdf,0
Xie_Are_VLMs_Ready_for_Autonomous_Driving_An_Empirical_Study_from_ICCV_2025_paper.pdf,0
Wang_HccePoseBF_Predicting_Front__Back_Surfaces_to_Construct_Ultra-Dense_2D-3D_ICCV_2025_paper.pdf,0
Li_MaTVLM_Hybrid_Mamba-Transformer_for_Efficient_Vision-Language_Modeling_ICCV_2025_paper.pdf,0
Hao_Principles_of_Visual_Tokens_for_Efficient_Video_Understanding_ICCV_2025_paper.pdf,0
Choi_Humans_as_a_Calibration_Pattern_Dynamic_3D_Scene_Reconstruction_from_ICCV_2025_paper.pdf,0
Belouadi_TikZero_Zero-Shot_Text-Guided_Graphics_Program_Synthesis_ICCV_2025_paper.pdf,0
Xiang_Seeing_3D_Through_2D_Lenses_3D_Few-Shot_Class-Incremental_Learning_via_ICCV_2025_paper.pdf,0
Arsomngern_Zero-shot_Inexact_CAD_Model_Alignment_from_a_Single_Image_ICCV_2025_paper.pdf,0
Agrawal_UINavBench_A_Framework_for_Comprehensive_Evaluation_of_Interactive_Digital_Agents_ICCV_2025_paper.pdf,0
Zhang_DanceEditor_Towards_Iterative_Editable_Music-driven_Dance_Generation_with_Open-Vocabulary_Descriptions_ICCV_2025_paper.pdf,0
Liu_WIR3D_Visually-Informed_and_Geometry-Aware_3D_Shape_Abstraction_ICCV_2025_paper.pdf,0
Zhang_Ph-GAN_Physics-Inspired_GAN_for_Generating_SAR_Images_Under_Limited_Data_ICCV_2025_paper.pdf,0
Geng_SAUCE_Selective_Concept_Unlearning_in_Vision-Language_Models_with_Sparse_Autoencoders_ICCV_2025_paper.pdf,0
Liu_Dynamic_Typography_Bringing_Text_to_Life_via_Video_Diffusion_Prior_ICCV_2025_paper.pdf,0
Park_NuPlanQA_A_Large-Scale_Dataset_and_Benchmark_for_Multi-View_Driving_Scene_ICCV_2025_paper.pdf,0
Peirone_HiERO_Understanding_the_Hierarchy_of_Human_Behavior_Enhances_Reasoning_on_ICCV_2025_paper.pdf,0
Mao_One_Polyp_Identifies_All_One-Shot_Polyp_Segmentation_with_SAM_via_ICCV_2025_paper.pdf,0
Zhou_M-SpecGene_Generalized_Foundation_Model_for_RGBT_Multispectral_Vision_ICCV_2025_paper.pdf,0
Kang_Robin3D_Improving_3D_Large_Language_Model_via_Robust_Instruction_Tuning_ICCV_2025_paper.pdf,0
He_FlowTok_Flowing_Seamlessly_Across_Text_and_Image_Tokens_ICCV_2025_paper.pdf,0
Chen_Event-based_Tiny_Object_Detection_A_Benchmark_Dataset_and_Baseline_ICCV_2025_paper.pdf,0
Du_Beyond_Single_Images_Retrieval_Self-Augmented_Unsupervised_Camouflaged_Object_Detection_ICCV_2025_paper.pdf,0
Slyman_Calibrating_MLLM-as-a-judge_via_Multimodal_Bayesian_Prompt_Ensembles_ICCV_2025_paper.pdf,0
Jiang_Learning_to_See_in_the_Extremely_Dark_ICCV_2025_paper.pdf,0
Zhao_Keep_Your_Friends_Close_and_Your_Enemies_Farther_Distance-aware_Voxel-wise_ICCV_2025_paper.pdf,0
Liu_NETracer_A_Topology-Aware_Iterative_Tracing_Approach_for_Tubular_Structure_Extraction_ICCV_2025_paper.pdf,0
Zhang_RANKCLIP_Ranking-Consistent_Language-Image_Pretraining_ICCV_2025_paper.pdf,0
Li_Intermediate_Connectors_and_Geometric_Priors_for_Language-Guided_Affordance_Segmentation_on_ICCV_2025_paper.pdf,0
Ma_DCHM_Depth-Consistent_Human_Modeling_for_Multiview_Detection_ICCV_2025_paper.pdf,0
Kumar_Aligning_Moments_in_Time_using_Video_Queries_ICCV_2025_paper.pdf,0
Gao_From_Gallery_to_Wrist_Realistic_3D_Bracelet_Insertion_in_Videos_ICCV_2025_paper.pdf,0
Wei_Noise2Score3D_Tweedies_Approach_for_Unsupervised_Point_Cloud_Denoising_ICCV_2025_paper.pdf,0
Thomas_Whats_in_a_Latent_Leveraging_Diffusion_Latent_Space_for_Domain_ICCV_2025_paper.pdf,0
Guo_FastVAR_Linear_Visual_Autoregressive_Modeling_via_Cached_Token_Pruning_ICCV_2025_paper.pdf,0
Ma_Unknown_Text_Learning_for_CLIP-based_Few-Shot_Open-set_Recognition_ICCV_2025_paper.pdf,0
Kim_ZIM_Zero-Shot_Image_Matting_for_Anything_ICCV_2025_paper.pdf,0
Wang_Multi-identity_Human_Image_Animation_with_Structural_Video_Diffusion_ICCV_2025_paper.pdf,0
Sun_SVG-Head_Hybrid_Surface-Volumetric_Gaussians_for_High-Fidelity_Head_Reconstruction_and_Real-Time_ICCV_2025_paper.pdf,0
Hwang_Generic_Event_Boundary_Detection_via_Denoising_Diffusion_ICCV_2025_paper.pdf,0
Wang_Height-Fidelity_Dense_Global_Fusion_for_Multi-modal_3D_Object_Detection_ICCV_2025_paper.pdf,0
Liu_SGAD_Semantic_and_Geometric-aware_Descriptor_for_Local_Feature_Matching_ICCV_2025_paper.pdf,0
Guan_ETVA_Evaluation_of_Text-to-Video_Alignment_via_Fine-grained_Question_Generation_and_ICCV_2025_paper.pdf,0
Hu_Anchor_Token_Matching_Implicit_Structure_Locking_for_Training-free_AR_Image_ICCV_2025_paper.pdf,0
Tian_LLM-enhanced_Action-aware_Multi-modal_Prompt_Tuning_for_Image-Text_Matching_ICCV_2025_paper.pdf,0
Zhang_2.5_Years_in_Class_A_Multimodal_Textbook_for_Vision-Language_Pretraining_ICCV_2025_paper.pdf,0
Liu_Constructing_Ophthalmic_MLLM_for_Positioning-diagnosis_Collaboration_Through_Clinical_Cognitive_Chain_ICCV_2025_paper.pdf,0
Wang_Disentangled_World_Models_Learning_to_Transfer_Semantic_Knowledge_from_Distracting_ICCV_2025_paper.pdf,0
Chen_InvRGBL_Inverse_Rendering_of_Complex_Scenes_with_Unified_Color_and_ICCV_2025_paper.pdf,0
Luo_CalliReader_Contextualizing_Chinese_Calligraphy_via_an_Embedding-Aligned_Vision-Language_Model_ICCV_2025_paper.pdf,0
Li_UIPro_Unleashing_Superior_Interaction_Capability_For_GUI_Agents_ICCV_2025_paper.pdf,0
Li_SuperEdit_Rectifying_and_Facilitating_Supervision_for_Instruction-Based_Image_Editing_ICCV_2025_paper.pdf,0
Abe_NormalLoc_Visual_Localization_on_Textureless_3D_Models_using_Surface_Normals_ICCV_2025_paper.pdf,0
Guo_IMG_Calibrating_Diffusion_Models_via_Implicit_Multimodal_Guidance_ICCV_2025_paper.pdf,0
Hu_Auto-Regressively_Generating_Multi-View_Consistent_Images_ICCV_2025_paper.pdf,0
Li_FoundIR_Unleashing_Million-scale_Training_Data_to_Advance_Foundation_Models_for_ICCV_2025_paper.pdf,0
Xie_GS-LIVM_Real-Time_Photo-Realistic_LiDAR-Inertial-Visual_Mapping_with_Gaussian_Splatting_ICCV_2025_paper.pdf,0
Han_Toward_Better_Out-painting_Improving_the_Image_Composition_with_Initialization_Policy_ICCV_2025_paper.pdf,0
Park_WAVE_Warp-Based_View_Guidance_for_Consistent_Novel_View_Synthesis_Using_ICCV_2025_paper.pdf,0
Gopal_SAFER_Sharpness_Aware_layer-selective_Finetuning_for_Enhanced_Robustness_in_vision_ICCV_2025_paper.pdf,0
Przewiezlikowski_Beyond_cls_Exploring_the_True_Potential_of_Masked_Image_Modeling_ICCV_2025_paper.pdf,0
Zhu_Depth_Any_Event_Stream_Enhancing_Event-based_Monocular_Depth_Estimation_via_ICCV_2025_paper.pdf,0
Ackermann_CL-Splats_Continual_Learning_of_Gaussian_Splatting_with_Local_Optimization_ICCV_2025_paper.pdf,0
Wei_GazeGaussian_High-Fidelity_Gaze_Redirection_with_3D_Gaussian_Splatting_ICCV_2025_paper.pdf,0
Dong_Robustifying_Zero-Shot_Vision_Language_Models_by_Subspaces_Alignment_ICCV_2025_paper.pdf,0
Zou_Bi-Level_Optimization_for_Self-Supervised_AI-Generated_Face_Detection_ICCV_2025_paper.pdf,0
Huang_MV-Adapter_Multi-View_Consistent_Image_Generation_Made_Easy_ICCV_2025_paper.pdf,0
Bao_DynImg_Key_Frames_with_Visual_Prompts_are_Good_Representation_for_ICCV_2025_paper.pdf,0
Hu_GroundingSuite_Measuring_Complex_Multi-Granular_Pixel_Grounding_ICCV_2025_paper.pdf,0
Zhu_MamV2XCalib_V2X-based_Target-less_Infrastructure_Camera_Calibration_with_State_Space_Model_ICCV_2025_paper.pdf,0
Lin_Make_Me_Happier_Evoking_Emotions_Through_Image_Diffusion_Models_ICCV_2025_paper.pdf,0
Zhang_PlaneRAS_Learning_Planar_Primitives_for_3D_Plane_Recovery_ICCV_2025_paper.pdf,0
Zhang_EMatch_A_Unified_Framework_for_Event-based_Optical_Flow_and_Stereo_ICCV_2025_paper.pdf,0
Gong_CARP_Visuomotor_Policy_Learning_via_Coarse-to-Fine_Autoregressive_Prediction_ICCV_2025_paper.pdf,0
Liu_Free4D_Tuning-free_4D_Scene_Generation_with_Spatial-Temporal_Consistency_ICCV_2025_paper.pdf,0
Dong_DAMap_Distance-aware_MapNet_for_High_Quality_HD_Map_Construction_ICCV_2025_paper.pdf,0
Xu_Beyond_One_Shot_Beyond_One_Perspective_Cross-View_and_Long-Horizon_Distillation_ICCV_2025_paper.pdf,0
Sachdeva_From_Panels_to_Prose_Generating_Literary_Narratives_from_Comics_ICCV_2025_paper.pdf,0
Zhang_Towards_Video_Thinking_Test_A_Holistic_Benchmark_for_Advanced_Video_ICCV_2025_paper.pdf,0
Yi_Federated_Representation_Angle_Learning_ICCV_2025_paper.pdf,0
Wei_EMD_Explicit_Motion_Modeling_for_High-Quality_Street_Gaussian_Splatting_ICCV_2025_paper.pdf,0
Chung_Fine-Tuning_Visual_Autogressive_Models_for_Subject-Driven_Generation_ICCV_2025_paper.pdf,0
Yi_LUT-Fuse_Towards_Extremely_Fast_Infrared_and_Visible_Image_Fusion_via_ICCV_2025_paper.pdf,0
Fan_Optical_Model-Driven_Sharpness_Mapping_for_Autofocus_in_Small_Depth-of-Field_and_ICCV_2025_paper.pdf,0
Shao_Growing_a_Twig_to_Accelerate_Large_Vision-Language_Models_ICCV_2025_paper.pdf,0
Cui_Enpowering_Your_Pansharpening_Models_with_Generalizability_Unified_Distribution_is_All_ICCV_2025_paper.pdf,0
Bueno-Benito_CLOT_Closed_Loop_Optimal_Transport_for_Unsupervised_Action_Segmentation_ICCV_2025_paper.pdf,0
Liu_GEMeX_A_Large-Scale_Groundable_and_Explainable_Medical_VQA_Benchmark_for_ICCV_2025_paper.pdf,0
Fang_Soft_Separation_and_Distillation_Toward_Global_Uniformity_in_Federated_Unsupervised_ICCV_2025_paper.pdf,0
Sun_ARMO_Autoregressive_Rigging_for_Multi-Category_Objects_ICCV_2025_paper.pdf,0
Fang_A3GS_Arbitrary_Artistic_Style_into_Arbitrary_3D_Gaussian_Splatting_ICCV_2025_paper.pdf,0
Lee_Joint_Learning_of_Pose_Regression_and_Denoising_Diffusion_with_Score_ICCV_2025_paper.pdf,0
Liu_Frequency_Domain-Based_Diffusion_Model_for_Unpaired_Image_Dehazing_ICCV_2025_paper.pdf,0
Xie_MaskSAM_Auto-prompt_SAM_with_Mask_Classification_for_Volumetric_Medical_Image_ICCV_2025_paper.pdf,0
Hou_OpenAnimals_Revisiting_Person_Re-Identification_for_Animals_Towards_Better_Generalization_ICCV_2025_paper.pdf,0
Luo_Mixed_Signals_A_Diverse_Point_Cloud_Dataset_for_Heterogeneous_LiDAR_ICCV_2025_paper.pdf,0
Kunzel_RIPE_Reinforcement_Learning_on_Unlabeled_Image_Pairs_for_Robust_Keypoint_ICCV_2025_paper.pdf,0
Li_SimMLM_A_Simple_Framework_for_Multi-modal_Learning_with_Missing_Modality_ICCV_2025_paper.pdf,0
Naaman_Synchronization_of_Multiple_Videos_ICCV_2025_paper.pdf,0
Fang_Unfolding-Associative_Encoder-Decoder_Network_with_Progressive_Alignment_for_Pansharpening_ICCV_2025_paper.pdf,0
Deng_MamTiff-CAD_Multi-Scale_Latent_Diffusion_with_Mamba_for_Complex_Parametric_Sequence_ICCV_2025_paper.pdf,0
Zhang_Large_Multi-modal_Models_Can_Interpret_Features_in_Large_Multi-modal_Models_ICCV_2025_paper.pdf,0
Wang_Is_Less_More_Exploring_Token_Condensation_as_Training-free_Test-time_Adaptation_ICCV_2025_paper.pdf,0
Kim_PromptDresser_Improving_the_Quality_and_Controllability_of_Virtual_Try-On_via_ICCV_2025_paper.pdf,0
Wang_Instruction-Oriented_Preference_Alignment_for_Enhancing_Multi-Modal_Comprehension_Capability_of_MLLMs_ICCV_2025_paper.pdf,0
Zhang_SU-RGS_Relightable_3D_Gaussian_Splatting_from_Sparse_Views_under_Unconstrained_ICCV_2025_paper.pdf,0
Kim_SynAD_Enhancing_Real-World_End-to-End_Autonomous_Driving_Models_through_Synthetic_Data_ICCV_2025_paper.pdf,0
Jang_Splat-based_3D_Scene_Reconstruction_with_Extreme_Motion-blur_ICCV_2025_paper.pdf,0
Xu_Face_Retouching_with_Diffusion_Data_Generation_and_Spectral_Restorement_ICCV_2025_paper.pdf,0
Xu_AD-GS_Object-Aware_B-Spline_Gaussian_Splatting_for_Self-Supervised_Autonomous_Driving_ICCV_2025_paper.pdf,0
Sim_PERSONA_Personalized_Whole-Body_3D_Avatar_with_Pose-Driven_Deformations_from_a_ICCV_2025_paper.pdf,0
Qian_VOVTrack_Exploring_the_Potentiality_in_Raw_Videos_for_Open-Vocabulary_Multi-Object_ICCV_2025_paper.pdf,0
Deng_ViM-VQ_Efficient_Post-Training_Vector_Quantization_for_Visual_Mamba_ICCV_2025_paper.pdf,0
Ichbiah_Inverse_3D_Microscopy_Rendering_for_Cell_Shape_Inference_with_Active_ICCV_2025_paper.pdf,0
Lin_GroundFlow_A_Plug-in_Module_for_Temporal_Reasoning_on_3D_Point_ICCV_2025_paper.pdf,0
Baumann_What_If_Understanding_Motion_Through_Sparse_Interactions_ICCV_2025_paper.pdf,0
Zhou_Scale_Your_Instructions_Enhance_the_Instruction-Following_Fidelity_of_Unified_Image_ICCV_2025_paper.pdf,0
Fan_Embodied_VideoAgent_Persistent_Memory_from_Egocentric_Videos_and_Embodied_Sensors_ICCV_2025_paper.pdf,0
Endo_Feather_the_Throttle_Revisiting_Visual_Token_Pruning_for_Vision-Language_Model_ICCV_2025_paper.pdf,0
Oorloff_Stable_Diffusion_Models_are_Secretly_Good_at_Visual_In-Context_Learning_ICCV_2025_paper.pdf,0
Chen_Knowledge_Distillation_for_Learned_Image_Compression_ICCV_2025_paper.pdf,0
Chen_Aligning_Effective_Tokens_with_Video_Anomaly_in_Large_Language_Models_ICCV_2025_paper.pdf,0
Qiu_VideoSetDiff_Identifying_and_Reasoning_Similarities_and_Differences_in_Similar_Videos_ICCV_2025_paper.pdf,0
Tong_GeoDistill_Geometry-Guided_Self-Distillation_for_Weakly_Supervised_Cross-View_Localization_ICCV_2025_paper.pdf,0
Liang_Dual_Reciprocal_Learning_of_Language-based_Human_Motion_Understanding_and_Generation_ICCV_2025_paper.pdf,0
Guo_Unsupervised_Joint_Learning_of_Optical_Flow_and_Intensity_with_Event_ICCV_2025_paper.pdf,0
Zhong_CoopTrack_Exploring_End-to-End_Learning_for_Efficient_Cooperative_Sequential_Perception_ICCV_2025_paper.pdf,0
Jiang_Causal_Disentanglement_and_Cross-Modal_Alignment_for_Enhanced_Few-Shot_Learning_ICCV_2025_paper.pdf,0
Kreber_Guiding_Diffusion-Based_Articulated_Object_Generation_by_Partial_Point_Cloud_Alignment_ICCV_2025_paper.pdf,0
Xu_LLaVA-CoT_Let_Vision_Language_Models_Reason_Step-by-Step_ICCV_2025_paper.pdf,0
Michalkiewicz_Not_all_Views_are_Created_Equal_Analyzing_Viewpoint_Instabilities_in_ICCV_2025_paper.pdf,0
Ospanov_Scendi_Score_Prompt-Aware_Diversity_Evaluation_via_Schur_Complement_of_CLIP_ICCV_2025_paper.pdf,0
Wu_InsViE-1M_Effective_Instruction-based_Video_Editing_with_Elaborate_Dataset_Construction_ICCV_2025_paper.pdf,0
Ohkawa_Generative_Modeling_of_Shape-Dependent_Self-Contact_Human_Poses_ICCV_2025_paper.pdf,0
Engstler_SynCity_Training-Free_Generation_of_3D_Worlds_ICCV_2025_paper.pdf,0
Lou_3D_Gaussian_Splatting_Driven_Multi-View_Robust_Physical_Adversarial_Camouflage_Generation_ICCV_2025_paper.pdf,0
Chen_Moto_Latent_Motion_Token_as_the_Bridging_Language_for_Learning_ICCV_2025_paper.pdf,0
Liu_Disentangling_Instance_and_Scene_Contexts_for_3D_Semantic_Scene_Completion_ICCV_2025_paper.pdf,0
Lei_MoMaps_Semantics-Aware_Scene_Motion_Generation_with_Motion_Maps_ICCV_2025_paper.pdf,0
Patsch_MistSense_Versatile_Online_Detection_of_Procedural_and_Execution_Mistakes_ICCV_2025_paper.pdf,0
Huang_Generalizable_Object_Re-Identification_via_Visual_In-Context_Prompting_ICCV_2025_paper.pdf,0
Sun_Arti-PG_A_Toolbox_for_Procedurally_Synthesizing_Large-Scale_and_Diverse_Articulated_ICCV_2025_paper.pdf,0
Lee_CoMoGaussian_Continuous_Motion-Aware_Gaussian_Splatting_from_Motion-Blurred_Images_ICCV_2025_paper.pdf,0
Wang_LMM4LMM_Benchmarking_and_Evaluating_Large-multimodal_Image_Generation_with_LMMs_ICCV_2025_paper.pdf,0
Qin_DeFSS_Image-to-Mask_Denoising_Learning_for_Few-shot_Segmentation_ICCV_2025_paper.pdf,0
Li_Hierarchy-Aware_Pseudo_Word_Learning_with_Text_Adaptation_for_Zero-Shot_Composed_ICCV_2025_paper.pdf,0
Lee_Class-Wise_Federated_Averaging_for_Efficient_Personalization_ICCV_2025_paper.pdf,0
Li_Open-Unfairness_Adversarial_Mitigation_for_Generalized_Deepfake_Detection_ICCV_2025_paper.pdf,0
Chow_OV-SCAN_Semantically_Consistent_Alignment_for_Novel_Object_Discovery_in_Open-Vocabulary_ICCV_2025_paper.pdf,0
Xue_GFPack_Attention-Driven_Gradient_Fields_for_Optimizing_2D_Irregular_Packing_ICCV_2025_paper.pdf,0
Zeng_OVG-HQ_Online_Video_Grounding_with_Hybrid-modal_Queries_ICCV_2025_paper.pdf,0
Jiang_Beyond_the_Destination_A_Novel_Benchmark_for_Exploration-Aware_Embodied_Question_ICCV_2025_paper.pdf,0
Wang_Scaling_Inference-Time_Search_with_Vision_Value_Model_for_Improved_Visual_ICCV_2025_paper.pdf,0
Wu_QuantCache_Adaptive_Importance-Guided_Quantization_with_Hierarchical_Latent_and_Layer_Caching_ICCV_2025_paper.pdf,0
She_Relative_Illumination_Fields_Learning_Medium_and_Light_Independent_Underwater_Scenes_ICCV_2025_paper.pdf,0
Lee_Emulating_Self-attention_with_Convolution_for_Efficient_Image_Super-Resolution_ICCV_2025_paper.pdf,0
Hu_Improving_Rectified_Flow_with_Boundary_Conditions_ICCV_2025_paper.pdf,0
Chen_OneGT_One-Shot_Geometry-Texture_Neural_Rendering_for_Head_Avatars_ICCV_2025_paper.pdf,0
Masum_PROL__Rehearsal_Free_Continual_Learning_in_Streaming_Data_via_ICCV_2025_paper.pdf,0
Xia_Bootstrapping_Grounded_Chain-of-Thought_in_Multimodal_LLMs_for_Data-Efficient_Model_Adaptation_ICCV_2025_paper.pdf,0
Cai_Unsupervised_Histopathological_Image_Semantic_Segmentation_with_Overlapping_Patches_Consistency_Constraint_ICCV_2025_paper.pdf,0
Swanson_Super_Resolved_Imaging_with_Adaptive_Optics_ICCV_2025_paper.pdf,0
Cao_CogNav_Cognitive_Process_Modeling_for_Object_Goal_Navigation_with_LLMs_ICCV_2025_paper.pdf,0
Li_WeaveSeg_Iterative_Contrast-weaving_and_Spectral_Feature-refining_for_Nuclei_Instance_Segmentation_ICCV_2025_paper.pdf,0
Boudjoghra_ScanEdit_Hierarchically-Guided_Functional_3D_Scan_Editing_ICCV_2025_paper.pdf,0
Ren_TOTP_Transferable_Online_Pedestrian_Trajectory_Prediction_with_Temporal-Adaptive_Mamba_Latent_ICCV_2025_paper.pdf,0
Deng_Efficient_Autoregressive_Shape_Generation_via_Octree-Based_Adaptive_Tokenization_ICCV_2025_paper.pdf,0
Xiao_Optimal_Transport_for_Brain-Image_Alignment_Unveiling_Redundancy_and_Synergy_in_ICCV_2025_paper.pdf,0
Li_Frequency-Aligned_Knowledge_Distillation_for_Lightweight_Spatiotemporal_Forecasting_ICCV_2025_paper.pdf,0
Zhou_Event-based_Visual_Vibrometry_ICCV_2025_paper.pdf,0
Zhu_Gaussian_Splatting_with_Discretized_SDF_for_Relightable_Assets_ICCV_2025_paper.pdf,0
Zhou_DOGR_Towards_Versatile_Visual_Document_Grounding_and_Referring_ICCV_2025_paper.pdf,0
Chen_Backdooring_Self-Supervised_Contrastive_Learning_by_Noisy_Alignment_ICCV_2025_paper.pdf,0
Ramos_Processing_and_acquisition_traces_in_visual_encoders_What_does_CLIP_ICCV_2025_paper.pdf,0
Gao_Knowledge_Transfer_from_Interaction_Learning_ICCV_2025_paper.pdf,0
Wang_kh_Symmetry_Understanding_of_3D_Shapes_via_Chirality_Disentanglement_ICCV_2025_paper.pdf,0
Ye_GeoSplatting_Towards_Geometry_Guided_Gaussian_Splatting_for_Physically-based_Inverse_Rendering_ICCV_2025_paper.pdf,0
Wang_Bridging_Class_Imbalance_and_Partial_Labeling_via_Spectral-Balanced_Energy_Propagation_ICCV_2025_paper.pdf,0
Wolf_SIC_Similarity-Based_Interpretable_Image_Classification_with_Neural_Networks_ICCV_2025_paper.pdf,0
Yu_Backdoor_Defense_via_Enhanced_Splitting_and_Trap_Isolation_ICCV_2025_paper.pdf,0
Bruns_ACE-G_Improving_Generalization_of_Scene_Coordinate_Regression_Through_Query_Pre-Training_ICCV_2025_paper.pdf,0
Rajasegaran_An_Empirical_Study_of_Autoregressive_Pre-training_from_Videos_ICCV_2025_paper.pdf,0
Nagashima_Deep_Space_Weather_Model_Long-Range_Solar_Flare_Prediction_from_Multi-Wavelength_ICCV_2025_paper.pdf,0
Qian_COVTrack_Continuous_Open-Vocabulary_Tracking_via_Adaptive_Multi-Cue_Fusion_ICCV_2025_paper.pdf,0
Zhang_StableDepth_Scene-Consistent_and_Scale-Invariant_Monocular_Depth_ICCV_2025_paper.pdf,0
Huang_HarmonySeg_Tubular_Structure_Segmentation_with_Deep-Shallow_Feature_Fusion_and_Growth-Suppression_ICCV_2025_paper.pdf,0
Chen_SANA-Sprint_One-Step_Diffusion_with_Continuous-Time_Consistency_Distillation_ICCV_2025_paper.pdf,0
Ying_SketchSplat_3D_Edge_Reconstruction_via_Differentiable_Multi-view_Sketch_Splatting_ICCV_2025_paper.pdf,0
Zhong_Lyra_An_Efficient_and_Speech-Centric_Framework_for_Omni-Cognition_ICCV_2025_paper.pdf,0
Poggi_FlowSeek_Optical_Flow_Made_Easier_with_Depth_Foundation_Models_and_ICCV_2025_paper.pdf,0
Zhang_Egocentric_Action-aware_Inertial_Localization_in_Point_Clouds_with_Vision-Language_Guidance_ICCV_2025_paper.pdf,0
Hoefler_FedXDS_Leveraging_Model_Attribution_Methods_to_counteract_Data_Heterogeneity_in_ICCV_2025_paper.pdf,0
Kang_Dynamic_Multi-Layer_Null_Space_Projection_for_Vision-Language_Continual_Learning_ICCV_2025_paper.pdf,0
Chen_Cracking_Instance_Jigsaw_Puzzles_An_Alternative_to_Multiple_Instance_Learning_ICCV_2025_paper.pdf,0
Zhou_DreamRenderer_Taming_Multi-Instance_Attribute_Control_in_Large-Scale_Text-to-Image_Models_ICCV_2025_paper.pdf,0
Yu_GameFactory_Creating_New_Games_with_Generative_Interactive_Videos_ICCV_2025_paper.pdf,0
Wan_SP2T_Sparse_Proxy_Attention_for_Dual-stream_Point_Transformer_ICCV_2025_paper.pdf,0
Kim_PoseAnchor_Robust_Root_Position_Estimation_for_3D_Human_Pose_Estimation_ICCV_2025_paper.pdf,0
Zholus_TAPNext_Tracking_Any_Point_TAP_as_Next_Token_Prediction_ICCV_2025_paper.pdf,0
Wang_YOLOE_Real-Time_Seeing_Anything_ICCV_2025_paper.pdf,0
Du_GS-ID_Illumination_Decomposition_on_Gaussian_Splatting_via_Adaptive_Light_Aggregation_ICCV_2025_paper.pdf,0
Wan_Event-aided_Dense_and_Continuous_Point_Tracking_Everywhere_and_Anytime_ICCV_2025_paper.pdf,0
Zhang_Unified_Multimodal_Understanding_via_Byte-Pair_Visual_Encoding_ICCV_2025_paper.pdf,0
Stoica_Contrastive_Flow_Matching_ICCV_2025_paper.pdf,0
Li_GENMO_A_GENeralist_Model_for_Human_MOtion_ICCV_2025_paper.pdf,0
Zeng_DisTime_Distribution-based_Time_Representation_for_Video_Large_Language_Models_ICCV_2025_paper.pdf,0
Dutta_One_Encoder_to_Rule_them_All_Representation_Learning_for_Model-free_ICCV_2025_paper.pdf,0
Li_LIRA_Inferring_Segmentation_in_Large_Multi-modal_Models_with_Local_Interleaved_ICCV_2025_paper.pdf,0
Li_VisualCloze_A_Universal_Image_Generation_Framework_via_Visual_In-Context_Learning_ICCV_2025_paper.pdf,0
Miao_Multi-view_Gaze_Target_Estimation_ICCV_2025_paper.pdf,0
Jeong_Test-Time_Prompt_Tuning_for_Zero-Shot_Depth_Completion_ICCV_2025_paper.pdf,0
Shen_Trace3D_Consistent_Segmentation_Lifting_via_Gaussian_Instance_Tracing_ICCV_2025_paper.pdf,0
Huang_Towards_Foundational_Models_for_Single-Chip_Radar_ICCV_2025_paper.pdf,0
Sucar_Dynamic_Point_Maps_A_Versatile_Representation_for_Dynamic_3D_Reconstruction_ICCV_2025_paper.pdf,0
Guo_ARIG_Autoregressive_Interactive_Head_Generation_for_Real-time_Conversations_ICCV_2025_paper.pdf,0
Chen_X-Dancer_Expressive_Music_to_Human_Dance_Video_Generation_ICCV_2025_paper.pdf,0
Zhu_PASG_A_Closed-Loop_Framework_for_Automated_Geometric_Primitive_Extraction_and_ICCV_2025_paper.pdf,0
Scheuble_Lidar_Waveforms_are_Worth_40x128x33_Words_ICCV_2025_paper.pdf,0
Zhang_MagicMirror_ID-Preserved_Video_Generation_in_Video_Diffusion_Transformers_ICCV_2025_paper.pdf,0
Zhang_VLABench_A_Large-Scale_Benchmark_for_Language-Conditioned_Robotics_Manipulation_with_Long-Horizon_ICCV_2025_paper.pdf,0
Ghosh_ROADWork_A_Dataset_and_Benchmark_for_Learning_to_Recognize_Observe_ICCV_2025_paper.pdf,0
Yan_LazyMAR_Accelerating_Masked_Autoregressive_Models_via_Feature_Caching_ICCV_2025_paper.pdf,0
He_SynFER_Towards_Boosting_Facial_Expression_Recognition_with_Synthetic_Data_ICCV_2025_paper.pdf,0
Li_Synthesizing_Near-Boundary_OOD_Samples_for_Out-of-Distribution_Detection_ICCV_2025_paper.pdf,0
Cao_TPG-INR_Target_Prior-Guided_Implicit_3D_CT_Reconstruction_for_Enhanced_Sparse-view_ICCV_2025_paper.pdf,0
Lan_ACAM-KD_Adaptive_and_Cooperative_Attention_Masking_for_Knowledge_Distillation_ICCV_2025_paper.pdf,0
Zhu_Beyond_Pixel_Uncertainty_Bounding_the_OoD_Objects_in_Road_Scenes_ICCV_2025_paper.pdf,Error
Nyffeler_Hierarchical_3D_Scene_Graphs_Construction_Outdoors_ICCV_2025_paper.pdf,0
Lin_EAMamba_Efficient_All-Around_Vision_State_Space_Model_for_Image_Restoration_ICCV_2025_paper.pdf,0
Jang_Target_Bias_Is_All_You_Need_Zero-Shot_Debiasing_of_Vision-Language_ICCV_2025_paper.pdf,0
Jiang_Geo4D_Leveraging_Video_Generators_for_Geometric_4D_Scene_Reconstruction_ICCV_2025_paper.pdf,0
Wu_Scaling_and_Taming_Adversarial_Training_with_Synthetic_Data_ICCV_2025_paper.pdf,0
Chen_Acknowledging_Focus_Ambiguity_in_Visual_Questions_ICCV_2025_paper.pdf,0
Peng_Boosting_Adversarial_Transferability_via_Residual_Perturbation_Attack_ICCV_2025_paper.pdf,0
Bhosale_PathDiff_Histopathology_Image_Synthesis_with_Unpaired_Text_and_Mask_Conditions_ICCV_2025_paper.pdf,0
Zhang_Degradation-Modeled_Multipath_Diffusion_for_Tunable_Metalens_Photography_ICCV_2025_paper.pdf,0
Xiao_RoboTron-Sim_Improving_Real-World_Driving_via_Simulated_Hard-Case_ICCV_2025_paper.pdf,0
Wang_Training-Free_Text-Guided_Image_Editing_with_Visual_Autoregressive_Model_ICCV_2025_paper.pdf,0
Hu_Balancing_Task-invariant_Interaction_and_Task-specific_Adaptation_for_Unified_Image_Fusion_ICCV_2025_paper.pdf,0
Lyu_LGA-Net_Learning_Local_and_Global_Affinities_for_Sparse_Scribble_based_ICCV_2025_paper.pdf,0
Diao_EVEv2_Improved_Baselines_for_Encoder-Free_Vision-Language_Models_ICCV_2025_paper.pdf,0
Wang_PLAN_Proactive_Low-Rank_Allocation_for_Continual_Learning_ICCV_2025_paper.pdf,0
Hsiao_TF-TI2I_Training-Free_Text-and-Image-to-Image_Generation_via_Multi-Modal_Implicit-Context_Learning_In_Text-to-Image_ICCV_2025_paper.pdf,0
Lu_Multi-Modal_Few-Shot_Temporal_Action_Segmentation_ICCV_2025_paper.pdf,0
Chen_Aligning_Global_Semantics_and_Local_Textures_in_Generative_Video_Enhancement_ICCV_2025_paper.pdf,0
Liu_UniversalBooth_Model-Agnostic_Personalized_Text-to-Image_Generation_ICCV_2025_paper.pdf,0
Wang_BadVideo_Stealthy_Backdoor_Attack_against_Text-to-Video_Generation_ICCV_2025_paper.pdf,0
Thomas_VALLR_Visual_ASR_Language_Model_for_Lip_Reading_ICCV_2025_paper.pdf,0
Chen_Dirichlet-Constrained_Variational_Codebook_Learning_for_Temporally_Coherent_Video_Face_Restoration_ICCV_2025_paper.pdf,0
Zhang_Distilling_Diffusion_Models_to_Efficient_3D_LiDAR_Scene_Completion_ICCV_2025_paper.pdf,0
Niss_The_Inter-Intra_Modal_Measure_A_Predictive_Lens_on_Fine-Tuning_Outcomes_ICCV_2025_paper.pdf,0
Choi_A_Real-world_Display_Inverse_Rendering_Dataset_ICCV_2025_paper.pdf,0
Teotia_DIMCIM_A_Quantitative_Evaluation_Framework_for_Default-mode_Diversity_and_Generalization_ICCV_2025_paper.pdf,0
Liu_When_Lighting_Deceives_Exposing_Vision-Language_Models_Illumination_Vulnerability_Through_Illumination_ICCV_2025_paper.pdf,0
Ju_Video2BEV_Transforming_Drone_Videos_to_BEVs_for_Video-based_Geo-localization_ICCV_2025_paper.pdf,0
Fan_A_View-consistent_Sampling_Method_for_Regularized_Training_of_Neural_Radiance_ICCV_2025_paper.pdf,0
Ren_Turbo2K_Towards_Ultra-Efficient_and_High-Quality_2K_Video_Synthesis_ICCV_2025_paper.pdf,0
Jevtic_Feed-Forward_SceneDINO_for_Unsupervised_Semantic_Scene_Completion_ICCV_2025_paper.pdf,0
Feng_Scoring_Remember_and_Reference_Catching_Camouflaged_Objects_in_Videos_ICCV_2025_paper.pdf,0
Tang_CoST_Efficient_Collaborative_Perception_From_Unified_Spatiotemporal_Perspective_ICCV_2025_paper.pdf,0
Di_DH-FaceVid-1K_A_Large-Scale_High-Quality_Dataset_for_Face_Video_Generation_ICCV_2025_paper.pdf,0
Liu_TAD-E2E_A_Large-scale_End-to-end_Autonomous_Driving_Dataset_ICCV_2025_paper.pdf,0
Thawakar_Beyond_Simple_Edits_Composed_Video_Retrieval_with_Dense_Modifications_ICCV_2025_paper.pdf,0
Prabhu_Trust_but_Verify_Programmatic_VLM_Evaluation_in_the_Wild_ICCV_2025_paper.pdf,0
Fang_PUMA_Empowering_Unified_MLLM_with_Multi-granular_Visual_Generation_ICCV_2025_paper.pdf,0
Zhong_Semantic_Alignment_and_Reinforcement_for_Data-Free_Quantization_of_Vision_Transformers_ICCV_2025_paper.pdf,0
Zhang_StableCodec_Taming_One-Step_Diffusion_for_Extreme_Image_Compression_ICCV_2025_paper.pdf,0
Ji_Prompt-A-Video_Prompt_Your_Video_Diffusion_Model_via_Preference-Aligned_LLM_ICCV_2025_paper.pdf,0
Zhang_HyperGCT_A_Dynamic_Hyper-GNN-Learned_Geometric_Constraint_for_3D_Registration_ICCV_2025_paper.pdf,0
Qian_PriorMotion_Generative_Class-Agnostic_Motion_Prediction_with_Raster-Vector_Motion_Field_Priors_ICCV_2025_paper.pdf,0
Gao_CityGS-X_A_Scalable_Architecture_for_Efficient_and_Geometrically_Accurate_Large-Scale_ICCV_2025_paper.pdf,0
Chen_RAGD_Regional-Aware_Diffusion_Model_for_Text-to-Image_Generation_ICCV_2025_paper.pdf,0
Wu_Learning_Yourself_Class-Incremental_Semantic_Segmentation_with_Language-Inspired_Bootstrapped_Disentanglement_ICCV_2025_paper.pdf,0
Chae_Doppler-Aware_LiDAR-RADAR_Fusion_for_Weather-Robust_3D_Detection_ICCV_2025_paper.pdf,0
Cho_MAVFlow_Preserving_Paralinguistic_Elements_with_Conditional_Flow_Matching_for_Zero-Shot_ICCV_2025_paper.pdf,0
Zhao_DepR_Depth_Guided_Single-view_Scene_Reconstruction_with_Instance-level_Diffusion_ICCV_2025_paper.pdf,0
Chen_LongAnimation_Long_Animation_Generation_with_Dynamic_Global-Local_Memory_ICCV_2025_paper.pdf,0
Chen_GCRayDiffusion_Pose-Free_Surface_Reconstruction_via_Geometric_Consistent_Ray_Diffusion_ICCV_2025_paper.pdf,0
Kim_Democratizing_Text-to-Image_Masked_Generative_Models_with_Compact_Text-Aware_One-Dimensional_Tokens_ICCV_2025_paper.pdf,0
Guan_A_Token-level_Text_Image_Foundation_Model_for_Document_Understanding_ICCV_2025_paper.pdf,0
Zhou_Latent-Reframe_Enabling_Camera_Control_for_Video_Diffusion_Models_without_Training_ICCV_2025_paper.pdf,0
Pang_DreamDance_Animating_Human_Images_by_Enriching_3D_Geometry_Cues_from_ICCV_2025_paper.pdf,0
Zhang_KinMo_Kinematic-aware_Human_Motion_Understanding_and_Generation_ICCV_2025_paper.pdf,0
Karuppasamy_Towards_Safer_and_Understandable_Driver_Intention_Prediction_ICCV_2025_paper.pdf,0
Costanzino_SiM3D_Single-instance_Multiview_Multimodal_and_Multisetup_3D_Anomaly_Detection_Benchmark_ICCV_2025_paper.pdf,0
Chen_ALOcc_Adaptive_Lifting-Based_3D_Semantic_Occupancy_and_Cost_Volume-Based_Flow_ICCV_2025_paper.pdf,0
Pathak_Colors_See_Colors_Ignore_Clothes_Changing_ReID_with_Color_Disentanglement_ICCV_2025_paper.pdf,0
Ogren_Visual_Surface_Wave_Elastography_Revealing_Subsurface_Physical_Properties_via_Visible_ICCV_2025_paper.pdf,0
Feng_RomanTex_Decoupling_3D-aware_Rotary_Positional_Embedded_Multi-Attention_Network_for_Texture_ICCV_2025_paper.pdf,0
Kim_ContextFace_Generating_Facial_Expressions_from_Emotional_Contexts_ICCV_2025_paper.pdf,0
Zhang_Scaling_Omni-modal_Pretraining_with_Multimodal_Context_Advancing_Universal_Representation_Learning_ICCV_2025_paper.pdf,0
Daroya_WildSAT_Learning_Satellite_Image_Representations_from_Wildlife_Observations_ICCV_2025_paper.pdf,0
Bao_Latte_Collaborative_Test-Time_Adaptation_of_Vision-Language_Models_in_Federated_Learning_ICCV_2025_paper.pdf,0
Zhou_TurboTrain_Towards_Efficient_and_Balanced_Multi-Task_Learning_for_Multi-Agent_Perception_ICCV_2025_paper.pdf,0
Wei_3D_Test-time_Adaptation_via_Graph_Spectral_Driven_Point_Shift_ICCV_2025_paper.pdf,0
Ma_HPSv3_Towards_Wide-Spectrum_Human_Preference_Score_ICCV_2025_paper.pdf,0
Zhang_HRScene_How_Far_Are_VLMs_from_Effective_High-Resolution_Image_Understanding_ICCV_2025_paper.pdf,0
Guo_HiGarment_Cross-modal_Harmony_Based_Diffusion_Model_for_Flat_Sketch_to_ICCV_2025_paper.pdf,0
He_Neighboring_Autoregressive_Modeling_for_Efficient_Visual_Generation_ICCV_2025_paper.pdf,0
Forte_Contact-Aware_Refinement_of_Human_Pose_Pseudo-Ground_Truth_via_Bioimpedance_Sensing_ICCV_2025_paper.pdf,0
Xu_NavQ_Learning_a_Q-Model_for_Foresighted_Vision-and-Language_Navigation_ICCV_2025_paper.pdf,0
Wang_SAMPLE_Semantic_Alignment_through_Temporal-Adaptive_Multimodal_Prompt_Learning_for_Event-Based_ICCV_2025_paper.pdf,0
Wang_StruMamba3D_Exploring_Structural_Mamba_for_Self-supervised_Point_Cloud_Representation_Learning_ICCV_2025_paper.pdf,Error
Liu_UnZipLoRA_Separating_Content_and_Style_from_a_Single_Image_ICCV_2025_paper.pdf,0
Wu_Predict-Optimize-Distill_A_Self-Improving_Cycle_for_4D_Object_Understanding_ICCV_2025_paper.pdf,0
Huang_RoboTron-Drive_All-in-One_Large_Multimodal_Model_for_Autonomous_Driving_ICCV_2025_paper.pdf,0
Tan_SweetTok_Semantic-Aware_Spatial-Temporal_Tokenizer_for_Compact_Video_Discretization_ICCV_2025_paper.pdf,0
Zhao_MeasureXpert_Automatic_Anthropometric_Measurement_Extraction_from_Two_Unregistered_Partial_Posed_ICCV_2025_paper.pdf,0
Kung_RadarSplat_Radar_Gaussian_Splatting_for_High-Fidelity_Data_Synthesis_and_3D_ICCV_2025_paper.pdf,0
Hu_Who_Controls_the_Authorization_Invertible_Networks_for_Copyright_Protection_in_ICCV_2025_paper.pdf,0
Cao_Unlocking_Constraints_Source-Free_Occlusion-Aware_Seamless_Segmentation_ICCV_2025_paper.pdf,0
Jung_IM360_Large-scale_Indoor_Mapping_with_360_Cameras_ICCV_2025_paper.pdf,0
Zhao_One_Object_Multiple_Lies_A_Benchmark_for_Cross-task_Adversarial_Attack_ICCV_2025_paper.pdf,0
Liu_MixRI_Mixing_Features_of_Reference_Images_for_Novel_Object_Pose_ICCV_2025_paper.pdf,0
Huang_FuXi-RTM_A_Physics-Guided_Prediction_Framework_with_Radiative_Transfer_Modeling_ICCV_2025_paper.pdf,0
Wulff_Dream-to-Recon_Monocular_3D_Reconstruction_with_Diffusion-Depth_Distillation_from_Single_Images_ICCV_2025_paper.pdf,0
Su_TimeBooth_Disentangled_Facial_Invariant_Representation_for_Diverse_and_Personalized_Face_ICCV_2025_paper.pdf,0
Gao_MMAT-1M_A_Large_Reasoning_Dataset_for_Multimodal_Agent_Tuning_ICCV_2025_paper.pdf,0
Li_CoMatch_Dynamic_Covisibility-Aware_Transformer_for_Bilateral_Subpixel-Level_Semi-Dense_Image_Matching_ICCV_2025_paper.pdf,0
Pan_DiGA3D_Coarse-to-Fine_Diffusional_Propagation_of_Geometry_and_Appearance_for_Versatile_ICCV_2025_paper.pdf,0
Chen_Leveraging_Debiased_Cross-modal_Attention_Maps_and_Code-based_Reasoning_for_Zero-shot_ICCV_2025_paper.pdf,0
Shang_PRO-VPT_Distribution-Adaptive_Visual_Prompt_Tuning_via_Prompt_Relocation_ICCV_2025_paper.pdf,0
He_SyncDiff_Synchronized_Motion_Diffusion_for_Multi-Body_Human-Object_Interaction_Synthesis_ICCV_2025_paper.pdf,0
Phung_Federated_Prompt-Tuning_with_Heterogeneous_and_Incomplete_Multimodal_Client_Data_ICCV_2025_paper.pdf,0
Wei_HQ-CLIP_Leveraging_Large_Vision-Language_Models_to_Create_High-Quality_Image-Text_Datasets_ICCV_2025_paper.pdf,0
Si_You_Share_Beliefs_I_Adapt_Progressive_Heterogeneous_Collaborative_Perception_ICCV_2025_paper.pdf,0
Dong_LLM-assisted_Entropy-based_Adaptive_Distillation_for_Unsupervised_Fine-grained_Visual_Representation_Learning_ICCV_2025_paper.pdf,0
Thaker_Frequency-Guided_Posterior_Sampling_for_Diffusion-Based_Image_Restoration_ICCV_2025_paper.pdf,0
Dong_NoiseController_Towards_Consistent_Multi-view_Video_Generation_via_Noise_Decomposition_and_ICCV_2025_paper.pdf,0
Zhou_Learnable_Retrieval_Enhanced_Visual-Text_Alignment_and_Fusion_for_Radiology_Report_ICCV_2025_paper.pdf,0
Ge_Unraveling_the_Effects_of_Synthetic_Data_on_End-to-End_Autonomous_Driving_ICCV_2025_paper.pdf,0
Lee_FastPoint_Accelerating_3D_Point_Cloud_Model_Inference_via_Sample_Point_ICCV_2025_paper.pdf,0
Suzuki_LayerD_Decomposing_Raster_Graphic_Designs_into_Layers_ICCV_2025_paper.pdf,0
Jin_Feature_Purification_Matters_Suppressing_Outlier_Propagation_for_Training-Free_Open-Vocabulary_Semantic_ICCV_2025_paper.pdf,0
Kim_Free2Guide_Training-Free_Text-to-Video_Alignment_using_Image_LVLM_ICCV_2025_paper.pdf,0
Bose_Uncertainty-Aware_Diffusion-Guided_Refinement_of_3D_Scenes_ICCV_2025_paper.pdf,0
Zhang_FALCON_Resolving_Visual_Redundancy_and_Fragmentation_in_High-resolution_Multimodal_Large_ICCV_2025_paper.pdf,0
Zhuo_InfiniDreamer_Arbitrarily_Long_Human_Motion_Generation_via_Segment_Score_Distillation_ICCV_2025_paper.pdf,0
Xu_Stable-Sim2Real_Exploring_Simulation_of_Real-Captured_3D_Data_with_Two-Stage_Depth_ICCV_2025_paper.pdf,0
Sun_EVDM_Event-based_Real-world_Video_Deblurring_with_Mamba_ICCV_2025_paper.pdf,0
Li_Music-Aligned_Holistic_3D_Dance_Generation_via_Hierarchical_Motion_Modeling_ICCV_2025_paper.pdf,0
Nagata_DACoN_DINO_for_Anime_Paint_Bucket_Colorization_with_Any_Number_ICCV_2025_paper.pdf,0
Shinoda_AgroBench_Vision-Language_Model_Benchmark_in_Agriculture_ICCV_2025_paper.pdf,0
Wang_DiffDoctor_Diagnosing_Image_Diffusion_Models_Before_Treating_ICCV_2025_paper.pdf,0
Zhou_UniRes_Universal_Image_Restoration_for_Complex_Degradations_ICCV_2025_paper.pdf,0
Zhong_Zero-Shot_Composed_Image_Retrieval_via_Dual-Stream_Instruction-Aware_Distillation_ICCV_2025_paper.pdf,0
Ge_CLIP-Adapted_Region-to-Text_Learning_for_Generative_Open-Vocabulary_Semantic_Segmentation_ICCV_2025_paper.pdf,0
Shi_Harnessing_Vision_Foundation_Models_for_High-Performance_Training-Free_Open_Vocabulary_Segmentation_ICCV_2025_paper.pdf,0
Yang_Not_All_Frame_Features_Are_Equal_Video-to-4D_Generation_via_Decoupling_ICCV_2025_paper.pdf,0
Dai_Trans-Adapter_A_Plug-and-Play_Framework_for_Transparent_Image_Inpainting_ICCV_2025_paper.pdf,0
Yu_ODP-Bench_Benchmarking_Out-of-Distribution_Performance_Prediction_ICCV_2025_paper.pdf,0
Wang_FICGen_Frequency-Inspired_Contextual_Disentanglement_for_Layout-driven_Degraded_Image_Generation_ICCV_2025_paper.pdf,0
Liu_CODA_Repurposing_Continuous_VAEs_for_Discrete_Tokenization_ICCV_2025_paper.pdf,0
Chen_Stronger_Steadier__Superior_Geometric_Consistency_in_Depth_VFM_Forges_ICCV_2025_paper.pdf,0
Mallis_CAD-Assistant_Tool-Augmented_VLLMs_as_Generic_CAD_Task_Solvers_ICCV_2025_paper.pdf,0
Wu_Motal_Unsupervised_3D_Object_Detection_by_Modality_and_Task-specific_Knowledge_ICCV_2025_paper.pdf,0
Han_DialNav_Multi-turn_Dialog_Navigation_with_a_Remote_Guide_ICCV_2025_paper.pdf,0
Chen_LVAgent_Long_Video_Understanding_by_Multi-Round_Dynamical_Collaboration_of_MLLM_ICCV_2025_paper.pdf,0
Kim_Leveraging_the_Power_of_MLLMs_for_Gloss-Free_Sign_Language_Translation_ICCV_2025_paper.pdf,0
Du_RGE-GS_Reward-Guided_Expansive_Driving_Scene_Reconstruction_via_Diffusion_Priors_ICCV_2025_paper.pdf,0
Liu_Task-Oriented_Human_Grasp_Synthesis_via_Context-_and_Task-Aware_Diffusers_ICCV_2025_paper.pdf,0
Nam_PARTE_Part-Guided_Texturing_for_3D_Human_Reconstruction_from_a_Single_ICCV_2025_paper.pdf,0
Liu_METEOR_Multi-Encoder_Collaborative_Token_Pruning_for_Efficient_Vision_Language_Models_ICCV_2025_paper.pdf,0
Wang_Learning_Visual_Hierarchies_in_Hyperbolic_Space_for_Image_Retrieval_ICCV_2025_paper.pdf,0
Zhang_Tracking_Tiny_Drones_against_Clutter_Large-Scale_Infrared_Benchmark_with_Motion-Centric_ICCV_2025_paper.pdf,0
Zhu_DiMO_Distilling_Masked_Diffusion_Models_into_One-step_Generator_ICCV_2025_paper.pdf,0
Qu_Does_Your_Vision-Language_Model_Get_Lost_in_the_Long_Video_ICCV_2025_paper.pdf,0
Koneputugodage_Leaps_and_Bounds_An_Improved_Point_Cloud_Winding_Number_Formulation_ICCV_2025_paper.pdf,0
Bargatin_MEMFOF_High-Resolution_Training_for_Memory-Efficient_Multi-Frame_Optical_Flow_Estimation_ICCV_2025_paper.pdf,0
Zhou_Rethinking_Detecting_Salient_and_Camouflaged_Objects_in_Unconstrained_Scenes_ICCV_2025_paper.pdf,0
Mehrpanah_On_the_Complexity-Faithfulness_Trade-off_of_Gradient-Based_Explanations_ICCV_2025_paper.pdf,0
Wu_Efficient_Spiking_Point_Mamba_for_Point_Cloud_Analysis_ICCV_2025_paper.pdf,0
Jiang_VACE_All-in-One_Video_Creation_and_Editing_ICCV_2025_paper.pdf,0
Zhao_Differential-informed_Sample_Selection_Accelerates_Multimodal_Contrastive_Learning_ICCV_2025_paper.pdf,0
Wang_Dual-level_Prototype_Learning_for_Composite_Degraded_Image_Restoration_ICCV_2025_paper.pdf,0
Cai_ForCenNet_Foreground-Centric_Network_for_Document_Image_Rectification_ICCV_2025_paper.pdf,0
Ouyang_Region-aware_Anchoring_Mechanism_for_Efficient_Referring_Visual_Grounding_ICCV_2025_paper.pdf,0
Byung-Ki_JointDiT_Enhancing_RGB-Depth_Joint_Modeling_with_Diffusion_Transformers_ICCV_2025_paper.pdf,0
Nikonorov_Color_Matching_Using_Hypernetwork-Based_Kolmogorov-Arnold_Networks_ICCV_2025_paper.pdf,0
Wang_MixA-Q_Revisiting_Activation_Sparsity_for_Vision_Transformers_from_a_Mixed-Precision_ICCV_2025_paper.pdf,0
Zhang_Trade-offs_in_Image_Generation_How_Do_Different_Dimensions_Interact_ICCV_2025_paper.pdf,0
Shan_Geminio_Language-Guided_Gradient_Inversion_Attacks_in_Federated_Learning_ICCV_2025_paper.pdf,0
Kang_LEGION_Learning_to_Ground_and_Explain_for_Synthetic_Image_Detection_ICCV_2025_paper.pdf,0
Liu_CountSE_Soft_Exemplar_Open-set_Object_Counting_ICCV_2025_paper.pdf,0
Chen_Image_as_an_IMU_Estimating_Camera_Motion_from_a_Single_ICCV_2025_paper.pdf,0
Wang_SparseMM_Head_Sparsity_Emerges_from_Visual_Concept_Responses_in_MLLMs_ICCV_2025_paper.pdf,0
Segu_MOBIUS_Big-to-Mobile_Universal_Instance_Segmentation_via_Multi-modal_Bottleneck_Fusion_and_ICCV_2025_paper.pdf,0
Harley_AllTracker_Efficient_Dense_Point_Tracking_at_High_Resolution_ICCV_2025_paper.pdf,0
Miao_FedVLA_Federated_Vision-Language-Action_Learning_with_Dual_Gating_Mixture-of-Experts_for_Robotic_ICCV_2025_paper.pdf,0
Li_MetaScope_Optics-Driven_Neural_Network_for_Ultra-Micro_Metalens_Endoscopy_ICCV_2025_paper.pdf,0
Sun_Low-Light_Image_Enhancement_Using_Event-Based_Illumination_Estimation_ICCV_2025_paper.pdf,0
Lee_Latent_Diffusion_Models_with_Masked_AutoEncoders_ICCV_2025_paper.pdf,0
Nguyen_Supercharged_One-step_Text-to-Image_Diffusion_Models_with_Negative_Prompts_ICCV_2025_paper.pdf,0
Hwang_SceneMI_Motion_In-betweening_for_Modeling_Human-Scene_Interaction_ICCV_2025_paper.pdf,0
Zhou_Task-Decoupled_Bezier_Surface_Constraint_for_Uneven_Low-Light_Image_Enhancement_ICCV_2025_paper.pdf,0
Langerman_Explaining_Human_Preferences_via_Metrics_for_Structured_3D_Reconstruction_ICCV_2025_paper.pdf,0
Zeng_Agreement_aware_and_dissimilarity_oriented_GLOM_ICCV_2025_paper.pdf,0
Li_U-ViLAR_Uncertainty-Aware_Visual_Localization_for_Autonomous_Driving_via_Differentiable_Association_ICCV_2025_paper.pdf,0
Yang_Heatmap_Regression_without_Soft-Argmax_for_Facial_Landmark_Detection_ICCV_2025_paper.pdf,0
Kiefhaber_Removing_Cost_Volumes_from_Optical_Flow_Estimators_ICCV_2025_paper.pdf,0
Liu_Balanced_Sharpness-Aware_Minimization_for_Imbalanced_Regression_ICCV_2025_paper.pdf,0
Kim_Robust_3D-Masked_Part-level_Editing_in_3D_Gaussian_Splatting_with_Regularized_ICCV_2025_paper.pdf,0
Cen_C2MIL_Synchronizing_Semantic_and_Topological_Causalities_in_Multiple_Instance_Learning_ICCV_2025_paper.pdf,0
Zhang_CoMPaSS_Enhancing_Spatial_Understanding_in_Text-to-Image_Diffusion_Models_ICCV_2025_paper.pdf,0
Mall_CRAM_Large_Scale_Video_Continual_Learning_with_Bootstrapped_Compression_ICCV_2025_paper.pdf,0
Dumery_Counting_Stacked_Objects_ICCV_2025_paper.pdf,0
Jung_Details_Matter_for_Indoor_Open-vocabulary_3D_Instance_Segmentation_ICCV_2025_paper.pdf,0
Sun_StrandHead_Text_to_Hair-Disentangled_3D_Head_Avatars_Using_Human-Centric_Priors_ICCV_2025_paper.pdf,0
Ma_ReMP-AD_Retrieval-enhanced_Multi-modal_Prompt_Fusion_for_Few-Shot_Industrial_Visual_Anomaly_ICCV_2025_paper.pdf,0
Boutaj_Controllable_Latent_Space_Augmentation_for_Digital_Pathology_ICCV_2025_paper.pdf,0
Yue_Zero-Shot_Vision_Encoder_Grafting_via_LLM_Surrogates_ICCV_2025_paper.pdf,0
Qin_Spatially-Varying_Autofocus_ICCV_2025_paper.pdf,0
Gong_TemCoCo_Temporally_Consistent_Multi-modal_Video_Fusion_with_Visual-Semantic_Collaboration_ICCV_2025_paper.pdf,Error
Yin_Information-Bottleneck_Driven_Binary_Neural_Network_for_Change_Detection_ICCV_2025_paper.pdf,0
Tian_CCL-LGS_Contrastive_Codebook_Learning_for_3D_Language_Gaussian_Splatting_ICCV_2025_paper.pdf,0
Zemskova_3DGraphLLM_Combining_Semantic_Graphs_and_Large_Language_Models_for_3D_ICCV_2025_paper.pdf,0
Tsai_CompleteMe_Reference-based_Human_Image_Completion_ICCV_2025_paper.pdf,0
Luo_CanonSwap_High-Fidelity_and_Consistent_Video_Face_Swapping_via_Canonical_Space_ICCV_2025_paper.pdf,0
Vasluianu_After_the_Party_Navigating_the_Mapping_From_Color_to_Ambient_ICCV_2025_paper.pdf,0
Zhang_SkySense_V2_A_Unified_Foundation_Model_for_Multi-modal_Remote_Sensing_ICCV_2025_paper.pdf,0
Li_Diversity-Enhanced_Distribution_Alignment_for_Dataset_Distillation_ICCV_2025_paper.pdf,0
Hui_Boundary_Probing_for_Input_Privacy_Protection_When_Using_LMM_Services_ICCV_2025_paper.pdf,0
Tian_DATA_Domain-And-Time_Alignment_for_High-Quality_Feature_Fusion_in_Collaborative_Perception_ICCV_2025_paper.pdf,0
Fu_Co-Painter_Fine-Grained_Controllable_Image_Stylization_via_Implicit_Decoupling_and_Adaptive_ICCV_2025_paper.pdf,0
Lei_Advancing_Text-to-3D_Generation_with_Linearized_Lookahead_Variational_Score_Distillation_ICCV_2025_paper.pdf,0
Huang_Deciphering_Cross-Modal_Alignment_in_Large_Vision-Language_Models_via_Modality_Integration_ICCV_2025_paper.pdf,0
Wang_Monocular_Semantic_Scene_Completion_via_Masked_Recurrent_Networks_ICCV_2025_paper.pdf,0
Chen_High-Precision_3D_Measurement_of_Complex_Textured_Surfaces_Using_Multiple_Filtering_ICCV_2025_paper.pdf,0
Hu_Enhancing_Image_Restoration_Transformer_via_Adaptive_Translation_Equivariance_ICCV_2025_paper.pdf,0
Liu_Blind2Sound_Self-Supervised_Image_Denoising_without_Residual_Noise_ICCV_2025_paper.pdf,0
Ding_MM-IFEngine_Towards_Multimodal_Instruction_Following_ICCV_2025_paper.pdf,0
Cao_Neural_Multi-View_Self-Calibrated_Photometric_Stereo_without_Photometric_Stereo_Cues_ICCV_2025_paper.pdf,0
Song_Progressive_Artwork_Outpainting_via_Latent_Diffusion_Models_ICCV_2025_paper.pdf,0
Wang_Class_Token_as_Proxy_Optimal_Transport-assisted_Proxy_Learning_for_Weakly_ICCV_2025_paper.pdf,0
Yu_Latent_Expression_Generation_for_Referring_Image_Segmentation_and_Grounding_ICCV_2025_paper.pdf,0
Song_CoDa-4DGS_Dynamic_Gaussian_Splatting_with_Context_and_Deformation_Awareness_for_ICCV_2025_paper.pdf,0
Luo_Adding_Additional_Control_to_One-Step_Diffusion_with_Joint_Distribution_Matching_ICCV_2025_paper.pdf,0
Qiu_Feature_Extraction_and_Representation_of_Pre-training_Point_Cloud_Based_on_ICCV_2025_paper.pdf,0
Wang_Exploring_the_Adversarial_Vulnerabilities_of_Vision-Language-Action_Models_in_Robotics_ICCV_2025_paper.pdf,0
Wang_CaO2_Rectifying_Inconsistencies_in_Diffusion-Based_Dataset_Distillation_ICCV_2025_paper.pdf,0
Yan_LawDIS_Language-Window-based_Controllable_Dichotomous_Image_Segmentation_ICCV_2025_paper.pdf,0
Ge_PRM_Photometric_Stereo_based_Large_Reconstruction_Model_ICCV_2025_paper.pdf,0
Xia_Exploring_The_Visual_Feature_Space_for_Multimodal_Neural_Decoding_ICCV_2025_paper.pdf,0
Liu_Debiased_Curriculum_Adaptation_for_Safe_Transfer_Learning_in_Chest_X-ray_ICCV_2025_paper.pdf,0
Li_Token_Activation_Map_to_Visually_Explain_Multimodal_LLMs_ICCV_2025_paper.pdf,0
Sun_Mitigating_Geometric_Degradation_in_Fast_DownSampling_via_FastAdapter_for_Point_ICCV_2025_paper.pdf,0
Liu_PatchScaler_An_Efficient_Patch-Independent_Diffusion_Model_for_Image_Super-Resolution_ICCV_2025_paper.pdf,0
Conti_On_Large_Multimodal_Models_as_Open-World_Image_Classifiers_ICCV_2025_paper.pdf,0
Zhou_TopoTTA_Topology-Enhanced_Test-Time_Adaptation_for_Tubular_Structure_Segmentation_ICCV_2025_paper.pdf,Error
Chen_Integrating_Biological_Knowledge_for_Robust_Microscopy_Image_Profiling_on_De_ICCV_2025_paper.pdf,0
Peng_A_Lesson_in_Splats_Teacher-Guided_Diffusion_for_3D_Gaussian_Splats_ICCV_2025_paper.pdf,0
Yang_Generalized_Deep_Multi-view_Clustering_via_Causal_Learning_with_Partially_Aligned_ICCV_2025_paper.pdf,0
Jiang_A_Unified_Framework_to_BRIDGE_Complete_and_Incomplete_Deep_Multi-View_ICCV_2025_paper.pdf,0
Zhu_BokehDiff_Neural_Lens_Blur_with_One-Step_Diffusion_ICCV_2025_paper.pdf,0
Siniukov_DiTaiListener_Controllable_High_Fidelity_Listener_Video_Generation_with_Diffusion_ICCV_2025_paper.pdf,0
Koh_Translation_of_Text_Embedding_via_Delta_Vector_to_Suppress_Strongly_ICCV_2025_paper.pdf,0
Wang_SITE_towards_Spatial_Intelligence_Thorough_Evaluation_ICCV_2025_paper.pdf,0
Kummerer_Modeling_Saliency_Dataset_Bias_ICCV_2025_paper.pdf,0
Xiao_MIEB_Massive_Image_Embedding_Benchmark_ICCV_2025_paper.pdf,0
Sklyarova_Im2Haircut_Single-view_Strand-based_Hair_Reconstruction_for_Human_Avatars_ICCV_2025_paper.pdf,0
Zhou_AIGI-Holmes_Towards_Explainable_and_Generalizable_AI-Generated_Image_Detection_via_Multimodal_ICCV_2025_paper.pdf,0
Huang_When_Anchors_Meet_Cold_Diffusion_A_Multi-Stage_Approach_to_Lane_ICCV_2025_paper.pdf,0
Yuan_DLFR-Gen_Diffusion-based_Video_Generation_with_Dynamic_Latent_Frame_Rate_ICCV_2025_paper.pdf,0
Ahmed_MixA_A_Mixed_Attention_approach_with_Stable_Lightweight_Linear_Attention_ICCV_2025_paper.pdf,0
Ding_Kaleidoscopic_Background_Attack_Disrupting_Pose_Estimation_with_Multi-Fold_Radial_Symmetry_ICCV_2025_paper.pdf,0
Shehzadi_STEP-DETR_Advancing_DETR-based_Semi-Supervised_Object_Detection_with_Super_Teacher_and_ICCV_2025_paper.pdf,0
DiBrita_ResQ_A_Novel_Framework_to_Implement_Residual_Neural_Networks_on_ICCV_2025_paper.pdf,0
Zhang_PRIMAL_Physically_Reactive_and_Interactive_Motor_Model_for_Avatar_Learning_ICCV_2025_paper.pdf,0
Xiao_Breaking_Grid_Constraints_Dynamic_Graph_Reconstruction_Network_for_Multi-organ_Segmentation_ICCV_2025_paper.pdf,0
Huang_CVPT_Cross_Visual_Prompt_Tuning_ICCV_2025_paper.pdf,0
Lai_A_Tiny_Change_A_Giant_Leap_Long-Tailed_Class-Incremental_Learning_via_ICCV_2025_paper.pdf,0
Li_AIRA_Activation-Informed_Low-Rank_Adaptation_for_Large_Models_ICCV_2025_paper.pdf,0
Tong_Context_Guided_Transformer_Entropy_Modeling_for_Video_Compression_ICCV_2025_paper.pdf,0
Chen_CompCap_Improving_Multimodal_Large_Language_Models_with_Composite_Captions_ICCV_2025_paper.pdf,0
Zhou_Leveraging_Spatial_Invariance_to_Boost_Adversarial_Transferability_ICCV_2025_paper.pdf,0
Pham_CT-ScanGaze_A_Dataset_and_Baselines_for_3D_Volumetric_Scanpath_Modeling_ICCV_2025_paper.pdf,0
Choi_Representation_Shift_Unifying_Token_Compression_with_FlashAttention_ICCV_2025_paper.pdf,0
Ren_PanoSplatt3R_Leveraging_Perspective_Pretraining_for_Generalized_Unposed_Wide-Baseline_Panorama_Reconstruction_ICCV_2025_paper.pdf,0
Chen_T2I-Copilot_A_Training-Free_Multi-Agent_Text-to-Image_System_for_Enhanced_Prompt_Interpretation_ICCV_2025_paper.pdf,0
Li_MagicMotion_Controllable_Video_Generation_with_Dense-to-Sparse_Trajectory_Guidance_ICCV_2025_paper.pdf,0
Ren_Seeing_the_Unseen_A_Semantic_Alignment_and_Context-Aware_Prompt_Framework_ICCV_2025_paper.pdf,0
Jing_Stereo_Any_Video_Temporally_Consistent_Stereo_Matching_ICCV_2025_paper.pdf,0
Heidinger_2HandedAfforder_Learning_Precise_Actionable_Bimanual_Affordances_from_Human_Videos_ICCV_2025_paper.pdf,0
Lowens_PseudoMapTrainer_Learning_Online_Mapping_without_HD_Maps_ICCV_2025_paper.pdf,0
Chang_How_Far_are_AI-generated_Videos_from_Simulating_the_3D_Visual_ICCV_2025_paper.pdf,0
Zhu_Fine-grained_Abnormality_Prompt_Learning_for_Zero-shot_Anomaly_Detection_ICCV_2025_paper.pdf,0
Ji_Towards_Immersive_Human-X_Interaction_A_Real-Time_Framework_for_Physically_Plausible_ICCV_2025_paper.pdf,0
Liao_HADES_Human_Avatar_with_Dynamic_Explicit_Hair_Strands_ICCV_2025_paper.pdf,0
Shi_Scalable_Image_Tokenization_with_Index_Backpropagation_Quantization_ICCV_2025_paper.pdf,0
Wang_SMoLoRA_Exploring_and_Defying_Dual_Catastrophic_Forgetting_in_Continual_Visual_ICCV_2025_paper.pdf,0
Liang_Spatial_Alignment_and_Temporal_Matching_Adapter_for_Video-Radar_Remote_Physiological_ICCV_2025_paper.pdf,0
Lu_TACO_Taming_Diffusion_for_in-the-wild_Video_Amodal_Completion_ICCV_2025_paper.pdf,0
Yu_Anomaly_Detection_of_Integrated_Circuits_Package_Substrates_Using_the_Large_ICCV_2025_paper.pdf,0
Li_Physical_Degradation_Model-Guided_Interferometric_Hyperspectral_Reconstruction_with_Unfolding_Transformer_ICCV_2025_paper.pdf,0
Liu_Video_Motion_Graphs_ICCV_2025_paper.pdf,0
Hu_MiDSummer_Multi-Guidance_Diffusion_for_Controllable_Zero-Shot_Immersive_Gaussian_Splatting_Scene_ICCV_2025_paper.pdf,0
Zhang_VideoAds_for_Fast-Paced_Video_Understanding_ICCV_2025_paper.pdf,0
Zhu_VGMamba_Attribute-to-Location_Clue_Reasoning_for_Quantity-Agnostic_3D_Visual_Grounding_ICCV_2025_paper.pdf,0
Sudhakaran_ART_Adaptive_Relation_Tuning_for_Generalized_Relation_Prediction_ICCV_2025_paper.pdf,0
Lu_GUIOdyssey_A_Comprehensive_Dataset_for_Cross-App_GUI_Navigation_on_Mobile_ICCV_2025_paper.pdf,0
Qin_Learning_on_the_Go_A_Meta-learning_Object_Navigation_Model_ICCV_2025_paper.pdf,0
Kuo_Efficient_Concertormer_for_Image_Deblurring_and_Beyond_ICCV_2025_paper.pdf,0
Liu_Trial-Oriented_Visual_Rearrangement_ICCV_2025_paper.pdf,0
Yan_TurboReg_TurboClique_for_Robust_and_Efficient_Point_Cloud_Registration_ICCV_2025_paper.pdf,0
Gu_MMOne_Representing_Multiple_Modalities_in_One_Scene_ICCV_2025_paper.pdf,0
Zhang_FedAGC_Federated_Continual_Learning_with_Asymmetric_Gradient_Correction_ICCV_2025_paper.pdf,0
Zhou_OV3D-CG_Open-vocabulary_3D_Instance_Segmentation_with_Contextual_Guidance_ICCV_2025_paper.pdf,0
Wong_ADCD-Net_Robust_Document_Image_Forgery_Localization_via_Adaptive_DCT_Feature_ICCV_2025_paper.pdf,0
Ashraf_TITAN_Query-Token_based_Domain_Adaptive_Adversarial_Learning_ICCV_2025_paper.pdf,0
Zhou_SAME_Learning_Generic_Language-Guided_Visual_Navigation_with_State-Adaptive_Mixture_of_ICCV_2025_paper.pdf,0
Qian_A_Good_Teacher_Adapts_Their_Knowledge_for_Distillation_ICCV_2025_paper.pdf,0
Xu_Accelerate_3D_Object_Detection_Models_via_Zero-Shot_Attention_Key_Pruning_ICCV_2025_paper.pdf,0
Wang_You_Think_You_ACT_The_New_Task_of_Arbitrary_Text_ICCV_2025_paper.pdf,0
Wei_Passing_the_Driving_Knowledge_Test_ICCV_2025_paper.pdf,0
Bai_FiffDepth_Feed-forward_Transformation_of_Diffusion-Based_Generators_for_Detailed_Depth_Estimation_ICCV_2025_paper.pdf,0
Wu_DC-AR_Efficient_Masked_Autoregressive_Image_Generation_with_Deep_Compression_Hybrid_ICCV_2025_paper.pdf,0
Wang_Continuous-Time_Human_Motion_Field_from_Event_Cameras_ICCV_2025_paper.pdf,0
Lee_Learnable_Logit_Adjustment_for_Imbalanced_Semi-Supervised_Learning_under_Class_Distribution_ICCV_2025_paper.pdf,0
Han_DISTA-Net_Dynamic_Closely-Spaced_Infrared_Small_Target_Unmixing_ICCV_2025_paper.pdf,0
Rajic_Multi-View_3D_Point_Tracking_ICCV_2025_paper.pdf,0
Mrabah_Sparsity_Outperforms_Low-Rank_Projections_in_Few-Shot_Adaptation_ICCV_2025_paper.pdf,0
Zhou_HyPiDecoder_Hybrid_Pixel_Decoder_for_Efficient_Segmentation_and_Detection_ICCV_2025_paper.pdf,0
Jin_PASD_A_Pixel-Adaptive_Swarm_Dynamics_Approach_for_Unsupervised_Low-Light_Image_ICCV_2025_paper.pdf,0
Chen_UniMLVG_Unified_Framework_for_Multi-view_Long_Video_Generation_with_Comprehensive_ICCV_2025_paper.pdf,0
Li_AU-Blendshape_for_Fine-grained_Stylized_3D_Facial_Expression_Manipulation_ICCV_2025_paper.pdf,0
Yang_Humans_as_Checkerboards_Calibrating_Camera_Motion_Scale_for_World-Coordinate_Human_ICCV_2025_paper.pdf,0
Huang_MaTe_Images_Are_All_You_Need_for_Material_Transfer_via_ICCV_2025_paper.pdf,0
Wang_SIMS_Simulating_Stylized_Human-Scene_Interactions_with_Retrieval-Augmented_Script_Generation_ICCV_2025_paper.pdf,0
Yuan_ULTHO_Ultra-Lightweight_yet_Efficient_Hyperparameter_Optimization_in_Deep_Reinforcement_Learning_ICCV_2025_paper.pdf,0
Zhang_Tile-wise_vs._Image-wise_Random-Tile_Loss_and_Training_Paradigm_for_Gaussian_ICCV_2025_paper.pdf,0
Wu_EmbodiedOcc_Embodied_3D_Occupancy_Prediction_for_Vision-based_Online_Scene_Understanding_ICCV_2025_paper.pdf,0
Hu_Learn2Synth_Learning_Optimal_Data_Synthesis_Using_Hypergradients_for_Brain_Image_ICCV_2025_paper.pdf,0
Zhang_GAP_Gaussianize_Any_Point_Clouds_with_Text_Guidance_ICCV_2025_paper.pdf,0
Mi_Adversarial_Robust_Memory-Based_Continual_Learner_ICCV_2025_paper.pdf,0
Yang_Beyond_Walking_A_Large-Scale_Image-Text_Benchmark_for_Text-based_Person_Anomaly_ICCV_2025_paper.pdf,0
Tan_XTrack_Multimodal_Training_Boosts_RGB-X_Video_Object_Trackers_ICCV_2025_paper.pdf,0
Yu_Multi-View_Slot_Attention_Using_Paraphrased_Texts_for_Face_Anti-Spoofing_ICCV_2025_paper.pdf,0
Son_Towards_Robustness_of_Person_Search_against_Corruptions_ICCV_2025_paper.pdf,0
Li_Backdoor_Attacks_on_Neural_Networks_via_One-Bit_Flip_ICCV_2025_paper.pdf,0
Fu_TeEFusion_Blending_Text_Embeddings_to_Distill_Classifier-Free_Guidance_ICCV_2025_paper.pdf,0
Ding_StreamMind_Unlocking_Full_Frame_Rate_Streaming_Video_Dialogue_through_Event-Gated_ICCV_2025_paper.pdf,0
Gong_SA-LUT_Spatial_Adaptive_4D_Look-Up_Table_for_Photorealistic_Style_Transfer_ICCV_2025_paper.pdf,0
Hong_RainbowPrompt_Diversity-Enhanced_Prompt-Evolving_for_Continual_Learning_ICCV_2025_paper.pdf,0
Bolduc_GaSLight_Gaussian_Splats_for_Spatially-Varying_Lighting_in_HDR_ICCV_2025_paper.pdf,0
Fang_MolParser_End-to-end_Visual_Recognition_of_Molecule_Structures_in_the_Wild_ICCV_2025_paper.pdf,0
Kim_Fuzzy_Contrastive_Decoding_to_Alleviate_Object_Hallucination_in_Large_Vision-Language_ICCV_2025_paper.pdf,0
Yin_Progressive_Homeostatic_and_Plastic_Prompt_Tuning_for_Audio-Visual_Multi-Task_Incremental_ICCV_2025_paper.pdf,0
Carr_Privacy-centric_Deep_Motion_Retargeting_for_Anonymization_of_Skeleton-Based_Motion_Visualization_ICCV_2025_paper.pdf,0
Han_CHORDS_Diffusion_Sampling_Accelerator_with_Multi-core_Hierarchical_ODE_Solvers_ICCV_2025_paper.pdf,0
Hyun_Multi-Granular_Spatio-Temporal_Token_Merging_for_Training-Free_Acceleration_of_Video_LLMs_ICCV_2025_paper.pdf,0
Devulapally_Your_Text_Encoder_Can_Be_An_Object-Level_Watermarking_Controller_ICCV_2025_paper.pdf,0
Liu_F-Bench_Rethinking_Human_Preference_Evaluation_Metrics_for_Benchmarking_Face_Generation_ICCV_2025_paper.pdf,0
Xue_Feature_Decomposition-Recomposition_in_Large_Vision-Language_Model_for_Few-Shot_Class-Incremental_Learning_ICCV_2025_paper.pdf,0
Krishnan_Orchid_Image_Latent_Diffusion_for_Joint_Appearance_and_Geometry_Generation_ICCV_2025_paper.pdf,0
Ju_FullDiT_Video_Generative_Foundation_Models_with_Multimodal_Control_via_Full_ICCV_2025_paper.pdf,0
Jiao_From_Holistic_to_Localized_Local_Enhanced_Adapters_for_Efficient_Visual_ICCV_2025_paper.pdf,0
Nam_VAGUE_Visual_Contexts_Clarify_Ambiguous_Expressions_ICCV_2025_paper.pdf,0
Salehi_MoSiC_Optimal-Transport_Motion_Trajectory_for_Dense_Self-Supervised_Learning_ICCV_2025_paper.pdf,0
Kim_ExploreGS_Explorable_3D_Scene_Reconstruction_with_Virtual_Camera_Samplings_and_ICCV_2025_paper.pdf,0
Aqeel_Towards_Real_Unsupervised_Anomaly_Detection_Via_Confident_Meta-Learning_ICCV_2025_paper.pdf,0
Hollein_3DGS-LM_Faster_Gaussian-Splatting_Optimization_with_Levenberg-Marquardt_ICCV_2025_paper.pdf,0
Pittner_SparseLaneSTP_Leveraging_Spatio-Temporal_Priors_with_Sparse_Transformers_for_3D_Lane_ICCV_2025_paper.pdf,0
Kang_Harnessing_Input-Adaptive_Inference_for_Efficient_VLN_ICCV_2025_paper.pdf,0
Lei_TeethGenerator_A_two-stage_framework_for_paired_pre-_and_post-orthodontic_3D_ICCV_2025_paper.pdf,0
Tan_What_You_Have_is_What_You_Track_Adaptive_and_Robust_ICCV_2025_paper.pdf,0
Abdullah_Punching_Bag_vs._Punching_Person_Motion_Transferability_in_Videos_ICCV_2025_paper.pdf,0
Zhou_Decoupled_Diffusion_Sparks_Adaptive_Scene_Generation_ICCV_2025_paper.pdf,0
Mao_AccidentalGS_3D_Gaussian_Splatting_from_Accidental_Camera_Motion_ICCV_2025_paper.pdf,0
Arslan_Neuromanifold-Regularized_KANs_for_Shape-fair_Feature_Representations_ICCV_2025_paper.pdf,0
Jang_Towards_Cross-modal_Backward-compatible_Representation_Learning_for_Vision-Language_Models_ICCV_2025_paper.pdf,0
Ma_Multimodal_Prompt_Alignment_for_Facial_Expression_Recognition_ICCV_2025_paper.pdf,0
Sadikaj_MultiADS_Defect-aware_Supervision_for_Multi-type_Anomaly_Detection_and_Segmentation_in_ICCV_2025_paper.pdf,0
Sun_X-Prompt_Generalizable_Auto-Regressive_Visual_Learning_with_In-Context_Prompting_ICCV_2025_paper.pdf,0
Park_Hybrid-TTA_Continual_Test-time_Adaptation_via_Dynamic_Domain_Shift_Detection_ICCV_2025_paper.pdf,0
Song_Riemannian-Geometric_Fingerprints_of_Generative_Models_ICCV_2025_paper.pdf,0
Bagchi_ReferEverything_Towards_Segmenting_Everything_We_Can_Speak_of_in_Videos_ICCV_2025_paper.pdf,0
Yan_RoboTron-Mani_All-in-One_Multimodal_Large_Model_for_Robotic_Manipulation_ICCV_2025_paper.pdf,0
Beveridge_Hierarchical_Material_Recognition_from_Local_Appearance_ICCV_2025_paper.pdf,0
Yang_QR-LoRA_Efficient_and_Disentangled_Fine-tuning_via_QR_Decomposition_for_Customized_ICCV_2025_paper.pdf,0
Ye_Hi3DGen_High-fidelity_3D_Geometry_Generation_from_Images_via_Normal_Bridging_ICCV_2025_paper.pdf,0
Saleh_DAViD_Data-efficient_and_Accurate_Vision_Models_from_Synthetic_Data_ICCV_2025_paper.pdf,0
Li_IMoRe_Implicit_Program-Guided_Reasoning_for_Human_Motion_QA_ICCV_2025_paper.pdf,0
Lan_Hybrid-Tower_Fine-grained_Pseudo-query_Interaction_and_Generation_for_Text-to-Video_Retrieval_ICCV_2025_paper.pdf,0
Huang_OpenRSD_Towards_Open-prompts_for_Object_Detection_in_Remote_Sensing_Images_ICCV_2025_paper.pdf,0
Han_MATE_Motion-Augmented_Temporal_Consistency_for_Event-based_Point_Tracking_ICCV_2025_paper.pdf,0
Huang_Mind_the_Gap_Preserving_and_Compensating_for_the_Modality_Gap_ICCV_2025_paper.pdf,0
Ye_TextSSR_Diffusion-based_Data_Synthesis_for_Scene_Text_Recognition_ICCV_2025_paper.pdf,0
Liu_PartField_Learning_3D_Feature_Fields_for_Part_Segmentation_and_Beyond_ICCV_2025_paper.pdf,0
Liu_MoFRR_Mixture_of_Diffusion_Models_for_Face_Retouching_Restoration_ICCV_2025_paper.pdf,0
Chen_COME_Dual_Structure-Semantic_Learning_with_Collaborative_MoE_for_Universal_Lesion_ICCV_2025_paper.pdf,0
Zhu_MambaML_Exploring_State_Space_Models_for_Multi-Label_Image_Classification_ICCV_2025_paper.pdf,0
Zhang_Exploring_View_Consistency_for_Scene-Adaptive_Low-Light_Light_Field_Image_Enhancement_ICCV_2025_paper.pdf,0
Duan_Divide-and-Conquer_for_Enhancing_Unlabeled_Learning_Stability_and_Plasticity_in_Semi-supervised_ICCV_2025_paper.pdf,0
Qu_ReCoT_Reflective_Self-Correction_Training_for_Mitigating_Confirmation_Bias_in_Large_ICCV_2025_paper.pdf,0
Jiang_TimeFormer_Capturing_Temporal_Relationships_of_Deformable_3D_Gaussians_for_Robust_ICCV_2025_paper.pdf,0
Qiu_Accelerating_Diffusion_Transformer_via_Gradient-Optimized_Cache_ICCV_2025_paper.pdf,0
Yang_Verbalized_Representation_Learning_for_Interpretable_Few-Shot_Generalization_ICCV_2025_paper.pdf,0
Ko_Bidirectional_Likelihood_Estimation_with_Multi-Modal_Large_Language_Models_for_Text-Video_ICCV_2025_paper.pdf,0
Fu_TCFG_Truncated_Classifier-Free_Guidance_for_Efficient_and_Scalable_Text-to-Image_Acceleration_ICCV_2025_paper.pdf,0
Jakubik_TerraMind_Large-Scale_Generative_Multimodality_for_Earth_Observation_ICCV_2025_paper.pdf,0
Zheng_Improving_Noise_Efficiency_in_Privacy-preserving_Dataset_Distillation_ICCV_2025_paper.pdf,0
Jiang_FairGen_Enhancing_Fairness_in_Text-to-Image_Diffusion_Models_via_Self-Discovering_Latent_ICCV_2025_paper.pdf,0
Shin_DiffRefine_Diffusion-based_Proposal_Specific_Point_Cloud_Densification_for_Cross-Domain_Object_ICCV_2025_paper.pdf,0
Deng_ArgMatch_Adaptive_Refinement_Gathering_for_Efficient_Dense_Matching_ICCV_2025_paper.pdf,0
Yu_OmniPaint_Mastering_Object-Oriented_Editing_via_Disentangled_Insertion-Removal_Inpainting_ICCV_2025_paper.pdf,0
Li_EDM_Efficient_Deep_Feature_Matching_ICCV_2025_paper.pdf,0
Wang_MUG_Pseudo_Labeling_Augmented_Audio-Visual_Mamba_Network_for_Audio-Visual_Video_ICCV_2025_paper.pdf,0
Yu_Structure-Guided_Diffusion_Models_for_High-Fidelity_Portrait_Shadow_Removal_ICCV_2025_paper.pdf,0
He_Semi-ViM_Bidirectional_State_Space_Model_for_Mitigating_Label_Imbalance_in_ICCV_2025_paper.pdf,0
Chen_Point_Cloud_Self-supervised_Learning_via_3D_to_Multi-view_Masked_Learner_ICCV_2025_paper.pdf,0
Qin_RoboFactory_Exploring_Embodied_Agent_Collaboration_with_Compositional_Constraints_ICCV_2025_paper.pdf,Error
Xu_Fast_Image_Super-Resolution_via_Consistency_Rectified_Flow_ICCV_2025_paper.pdf,0
Gao_AnyPortal_Zero-Shot_Consistent_Video_Background_Replacement_ICCV_2025_paper.pdf,0
Yeshwanth_ExCap3D_Expressive_3D_Scene_Understanding_via_Object_Captioning_with_Varying_ICCV_2025_paper.pdf,0
Sonmezer_LoRAverse_A_Submodular_Framework_to_Retrieve_Diverse_Adapters_for_Diffusion_ICCV_2025_paper.pdf,0
Wang_TIP-I2V_A_Million-Scale_Real_Text_and_Image_Prompt_Dataset_for_ICCV_2025_paper.pdf,0
Manas_Controlling_Multimodal_LLMs_via_Reward-guided_Decoding_ICCV_2025_paper.pdf,0
Hou_Dita_Scaling_Diffusion_Transformer_for_Generalist_Vision-Language-Action_Policy_ICCV_2025_paper.pdf,0
Shang_LLaVA-PruMerge_Adaptive_Token_Reduction_for_Efficient_Large_Multimodal_Models_ICCV_2025_paper.pdf,0
Ahmed_Kestrel_3D_Multimodal_LLM_for_Part-Aware_Grounded_Description_ICCV_2025_paper.pdf,0
Beche_ClaraVid_A_Holistic_Scene_Reconstruction_Benchmark_From_Aerial_Perspective_With_ICCV_2025_paper.pdf,0
Guo_Federated_Continual_Instruction_Tuning_ICCV_2025_paper.pdf,0
Ying_MOVE_Motion-Guided_Few-Shot_Video_Object_Segmentation_ICCV_2025_paper.pdf,0
Qiao_Towards_Open-World_Generation_of_Stereo_Images_and_Unsupervised_Matching_ICCV_2025_paper.pdf,0
Chen_MeshAnything_V2_Artist-Created_Mesh_Generation_with_Adjacent_Mesh_Tokenization_ICCV_2025_paper.pdf,0
Chang_Hierarchical-aware_Orthogonal_Disentanglement_Framework_for_Fine-grained_Skeleton-based_Action_Recognition_ICCV_2025_paper.pdf,0
Tian_Semantic_versus_Identity_A_Divide-and-Conquer_Approach_towards_Adjustable_Medical_Image_ICCV_2025_paper.pdf,0
Viola_Marigold-DC_Zero-Shot_Monocular_Depth_Completion_with_Guided_Diffusion_ICCV_2025_paper.pdf,0
Liang_ReferDINO_Referring_Video_Object_Segmentation_with_Visual_Grounding_Foundations_ICCV_2025_paper.pdf,0
Rojas_HAMSt3R_Human-Aware_Multi-view_Stereo_3D_Reconstruction_ICCV_2025_paper.pdf,0
Gao_7DGS_Unified_Spatial-Temporal-Angular_Gaussian_Splatting_ICCV_2025_paper.pdf,0
Yang_Efficient_Adaptation_of_Pre-trained_Vision_Transformer_underpinned_by_Approximately_Orthogonal_ICCV_2025_paper.pdf,0
Guo_Cooperative_Pseudo_Labeling_for_Unsupervised_Federated_Classification_ICCV_2025_paper.pdf,0
Song_OCK_Unsupervised_Dynamic_Video_Prediction_with_Object-Centric_Kinematics_ICCV_2025_paper.pdf,0
Zhou_Hints_of_Prompt_Enhancing_Visual_Representation_for_Multimodal_LLMs_in_ICCV_2025_paper.pdf,0
Petrov_TriDi_Trilateral_Diffusion_of_3D_Humans_Objects_and_Interactions_ICCV_2025_paper.pdf,0
Zhan_Griffon_v2_Advancing_Multimodal_Perception_with_High-Resolution_Scaling_and_Visual-Language_ICCV_2025_paper.pdf,0
Yu_Zeroth-Order_Fine-Tuning_of_LLMs_in_Random_Subspaces_ICCV_2025_paper.pdf,0
Kou_RoboAnnotatorX_A_Comprehensive_and_Universal_Annotation_Framework_for_Accurate_Understanding_ICCV_2025_paper.pdf,0
Xiong_GigaTok_Scaling_Visual_Tokenizers_to_3_Billion_Parameters_for_Autoregressive_ICCV_2025_paper.pdf,0
Torbunov_EvRT-DETR_Latent_Space_Adaptation_of_Image_Detectors_for_Event-based_Vision_ICCV_2025_paper.pdf,0
Tan_ReTracker_Exploring_Image_Matching_for_Robust_Online_Any_Point_Tracking_ICCV_2025_paper.pdf,0
Berton_AstroLoc_Robust_Space_to_Ground_Image_Localizer_ICCV_2025_paper.pdf,0
Lee_InsideOut_Integrated_RGB-Radiative_Gaussian_Splatting_for_Comprehensive_3D_Object_Representation_ICCV_2025_paper.pdf,Error
Du_From_Easy_to_Hard_The_MIR_Benchmark_for_Progressive_Interleaved_ICCV_2025_paper.pdf,0
Sun_CLIPer_Hierarchically_Improving_Spatial_Representation_of_CLIP_for_Open-Vocabulary_Semantic_ICCV_2025_paper.pdf,0
Lan_When_Schrodinger_Bridge_Meets_Real-World_Image_Dehazing_with_Unpaired_Training_ICCV_2025_paper.pdf,0
Huh_MBTI_Masked_Blending_Transformers_with_Implicit_Positional_Encoding_for_Frame-rate_ICCV_2025_paper.pdf,0
Chambon_GaussRender_Learning_3D_Occupancy_with_Gaussian_Rendering_ICCV_2025_paper.pdf,0
Kwon_One_Look_is_Enough_Seamless_Patchwise_Refinement_for_Zero-Shot_Monocular_ICCV_2025_paper.pdf,0
Hsu_OpenM3D_Open_Vocabulary_Multi-view_Indoor_3D_Object_Detection_without_Human_ICCV_2025_paper.pdf,0
Dasgupta_NGD_Neural_Gradient_Based_Deformation_for_Monocular_Garment_Reconstruction_ICCV_2025_paper.pdf,0
Kushida_Thermal_Polarimetric_Multi-view_Stereo_ICCV_2025_paper.pdf,0
Kuang_Cross-Granularity_Online_Optimization_with_Masked_Compensated_Information_for_Learned_Image_ICCV_2025_paper.pdf,Error
Feng_ATCTrack_Aligning_Target-Context_Cues_with_Dynamic_Target_States_for_Robust_ICCV_2025_paper.pdf,0
Lei_Adaptive_Learning_of_High-Value_Regions_for_Semi-Supervised_Medical_Image_Segmentation_ICCV_2025_paper.pdf,0
Guan_HDR_Image_Generation_via_Gain_Map_Decomposed_Diffusion_ICCV_2025_paper.pdf,0
Wang_ZeroStereo_Zero-shot_Stereo_Matching_from_Single_Images_ICCV_2025_paper.pdf,0
Tian_Voyaging_into_Perpetual_Dynamic_Scenes_from_a_Single_View_ICCV_2025_paper.pdf,0
Yang_GSRecon_Efficient_Generalizable_Gaussian_Splatting_for_Surface_Reconstruction_from_Sparse_ICCV_2025_paper.pdf,0
Zhang_Beyond_Low-Rank_Tuning_Model_Prior-Guided_Rank_Allocation_for_Effective_Transfer_ICCV_2025_paper.pdf,0
Chen_STDDNet_Harnessing_Mamba_for_Video_Polyp_Segmentation_via_Spatial-aligned_Temporal_ICCV_2025_paper.pdf,0
Su_A_Linear_N-Point_Solver_for_Structure_and_Motion_from_Asynchronous_ICCV_2025_paper.pdf,0
Olsson_Certifiably_Optimal_Anisotropic_Rotation_Averaging_ICCV_2025_paper.pdf,0
Shao_GausSim_Foreseeing_Reality_by_Gaussian_Simulator_for_Elastic_Objects_ICCV_2025_paper.pdf,0
Wang_LA-MOTR_End-to-End_Multi-Object_Tracking_by_Learnable_Association_ICCV_2025_paper.pdf,0
Zhang_Efficient_Visual_Place_Recognition_Through_Multimodal_Semantic_Knowledge_Integration_ICCV_2025_paper.pdf,0
Tang_Closed-Loop_Transfer_for_Weakly-supervised_Affordance_Grounding_ICCV_2025_paper.pdf,0
Jiang_VoteSplat_Hough_Voting_Gaussian_Splatting_for_3D_Scene_Understanding_ICCV_2025_paper.pdf,0
Ye_Leveraging_BEV_Paradigm_for_Ground-to-Aerial_Image_Synthesis_ICCV_2025_paper.pdf,0
You_FRET_Feature_Redundancy_Elimination_for_Test_Time_Adaptation_ICCV_2025_paper.pdf,0
H._Augmented_Mass-Spring_Model_for_Real-Time_Dense_Hair_Simulation_ICCV_2025_paper.pdf,0
Gao_Teleportraits_Training-Free_People_Insertion_into_Any_Scene_ICCV_2025_paper.pdf,0
Huang_ArtEditor_Learning_Customized_Instructional_Image_Editor_from_Few-Shot_Examples_ICCV_2025_paper.pdf,0
Kim_IDFace_Face_Template_Protection_for_Efficient_and_Secure_Identification_ICCV_2025_paper.pdf,0
Abud_IQA-Adapter_Exploring_Knowledge_Transfer_from_Image_Quality_Assessment_to_Diffusion-based_ICCV_2025_paper.pdf,0
Li_LMM-Det_Make_Large_Multimodal_Models_Excel_in_Object_Detection_ICCV_2025_paper.pdf,0
Li_What_we_need_is_explicit_controllability_Training_3D_gaze_estimator_ICCV_2025_paper.pdf,0
Habib_CarGait_Cross-Attention_based_Re-ranking_for_Gait_recognition_ICCV_2025_paper.pdf,0
Zheng_Efficient_Multi-Person_Motion_Prediction_by_Lightweight_Spatial_and_Temporal_Interactions_ICCV_2025_paper.pdf,0
Gupta_MDD_A_Dataset_for_Text-and-Music_Conditioned_Duet_Dance_Generation_ICCV_2025_paper.pdf,0
Parast_DDB_Diffusion_Driven_Balancing_to_Address_Spurious_Correlations_ICCV_2025_paper.pdf,0
Azad_DisenQ_Disentangling_Q-Former_for_Activity-Biometrics_ICCV_2025_paper.pdf,0
Jeong_Reangle-A-Video_4D_Video_Generation_as_Video-to-Video_Translation_ICCV_2025_paper.pdf,0
Wang_Failure_Cases_Are_Better_Learned_But_Boundary_Says_Sorry_Facilitating_ICCV_2025_paper.pdf,0
Yu_X2-Gaussian_4D_Radiative_Gaussian_Splatting_for_Continuous-time_Tomographic_Reconstruction_ICCV_2025_paper.pdf,0
Fang_Creation-MMBench_Assessing_Context-Aware_Creative_Intelligence_in_MLLMs_ICCV_2025_paper.pdf,0
Yuan_Learning_Normal_Flow_Directly_From_Events_ICCV_2025_paper.pdf,0
Marks_Tree_Skeletonization_from_3D_Point_Clouds_by_Denoising_Diffusion_ICCV_2025_paper.pdf,0
Balazadeh_Physics_Context_Builders_A_Modular_Framework_for_Physical_Reasoning_in_ICCV_2025_paper.pdf,0
Yang_SIGMAN_Scaling_3D_Human_Gaussian_Generation_with_Millions_of_Assets_ICCV_2025_paper.pdf,0
Pan_ICE-Bench_A_Unified_and_Comprehensive_Benchmark_for_Image_Creating_and_ICCV_2025_paper.pdf,0
Feng_A_Unified_Framework_for_Industrial_Cel-Animation_Colorization_with_Temporal-Structural_Awareness_ICCV_2025_paper.pdf,0
Wang_HoliTracer_Holistic_Vectorization_of_Geographic_Objects_from_Large-Size_Remote_Sensing_ICCV_2025_paper.pdf,0
Apolinario_CODE-CL_Conceptor-Based_Gradient_Projection_for_Deep_Continual_Learning_ICCV_2025_paper.pdf,0
Tian_MMCR_Benchmarking_Cross-Source_Reasoning_in_Scientific_Papers_ICCV_2025_paper.pdf,0
Weng_VisNumBench_Evaluating_Number_Sense_of_Multimodal_Large_Language_Models_ICCV_2025_paper.pdf,0
Malone_A_Hyperdimensional_One_Place_Signature_to_Represent_Them_All_Stackable_ICCV_2025_paper.pdf,0
Su_HAMoBE_Hierarchical_and_Adaptive_Mixture_of_Biometric_Experts_for_Video-based_ICCV_2025_paper.pdf,0
Qin_Structure_Matters_Revisiting_Boundary_Refinement_in_Video_Object_Segmentation_ICCV_2025_paper.pdf,0
Liu_Aligning_Information_Capacity_Between_Vision_and_Language_via_Dense-to-Sparse_Feature_ICCV_2025_paper.pdf,0
Wang_ROAR_Reducing_Inversion_Error_in_Generative_Image_Watermarking_ICCV_2025_paper.pdf,0
Guan_Text-guided_Visual_Prompt_DINO_for_Generic_Segmentation_ICCV_2025_paper.pdf,0
Wang_From_Abyssal_Darkness_to_Blinding_Glare_A_Benchmark_on_Extreme_ICCV_2025_paper.pdf,0
Zheng_Teeth_Reconstruction_and_Performance_Capture_Using_a_Phone_Camera_ICCV_2025_paper.pdf,0
Monga_DuET_Dual_Incremental_Object_Detection_via_Exemplar-Free_Task_Arithmetic_ICCV_2025_paper.pdf,0
Ki_FLOAT_Generative_Motion_Latent_Flow_Matching_for_Audio-driven_Talking_Portrait_ICCV_2025_paper.pdf,0
Islam_ReassembleNet_Learnable_Keypoints_and_Diffusion_for_2D_Fresco_Reconstruction_ICCV_2025_paper.pdf,0
Wang_Bridging_Continuous_and_Discrete_Tokens_for_Autoregressive_Visual_Generation_ICCV_2025_paper.pdf,0
Xiao_Reminiscence_Attack_on_Residuals_Exploiting_Approximate_Machine_Unlearning_for_Privacy_ICCV_2025_paper.pdf,0
Guo_Integrating_Visual_Interpretation_and_Linguistic_Reasoning_for_Geometric_Problem_Solving_ICCV_2025_paper.pdf,0
Cartella_Modeling_Human_Gaze_Behavior_with_Diffusion_Models_for_Unified_Scanpath_ICCV_2025_paper.pdf,0
Anshul_Intra-modal_and_Cross-modal_Synchronization_for_Audio-visual_Deepfake_Detection_and_Temporal_ICCV_2025_paper.pdf,0
Cao_FreeMorph_Tuning-Free_Generalized_Image_Morphing_with_Diffusion_Model_ICCV_2025_paper.pdf,0
Cho_Learning_Large_Motion_Estimation_from_Intermediate_Representations_with_a_High-Resolution_ICCV_2025_paper.pdf,0
Feng_Partially_Matching_Submap_Helps_Uncertainty_Modeling_and_Propagation_for_Text_ICCV_2025_paper.pdf,0
Huang_SCORE_Scene_Context_Matters_in_Open-Vocabulary_Remote_Sensing_Instance_Segmentation_ICCV_2025_paper.pdf,0
Li_Hydra-NeXt_Robust_Closed-Loop_Driving_with_Open-Loop_Training_ICCV_2025_paper.pdf,0
Ansari_NegRefine_Refining_Negative_Label-Based_Zero-Shot_OOD_Detection_ICCV_2025_paper.pdf,0
Jin_PixelStitch_Structure-Preserving_Pixel-Wise_Bidirectional_Warps_for_Unsupervised_Image_Stitching_ICCV_2025_paper.pdf,0
Kim_FedWSQ_Efficient_Federated_Learning_with_Weight_Standardization_and_Distribution-Aware_Non-Uniform_ICCV_2025_paper.pdf,0
Goyal_GEOPARD_Geometric_Pretraining_for_Articulation_Prediction_in_3D_Shapes_ICCV_2025_paper.pdf,0
Luo_Learning_Few-Step_Diffusion_Models_by_Trajectory_Distribution_Matching_ICCV_2025_paper.pdf,0
Hasson_SciVid_Cross-Domain_Evaluation_of_Video_Models_in_Scientific_Applications_ICCV_2025_paper.pdf,0
Ai_UPP_Unified_Point-Level_Prompting_for_Robust_Point_Cloud_Analysis_ICCV_2025_paper.pdf,0
Zhu_PBFG_A_New_Physically-Based_Dataset_and_Removal_of_Lens_Flares_ICCV_2025_paper.pdf,0
Jeong_Synchronizing_Task_Behavior_Aligning_Multiple_Tasks_during_Test-Time_Training_ICCV_2025_paper.pdf,0
Dai_Straighten_Viscous_Rectified_Flow_via_Noise_Optimization_ICCV_2025_paper.pdf,0
Wang_SEGA_A_Stepwise_Evolution_Paradigm_for_Content-Aware_Layout_Generation_with_ICCV_2025_paper.pdf,0
Kim_PLADIS_Pushing_the_Limits_of_Attention_in_Diffusion_Models_at_ICCV_2025_paper.pdf,0
Liu_Flow4Agent_Long-form_Video_Understanding_via_Motion_Prior_from_Optical_Flow_ICCV_2025_paper.pdf,0
Zhang_LEGO-Maker_A_Semantic-Driven_Algorithm_for_Text-to-3D_Generation_ICCV_2025_paper.pdf,0
Hong_Borrowing_Eyes_for_the_Blind_Spot_Overcoming_Data_Scarcity_in_ICCV_2025_paper.pdf,0
Knoche_DONUT_A_Decoder-Only_Model_for_Trajectory_Prediction_ICCV_2025_paper.pdf,0
Kim_2D_Gaussian_Splatting-based_Sparse-view_Transparent_Object_Depth_Reconstruction_via_Physics_ICCV_2025_paper.pdf,0
Gao_HOMO-Feature_Cross-Arbitrary-Modal_Image_Matching_with_Homomorphism_of_Organized_Major_Orientation_ICCV_2025_paper.pdf,0
Salari_CABLD_Contrast-Agnostic_Brain_Landmark_Detection_with_Consistency-Based_Regularization_ICCV_2025_paper.pdf,0
Zhan_Towards_Explicit_Exoskeleton_for_the_Reconstruction_of_Complicated_3D_Human_ICCV_2025_paper.pdf,0
Kazakos_Large-scale_Pre-training_for_Grounded_Video_Caption_Generation_ICCV_2025_paper.pdf,0
Ying_LDPose_Towards_Inclusive_Human_Pose_Estimation_for_Limb-Deficient_Individuals_in_ICCV_2025_paper.pdf,0
Zhu_Move_to_Understand_a_3D_Scene_Bridging_Visual_Grounding_and_ICCV_2025_paper.pdf,0
Liao_Leveraging_Local_Patch_Alignment_to_Seam-cutting_for_Large_Parallax_Image_ICCV_2025_paper.pdf,0
Xu_Diffusion-Based_Imaginative_Coordination_for_Bimanual_Manipulation_ICCV_2025_paper.pdf,0
Jeong_FaceShield_Defending_Facial_Image_against_Deepfake_Threats_ICCV_2025_paper.pdf,0
Pang_Augmented_and_Softened_Matching_for_Unsupervised_Visible-Infrared_Person_Re-Identification_ICCV_2025_paper.pdf,0
Aghazadeh_CAP_Evaluation_of_Persuasive_and_Creative_Image_Generation_ICCV_2025_paper.pdf,0
Kreutz_DeSPITE_Exploring_Contrastive_Deep_Skeleton-Pointcloud-IMU-Text_Embeddings_for_Advanced_Point_Cloud_ICCV_2025_paper.pdf,0
Zeng_Instant_GaussianImage_A_Generalizable_and_Self-Adaptive_Image_Representation_via_2D_ICCV_2025_paper.pdf,0
Ha_Multi-modal_Multi-platform_Person_Re-Identification_Benchmark_and_Method_ICCV_2025_paper.pdf,0
Meral_Contrastive_Test-Time_Composition_of_Multiple_LoRA_Models_for_Image_Generation_ICCV_2025_paper.pdf,0
Sargent_Flow_to_the_Mode_Mode-Seeking_Diffusion_Autoencoders_for_State-of-the-Art_Image_ICCV_2025_paper.pdf,0
Qiu_Bridging_Local_Inductive_Bias_and_Long-Range_Dependencies_with_Pixel-Mamba_for_ICCV_2025_paper.pdf,0
Su_OVA-Fields_Weakly_Supervised_Open-Vocabulary_Affordance_Fields_for_Robot_Operational_Part_ICCV_2025_paper.pdf,0
Regensky_Beyond_Perspective_Neural_360-Degree_Video_Compression_ICCV_2025_paper.pdf,0
Zhou_Who_is_a_Better_Talker_Subjective_and_Objective_Quality_Assessment_ICCV_2025_paper.pdf,0
Li_Met2Net_A_Decoupled_Two-Stage_Spatio-Temporal_Forecasting_Model_for_Complex_Meteorological_ICCV_2025_paper.pdf,0
Kwon_MemDistill_Distilling_LiDAR_Knowledge_into_Memory_for_Camera-Only_3D_Object_ICCV_2025_paper.pdf,0
Qian_Beyond_Label_Semantics_Language-Guided_Action_Anatomy_for_Few-shot_Action_Recognition_ICCV_2025_paper.pdf,0
Liu_Generative_Video_Bi-flow_ICCV_2025_paper.pdf,0
Yuan_ASGS_Single-Domain_Generalizable_Open-Set_Object_Detection_via_Adaptive_Subgraph_Searching_ICCV_2025_paper.pdf,0
Zheng_SpiLiFormer_Enhancing_Spiking_Transformers_with_Lateral_Inhibition_ICCV_2025_paper.pdf,0
Kirschstein_Avat3r_Large_Animatable_Gaussian_Reconstruction_Model_for_High-fidelity_3D_Head_ICCV_2025_paper.pdf,0
Dong_PS-Mamba_Spatial-Temporal_Graph_Mamba_for_Pose_Sequence_Refinement_ICCV_2025_paper.pdf,0
Li_Enhanced_Pansharpening_via_Quaternion_Spatial-Spectral_Interactions_ICCV_2025_paper.pdf,0
Chen_SVIP_Semantically_Contextualized_Visual_Patches_for_Zero-Shot_Learning_ICCV_2025_paper.pdf,0
Kim_Event-guided_Unified_Framework_for_Low-light_Video_Enhancement_Frame_Interpolation_and_ICCV_2025_paper.pdf,0
Pierson_DiffuMatch_Category-Agnostic_Spectral_Diffusion_Priors_for_Robust_Non-rigid_Shape_Matching_ICCV_2025_paper.pdf,0
Zhou_Multi-turn_Consistent_Image_Editing_ICCV_2025_paper.pdf,0
Gruszczynski_Beyond_Blur_A_Fluid_Perspective_on_Generative_Diffusion_Models_ICCV_2025_paper.pdf,0
Kim_FlowDPS__Flow-Driven_Posterior_Sampling_for_Inverse_Problems_ICCV_2025_paper.pdf,0
Xie_AlignDiff_Learning_Physically-Grounded_Camera_Alignment_via_Diffusion_ICCV_2025_paper.pdf,0
Saad_How_Would_It_Sound_Material-Controlled_Multimodal_Acoustic_Profile_Generation_for_ICCV_2025_paper.pdf,0
Kim_DAViD_Modeling_Dynamic_Affordance_of_3D_Objects_Using_Pre-trained_Video_ICCV_2025_paper.pdf,0
Shin_Exploring_Multimodal_Diffusion_Transformers_for_Enhanced_Prompt-based_Image_Editing_ICCV_2025_paper.pdf,0
