filename,latam_detected
pdf?id=z1wIUZtBmK.pdf,0
pdf?id=WbpXT0WL9S.pdf,0
pdf?id=41bIzD5sit.pdf,0
pdf?id=mVh0lIsdUl.pdf,0
pdf?id=MBQZwQ6vFd.pdf,0
pdf?id=cLJfumTWLI.pdf,0
pdf?id=p6Huickfj7.pdf,0
pdf?id=ZDbhQrgwoT.pdf,0
pdf?id=g2AAvmBwkS.pdf,0
pdf?id=nJ5GhQO35W.pdf,0
pdf?id=caSQXNsxXX.pdf,0
pdf?id=mBgGg30LZu.pdf,0
pdf?id=LkqK19tqgx.pdf,0
pdf?id=TfCXLp0Jgo.pdf,0
pdf?id=heIh4lkBEd.pdf,0
pdf?id=btW3QTadkW.pdf,0
pdf?id=6vcgsrK6pN.pdf,0
pdf?id=Mat9FTfiYD.pdf,0
pdf?id=RTjr4DnS79.pdf,0
pdf?id=5fKXeqtBuB.pdf,0
pdf?id=3oh7lBEF7X.pdf,0
pdf?id=N3UNXzWRRG.pdf,0
pdf?id=mt5knCQyq0.pdf,0
pdf?id=uiuA0ixKLd.pdf,0
pdf?id=jIJhQ51NxO.pdf,0
pdf?id=h3lyFa5e1W.pdf,0
pdf?id=xoNrbfbekM.pdf,0
pdf?id=EkoAKNikAj.pdf,0
pdf?id=fYW1PKawwJ.pdf,0
pdf?id=s4zitEu2R8.pdf,0
pdf?id=wab4BEAUt6.pdf,0
pdf?id=3p4272zl7q.pdf,0
pdf?id=1GCbcBJt83.pdf,0
pdf?id=4TUpqyDJbz.pdf,0
pdf?id=ZR2mdBrhJX.pdf,0
pdf?id=NBNwoHfMyf.pdf,0
pdf?id=ifneY2bnlQ.pdf,0
pdf?id=4H3xG3aDS1.pdf,0
pdf?id=zPgPDHupcE.pdf,0
pdf?id=V5efEA8nIr.pdf,0
pdf?id=wxplnh8z01.pdf,0
pdf?id=yjLew3Nd7z.pdf,0
pdf?id=F11iEhKoYp.pdf,0
pdf?id=AJAEHgM8lc.pdf,0
pdf?id=JSbVO7dNYE.pdf,0
pdf?id=tebG8q5EeK.pdf,0
pdf?id=nwlX15Wnr9.pdf,0
pdf?id=XTHI90js2e.pdf,0
pdf?id=4kTpb8pITI.pdf,0
pdf?id=mHHrnCWwrD.pdf,0
pdf?id=dY29IUPTuy.pdf,0
pdf?id=V8FnYzDX35.pdf,0
pdf?id=JbvSQm5h1l.pdf,0
pdf?id=mG9xItYI0D.pdf,0
pdf?id=ETgPUJfQE1.pdf,0
pdf?id=4jFSekBaDT.pdf,0
pdf?id=rOR5IZcwJx.pdf,0
pdf?id=t4irkwEXhr.pdf,0
pdf?id=3nza35A6I4.pdf,0
pdf?id=mZuFaBAVs6.pdf,0
pdf?id=qwwPhjDea0.pdf,0
pdf?id=XdCglv7Um7.pdf,0
pdf?id=feAzLLT9to.pdf,0
pdf?id=6eLlczxbrp.pdf,0
pdf?id=jiCLUPq5xv.pdf,0
pdf?id=wlqoUpuQrv.pdf,0
pdf?id=UBRFn7YKMe.pdf,0
pdf?id=6uKIm4bfEe.pdf,0
pdf?id=cdgVrsu7T5.pdf,0
pdf?id=n1hYQmpCSW.pdf,0
pdf?id=xUx2B2NHvj.pdf,0
pdf?id=obXGSmmG70.pdf,0
pdf?id=gxgPjFjGmd.pdf,0
pdf?id=kuoD6G0Suq.pdf,0
pdf?id=7bP1wHsJgR.pdf,0
pdf?id=7ieS4EYKnB.pdf,0
pdf?id=NCzNOKjKnD.pdf,0
pdf?id=nZ4mFzCZIx.pdf,0
pdf?id=YtsX7irxbq.pdf,0
pdf?id=2n6fd8QlEC.pdf,0
pdf?id=9LoVCfMLDl.pdf,0
pdf?id=ktC3cDu320.pdf,0
pdf?id=IIGiVRKJYa.pdf,0
pdf?id=KM2XzHq2Rm.pdf,0
pdf?id=Zn2ajV1kTQ.pdf,0
pdf?id=ZdQhQOXVku.pdf,0
pdf?id=fwJ1rRHT91.pdf,0
pdf?id=WO7rfbEGRU.pdf,0
pdf?id=HkTOnCUQ1z.pdf,0
pdf?id=mImUMLEpdf.pdf,0
pdf?id=crPlJvwHhS.pdf,0
pdf?id=m5wrqqcWbN.pdf,0
pdf?id=r2ykUnzuGt.pdf,0
pdf?id=hyolWgWWyg.pdf,0
pdf?id=mzlwDAQkgJ.pdf,0
pdf?id=bW9SJJ9cHN.pdf,0
pdf?id=eGcpmWdPg5.pdf,0
pdf?id=OixkI1jSZD.pdf,0
pdf?id=ZBlIh88GMA.pdf,0
pdf?id=ZnsR3waLUo.pdf,0
pdf?id=FQbkBcpcvA.pdf,0
pdf?id=3Cr6C2zNKw.pdf,0
pdf?id=ok3iIeuQV4.pdf,0
pdf?id=0KAdFd5zku.pdf,0
pdf?id=zOFxp98km2.pdf,0
pdf?id=vritEZz28d.pdf,0
pdf?id=IYVknFxsJb.pdf,0
pdf?id=yBWRrqPwyN.pdf,0
pdf?id=jCGwSLwOt9.pdf,0
pdf?id=bEYzeItoOH.pdf,0
pdf?id=snmF71gb7Q.pdf,0
pdf?id=pXoR0Sy4WQ.pdf,0
pdf?id=MO4U4mg0oT.pdf,0
pdf?id=wQfO6aEgbE.pdf,0
pdf?id=rRHuBZdDfY.pdf,0
pdf?id=pdlepT2alu.pdf,0
pdf?id=xhKsnxJ9FD.pdf,0
pdf?id=lMxuq0GNeC.pdf,0
pdf?id=fLx3vQPmDu.pdf,0
pdf?id=z4AMrCOetn.pdf,0
pdf?id=RBiyFxwGJm.pdf,0
pdf?id=LpY1jgtk8I.pdf,0
pdf?id=MGJVhzWa2s.pdf,0
pdf?id=1mokb8ohOQ.pdf,0
pdf?id=UuhoYEaUhT.pdf,0
pdf?id=5TTUwJGqHT.pdf,0
pdf?id=0XCZWAo7wN.pdf,0
pdf?id=pc6M9h3T9m.pdf,0
pdf?id=uIIxKnFmeY.pdf,0
pdf?id=DZnBoIAy4V.pdf,0
pdf?id=dGi2d5yDs4.pdf,0
pdf?id=UFtuhsTcYW.pdf,0
pdf?id=NatwrOmOvM.pdf,0
pdf?id=SoqzNbcBjy.pdf,0
pdf?id=JlVn0XRpy0.pdf,0
pdf?id=oCBKGw5HNf.pdf,0
pdf?id=HhCl2BIHfk.pdf,0
pdf?id=GtImvTta8x.pdf,0
pdf?id=5g9qls1V7Q.pdf,0
pdf?id=mPOQZMBKaN.pdf,0
pdf?id=kWZRLR7w52.pdf,0
pdf?id=8mFVIRTr7I.pdf,0
pdf?id=kZahfVKYbl.pdf,0
pdf?id=XbAtacZeEp.pdf,0
pdf?id=TE63KPCXWt.pdf,0
pdf?id=S2fswKCN9T.pdf,0
pdf?id=zp7W2QmxHS.pdf,0
pdf?id=u1j6RqH8nM.pdf,0
pdf?id=ZK7dqwWxex.pdf,0
pdf?id=FxV7Fvlm2T.pdf,0
pdf?id=a1fWrvr72O.pdf,0
pdf?id=1KylG7l2oQ.pdf,0
pdf?id=XoFJjBH1Oq.pdf,0
pdf?id=e96KCdEfRu.pdf,0
pdf?id=hT7Nj7SAQb.pdf,0
pdf?id=mVRphqQKnb.pdf,0
pdf?id=INqBOmwIpG.pdf,0
pdf?id=tYnJC5ba6j.pdf,0
pdf?id=2tqcROH3iO.pdf,0
pdf?id=hVoIz6xD9Q.pdf,0
pdf?id=KnqiC0znVF.pdf,0
pdf?id=bSs0d6NLiw.pdf,0
pdf?id=FDAI0PY9Qp.pdf,0
pdf?id=ud7VVZ693U.pdf,0
pdf?id=Bds54EfR9x.pdf,0
pdf?id=UGjWlxU6GY.pdf,0
pdf?id=Gvq2AfuVEA.pdf,0
pdf?id=TmU3yfLTsS.pdf,0
pdf?id=BcYfsMMpV1.pdf,0
pdf?id=EaTRrceoU9.pdf,0
pdf?id=lSLSzYuyfX.pdf,0
pdf?id=LuKlBH8DAT.pdf,0
pdf?id=xQH4lDLIC0.pdf,0
pdf?id=OGgV9hpVGD.pdf,0
pdf?id=n63KgrgVHG.pdf,0
pdf?id=qF5IrJfJDS.pdf,0
pdf?id=GkztRjE4P4.pdf,0
pdf?id=NMQUvjAY5x.pdf,0
pdf?id=cWlRC064GK.pdf,0
pdf?id=eIojV2epgX.pdf,0
pdf?id=fzyBjGrpp3.pdf,0
pdf?id=yG8vmj3EAU.pdf,0
pdf?id=g3EF5XsapH.pdf,0
pdf?id=qILtlupwrR.pdf,0
pdf?id=iLYV4iIC0c.pdf,0
pdf?id=VymXLPX6Ps.pdf,0
pdf?id=VNTj7PGlrz.pdf,0
pdf?id=KMbl8lg5Rv.pdf,0
pdf?id=ZL7RuWd6QK.pdf,0
pdf?id=eWxKpdAdXH.pdf,0
pdf?id=UX143QGvb8.pdf,0
pdf?id=XsUnSped3E.pdf,0
pdf?id=VUoY5kacG5.pdf,0
pdf?id=lovTDtbsdZ.pdf,0
pdf?id=7WgYEIOLdv.pdf,0
pdf?id=Qvvy0X63Fv.pdf,0
pdf?id=mnIox70nhO.pdf,0
pdf?id=BDKkFwskot.pdf,0
pdf?id=dX2BTCD02T.pdf,0
pdf?id=KkOMqJQiWU.pdf,0
pdf?id=di43GKTaPz.pdf,0
pdf?id=7wEvjzkNXg.pdf,0
pdf?id=wuMdBGMe3y.pdf,0
pdf?id=22CqLfjiVl.pdf,0
pdf?id=PBy1Ew1ihV.pdf,0
pdf?id=BpwIPxSSdb.pdf,0
pdf?id=cHi8QxGrZH.pdf,0
pdf?id=BFW1fkB8ck.pdf,0
pdf?id=zL4ifL17bU.pdf,0
pdf?id=jYAdfwVGZw.pdf,0
pdf?id=41ZbysfW4h.pdf,0
pdf?id=ONebBepE9l.pdf,0
pdf?id=hymrUe6ATL.pdf,0
pdf?id=QFOhUboCvp.pdf,0
pdf?id=fKerD2AQai.pdf,0
pdf?id=MzN2Xi7EMa.pdf,0
pdf?id=RVkuARTXet.pdf,0
pdf?id=TpdrvezvEA.pdf,0
pdf?id=NKJzAFYYI4.pdf,0
pdf?id=tYyzs6nFgM.pdf,0
pdf?id=ycCi4SkzPH.pdf,0
pdf?id=E16vULI6AF.pdf,0
pdf?id=PRCizVyL1K.pdf,0
pdf?id=fvho95EtPu.pdf,0
pdf?id=tIA46eoqhn.pdf,0
pdf?id=Ggtc3xXff2.pdf,0
pdf?id=R3xbcRIzUd.pdf,0
pdf?id=Vj48eXaQDM.pdf,0
pdf?id=ooiHIklvN5.pdf,0
pdf?id=fGOZjuzvJb.pdf,0
pdf?id=U8BwT6Rmw4.pdf,0
pdf?id=lrwntEIcYj.pdf,0
pdf?id=SgQAleMecy.pdf,0
pdf?id=MVYz4GmcUH.pdf,0
pdf?id=8DCyv8x58O.pdf,0
pdf?id=BiowiwzQaO.pdf,0
pdf?id=Kc1WTxZbrP.pdf,0
pdf?id=m0q8NfGWnv.pdf,0
pdf?id=nzwjvpCO4F.pdf,0
pdf?id=ZZMkEooail.pdf,0
pdf?id=PdKhoj6goO.pdf,0
pdf?id=8LMwwt8E2s.pdf,0
pdf?id=tu3P6KSHGN.pdf,0
pdf?id=b50IW9yV2M.pdf,0
pdf?id=SkAY3KHKn2.pdf,0
pdf?id=soMxYQaMnF.pdf,0
pdf?id=1si0Vq4O91.pdf,0
pdf?id=bomqTo3pin.pdf,0
pdf?id=8omLr8BtjL.pdf,0
pdf?id=yXitkQJmpj.pdf,0
pdf?id=nUZaI7aRb2.pdf,0
pdf?id=MNqBFIGT8l.pdf,0
pdf?id=vM4PIjsJDG.pdf,0
pdf?id=ou2TWBW4zm.pdf,0
pdf?id=5NkfjxMpWe.pdf,0
pdf?id=DxiP59Z81m.pdf,0
pdf?id=9uqGAlhgBS.pdf,0
pdf?id=epIGnGgcKD.pdf,0
pdf?id=FvXI7DNQfz.pdf,0
pdf?id=CrdrVdXCui.pdf,0
pdf?id=42VDMzV7qm.pdf,0
pdf?id=8ySOcf7UpM.pdf,0
pdf?id=f6AoMP75dy.pdf,0
pdf?id=XQIa0vGIum.pdf,0
pdf?id=iD3UTLZ6B9.pdf,0
pdf?id=IFjjzfkC65.pdf,0
pdf?id=vhzqdxuSB3.pdf,0
pdf?id=5ODlY0KYCx.pdf,0
pdf?id=oJ84bedrtM.pdf,0
pdf?id=TZB6YT8Owr.pdf,0
pdf?id=hTxnm6H93P.pdf,0
pdf?id=EeIb2ba8F4.pdf,0
pdf?id=HbTxc6U1fO.pdf,0
pdf?id=sj5wiTCtu6.pdf,0
pdf?id=Rgk129n73h.pdf,0
pdf?id=lYnNzmFt7r.pdf,0
pdf?id=YBrBFn4nSM.pdf,0
pdf?id=dbq6NZfi3c.pdf,0
pdf?id=Rzqs4q9ooa.pdf,0
pdf?id=VzSjSUE0BZ.pdf,0
pdf?id=lGUzCAdYoq.pdf,0
pdf?id=iQoZv77o3g.pdf,0
pdf?id=iZC5xoQQkX.pdf,0
pdf?id=M83RPhdsX4.pdf,0
pdf?id=D9JeNTs5Bu.pdf,0
pdf?id=GKLePUzyO8.pdf,0
pdf?id=Lf0W2gmNBg.pdf,0
pdf?id=4VKVUmE1I8.pdf,0
pdf?id=FhJLFLPqH5.pdf,0
pdf?id=SbfdxWibDn.pdf,0
pdf?id=l0kR6m9NDT.pdf,0
pdf?id=2lgVQRB4dh.pdf,0
pdf?id=KxhCJc8BOg.pdf,0
pdf?id=PsVp5Gxm0s.pdf,0
pdf?id=i5WnXNjwbR.pdf,0
pdf?id=NdScoAix25.pdf,0
pdf?id=REAhulrjzR.pdf,0
pdf?id=dt940loCBT.pdf,0
pdf?id=Bitk7yCRXB.pdf,0
pdf?id=DG0F1cdjN7.pdf,0
pdf?id=qYDBgSeAlU.pdf,0
pdf?id=v5ru9MGjsW.pdf,0
pdf?id=QAVpe6a3rp.pdf,0
pdf?id=vNmWbINtwH.pdf,0
pdf?id=GdrBPyUNPL.pdf,0
pdf?id=h0aA8xpL4U.pdf,0
pdf?id=eSIRst0WVy.pdf,0
pdf?id=Xh3AIqtOHM.pdf,0
pdf?id=MQ91RWfxMD.pdf,0
pdf?id=9zD2i7YRot.pdf,0
pdf?id=gJclyLFSdU.pdf,0
pdf?id=6rpy7X1Of8.pdf,0
pdf?id=3GPB0zbcSi.pdf,0
pdf?id=iFIjNXb0Y5.pdf,0
pdf?id=2rupjsmVpp.pdf,0
pdf?id=ygNaCTGUwJ.pdf,0
pdf?id=2Gnp8sdwVe.pdf,0
pdf?id=bmznY5wYXH.pdf,0
pdf?id=7cirmREfbc.pdf,0
pdf?id=obwRcksFZw.pdf,0
pdf?id=19MEprgUub.pdf,0
pdf?id=GuvQJGgbLm.pdf,0
pdf?id=vJtnJfS2mQ.pdf,0
pdf?id=lUtNvMiW3C.pdf,0
pdf?id=N5V3dlIck9.pdf,0
pdf?id=XxR70zr9Sf.pdf,0
pdf?id=pDWwz9F7Zh.pdf,0
pdf?id=LNrAzsnJSE.pdf,0
pdf?id=gRKorMGYlR.pdf,0
pdf?id=e4IlBqhbTO.pdf,0
pdf?id=0e1KaHtgvU.pdf,0
pdf?id=MBJ46gd1CT.pdf,0
pdf?id=w5euaFgNWm.pdf,0
pdf?id=erwwuMhTJX.pdf,0
pdf?id=S1F2qhendd.pdf,0
pdf?id=JqyEIr41M4.pdf,0
pdf?id=btm5Z5Vu8G.pdf,0
pdf?id=MYfyMjaoQh.pdf,0
pdf?id=YDWRTYgR79.pdf,0
pdf?id=rHt6tt5RNF.pdf,0
pdf?id=H1NGlLNaVC.pdf,0
pdf?id=onhjdWCxZY.pdf,0
pdf?id=CI7ZQnZTKu.pdf,0
pdf?id=AZ1iyo58F8.pdf,Error
pdf?id=JRmIvBcnWc.pdf,0
pdf?id=2uKVyGq5zK.pdf,0
pdf?id=UKFg5yeZeX.pdf,0
pdf?id=pQ0D0vdjJv.pdf,0
pdf?id=J0SbYYY0po.pdf,0
pdf?id=Z7eXOBcxE9.pdf,0
pdf?id=fxxMReBRhi.pdf,0
pdf?id=d2EouMhAAq.pdf,0
pdf?id=wNMK5o0Vfg.pdf,0
pdf?id=uL7lCOHtiZ.pdf,0
pdf?id=nJq5z21eUk.pdf,0
pdf?id=VswQY0peMr.pdf,0
pdf?id=xWCfTMjQH5.pdf,0
pdf?id=4MvqmXnCEr.pdf,0
pdf?id=Gq4Gay8rDB.pdf,0
pdf?id=7Z3wQSu3mH.pdf,0
pdf?id=ffBF6hYuQv.pdf,0
pdf?id=lBdhx5nKOL.pdf,0
pdf?id=RnXS7aK4rK.pdf,0
pdf?id=TLxJAqucpL.pdf,0
pdf?id=ifavjJaKQa.pdf,0
pdf?id=5WkXhmvvgk.pdf,0
pdf?id=p3z75I8lVq.pdf,0
pdf?id=HTLa6Ao0jG.pdf,0
pdf?id=vaosMuNvOt.pdf,0
pdf?id=F74FXkicGK.pdf,0
pdf?id=yTFJmGFsEy.pdf,0
pdf?id=ujg9XKwqWT.pdf,0
pdf?id=W8xcKoJcrl.pdf,0
pdf?id=5pQFE4yIZ5.pdf,0
pdf?id=InyYuWLWHD.pdf,0
pdf?id=Emwu0jyOBg.pdf,0
pdf?id=Gibq7Wa7Bq.pdf,0
pdf?id=lDh78hf5Vk.pdf,0
pdf?id=KrglRiOKYT.pdf,0
pdf?id=wHsFqmM1rp.pdf,0
pdf?id=VHb883Gs1u.pdf,0
pdf?id=XougXwZAHI.pdf,0
pdf?id=NABGO9Bful.pdf,0
pdf?id=Grpqzwpwv8.pdf,0
pdf?id=xFDKphWWnD.pdf,0
pdf?id=IuC5rIZsMS.pdf,0
pdf?id=ZSAWYtIwGg.pdf,0
pdf?id=M1OqlaNrw7.pdf,0
pdf?id=3YguS2rxdk.pdf,0
pdf?id=n5NZqzAITL.pdf,0
pdf?id=T7KZbdzAXB.pdf,0
pdf?id=EMa1ih7Wdt.pdf,0
pdf?id=tPqBnGwTwa.pdf,0
pdf?id=f4GBN307sm.pdf,0
pdf?id=CDEbgwJ6ET.pdf,0
pdf?id=Guar1tumDr.pdf,0
pdf?id=Z6b7xavA3Y.pdf,0
pdf?id=SX6nL00JvM.pdf,0
pdf?id=dbaYQyruY2.pdf,0
pdf?id=7M9JGaoAeC.pdf,0
pdf?id=AqMIOl2JuW.pdf,0
pdf?id=qfP6IDxOrA.pdf,0
pdf?id=eyH8QLn2Qx.pdf,0
pdf?id=PlcH6HJku4.pdf,0
pdf?id=1nSynwHvu2.pdf,0
pdf?id=wtcv48HImz.pdf,0
pdf?id=V4oTkK7cQz.pdf,0
pdf?id=E0cjqfM55C.pdf,0
pdf?id=NRqGpUAjV9.pdf,0
pdf?id=fbTGCEfztk.pdf,0
pdf?id=NG7kM4wxaN.pdf,0
pdf?id=e0ltwNcoIp.pdf,0
pdf?id=cl4PCrKrc5.pdf,1
pdf?id=de3kwOXQ9e.pdf,0
pdf?id=vm84b0Gksj.pdf,0
pdf?id=h6xQClTm4W.pdf,0
pdf?id=2bgwni6Ber.pdf,0
pdf?id=Gdyw9m5juh.pdf,0
pdf?id=5X6PL4906S.pdf,0
pdf?id=MQJGqVeDd4.pdf,0
pdf?id=7pufO0SJAC.pdf,0
pdf?id=4pe5ZNNJyG.pdf,0
pdf?id=Pi1ON44YFP.pdf,0
pdf?id=LjmXrUsSrg.pdf,0
pdf?id=vpzXyUoN8J.pdf,0
pdf?id=bLXfEMe1Dk.pdf,0
pdf?id=eOLdGbXT6t.pdf,0
pdf?id=bTssV4Cnjn.pdf,0
pdf?id=s4LnWgjacg.pdf,0
pdf?id=71e1UmCMQ9.pdf,0
pdf?id=BG0Hbee5si.pdf,0
pdf?id=b3tygCf3T7.pdf,0
pdf?id=U2egSkNzP4.pdf,0
pdf?id=LUvu0H3uIG.pdf,0
pdf?id=9yG7LGYfHS.pdf,0
pdf?id=MMYTA3v66p.pdf,0
pdf?id=mor7s1NGBV.pdf,0
pdf?id=Ep4mYI7OLF.pdf,0
pdf?id=ustF8MMZDJ.pdf,0
pdf?id=LZrRvYBqsJ.pdf,0
pdf?id=9osvTOYbT4.pdf,0
pdf?id=SPrb3ZH7hZ.pdf,0
pdf?id=WXAjAelIpJ.pdf,0
pdf?id=6aaixHco6C.pdf,0
pdf?id=l5N0P1UJKP.pdf,0
pdf?id=plpAecfkf4.pdf,0
pdf?id=cxb5EsQHW3.pdf,0
pdf?id=4f6mEr1DQs.pdf,0
pdf?id=5GaDcRVgBw.pdf,0
pdf?id=P6PijkA5lz.pdf,0
pdf?id=jmLCBLeEC4.pdf,0
pdf?id=6geRIdlFWJ.pdf,0
pdf?id=D1PeGJtVEu.pdf,0
pdf?id=Kvsa8ZXd0W.pdf,0
pdf?id=Xm57IXqU0n.pdf,0
pdf?id=9G0qc90PyI.pdf,0
pdf?id=AumtzgHji1.pdf,0
pdf?id=a7bisLzORM.pdf,0
pdf?id=PtGMadeONU.pdf,0
pdf?id=H55l4vLQV8.pdf,0
pdf?id=Z5pd8iHP2q.pdf,0
pdf?id=eQ79kT0QY1.pdf,0
pdf?id=OYciB30Z4n.pdf,0
pdf?id=16QYhVFvrO.pdf,0
pdf?id=HenpVfO3Wp.pdf,0
pdf?id=l1DDTSqFq7.pdf,0
pdf?id=UN4zB8oH9S.pdf,0
pdf?id=Bqui2s3xFi.pdf,0
pdf?id=7lLnWh0otf.pdf,0
pdf?id=Hehoz0QgeF.pdf,0
pdf?id=g52NwTQj0Q.pdf,0
pdf?id=hTbimOuFPM.pdf,0
pdf?id=j6vywikodV.pdf,0
pdf?id=2Z0OFReqkT.pdf,0
pdf?id=PdRf0O7baQ.pdf,0
pdf?id=9q6sNvAaqO.pdf,0
pdf?id=4qPAOYjSlx.pdf,0
pdf?id=M1b7IuY6Co.pdf,0
pdf?id=SAbQLqf8XL.pdf,0
pdf?id=BOwPpmRgmW.pdf,0
pdf?id=uX4dyc7Z5Z.pdf,0
pdf?id=YX5DHa9OfX.pdf,0
pdf?id=qsYbytjmQK.pdf,0
pdf?id=AYDMNzpJPv.pdf,0
pdf?id=JvHif4fyeP.pdf,0
pdf?id=gHeMLGEVJz.pdf,0
pdf?id=9F2Cmgo17M.pdf,0
pdf?id=2Qn6skg175.pdf,0
pdf?id=04ZLO7bIvu.pdf,0
pdf?id=G6K2NepP7S.pdf,0
pdf?id=a49F7EAm6l.pdf,0
pdf?id=LwPjJHVWSn.pdf,0
pdf?id=rRPyI2h0yN.pdf,0
pdf?id=2hiNrfMmQ7.pdf,0
pdf?id=2ClM0g9OFT.pdf,0
pdf?id=gVtk4lzhcl.pdf,0
pdf?id=SbJAGSdLhY.pdf,0
pdf?id=Idmk7O4sWA.pdf,0
pdf?id=W6WC6047X2.pdf,0
pdf?id=1ZuzFUMtx6.pdf,0
pdf?id=dVIx32Lq7J.pdf,0
pdf?id=ONE9LYBQYS.pdf,0
pdf?id=FGMBxzpgis.pdf,0
pdf?id=mHfpziOtTW.pdf,0
pdf?id=tGLZj8GWx3.pdf,0
pdf?id=QFuuxfmqb5.pdf,0
pdf?id=ZAu7sADxfh.pdf,0
pdf?id=GMiC4ccyHn.pdf,0
pdf?id=oDoPiR8wZJ.pdf,0
pdf?id=Xma2G1ak3H.pdf,0
pdf?id=owNPAl7LNK.pdf,0
pdf?id=GplW3hkvnr.pdf,0
pdf?id=Vzi96rTe4w.pdf,0
pdf?id=LHsQSC89Pt.pdf,0
pdf?id=miCXNqXyVS.pdf,0
pdf?id=Phi6C3kFy1.pdf,0
pdf?id=cpgCK7LdgU.pdf,0
pdf?id=OROkRBW6cu.pdf,0
pdf?id=ZUb4JpNoJe.pdf,0
pdf?id=xgTxQe3CNl.pdf,0
pdf?id=gFFgCWiXWI.pdf,0
pdf?id=9ccmoYhZue.pdf,0
pdf?id=0KnFWyzrbj.pdf,0
pdf?id=i99ZhFw6GN.pdf,0
pdf?id=qI64pCXNXn.pdf,0
pdf?id=4OLbpaTKJe.pdf,0
pdf?id=isil4sVqSQ.pdf,0
pdf?id=rgrpS4SFNF.pdf,0
pdf?id=gb2wOj7V74.pdf,0
pdf?id=O7311P8YgP.pdf,0
pdf?id=YghiOusmvw.pdf,0
pdf?id=z5KTxW5sJd.pdf,0
pdf?id=vpJDCWOnPj.pdf,0
pdf?id=Lq1qoP4Kwt.pdf,0
pdf?id=kKPP6q5vBs.pdf,0
pdf?id=PA47sKU8CU.pdf,0
pdf?id=b7Ka31HvXU.pdf,0
pdf?id=s3maemwE5M.pdf,0
pdf?id=ZqwyrPXbV9.pdf,0
pdf?id=AlcMfjenRb.pdf,0
pdf?id=HtwKJQzt7R.pdf,Error
pdf?id=RhRLbCt7MS.pdf,0
pdf?id=FXBBy1caOX.pdf,0
pdf?id=PoIhCjqzn0.pdf,0
pdf?id=QRKg5GA9Zo.pdf,0
pdf?id=6pjzFIyFBo.pdf,0
pdf?id=zjQLUiguRz.pdf,0
pdf?id=7FLKzOqsKd.pdf,0
pdf?id=MrUsZfQ9pC.pdf,0
pdf?id=WbpzGpVWVx.pdf,0
pdf?id=XR30K9zxFm.pdf,0
pdf?id=Mk9ykil8eP.pdf,0
pdf?id=fVgnP5WHXX.pdf,0
pdf?id=50vDcRUz5p.pdf,0
pdf?id=opAU0pYlcP.pdf,0
pdf?id=D1Iw4Unvfc.pdf,0
pdf?id=Ty9n72fZ1K.pdf,0
pdf?id=xmYT1JqVpj.pdf,0
pdf?id=t6tObHgZSt.pdf,0
pdf?id=F9AaBpPtfb.pdf,0
pdf?id=2g5cJqX15Y.pdf,0
pdf?id=418UYQKGqB.pdf,0
pdf?id=PhnquAa8eV.pdf,0
pdf?id=Zj1uV88eYU.pdf,0
pdf?id=dAAz7afWJR.pdf,0
pdf?id=3qeTs05bRL.pdf,0
pdf?id=IGKluZvI6J.pdf,0
pdf?id=Yg5QkFNHnT.pdf,0
pdf?id=pGRjDetCDM.pdf,0
pdf?id=vLLYlSK6qJ.pdf,0
pdf?id=BH9niRIiy2.pdf,0
pdf?id=SbGtQpm2vP.pdf,0
pdf?id=VXygIRRHxz.pdf,0
pdf?id=VZQ04Ojhu5.pdf,0
pdf?id=z9MxyboJ7R.pdf,0
pdf?id=zSrb8rtH9M.pdf,0
pdf?id=GctsZXLCpl.pdf,0
pdf?id=gOG9Zoyn4R.pdf,0
pdf?id=FXTg2P8OQz.pdf,0
pdf?id=vKyiv67VWa.pdf,0
pdf?id=ZF93vyH9He.pdf,0
pdf?id=yRxXTdElLv.pdf,0
pdf?id=nSAa6BaJtK.pdf,0
pdf?id=t0cpjJxj1s.pdf,0
pdf?id=aDTcN3yZGE.pdf,0
pdf?id=xYik0sKYVo.pdf,0
pdf?id=JenfC3ovzU.pdf,0
pdf?id=bmH6UgE1z7.pdf,0
pdf?id=6MUgQXkxIC.pdf,0
pdf?id=rasMAgd72Q.pdf,0
pdf?id=bTRH1O5Bp2.pdf,0
pdf?id=w1b2Jqemj6.pdf,0
pdf?id=N6ujq5Yfwa.pdf,0
pdf?id=msaLqsSTyF.pdf,0
pdf?id=lbjKWBzK9k.pdf,0
pdf?id=qVDEM93mCP.pdf,0
pdf?id=prGyR9id7X.pdf,0
pdf?id=fmQFCXAe4v.pdf,0
pdf?id=nCAdkkAeR9.pdf,0
pdf?id=tMf3keuPOl.pdf,0
pdf?id=ezOfR26pGQ.pdf,0
pdf?id=dBC55QIEnq.pdf,0
pdf?id=EeAHhNwXPV.pdf,0
pdf?id=86IvZmY26S.pdf,0
pdf?id=ppKDXf55lY.pdf,0
pdf?id=Q5bJZArYUZ.pdf,0
pdf?id=1ULQvdbZ3X.pdf,0
pdf?id=UXc87Orcri.pdf,0
pdf?id=GhVQnjVjlI.pdf,0
pdf?id=aokiuaM7Lt.pdf,0
pdf?id=gZjPllL9jM.pdf,0
pdf?id=o03aOm4Vci.pdf,0
pdf?id=pRysdfwXiA.pdf,0
pdf?id=JzEgfRTzPW.pdf,0
pdf?id=Ei6IsmxYrb.pdf,0
pdf?id=thVXtg7oy4.pdf,0
pdf?id=rH4aGTL4jY.pdf,0
pdf?id=e2WesV6Voe.pdf,0
pdf?id=x1wZoyS0rC.pdf,0
pdf?id=V8SndhCN0z.pdf,0
pdf?id=IaOhbdu2Ov.pdf,0
pdf?id=rWW5wdECl8.pdf,0
pdf?id=FmUa6bKscB.pdf,0
pdf?id=XEGDKcoQQ1.pdf,0
pdf?id=CABcYH1wKM.pdf,0
pdf?id=uaQWgFk2Pf.pdf,0
pdf?id=8VyjwyLuSl.pdf,0
pdf?id=t4aN2G7Ucc.pdf,0
pdf?id=LamTzqRHvL.pdf,0
pdf?id=9BpefUVeDP.pdf,0
pdf?id=xvsPQuUHef.pdf,0
pdf?id=O4mwSIH1vs.pdf,0
pdf?id=BKLS9IMrNZ.pdf,0
pdf?id=9odue1eopm.pdf,0
pdf?id=rsTWR7z4PB.pdf,0
pdf?id=8OGTkEJrmb.pdf,0
pdf?id=J8JCF64aEn.pdf,0
pdf?id=tAKbMv3sf7.pdf,0
pdf?id=d4Y576ManB.pdf,0
pdf?id=PESrAH82Zh.pdf,0
pdf?id=TPMsCus3r0.pdf,0
pdf?id=FDruZlKWUb.pdf,0
pdf?id=1K28gV5MeF.pdf,0
pdf?id=w97lDmoD0U.pdf,0
pdf?id=xpwFuMmzeq.pdf,0
pdf?id=AD8ksC9bw1.pdf,0
pdf?id=3xwsD68F2K.pdf,0
pdf?id=E1eVGJ5RYG.pdf,0
pdf?id=Y0hymKkn2a.pdf,0
pdf?id=IiPSP4OUYx.pdf,0
pdf?id=2RoX59ldUP.pdf,0
pdf?id=gjvbsLyCC3.pdf,0
pdf?id=4KengZ1RNX.pdf,0
pdf?id=NFvAa2hNzH.pdf,0
pdf?id=htN3xhUpjD.pdf,0
pdf?id=aUAG1WS7J2.pdf,0
pdf?id=G7CiAs8xyw.pdf,0
pdf?id=cT54nK58lH.pdf,0
pdf?id=qI95wZZCWh.pdf,0
pdf?id=gjjsDmlQRW.pdf,0
pdf?id=O880k3JoC8.pdf,0
pdf?id=gH4BRa4ZP3.pdf,0
pdf?id=GgD01U3Y0H.pdf,0
pdf?id=hlpRj222RG.pdf,0
pdf?id=uJinTwXfbs.pdf,0
pdf?id=rud3M6wlxH.pdf,0
pdf?id=05f6PdEPs2.pdf,0
pdf?id=Gmwsy7TlFI.pdf,0
pdf?id=hchAR53gA0.pdf,0
pdf?id=tdMWo3jB21.pdf,0
pdf?id=I1C0a01BZu.pdf,0
pdf?id=B2iPEX5A9c.pdf,0
pdf?id=M6l3pyvUfr.pdf,0
pdf?id=zJzu9evD5K.pdf,0
pdf?id=RSppi0Z8k2.pdf,0
pdf?id=nWO8SkQYqJ.pdf,0
pdf?id=36cKp4tsHF.pdf,0
pdf?id=3Fs64f1Li0.pdf,0
pdf?id=R0LqbSgZjP.pdf,0
pdf?id=zwCb9cKHpd.pdf,0
pdf?id=OF7OLxvY0t.pdf,0
pdf?id=ktNJgpmjjP.pdf,0
pdf?id=c6O18DyBBx.pdf,0
pdf?id=OiC78C68sJ.pdf,0
pdf?id=s3WyfnHw6B.pdf,0
pdf?id=5jneOToPou.pdf,0
pdf?id=PMdHrorFMF.pdf,0
pdf?id=0qGtaRTsCo.pdf,0
pdf?id=o3x3RV8XHd.pdf,0
pdf?id=Y6tRVadmgo.pdf,0
pdf?id=gpCleSGCkV.pdf,0
pdf?id=RALtozQipi.pdf,0
pdf?id=RDe4Ntw2oy.pdf,0
pdf?id=KT8y9pFgJE.pdf,0
pdf?id=oh2MpJHGHW.pdf,0
pdf?id=1rUj9ZN6Bz.pdf,0
pdf?id=W3JnXa9mW2.pdf,0
pdf?id=S6SKa97Gm0.pdf,0
pdf?id=MhOhzdjK0e.pdf,0
pdf?id=036C670YK6.pdf,0
pdf?id=SAEBMGJegn.pdf,0
pdf?id=XkgkMFn4Ja.pdf,0
pdf?id=9env0BdcDV.pdf,0
pdf?id=Gsi42ohBoM.pdf,0
pdf?id=0IyP6PnlfG.pdf,0
pdf?id=QBnfYm6Naa.pdf,0
pdf?id=boNYskaXnO.pdf,0
pdf?id=6JIjL7kXzy.pdf,0
pdf?id=gQ8kIhu8JA.pdf,0
pdf?id=82r0lqYIWg.pdf,0
pdf?id=s3Uk3lrfjy.pdf,0
pdf?id=xEauKyHVJj.pdf,0
pdf?id=eszmES7j1F.pdf,0
pdf?id=VanvIu0KZU.pdf,0
pdf?id=o2agVeHrW4.pdf,0
pdf?id=tjH0YvT5wv.pdf,0
pdf?id=IkvQqD7hk3.pdf,0
pdf?id=AHEKhff4Oa.pdf,Error
pdf?id=jIq2zVhBLN.pdf,0
pdf?id=XDisynd63Y.pdf,0
pdf?id=xOqCKB8XIl.pdf,0
pdf?id=yGWLWjM4nq.pdf,0
pdf?id=88MXvVn5dl.pdf,0
pdf?id=a64D9Vl7wK.pdf,0
pdf?id=4tRMm1JJhw.pdf,0
pdf?id=WQq5JPGQ0C.pdf,0
pdf?id=GKt3VRaCU1.pdf,0
pdf?id=r7FR4UN7uk.pdf,0
pdf?id=ayzWTxb9ZD.pdf,0
pdf?id=knKAKV7URX.pdf,0
pdf?id=ogZu06NgQs.pdf,0
pdf?id=yb5JOOmfxA.pdf,0
pdf?id=I9VNWQ15Ni.pdf,0
pdf?id=IeM6Io4Rsh.pdf,0
pdf?id=N7Vg94l0gA.pdf,0
pdf?id=supy1n4Tev.pdf,0
pdf?id=GrDEV4InKZ.pdf,0
pdf?id=y60FhgO07j.pdf,0
pdf?id=SBoxuusTUn.pdf,0
pdf?id=gqoeQPhQcE.pdf,0
pdf?id=udHMDBrfTv.pdf,0
pdf?id=RgJsjv6cUY.pdf,0
pdf?id=BtPg90UEbw.pdf,0
pdf?id=63ljkCGMhE.pdf,0
pdf?id=XPyAukgsFf.pdf,0
pdf?id=8JwMjKDppz.pdf,0
pdf?id=0g9gVoA7sn.pdf,0
pdf?id=aXAkNlbnGa.pdf,0
pdf?id=avRktRfQ8c.pdf,0
pdf?id=IT12Radlnq.pdf,0
pdf?id=kNXTUCksnh.pdf,0
pdf?id=HvIRFV0J90.pdf,0
pdf?id=ou9HeYvNhB.pdf,0
pdf?id=DpOSndSOZz.pdf,0
pdf?id=plrg87MP0F.pdf,0
pdf?id=aqpHTPC63N.pdf,0
pdf?id=1i4wNFgHDd.pdf,0
pdf?id=8PHOPPH35D.pdf,0
pdf?id=sdlLycSeZl.pdf,0
pdf?id=oHbVboLXz6.pdf,0
pdf?id=sEjp1MGMDZ.pdf,0
pdf?id=seCBUZYs5c.pdf,0
pdf?id=g9sWQsqemL.pdf,0
pdf?id=RW3cHh3HgY.pdf,0
pdf?id=IIiRwgkZcm.pdf,0
pdf?id=GV82iAD70j.pdf,0
pdf?id=MWF1ZzYnxJ.pdf,0
pdf?id=zdRW39Tc3C.pdf,0
pdf?id=7nTWoceJGK.pdf,0
pdf?id=hesM5BWtOJ.pdf,0
pdf?id=Oq7Rgvfqvj.pdf,0
pdf?id=irYb8GGDyh.pdf,0
pdf?id=dtYKDOBkc7.pdf,0
pdf?id=VsDsRqaMJv.pdf,0
pdf?id=qjee4tiBGZ.pdf,0
pdf?id=vE98S8BmzP.pdf,0
pdf?id=3Sxby0hH1q.pdf,0
pdf?id=AYqtMLRwzj.pdf,0
pdf?id=IVWHe60vfA.pdf,0
pdf?id=o7Z8TClGjp.pdf,0
pdf?id=DkSeM3AZVs.pdf,0
pdf?id=9CMUyo2xpO.pdf,0
pdf?id=QclFsekj9B.pdf,0
pdf?id=xeFZUrJSH7.pdf,0
pdf?id=skunuOdavO.pdf,0
pdf?id=hJJnwcvE2M.pdf,0
pdf?id=6VoDizmIoY.pdf,0
pdf?id=DGtHOkJAU2.pdf,0
pdf?id=bAJCfIywYl.pdf,0
pdf?id=FZp6cheXt2.pdf,0
pdf?id=TaURJrZcjJ.pdf,0
pdf?id=yflq8Bhjrw.pdf,0
pdf?id=7yOl9qiLWd.pdf,0
pdf?id=eKeQB9mpuT.pdf,0
pdf?id=h6D4Ns9LBD.pdf,0
pdf?id=r3LYE0Ct3G.pdf,0
pdf?id=15Bs3nTAYR.pdf,0
pdf?id=JRFMzQnYXl.pdf,0
pdf?id=1KXST1ksJ2.pdf,0
pdf?id=FYbe7r0mxu.pdf,0
pdf?id=5xwyxupsLL.pdf,0
pdf?id=xlDmm4r98R.pdf,0
pdf?id=fYjF9KIJd5.pdf,0
pdf?id=dRLWcpBQxS.pdf,0
pdf?id=fVs2BCjCqC.pdf,0
pdf?id=8y18QBU2s6.pdf,0
pdf?id=SAlCQdk5lx.pdf,0
pdf?id=G67ZNmeWJ5.pdf,1
pdf?id=o0HgWRmyY1.pdf,0
pdf?id=3G0IWDIoRG.pdf,0
pdf?id=gIGtOg4DNa.pdf,0
pdf?id=xcqrAzYzCj.pdf,0
pdf?id=wSDE3karoF.pdf,0
pdf?id=TrNB08KuHK.pdf,0
pdf?id=N2f6N4jopz.pdf,0
pdf?id=u1QFeoxnhW.pdf,0
pdf?id=QKo4c3LAz3.pdf,0
pdf?id=naAUSeyoZ7.pdf,0
pdf?id=ur295YVtmt.pdf,0
pdf?id=dye9w8IOV0.pdf,0
pdf?id=a7hHwWnZey.pdf,0
pdf?id=pZIeK0Xvph.pdf,0
pdf?id=tAq9Gxdhr0.pdf,0
pdf?id=sYVKHgZz2h.pdf,0
pdf?id=yEq201U9AM.pdf,0
pdf?id=rMptAK0Xm8.pdf,0
pdf?id=YPsJha5HXQ.pdf,0
pdf?id=8q2kReYRDn.pdf,0
pdf?id=RbdLnwEEjk.pdf,0
pdf?id=B6DhWv3DZo.pdf,0
pdf?id=ySFDPoiANu.pdf,0
pdf?id=rJiu7nvLxA.pdf,0
pdf?id=fGuTN7huo5.pdf,0
pdf?id=2DAvXR77xh.pdf,0
pdf?id=EOgaGafwv5.pdf,0
pdf?id=Xeb2EYBKkr.pdf,0
pdf?id=SAGZBti9lj.pdf,0
pdf?id=QLQqMndNoL.pdf,0
pdf?id=SoRiaijTGr.pdf,0
pdf?id=af9gTPce7W.pdf,0
pdf?id=9o7oH6DAHB.pdf,0
pdf?id=EATkC9iHE3.pdf,0
pdf?id=cGks3s79hW.pdf,0
pdf?id=R2ZJSjLDJC.pdf,0
pdf?id=L73CiyZvNy.pdf,0
pdf?id=VA5P0rUZPx.pdf,0
pdf?id=yslRXs9gcJ.pdf,0
pdf?id=xB1ZNgq0Xp.pdf,0
pdf?id=80L235oVBe.pdf,0
pdf?id=q1W0O5p1w1.pdf,0
pdf?id=Ldni3xeyIa.pdf,0
pdf?id=chYXaetMmz.pdf,0
pdf?id=Di0RasgbQ6.pdf,0
pdf?id=eIf9GNcA5n.pdf,0
pdf?id=x2BsIdJJJW.pdf,0
pdf?id=knPz7gtjPW.pdf,0
pdf?id=kGlrPZuHPq.pdf,0
pdf?id=mOYGK7Hw9Y.pdf,0
pdf?id=FzfYoUp8F1.pdf,0
pdf?id=fyqqd1lHDb.pdf,0
pdf?id=IL1wvzOgqD.pdf,0
pdf?id=dpmMg6aK1D.pdf,0
pdf?id=fXG1BvwqGt.pdf,0
pdf?id=UkBwyp3aXG.pdf,0
pdf?id=rwmVd8BKW5.pdf,0
pdf?id=GiqeRe1NsY.pdf,0
pdf?id=zIzZxDsNNP.pdf,0
pdf?id=xp7B8rkh7L.pdf,0
pdf?id=yGf8DSwR09.pdf,0
pdf?id=5KuiDLT0rm.pdf,0
pdf?id=aWWRPyGMie.pdf,0
pdf?id=WFujqJ5UBV.pdf,0
pdf?id=YTk1kATzOd.pdf,0
pdf?id=A2DJCgmWI5.pdf,0
pdf?id=EBHZNmygTT.pdf,0
pdf?id=Hmepi1Fm2g.pdf,0
pdf?id=Jw5TFF3HkH.pdf,0
pdf?id=jaMPaFDAaZ.pdf,0
pdf?id=PK07eretkF.pdf,0
pdf?id=PkSDCXP6LP.pdf,0
pdf?id=hUCgQWItCX.pdf,0
pdf?id=iBwW1DxQaa.pdf,0
pdf?id=IAGbhDARZd.pdf,0
pdf?id=R5EBtNE2Y9.pdf,0
pdf?id=sFyTsO2qO3.pdf,0
pdf?id=0SRGbRbngJ.pdf,0
pdf?id=2rgYVFiWPL.pdf,0
pdf?id=U5w9l0yQdo.pdf,0
pdf?id=vcB1OwtWUZ.pdf,0
pdf?id=YtmfBtIOPQ.pdf,0
pdf?id=at87L8EuzR.pdf,0
pdf?id=fV46JjrrOm.pdf,0
pdf?id=dlQ1iUpQNf.pdf,0
pdf?id=OZUl49U6p6.pdf,0
pdf?id=8Q4xTf2SYC.pdf,0
pdf?id=ehfIVCHxkX.pdf,0
pdf?id=pFL7RThdFN.pdf,0
pdf?id=M8zmlixh9y.pdf,0
pdf?id=0lNwIIHWhZ.pdf,0
pdf?id=1aCYFQRvtz.pdf,0
pdf?id=7rBeyE4nie.pdf,0
pdf?id=29FRqmVQK8.pdf,0
pdf?id=BoYGLpNXZd.pdf,0
pdf?id=5szmKUMhB7.pdf,0
pdf?id=Zjq1CkKDGt.pdf,0
pdf?id=cZVYswQQMt.pdf,0
pdf?id=BfyJanAjv9.pdf,0
pdf?id=KYb3sw847W.pdf,0
pdf?id=4NaW9mbTqq.pdf,0
pdf?id=MnWWHumqMc.pdf,0
pdf?id=q1acmWAO9r.pdf,Error
pdf?id=OEp1J4V2fN.pdf,0
pdf?id=1Qo6DzdPOG.pdf,0
pdf?id=L2W4wQsNkY.pdf,0
pdf?id=nwqaILb1vf.pdf,0
pdf?id=VuVhgEiu20.pdf,0
pdf?id=lscdYmLJ5v.pdf,0
pdf?id=EXIKFM1Q9R.pdf,0
pdf?id=uNqTxj5brQ.pdf,0
pdf?id=TJhHb6CscW.pdf,0
pdf?id=Qkhfgo5gw1.pdf,0
pdf?id=uC3DI4YPRv.pdf,0
pdf?id=zm4FKB6DYh.pdf,0
pdf?id=QQUhGPST45.pdf,0
pdf?id=ufKaXYJt1F.pdf,0
pdf?id=cCefuzQrjK.pdf,0
pdf?id=QwY1vk67T3.pdf,0
pdf?id=V7RRnsAlbY.pdf,0
pdf?id=Ynwl0V1YH0.pdf,0
pdf?id=z6mwI6VcHA.pdf,1
pdf?id=VkSd42HWil.pdf,0
pdf?id=Ag2vRsIIQ7.pdf,0
pdf?id=IhOgbtClHL.pdf,0
pdf?id=heQsyrMDzm.pdf,0
pdf?id=o4opuUiFCP.pdf,0
pdf?id=UPELg2oUo3.pdf,0
pdf?id=I0hRN2HMeH.pdf,0
pdf?id=8XVlFz3peB.pdf,0
pdf?id=6Had86RHix.pdf,0
pdf?id=stpe7UeETz.pdf,0
pdf?id=nqVLJTPoQC.pdf,0
pdf?id=RkdTtznSAL.pdf,0
pdf?id=eHm1EdLypn.pdf,0
pdf?id=8C8F4NmHfz.pdf,0
pdf?id=kmv7yg6QXv.pdf,0
pdf?id=GjkuXI7hX7.pdf,0
pdf?id=65oFEAP42P.pdf,0
pdf?id=zIFuLxUAu9.pdf,0
pdf?id=BZ0igCEeoU.pdf,0
pdf?id=MQVyuWBfSH.pdf,0
pdf?id=SXr3Dynctm.pdf,0
pdf?id=xLFYd1owiP.pdf,0
pdf?id=3molquhFpv.pdf,0
pdf?id=gXNOCWcnAW.pdf,0
pdf?id=roKj4IwaVT.pdf,0
pdf?id=ljJGBcpn7q.pdf,0
pdf?id=w5uUvxp81b.pdf,0
pdf?id=uc1js1lBlB.pdf,0
pdf?id=nf8PKQKtl2.pdf,0
pdf?id=EoebmBe9fG.pdf,0
pdf?id=JYcMMJihdR.pdf,0
pdf?id=1qKUVyymXs.pdf,0
pdf?id=de07K7kreI.pdf,0
pdf?id=dRjt4vlYVQ.pdf,0
pdf?id=yK4Xu7DDd6.pdf,0
pdf?id=96liIPUPXG.pdf,0
pdf?id=4FUM2hlyYx.pdf,0
pdf?id=7Nxq4RQApu.pdf,0
pdf?id=8fECf5YbJY.pdf,0
pdf?id=0D3ja9s17M.pdf,0
pdf?id=XOIKLlSiDq.pdf,0
pdf?id=yl9LxRL5tj.pdf,0
pdf?id=P2yIMJP5b1.pdf,0
pdf?id=LSoVMbITbp.pdf,0
pdf?id=hVYp0WzyLK.pdf,0
pdf?id=6H4tDTHalg.pdf,0
pdf?id=1mILyDyPDf.pdf,0
pdf?id=NhE5IeWl30.pdf,0
pdf?id=h3gaIBwemp.pdf,0
pdf?id=ToEgGjClB9.pdf,0
pdf?id=RSQgfaX4Qh.pdf,0
pdf?id=Quvnn2o17a.pdf,0
pdf?id=BsQg0ciABH.pdf,0
pdf?id=JHlBLb6Jpz.pdf,0
pdf?id=yk1iqV9Etr.pdf,0
pdf?id=eXckZbaYma.pdf,0
pdf?id=aTlVrJRrNg.pdf,0
pdf?id=zcVKvXtrkJ.pdf,0
pdf?id=56C0n6zSpC.pdf,0
pdf?id=C7Ed8V44JY.pdf,0
pdf?id=UnslcaZSnb.pdf,0
pdf?id=YbKdduMtyN.pdf,0
pdf?id=zjMd3yfyWv.pdf,0
pdf?id=myPtOTn3si.pdf,0
pdf?id=oLyfML1Qze.pdf,0
pdf?id=hKKbtN4cp9.pdf,0
pdf?id=FSowNqrLpp.pdf,0
pdf?id=V56unBiTHP.pdf,0
pdf?id=PFsrhWknXP.pdf,0
pdf?id=RmqWt1btxQ.pdf,0
pdf?id=VvZBJItmtV.pdf,0
pdf?id=OPOBV0zXu7.pdf,0
pdf?id=N2bLuwofZ0.pdf,0
pdf?id=0biUwyjKkm.pdf,0
pdf?id=hiiaHn3pWd.pdf,0
pdf?id=duVF6odtBO.pdf,0
pdf?id=56Y2HRjPIp.pdf,0
pdf?id=jW8nBi6y9F.pdf,0
pdf?id=9wQNsSiLV0.pdf,0
pdf?id=Wlx38NK0Om.pdf,0
pdf?id=pcLsaspXSi.pdf,0
pdf?id=TgGH1bY6kl.pdf,0
pdf?id=4Qe2Hga43N.pdf,0
pdf?id=zZLfHw4Erp.pdf,Error
pdf?id=jvrfcl3z1V.pdf,0
pdf?id=RboGoiTB6s.pdf,0
pdf?id=y1z7SAS8q8.pdf,0
pdf?id=3veDGO9KiK.pdf,0
pdf?id=36uy2GgAy6.pdf,0
pdf?id=SyJ3PdcokV.pdf,0
pdf?id=rIudtwY0VM.pdf,0
pdf?id=SYcggdxX6W.pdf,0
pdf?id=wHm5J9uanV.pdf,0
pdf?id=kMPII4XbKC.pdf,0
pdf?id=ziLHIExi1j.pdf,0
pdf?id=WQ9rnkaUWm.pdf,0
pdf?id=9qCejdqPXa.pdf,0
pdf?id=ceTeM2Xl1n.pdf,0
pdf?id=iufaoO4OLH.pdf,0
pdf?id=BxRsXqjWft.pdf,0
pdf?id=yPnEvPq3kV.pdf,0
pdf?id=JbJVWljk7r.pdf,0
pdf?id=cSomL3lHTa.pdf,0
pdf?id=ZW2BADJKGU.pdf,0
pdf?id=eLFoTtgCNP.pdf,0
pdf?id=DUlZTgLkeh.pdf,0
pdf?id=JFygzwx8SJ.pdf,0
pdf?id=1WkolvkTVi.pdf,0
pdf?id=4exx1hUffq.pdf,0
pdf?id=YXcYD2nLmc.pdf,0
pdf?id=0T8i3uXq3O.pdf,0
pdf?id=uKSr3KgEqV.pdf,0
pdf?id=aI3d897dgV.pdf,0
pdf?id=YxPI1c5e09.pdf,0
pdf?id=SvopaNxYWt.pdf,0
pdf?id=458m5RSMgJ.pdf,0
pdf?id=Qz3s5ANjnN.pdf,0
pdf?id=ssocZIfk94.pdf,0
pdf?id=3FTVceZQrh.pdf,0
pdf?id=VJn4UKnEYS.pdf,0
pdf?id=d6UV0UNgn9.pdf,0
pdf?id=KvWGmvuuKR.pdf,0
pdf?id=7UbXEQNny7.pdf,0
pdf?id=ODgWBaErst.pdf,0
pdf?id=l42UGsdrNn.pdf,0
pdf?id=zmCBCbr2Wj.pdf,0
pdf?id=VwPt1WDQNB.pdf,0
pdf?id=fgW3IZzxmE.pdf,0
pdf?id=tDT6HF7jK5.pdf,0
pdf?id=LeJwcMLIlJ.pdf,0
pdf?id=t7LKc0MMW6.pdf,0
pdf?id=u1HclHIsLQ.pdf,0
pdf?id=XewZ4rJYKZ.pdf,0
pdf?id=lcUpF96w7Z.pdf,0
pdf?id=qUnjCEcN6S.pdf,0
pdf?id=7bCPXHq8xV.pdf,0
pdf?id=Dn4He1IrUT.pdf,0
pdf?id=DG8zwjoWGZ.pdf,0
pdf?id=24UJqxw1kv.pdf,0
pdf?id=yADOHvnzXr.pdf,0
pdf?id=X4SCxcgb3O.pdf,0
pdf?id=CAz7UGRdLs.pdf,0
pdf?id=t49olghJ3w.pdf,0
pdf?id=ixOpURt7wC.pdf,0
pdf?id=RE97LT26w8.pdf,0
pdf?id=baNBqpzvMT.pdf,0
pdf?id=QP0mGwfv0G.pdf,0
pdf?id=A5O41ntKjk.pdf,0
pdf?id=UXTR6ZYV1x.pdf,0
pdf?id=m7zEbdAMsh.pdf,0
pdf?id=ZFPimg1RTe.pdf,0
pdf?id=1Sb0363f2y.pdf,0
pdf?id=otIdC4tsYf.pdf,0
pdf?id=TtYJeYAhC4.pdf,0
pdf?id=SsHCyEBMLz.pdf,0
pdf?id=n1NFpViAhp.pdf,0
pdf?id=52Ehpe0Lu5.pdf,0
pdf?id=heJ7NRInjs.pdf,0
pdf?id=mSiN7i0BYH.pdf,0
pdf?id=AzOUIMzDxC.pdf,0
pdf?id=PZaxCfLGLA.pdf,0
pdf?id=1Y8MXuJlIY.pdf,0
pdf?id=iXy0ncNepZ.pdf,0
pdf?id=vEFPm6gw2s.pdf,0
pdf?id=PQYazNKEYo.pdf,0
pdf?id=4QRoLzD11x.pdf,0
pdf?id=muWdWcMvpW.pdf,0
pdf?id=2sMk2ShRdP.pdf,0
pdf?id=nG0URHBvFW.pdf,0
pdf?id=eYKz5M7Aws.pdf,0
pdf?id=gZzLjIYzH1.pdf,0
pdf?id=bAZilxOZEp.pdf,0
pdf?id=2sG4ebgqBd.pdf,Error
pdf?id=VUFQSuU9di.pdf,0
pdf?id=PlQqwb7Bte.pdf,0
pdf?id=T6RkYsuoMW.pdf,0
pdf?id=OcMpSh79aE.pdf,0
pdf?id=XXCzRmQcJC.pdf,0
pdf?id=AQnjBIFCBQ.pdf,0
pdf?id=nOZSYSdzOP.pdf,0
pdf?id=E8adS5srds.pdf,0
pdf?id=UJSaY7p53L.pdf,0
pdf?id=1bO9wIdyKa.pdf,0
pdf?id=Fqsl9IfbfJ.pdf,0
pdf?id=VGv5y60sXC.pdf,0
pdf?id=kuzye4EPLR.pdf,0
pdf?id=L3aEdxJMHl.pdf,0
pdf?id=dC5TWysDsZ.pdf,0
pdf?id=YTwRZP8mNO.pdf,0
pdf?id=ARZiMmb619.pdf,0
pdf?id=9GHaLDORNL.pdf,0
pdf?id=k5TbfYPYuc.pdf,0
pdf?id=PDgagkX9zj.pdf,0
pdf?id=hio3T2OwHB.pdf,0
pdf?id=FIfjDqjV0B.pdf,0
pdf?id=8P5MUySaqi.pdf,0
pdf?id=q39uZC6RSo.pdf,0
pdf?id=x8xtRQ5GIk.pdf,0
pdf?id=PvEnRUWSfn.pdf,0
pdf?id=oQbTbio99T.pdf,0
pdf?id=Xx0cJGXU7n.pdf,0
pdf?id=4E3I17pNEl.pdf,0
pdf?id=NJoDGAnhWB.pdf,0
pdf?id=R73ybUciQF.pdf,0
pdf?id=YEYOkWtkMm.pdf,0
pdf?id=SpSru9SRyp.pdf,0
pdf?id=NWtkmDPAA6.pdf,0
pdf?id=FU62P5IXhK.pdf,0
pdf?id=z0BgfL1FRV.pdf,0
pdf?id=XTTbzC7O2T.pdf,0
pdf?id=Hn8z3Ee4Xa.pdf,0
pdf?id=c9EAmyYPOv.pdf,0
pdf?id=oDcAGSXZZP.pdf,0
pdf?id=YAycrn1Idm.pdf,0
pdf?id=6SI1pvb5xl.pdf,0
pdf?id=2Y2m0DZBfL.pdf,0
pdf?id=T98sh6P0Vm.pdf,0
pdf?id=RTzbr0k56C.pdf,0
pdf?id=0fq8vYOnxi.pdf,0
pdf?id=diyDUH4NtD.pdf,0
pdf?id=Qr0YbuilFb.pdf,0
pdf?id=wORrUUmffG.pdf,0
pdf?id=o8n5oNDsiq.pdf,0
pdf?id=00Bwl1woOJ.pdf,0
pdf?id=sbvLts2HqR.pdf,0
pdf?id=13BJ5FYG8E.pdf,0
pdf?id=mgURpQ4NXO.pdf,0
pdf?id=vVU1KTOsju.pdf,0
pdf?id=Gte3F0ONhr.pdf,0
pdf?id=LVRGLn1Ejj.pdf,0
pdf?id=SBYCu5uJJf.pdf,0
pdf?id=EY096v0Jmg.pdf,0
pdf?id=2ym6uVbgMN.pdf,0
pdf?id=vZfqDwF09z.pdf,0
pdf?id=a3l3K9khbL.pdf,0
pdf?id=o1g8NWkxqf.pdf,0
pdf?id=YdggdEL41C.pdf,0
pdf?id=wGZPNMEHjP.pdf,0
pdf?id=CKOyN2HShu.pdf,0
pdf?id=zJdutIT6vT.pdf,0
pdf?id=hNh3V1DXs5.pdf,0
pdf?id=XBMjXb6f4w.pdf,0
pdf?id=aqtVpWl0gI.pdf,0
pdf?id=o4lJrA0s3I.pdf,0
pdf?id=EqlmpJYapx.pdf,0
pdf?id=ZrCQGVpQrl.pdf,0
pdf?id=Cl45XdnCoK.pdf,0
pdf?id=fru52tkjHf.pdf,0
pdf?id=tD7MLq0dbZ.pdf,0
pdf?id=WkUzrUsqR9.pdf,0
pdf?id=uQmUjgR8Er.pdf,0
pdf?id=2p4AtivyZz.pdf,0
pdf?id=vCTnwpAcma.pdf,0
pdf?id=nik6BjmLm2.pdf,0
pdf?id=f4pvPNf9ox.pdf,0
pdf?id=w22e5MrS4X.pdf,0
pdf?id=uG8bjnN1Nl.pdf,0
pdf?id=G10Y4vrhGF.pdf,0
pdf?id=b6SWqFEOSF.pdf,0
pdf?id=n1XlwRmF7v.pdf,0
pdf?id=nhIJe0dgRs.pdf,0
pdf?id=FJkDPf4n7j.pdf,0
pdf?id=uvyr9bYwL6.pdf,0
pdf?id=35Rum4a6tC.pdf,0
pdf?id=W2Ntqsq97T.pdf,0
pdf?id=eUXVvpdFzZ.pdf,0
pdf?id=Ql3sENn0mi.pdf,0
pdf?id=9I1XjEEtsh.pdf,0
pdf?id=Ogml5bxDH3.pdf,0
pdf?id=VafdgT65jB.pdf,0
pdf?id=aywsq2Bkom.pdf,0
pdf?id=tVRtDIwDmQ.pdf,0
pdf?id=vmYcNhs8Av.pdf,0
pdf?id=OM0Qkq9xtY.pdf,0
pdf?id=h60y6zlPyl.pdf,0
pdf?id=4EkEL77k6O.pdf,0
pdf?id=cnG7h8ucip.pdf,0
pdf?id=RZp2YKtg4q.pdf,0
pdf?id=ycnc9aLnQu.pdf,0
pdf?id=LBo4e6Y7Zg.pdf,0
pdf?id=TS128AgTRw.pdf,0
pdf?id=Xic1sPAmfC.pdf,0
pdf?id=2ncMTlR9nC.pdf,0
pdf?id=epZTfZF7JC.pdf,0
pdf?id=Pm50n1szgP.pdf,0
pdf?id=DCc4OyNX8A.pdf,0
pdf?id=5mpQO0YpTv.pdf,0
pdf?id=2xPoZhOO23.pdf,0
pdf?id=vLYpKbZBkD.pdf,0
pdf?id=kXieirlPjF.pdf,0
pdf?id=bBUUOQI0N6.pdf,0
pdf?id=JZuDhckogK.pdf,0
pdf?id=2M5dTDdGxl.pdf,0
pdf?id=fz1mm2EsQ9.pdf,0
pdf?id=xJ2lGfFOv7.pdf,0
pdf?id=lTP1RxTFSX.pdf,0
pdf?id=gaHjGx1cMh.pdf,0
pdf?id=d3FjdOwLEd.pdf,0
pdf?id=KculbVVCly.pdf,0
pdf?id=SeC5Zb8Orf.pdf,0
pdf?id=GoFYIRUVAz.pdf,0
pdf?id=2Ke2B4zps8.pdf,0
pdf?id=TbQCWblZAZ.pdf,0
pdf?id=cJRggDnFg2.pdf,0
pdf?id=cUy3tYIOS5.pdf,0
pdf?id=fjoKScAL4D.pdf,0
pdf?id=gZsmYwFHci.pdf,0
pdf?id=JWmfbzw8ur.pdf,0
pdf?id=19ygs48nOa.pdf,0
pdf?id=DkJImu7t3A.pdf,0
pdf?id=phC2nmJywQ.pdf,0
pdf?id=867TaCMfCj.pdf,0
pdf?id=5xPvWat3IX.pdf,0
pdf?id=22O1ejTxj3.pdf,0
pdf?id=C9653lXaFO.pdf,0
pdf?id=MnT0QgNWFC.pdf,0
pdf?id=iSDKE8vec6.pdf,0
pdf?id=SNJhYhO3a9.pdf,0
pdf?id=nRiiQ6ftHh.pdf,0
pdf?id=tJk7czcEIK.pdf,0
pdf?id=rbYPITgH4Z.pdf,0
pdf?id=VRhVS59yhP.pdf,0
pdf?id=qS3WgmGs9s.pdf,0
pdf?id=DRIRD9ELMb.pdf,0
pdf?id=ORrCEtiiVX.pdf,0
pdf?id=JcEqp4aPmb.pdf,0
pdf?id=r8zHRmM4uE.pdf,0
pdf?id=cFVQJepi4e.pdf,0
pdf?id=BpbJc1Jfbv.pdf,0
pdf?id=rEhVHla9zp.pdf,0
pdf?id=ZTHYaSxqmq.pdf,0
pdf?id=rgajBQxbC7.pdf,0
pdf?id=e9B2NPQanB.pdf,0
pdf?id=cZMno8E3yp.pdf,0
pdf?id=qXSFkP0ELS.pdf,0
pdf?id=A1Zte0ixms.pdf,0
pdf?id=8nOMhDFpkU.pdf,0
pdf?id=I822ZIRtms.pdf,0
pdf?id=8wWHCzsTxS.pdf,0
pdf?id=VmM8JVwVqV.pdf,0
pdf?id=ZtXT584LrT.pdf,0
pdf?id=G8WnkCYEZ6.pdf,0
pdf?id=KXMIIVUB9U.pdf,0
pdf?id=IOO3nJtvbY.pdf,0
pdf?id=98TY64tOFB.pdf,0
pdf?id=r2jhtAD0yZ.pdf,0
pdf?id=7DyKKOU6HR.pdf,0
pdf?id=lB8YNp1YWv.pdf,0
pdf?id=yQoHUijSHx.pdf,0
pdf?id=6X5NGHe35l.pdf,0
pdf?id=ntOPGmlrkV.pdf,0
pdf?id=W5HnIf2jla.pdf,0
pdf?id=K7s0lIjhWx.pdf,0
pdf?id=oVDAfLuRie.pdf,0
pdf?id=Hhc5McwASX.pdf,0
pdf?id=fDjDVE4qdj.pdf,0
pdf?id=fCirUh6FRb.pdf,0
pdf?id=IoSLbwZkal.pdf,0
pdf?id=0sUihPtncP.pdf,0
pdf?id=E3oNDQ8e9r.pdf,0
pdf?id=vMkJWaa02n.pdf,0
pdf?id=qO7j8ymv5I.pdf,0
pdf?id=m3huAdsaGI.pdf,0
pdf?id=jDYuadVajk.pdf,0
pdf?id=ICgOzZc10r.pdf,0
pdf?id=3Wrv6Zay74.pdf,0
pdf?id=HUJXOQkLex.pdf,0
pdf?id=atY7t0Krp6.pdf,0
pdf?id=pCRm6g0RnA.pdf,0
pdf?id=NxlsOnkGYV.pdf,0
pdf?id=Oir5nKRKVP.pdf,0
pdf?id=MKLcSmSTQI.pdf,0
pdf?id=Q7YnqREWLq.pdf,0
pdf?id=rzjWktciDM.pdf,0
pdf?id=RSVdHXZN6D.pdf,0
pdf?id=8LO0vLRXpz.pdf,0
pdf?id=hvykiwFiF8.pdf,0
pdf?id=LrnZDU9g7N.pdf,0
pdf?id=WCenI6RU9s.pdf,0
pdf?id=TDFSKAspoQ.pdf,0
pdf?id=oMi4uyNOlL.pdf,0
pdf?id=tT3EQdFHtX.pdf,0
pdf?id=9q4L2odBPh.pdf,0
pdf?id=kRZVz1qEqa.pdf,0
pdf?id=Iyn0D3cFvt.pdf,0
pdf?id=LPAqolHp9R.pdf,0
pdf?id=KW7hQhOJiJ.pdf,0
pdf?id=Ar62cqTduE.pdf,0
pdf?id=5qdIdWflzg.pdf,0
pdf?id=cHMP2IAhML.pdf,0
pdf?id=A0aUS60Kvk.pdf,0
pdf?id=RCXF0UEmuE.pdf,0
pdf?id=iEtCCt6FjP.pdf,0
pdf?id=z3PMVmzoya.pdf,0
pdf?id=62tISV7pM3.pdf,0
pdf?id=hAi0JapiZ7.pdf,0
pdf?id=t94tALZvZE.pdf,0
pdf?id=kHDUCUqPEc.pdf,0
pdf?id=oBf5eZSeBT.pdf,0
pdf?id=SOc0tHCewe.pdf,0
pdf?id=rRxFIOoEeF.pdf,0
pdf?id=x2Rk0lSQra.pdf,0
pdf?id=8hahZ1h9CG.pdf,0
pdf?id=I7y7MgsEgO.pdf,0
pdf?id=WI8rrwYJdT.pdf,0
pdf?id=0M2M2EVreG.pdf,0
pdf?id=pebVFFVs2R.pdf,0
pdf?id=XBD4OjCcIA.pdf,0
pdf?id=COifgrjzXR.pdf,0
pdf?id=4jWuS5hye1.pdf,0
pdf?id=PMSNd8xTHp.pdf,0
pdf?id=Fndac67aQH.pdf,0
pdf?id=ZQ80jIrtzl.pdf,0
pdf?id=ugOn7Pohxv.pdf,0
pdf?id=Oul46PkP7Z.pdf,0
pdf?id=kkhRTTmXFV.pdf,0
pdf?id=xs5aoDH3HX.pdf,0
pdf?id=uVarpp7fhU.pdf,0
pdf?id=ngxGNQE1M2.pdf,0
pdf?id=73EcEGo6LQ.pdf,0
pdf?id=mjZi8cV18P.pdf,0
pdf?id=Xuvdo6oMkE.pdf,0
pdf?id=Jz4PENUsRo.pdf,0
pdf?id=yzvpEHNL70.pdf,0
pdf?id=Rx6m16By6l.pdf,0
pdf?id=NVDrWBwJTV.pdf,0
pdf?id=v6Oo0zO2oA.pdf,0
pdf?id=nFmq9z7Mdq.pdf,0
pdf?id=1EnpXg8s4v.pdf,0
pdf?id=T1V8BJO0iG.pdf,0
pdf?id=3fpYXmBiTY.pdf,0
pdf?id=MoMXPzwVMb.pdf,0
pdf?id=S3GhJooWIC.pdf,0
pdf?id=J76cCYTJub.pdf,0
pdf?id=wTxh9bKSXh.pdf,0
pdf?id=dHOSTp8MBl.pdf,0
pdf?id=2YxtR50mho.pdf,0
pdf?id=axlGOT58e8.pdf,0
pdf?id=j8XnFfTvXF.pdf,0
pdf?id=BND9CutZf6.pdf,0
pdf?id=PR7VmMTsxC.pdf,0
pdf?id=2h8vXbEufN.pdf,0
pdf?id=6lCY5bLW8E.pdf,0
pdf?id=LDjBDk3Czb.pdf,0
pdf?id=tCiijwAXij.pdf,0
pdf?id=qmbG6u7DK0.pdf,0
pdf?id=yPC9zmkQgG.pdf,0
pdf?id=C69741fMFX.pdf,0
pdf?id=ewyR20zwqA.pdf,0
pdf?id=shFhW4zqd6.pdf,0
pdf?id=shMjc5zvqL.pdf,0
pdf?id=nw6Kx91J48.pdf,0
pdf?id=gioV0q55AJ.pdf,0
pdf?id=sJd4DpYOis.pdf,0
pdf?id=XO9fhSZkBh.pdf,0
pdf?id=jCuEeQF7uP.pdf,0
pdf?id=JkVQmaE5pK.pdf,0
pdf?id=cOSXcSmmJL.pdf,0
pdf?id=Ou30gzTLJe.pdf,0
pdf?id=u3aRwVkBv1.pdf,0
pdf?id=047VzZEpnu.pdf,0
pdf?id=c0c943R6ZJ.pdf,0
pdf?id=GStPx9lQEL.pdf,0
pdf?id=hvaEMv4MVD.pdf,0
pdf?id=JCTTLKEBza.pdf,0
pdf?id=LbNL8xGai2.pdf,0
pdf?id=kNoh1TuV4R.pdf,0
pdf?id=2T6QXSP8Cf.pdf,0
pdf?id=ghybX0Qlls.pdf,0
pdf?id=wpkmEV57YT.pdf,0
pdf?id=KqhMpsWiz2.pdf,0
pdf?id=5aeD5UbiLv.pdf,0
pdf?id=jMhRbV47pS.pdf,0
pdf?id=XgQVL1uP34.pdf,0
pdf?id=C7BIQRM57T.pdf,0
pdf?id=lg51XnHt2H.pdf,0
pdf?id=es4TTVGJ9x.pdf,0
pdf?id=QKOdOlfzSe.pdf,0
pdf?id=7ZVRlBFuEv.pdf,0
pdf?id=mGEPbyJ8OT.pdf,0
pdf?id=YFa7eULIeN.pdf,0
pdf?id=rmL109fdAJ.pdf,0
pdf?id=NQSWkmjODD.pdf,0
pdf?id=ecqTSIMR2o.pdf,0
pdf?id=MZ25Rt5DiP.pdf,0
pdf?id=Z4eFqgYbha.pdf,0
pdf?id=9k9ZsDs9Vc.pdf,0
pdf?id=VMcClInij6.pdf,0
pdf?id=08mjueZ0Iq.pdf,0
pdf?id=SfuH4dShOA.pdf,0
pdf?id=b8XmjZmsN0.pdf,0
pdf?id=2fFRIIwau6.pdf,0
pdf?id=9t2OtyQ9mf.pdf,0
pdf?id=wdI2WKCN3P.pdf,0
pdf?id=GKX9w731gu.pdf,0
pdf?id=cRxzKxsKow.pdf,0
pdf?id=7k7cubl1iL.pdf,0
pdf?id=mUcUY0f4u9.pdf,0
pdf?id=gMi6LHMzDP.pdf,0
pdf?id=CHN4HG9R5e.pdf,0
pdf?id=DcFoi71Fgf.pdf,0
pdf?id=pyDAihUMKV.pdf,0
pdf?id=h2ttG6HkID.pdf,0
pdf?id=sce9lLS3Gn.pdf,0
pdf?id=ZbQ5Zq3zA3.pdf,0
pdf?id=w0xm9oG8im.pdf,0
pdf?id=Ex72DkOeNS.pdf,0
pdf?id=KOwhczyFpg.pdf,0
pdf?id=akhhwQh6UV.pdf,0
pdf?id=KsmgnL6PUb.pdf,0
pdf?id=XtNtockTSl.pdf,0
pdf?id=tMBPJureSx.pdf,0
pdf?id=vO8LLoNWWk.pdf,0
pdf?id=PhoyfQG9Vb.pdf,0
pdf?id=rYeZkHV3Yi.pdf,0
pdf?id=SoRe80Tg48.pdf,0
pdf?id=8EWo0gX5TW.pdf,0
pdf?id=lClK4uBxSG.pdf,0
pdf?id=GQXeLGYMda.pdf,0
pdf?id=LqgRi1avf5.pdf,0
pdf?id=YktFxpaEmR.pdf,0
pdf?id=9JM03CQwzC.pdf,0
pdf?id=1XLjrmKZ4p.pdf,0
pdf?id=pQ8DeHXKMh.pdf,0
pdf?id=NLf5qt6sUe.pdf,0
pdf?id=Y9nxhKcgAA.pdf,0
pdf?id=9yusqX9DpR.pdf,0
pdf?id=nIFFMrDQ5w.pdf,0
pdf?id=6gJ2ZykQ5W.pdf,0
pdf?id=Lwn1rLB8t7.pdf,0
pdf?id=vOijARaWym.pdf,0
pdf?id=Sz2i4dwDem.pdf,0
pdf?id=4q5ZYP0ynu.pdf,0
pdf?id=yDh9s1qPzB.pdf,0
pdf?id=s3LMqrwwHJ.pdf,0
pdf?id=En1F2gjza6.pdf,0
pdf?id=iErudB83TM.pdf,0
pdf?id=sv41aaGTit.pdf,0
pdf?id=PjbpL4brUb.pdf,0
pdf?id=y8VWYf5cVI.pdf,0
pdf?id=nqpbbvEZwF.pdf,0
pdf?id=hTOWYQNsrb.pdf,0
pdf?id=Pe18madbPm.pdf,0
pdf?id=wEk10M4CPD.pdf,0
pdf?id=gEpXPbX8VV.pdf,0
pdf?id=nI7wKr4eop.pdf,0
pdf?id=FxyG5xHjxb.pdf,0
pdf?id=yT8hGWqoBm.pdf,0
pdf?id=2g65iaYl69.pdf,0
pdf?id=Fg5WE2vxgM.pdf,0
pdf?id=NcxmgX95ue.pdf,0
pdf?id=MVlKSYR7HX.pdf,0
pdf?id=q2cFqXOj3h.pdf,0
pdf?id=3Qo2SRcHgU.pdf,0
pdf?id=NwLOIEi9vX.pdf,0
pdf?id=Fa0kehLK6s.pdf,0
pdf?id=Pa5pKAeAO7.pdf,0
pdf?id=Hkvyosg7Yx.pdf,0
pdf?id=UxzfzqgnpZ.pdf,0
pdf?id=QQS7TudonJ.pdf,0
pdf?id=fmNQkLfsys.pdf,0
pdf?id=8QJjRy8Jwl.pdf,0
pdf?id=STsjfx2cee.pdf,0
pdf?id=zzUXS4f91r.pdf,0
pdf?id=p6yplmeC6F.pdf,0
pdf?id=TFhV2J2ZlA.pdf,0
pdf?id=2aANZeYgxS.pdf,0
pdf?id=GCwJd0JH5k.pdf,0
pdf?id=gimtybo07H.pdf,0
pdf?id=ftVlLG9cks.pdf,0
pdf?id=O8Ifwhylnr.pdf,0
pdf?id=XLvHmzaHsx.pdf,0
pdf?id=zb16xZ1NGB.pdf,0
pdf?id=A4t17y2lXa.pdf,0
pdf?id=tQZK5frjVU.pdf,0
pdf?id=Sct4sajCi6.pdf,0
pdf?id=GEzd5K5s5u.pdf,0
pdf?id=eg4AmZVVPO.pdf,0
pdf?id=yqQVRNdmKJ.pdf,0
pdf?id=EYC29OdxgA.pdf,0
pdf?id=TYoYJStuN9.pdf,0
pdf?id=K61Y6cTMRl.pdf,0
pdf?id=4BsrGHtvW5.pdf,0
pdf?id=1t4hR9JCcS.pdf,0
pdf?id=px9GwMjloi.pdf,0
pdf?id=NpRbTTgRBG.pdf,0
pdf?id=4wnhbcppot.pdf,0
pdf?id=TgCkj4uEPl.pdf,0
pdf?id=pzPyxXjHrT.pdf,0
pdf?id=TCxzqnbyAF.pdf,0
pdf?id=mI9HqgVuTS.pdf,0
pdf?id=nadVPpcMvn.pdf,0
pdf?id=oPRNsj8AMk.pdf,0
pdf?id=gxfusMqPIs.pdf,0
pdf?id=zOCENGh1Jg.pdf,0
pdf?id=Xk5d55Eu1i.pdf,0
pdf?id=7yRwAEWxto.pdf,0
pdf?id=ExVMnClnrM.pdf,0
pdf?id=IBhxvINfxv.pdf,0
pdf?id=E7gH8L4yHi.pdf,0
pdf?id=NRvxzOdSPU.pdf,0
pdf?id=YY1MPKBHp7.pdf,0
pdf?id=NuCtKoflsV.pdf,0
pdf?id=oWnAlRn3X1.pdf,0
pdf?id=A9jXG3FUMT.pdf,0
pdf?id=mjhCFB3HLQ.pdf,0
pdf?id=kQAnOaayIo.pdf,0
pdf?id=VCTt5DXiBe.pdf,0
pdf?id=Kf9eNbp4wy.pdf,0
pdf?id=y0SRR9XGlZ.pdf,0
pdf?id=2VdsYVXLDl.pdf,0
pdf?id=5ofJyjgrth.pdf,0
pdf?id=2a36EMSSTp.pdf,0
pdf?id=cx45ACt9Lg.pdf,0
pdf?id=iZk78dZ1Ap.pdf,0
pdf?id=48L3BEtH8w.pdf,0
pdf?id=6UAeCPQPwP.pdf,0
pdf?id=BfO6od6JD6.pdf,0
pdf?id=9tYH4TrV1b.pdf,0
pdf?id=4jgsUhWWaF.pdf,0
pdf?id=rZ2nSt1X58.pdf,0
pdf?id=3l7Invcjmn.pdf,0
pdf?id=aTBM5j3oyA.pdf,0
pdf?id=ZyiBk1ZinG.pdf,0
pdf?id=s91i4zNebu.pdf,0
pdf?id=1qKvZX4qnp.pdf,0
pdf?id=EgH5WYB6my.pdf,0
pdf?id=75LMvs1CjG.pdf,0
pdf?id=lC7q2cwpov.pdf,0
pdf?id=UVDihUz0iT.pdf,0
pdf?id=0qRXETZZwv.pdf,0
pdf?id=k1sAEsMeyV.pdf,0
pdf?id=8tetkBNSWZ.pdf,0
pdf?id=rQCl1sf62w.pdf,0
pdf?id=6hvaQTKkpF.pdf,0
pdf?id=XfHfTqeXfZ.pdf,0
pdf?id=UQT2inkLmb.pdf,0
pdf?id=I6beY5rU64.pdf,0
pdf?id=sa6icF1Mnd.pdf,0
pdf?id=nPYtkZu65y.pdf,0
pdf?id=jAJv3CaS4f.pdf,0
pdf?id=FFmiWufVWk.pdf,0
pdf?id=6KlIzfkTfi.pdf,0
pdf?id=xpjWEgf8zi.pdf,0
pdf?id=AuOZDp4gy7.pdf,0
pdf?id=ZwBtDbuzjY.pdf,0
pdf?id=xSHqNf5Pdc.pdf,0
pdf?id=GcjpjIHDZn.pdf,0
pdf?id=KYTFXxTJ12.pdf,0
pdf?id=h2kwURAFkJ.pdf,0
pdf?id=KlzLtQV64O.pdf,0
pdf?id=KoCytqC9gx.pdf,0
pdf?id=9jaQTx1O8T.pdf,0
pdf?id=RDbuSCWhad.pdf,0
pdf?id=6xL4MRFeJo.pdf,0
pdf?id=GMvRmyunw4.pdf,0
pdf?id=ZHoryZEpvl.pdf,0
pdf?id=aE0bCvXXBt.pdf,0
pdf?id=KOebVBmhqx.pdf,0
pdf?id=7Q1ApHpX31.pdf,0
pdf?id=BM1GqmkEHS.pdf,0
pdf?id=JeP0lpusYw.pdf,0
pdf?id=Ezi8uXAanu.pdf,0
pdf?id=OeXukLC6SK.pdf,0
pdf?id=wtYcS4kxpF.pdf,0
pdf?id=bYRSuZteeK.pdf,0
pdf?id=4PZMjjElQz.pdf,0
pdf?id=Yokmj4lfwp.pdf,0
pdf?id=lJYwfYcoZX.pdf,0
pdf?id=6ZkcC9NmGU.pdf,0
pdf?id=r4BrtJRmy9.pdf,0
pdf?id=LrIRYbn3Rn.pdf,0
pdf?id=RoVS9vmpd2.pdf,0
pdf?id=8VkTkb6WL6.pdf,0
pdf?id=MZwGG87Jev.pdf,0
pdf?id=GUPx2otaKL.pdf,0
pdf?id=EtqwyqJrJO.pdf,0
pdf?id=LlEJZ7x0R8.pdf,0
pdf?id=hEA2n6OUUK.pdf,0
pdf?id=sT1U2enBh0.pdf,0
pdf?id=uCaqkrEXEP.pdf,0
pdf?id=qXAABCxYQ2.pdf,0
pdf?id=bFXbLQzRoZ.pdf,0
pdf?id=RjkAnKu6Hi.pdf,0
pdf?id=K6M7QmN1wQ.pdf,0
pdf?id=yzl5tL0Z2M.pdf,0
pdf?id=CF6qEI6rH0.pdf,0
pdf?id=fPPfFMVTZo.pdf,0
pdf?id=Kdqzbx8YGU.pdf,0
pdf?id=MNduv07wAu.pdf,0
pdf?id=SurremoXPu.pdf,0
pdf?id=X7ak8ohJPg.pdf,0
pdf?id=kcmw3OH5bh.pdf,0
pdf?id=ESB924uT5Y.pdf,0
pdf?id=CqLWckpTbG.pdf,0
pdf?id=TlYLJFTTX7.pdf,0
pdf?id=e8R0ytPhLv.pdf,0
pdf?id=apusEkBW3h.pdf,0
pdf?id=Q8m0TkIpJZ.pdf,0
pdf?id=X9diEuva9R.pdf,0
pdf?id=hq2CkcEY7h.pdf,0
pdf?id=xkGxogC2mF.pdf,0
pdf?id=UG1723eoKq.pdf,0
pdf?id=D3RUIzJxvL.pdf,0
pdf?id=UoKt9B1aY8.pdf,0
pdf?id=JQvx6rAqGr.pdf,0
pdf?id=hJRklWq4Ah.pdf,0
pdf?id=RnfyqrkOxD.pdf,0
pdf?id=RPRqKhjrr6.pdf,0
pdf?id=tD9mebUimw.pdf,0
pdf?id=3isHlkiykj.pdf,0
pdf?id=eTgXolhWCH.pdf,0
pdf?id=kLNtfA47dL.pdf,0
pdf?id=7GwcxPIkip.pdf,0
pdf?id=pH3daDPj4c.pdf,0
pdf?id=lDh9wSb9nP.pdf,0
pdf?id=ACagRwCCqu.pdf,0
pdf?id=39PoZNT4XX.pdf,0
pdf?id=M5GLj4Fgvp.pdf,0
pdf?id=hSX7Dd8dxy.pdf,0
pdf?id=wufHTz3phF.pdf,0
pdf?id=gcAGeE8Cch.pdf,0
pdf?id=KIlw9nWydt.pdf,0
pdf?id=e0Pq8EZx37.pdf,0
pdf?id=ZvqbNFWQkh.pdf,0
pdf?id=3FsM6wWQL4.pdf,0
pdf?id=EpEluUcQ6A.pdf,0
pdf?id=cnUq7GkS6d.pdf,0
pdf?id=omyNP89YW6.pdf,0
pdf?id=1PvMSoKvZG.pdf,0
pdf?id=asS4W7Yw5e.pdf,0
pdf?id=JyxsfFEiua.pdf,0
pdf?id=fUhWmqCnqW.pdf,0
pdf?id=qN5hmLkBtC.pdf,0
pdf?id=PZqII8EoFG.pdf,0
pdf?id=ZBlHEeSvKd.pdf,0
pdf?id=6h7HLx1kbH.pdf,0
pdf?id=2Lq5LnWLa9.pdf,0
pdf?id=qmk40WMlSC.pdf,0
pdf?id=Xpi6YxNSiI.pdf,0
pdf?id=qpIRwMubs9.pdf,0
pdf?id=C1LVIInfZO.pdf,0
pdf?id=kfB5Ciz2XZ.pdf,0
pdf?id=kd6hcHUl9C.pdf,0
pdf?id=gnRgO4ZHrN.pdf,0
pdf?id=38GF07Tmtr.pdf,0
pdf?id=dI4LrguKyz.pdf,0
pdf?id=DLVn11YIHx.pdf,0
pdf?id=zxZPpVoCNO.pdf,0
pdf?id=tfbu0ITAez.pdf,0
pdf?id=Wd9Y1C3KXs.pdf,0
pdf?id=qae8I9PSoo.pdf,0
pdf?id=uvTea5Rfek.pdf,0
pdf?id=VjjJlJ5qik.pdf,0
pdf?id=AU2eaY2QEu.pdf,0
pdf?id=Ku3XdvO88g.pdf,0
pdf?id=IjMZfMVyLF.pdf,0
pdf?id=gwxoQ8MtZD.pdf,0
pdf?id=z9oeQrcNh9.pdf,0
pdf?id=jneVld5iZw.pdf,Error
pdf?id=YmbQ0qnQ76.pdf,0
pdf?id=FjNHmO39pp.pdf,0
pdf?id=Qh458ZamHm.pdf,0
pdf?id=7AGXSlXcK6.pdf,0
pdf?id=0DaJaV4vRj.pdf,0
pdf?id=zEj1FSYCRn.pdf,0
pdf?id=0398lUtZqs.pdf,0
pdf?id=y2wt5c1Uhu.pdf,0
pdf?id=jWrDyknUZ8.pdf,0
pdf?id=xpVkYQofw9.pdf,0
pdf?id=pKg5zKIEuV.pdf,0
pdf?id=JGkZgEEjiM.pdf,0
pdf?id=ATewcZPbDj.pdf,0
pdf?id=EDRvVEqjau.pdf,0
pdf?id=ULblO61XZ0.pdf,0
pdf?id=IGowQfG5oA.pdf,0
pdf?id=I64ZLbUP6u.pdf,0
pdf?id=EjkvtZwRoA.pdf,0
pdf?id=TiE8aTc3Zg.pdf,0
pdf?id=heoHY4vcRl.pdf,0
pdf?id=V0gQ8o3wsF.pdf,0
pdf?id=uWMF3MuEk2.pdf,0
pdf?id=D8nHwexHNv.pdf,0
pdf?id=q3CU6ltlqE.pdf,0
pdf?id=86enCXORIV.pdf,0
pdf?id=wh3p37VYm2.pdf,0
pdf?id=F0JzotXYgC.pdf,0
pdf?id=8s0qknrCVK.pdf,0
pdf?id=7bEPq5MAQi.pdf,0
pdf?id=nUFGbRWl5W.pdf,0
pdf?id=cPO8dUCJOc.pdf,0
pdf?id=TXHc1gEEIk.pdf,0
pdf?id=MqGZIJxZ1z.pdf,0
pdf?id=n4nmiIq3qj.pdf,0
pdf?id=7tmVW6ZMmU.pdf,0
pdf?id=gNiT81iag0.pdf,0
pdf?id=iY1zuKydO0.pdf,0
pdf?id=MyxVp2kogT.pdf,0
pdf?id=z2vJpjopJk.pdf,0
pdf?id=DWf4vroKWJ.pdf,0
pdf?id=jCbbI78q4k.pdf,0
pdf?id=qTXlFwlggv.pdf,0
pdf?id=KD4wgunbhO.pdf,0
pdf?id=rbIlWjTFKj.pdf,0
pdf?id=l6hAqx4eoB.pdf,0
pdf?id=aXnUn8vush.pdf,0
pdf?id=kmooIAb3Pd.pdf,0
pdf?id=5d83SyLm0Z.pdf,0
pdf?id=zssWxiiJZ1.pdf,0
pdf?id=y8dGdBJkWa.pdf,0
pdf?id=2pCTBJQLwF.pdf,0
pdf?id=fyp34w19N2.pdf,0
pdf?id=yf8O4xEB4T.pdf,0
pdf?id=bqaiMuNzfK.pdf,0
pdf?id=5pHfYe10iX.pdf,0
pdf?id=zLkpt30ngy.pdf,0
pdf?id=6ICFqmixlS.pdf,0
pdf?id=wU8IKGLpbi.pdf,1
pdf?id=q8oLLyA34Q.pdf,0
pdf?id=arw2uk9Ica.pdf,0
pdf?id=cjjPn1EIwq.pdf,0
pdf?id=xGmS1i0pDq.pdf,0
pdf?id=yLApxMEja7.pdf,0
pdf?id=JScOknY0Su.pdf,0
pdf?id=ENkss6GiKG.pdf,0
pdf?id=Ll5miDx8KB.pdf,0
pdf?id=bjV8Y38aFF.pdf,0
pdf?id=CVekdZDzLG.pdf,0
pdf?id=4lH9MOuGfy.pdf,0
pdf?id=lQYNmlTwtc.pdf,0
pdf?id=cg2S1qqNSq.pdf,0
pdf?id=e8DrPuJekZ.pdf,0
pdf?id=OtOcVbOT7r.pdf,0
pdf?id=nHNYDM6PVz.pdf,0
pdf?id=xtKNbPTnMA.pdf,0
pdf?id=j0D69KmUYQ.pdf,0
pdf?id=theJ4Qiz55.pdf,0
pdf?id=14irEkV01l.pdf,0
pdf?id=CJ00kttEjh.pdf,0
pdf?id=4xvN7uOKZt.pdf,0
pdf?id=24wDPGiDzA.pdf,0
pdf?id=CmKar1zptJ.pdf,0
pdf?id=uglqgGHNFb.pdf,0
pdf?id=ubrecCeZrc.pdf,0
pdf?id=BNpIO5iYGc.pdf,0
pdf?id=t8YRsWY6HM.pdf,0
pdf?id=sLfMvrkn6T.pdf,0
pdf?id=gd1Dm1gHhg.pdf,0
pdf?id=XIeE8jbM4K.pdf,0
pdf?id=hYjlAA6wXT.pdf,0
pdf?id=PJOwQ77Mul.pdf,0
pdf?id=NXPaQRErIT.pdf,0
pdf?id=V8dGVO5Xpg.pdf,0
pdf?id=xMiKDqxEE8.pdf,0
pdf?id=tESKKiKhVp.pdf,0
pdf?id=PTLIM88XYR.pdf,0
pdf?id=fkYZKArFLF.pdf,0
pdf?id=thHhKPlt8q.pdf,0
pdf?id=IwjkwtkPGb.pdf,0
pdf?id=krG6UHAvYr.pdf,0
pdf?id=Jsln9ZyMl4.pdf,0
pdf?id=kcSbYJRQub.pdf,0
pdf?id=3uUmJzSSOW.pdf,0
pdf?id=V4SA2FOzQL.pdf,0
pdf?id=t22zHB6yQ0.pdf,0
pdf?id=UQxUhFGUyk.pdf,0
pdf?id=yZy6f3icew.pdf,0
pdf?id=KaD2Dw8Ahz.pdf,0
pdf?id=yKUwkihcsi.pdf,0
pdf?id=P23UMiw7iJ.pdf,0
pdf?id=BWpMTkRrEO.pdf,0
pdf?id=2iNwD8EzOr.pdf,0
pdf?id=ZkGHzGIaMB.pdf,0
pdf?id=q5L7jygjpi.pdf,0
pdf?id=6FHvr5hJdd.pdf,0
pdf?id=MULUaaNZFx.pdf,0
pdf?id=gb4tyRuzzh.pdf,0
pdf?id=w1FUXt3ujK.pdf,0
pdf?id=5l8GydIsby.pdf,0
pdf?id=lNPo3FAMsl.pdf,0
pdf?id=6LOgOsIcXe.pdf,0
pdf?id=6FEpFCqH7o.pdf,0
pdf?id=uAeqQePu4c.pdf,0
pdf?id=XF1OzY8mEI.pdf,0
pdf?id=NLLLkiF3xa.pdf,0
pdf?id=tmbx9zGVWb.pdf,0
pdf?id=6lxplXcCds.pdf,0
pdf?id=ShJ80Yu12r.pdf,0
pdf?id=yI55mj6anU.pdf,0
pdf?id=LNsGnfXS2V.pdf,0
pdf?id=XqHrG8lBai.pdf,0
pdf?id=MR7Fn23hSE.pdf,0
pdf?id=YIGUv0BZCy.pdf,0
pdf?id=4IIeoaNZ3a.pdf,0
pdf?id=R0B1z8dQcV.pdf,Error
pdf?id=eR8raBLZW7.pdf,0
pdf?id=fTkBZLxBzV.pdf,0
pdf?id=Jd8UcXJDCz.pdf,0
pdf?id=B9T5kKcKTy.pdf,0
pdf?id=qAggjeV2JO.pdf,0
pdf?id=qup6v4WnYX.pdf,0
pdf?id=w1TjXJk846.pdf,0
pdf?id=qj8y1MjzLk.pdf,0
pdf?id=OQFfM96ZcD.pdf,0
pdf?id=8t89BYV781.pdf,0
pdf?id=59HMRbpQ25.pdf,0
pdf?id=AAXMcAyNF6.pdf,0
pdf?id=5UMRGlcatB.pdf,0
pdf?id=i9RDDi2SZC.pdf,0
pdf?id=XsNi2STaj0.pdf,0
pdf?id=p4jKtPCcUh.pdf,0
pdf?id=88IP02bmrg.pdf,0
pdf?id=40M1uJl2GX.pdf,0
pdf?id=dgQRSJdo6a.pdf,0
pdf?id=6LGyChG6Ep.pdf,0
pdf?id=BL5r7hu9GD.pdf,0
pdf?id=UkR2zO5uww.pdf,0
pdf?id=qbVbZWxUib.pdf,0
pdf?id=DrUR87D4Hj.pdf,0
pdf?id=u8aoIxG1A4.pdf,0
pdf?id=AHccBzULR7.pdf,0
pdf?id=Z4hi1a9FsB.pdf,0
pdf?id=E0033NpFm0.pdf,0
pdf?id=eXO6g7BmOA.pdf,0
pdf?id=DzQ8Dvt5qS.pdf,0
pdf?id=9t7gfYUp0U.pdf,0
pdf?id=mVNryhp1q0.pdf,0
pdf?id=9QyNYxKeKr.pdf,0
pdf?id=B23WUS3W8Z.pdf,0
pdf?id=vOAtjgCAAO.pdf,0
pdf?id=yJS1eZSNUv.pdf,0
pdf?id=nOv6z9RHA5.pdf,0
pdf?id=YFb7KFE39x.pdf,0
pdf?id=uazfjnFL0G.pdf,0
pdf?id=ROfYsQ2KNV.pdf,0
pdf?id=t2RdzbtBk5.pdf,0
pdf?id=YYz4fumVed.pdf,0
pdf?id=MbqPKsVe1d.pdf,0
pdf?id=8I1XNt70lj.pdf,0
pdf?id=T62TYoF8R3.pdf,0
pdf?id=2qd4lpXz7u.pdf,0
pdf?id=ORsrbGTXQB.pdf,0
pdf?id=FnFf7Ru2ur.pdf,0
pdf?id=K9uAbJ0DtX.pdf,0
pdf?id=qDm3fpLYDW.pdf,0
pdf?id=T45dDL37V0.pdf,0
pdf?id=OhUu5PlRkF.pdf,0
pdf?id=j7L5AiVqJQ.pdf,0
pdf?id=86b23oNkg9.pdf,0
pdf?id=VZQSrNfNHd.pdf,0
pdf?id=H26A7cl91u.pdf,0
pdf?id=piM21sPyVL.pdf,0
pdf?id=3pix9mTbTI.pdf,0
pdf?id=OIH3T5ZPBW.pdf,0
pdf?id=zPj3SUiz3y.pdf,0
pdf?id=MBJJ9Wcpg9.pdf,0
pdf?id=Yhfx12Azz1.pdf,0
pdf?id=hVR3023UP2.pdf,0
pdf?id=pFFFRi2TcC.pdf,0
pdf?id=V5kzCSeaXF.pdf,0
pdf?id=6TmLco2L2D.pdf,0
pdf?id=ZYXTLo7kCi.pdf,0
pdf?id=D6aCr4RRdt.pdf,0
pdf?id=vzVoMvpSYC.pdf,0
pdf?id=wvcYIEaD5X.pdf,0
pdf?id=9e2H9DhKPa.pdf,0
pdf?id=qGW1GulvFH.pdf,0
pdf?id=qMm7tC1zvj.pdf,0
pdf?id=i7vgeipxNf.pdf,0
pdf?id=rH0aOLyjYQ.pdf,0
pdf?id=SkdhLeuq8P.pdf,0
pdf?id=S9YexPytpi.pdf,0
pdf?id=CBsANtjBV4.pdf,0
pdf?id=XQ87Vo9GIz.pdf,0
pdf?id=wmkd9qYty4.pdf,0
pdf?id=YFZOIra4OE.pdf,0
pdf?id=lwOV2ACEK9.pdf,0
pdf?id=pAfdjWD9pN.pdf,0
pdf?id=DcpUkPHRJw.pdf,0
pdf?id=Wlpf0Vg4yU.pdf,0
pdf?id=NMvMYtRjkg.pdf,0
pdf?id=o8F5lNOTG6.pdf,0
pdf?id=5k0AHYc4MJ.pdf,0
pdf?id=zhOUfuOIzA.pdf,0
pdf?id=idqBQnot0t.pdf,0
pdf?id=cmN8Wbvanr.pdf,0
pdf?id=ddyJqXyCxE.pdf,0
pdf?id=iD2OqoCs4D.pdf,0
pdf?id=OuklL6Q3sO.pdf,0
pdf?id=XQrGTggLvT.pdf,0
pdf?id=RWkLsoLeuj.pdf,0
pdf?id=Oj5tVkjbHD.pdf,0
pdf?id=BZSTC2RMEd.pdf,0
pdf?id=rSsc9uCVBl.pdf,0
pdf?id=zwmq0MsIMG.pdf,0
pdf?id=oUYmk8WaG0.pdf,0
pdf?id=KN2UMEvUOb.pdf,0
pdf?id=RfNiN2rENM.pdf,0
pdf?id=3kmbucBZPA.pdf,0
pdf?id=f6aOPkGE8L.pdf,0
pdf?id=MaJ3ASZ0NI.pdf,0
pdf?id=AUs0rScwK0.pdf,0
pdf?id=c8AjdgdHnD.pdf,0
pdf?id=vrbUfvcNZ6.pdf,0
pdf?id=HgfMIHcNao.pdf,0
pdf?id=dbZo5cLlV9.pdf,0
pdf?id=Y9f6ZYmVCD.pdf,0
pdf?id=XPe55Uffd7.pdf,0
pdf?id=l75RyRcevf.pdf,0
pdf?id=7ieZWCc7rB.pdf,0
pdf?id=xvxgG668th.pdf,0
pdf?id=mhARf5VzCn.pdf,0
pdf?id=gAddPMjmUc.pdf,0
pdf?id=e40dYCosQd.pdf,0
pdf?id=4JnZvkVssS.pdf,0
pdf?id=qu7swcInlt.pdf,0
pdf?id=BUkXhMb7ml.pdf,0
pdf?id=8e5SJJ1cjY.pdf,0
pdf?id=UKJkad8aUF.pdf,0
pdf?id=uGjTP2kFcX.pdf,0
pdf?id=1YzRtbaAzZ.pdf,0
pdf?id=yaS3JWQRQ6.pdf,0
pdf?id=8gsAg9TqhK.pdf,0
pdf?id=U7RZ9cC73S.pdf,0
pdf?id=2nIAtsUC27.pdf,0
pdf?id=Tt3XLyuDrE.pdf,0
pdf?id=ERGIrG9GBR.pdf,0
pdf?id=It69GYOep0.pdf,0
pdf?id=Hp78SvTU2N.pdf,0
pdf?id=bRAm7A02Qm.pdf,0
pdf?id=Ap8OIosN8p.pdf,0
pdf?id=DqRbfiTdKK.pdf,0
pdf?id=zytITzY4IW.pdf,0
pdf?id=UTGjik64IK.pdf,0
pdf?id=K6ijewH34E.pdf,0
pdf?id=ugaepulZyA.pdf,0
pdf?id=zL4JRfBr7R.pdf,0
pdf?id=qNP0FNxiET.pdf,0
pdf?id=oUf6lhK52B.pdf,0
pdf?id=ONc9vWkwCp.pdf,0
pdf?id=IZ1KYTU9ON.pdf,0
pdf?id=hfOgywCQ8j.pdf,0
pdf?id=r5tbCL9vAZ.pdf,0
pdf?id=hg5UGeAr1Q.pdf,0
pdf?id=9Sb7YIHK4e.pdf,0
pdf?id=z5FGi0vyCr.pdf,0
pdf?id=4e7jkPPzD4.pdf,0
pdf?id=kCUDzyKQ7G.pdf,0
pdf?id=iRQM8Ehgl9.pdf,0
pdf?id=X9SNL203cV.pdf,0
pdf?id=XPLf9H27aO.pdf,0
pdf?id=8JLpE8YnjD.pdf,0
pdf?id=O1MHVstfBQ.pdf,0
pdf?id=tlmKcZFAtL.pdf,0
pdf?id=qspsIrurcR.pdf,0
pdf?id=xju2uBgTrB.pdf,0
pdf?id=v6vBK4t8vB.pdf,0
pdf?id=lJSAtyx9Uc.pdf,0
pdf?id=EEZLBhyer1.pdf,0
pdf?id=9JX8XrTVEz.pdf,0
pdf?id=0xFgYI6oZr.pdf,0
pdf?id=koZxsoeuAO.pdf,0
pdf?id=FBjTMq2Rby.pdf,0
pdf?id=UwAgCUWJ21.pdf,0
pdf?id=9lMISUXB0F.pdf,0
pdf?id=np5NmBQL4F.pdf,0
pdf?id=hzBqQZK2iV.pdf,0
pdf?id=un1TRwNgiv.pdf,0
pdf?id=gm65gK3uOJ.pdf,0
pdf?id=Z3OtNSwuXX.pdf,0
pdf?id=3hnqwOq7iT.pdf,0
pdf?id=Vqj65VeDOu.pdf,0
pdf?id=MddNT1GXbi.pdf,0
pdf?id=WENq0drMfO.pdf,0
pdf?id=NKcwN347H7.pdf,0
pdf?id=kXJd4JxF34.pdf,0
pdf?id=QupYhLEVNj.pdf,0
pdf?id=paiyYD81Wr.pdf,0
pdf?id=HDeIb67lJe.pdf,0
pdf?id=RvCzlqwBXU.pdf,0
pdf?id=iUjGNJzrF1.pdf,0
pdf?id=sEFDhxF1mG.pdf,0
pdf?id=ILZ7ZPEHD5.pdf,0
pdf?id=74SvE2GZwW.pdf,0
pdf?id=w9gEF4Iwtx.pdf,0
pdf?id=77Kw7b7EYb.pdf,0
pdf?id=Cggdvyt8ik.pdf,0
pdf?id=gOwqPdBlRB.pdf,0
pdf?id=SWsDJbIloF.pdf,0
pdf?id=7Spt8cAJq0.pdf,0
pdf?id=JrZY7ilKLs.pdf,0
pdf?id=KI8qan2EA7.pdf,0
pdf?id=DIjRvEKOeG.pdf,0
pdf?id=dw9H08UxJb.pdf,0
pdf?id=wZPAnkQ5q5.pdf,0
pdf?id=ZTfqehfcEJ.pdf,0
pdf?id=mj8VN4MyrO.pdf,0
pdf?id=j42rziWq1n.pdf,0
pdf?id=evTXNxaH0f.pdf,0
pdf?id=bla5qx2sYe.pdf,0
pdf?id=MpJkAzwUtl.pdf,0
pdf?id=SPLtr5UThn.pdf,0
pdf?id=4QVLKwgg3S.pdf,0
pdf?id=WJnqeSPkQe.pdf,0
pdf?id=812rmogRgf.pdf,0
pdf?id=jSc7HD7mPj.pdf,0
pdf?id=Sv1pbyc8ZT.pdf,0
pdf?id=98NrkXPRZ9.pdf,0
pdf?id=a9HOg4f9Gh.pdf,0
pdf?id=jVwIfsJLvh.pdf,0
pdf?id=dpllevHMbc.pdf,0
pdf?id=Tdl89SZItB.pdf,0
pdf?id=GAa7Gy7FW7.pdf,0
pdf?id=gm5mkiTGOy.pdf,0
pdf?id=yh1t1yFtXG.pdf,0
pdf?id=LSS6JMvgha.pdf,0
pdf?id=A0T3piHiis.pdf,0
pdf?id=efwbxMJ5M6.pdf,0
pdf?id=v8InI8hobW.pdf,0
pdf?id=Igq7Dyc3OL.pdf,0
pdf?id=2t5IfPAzbX.pdf,0
pdf?id=s3MwCBuqav.pdf,0
pdf?id=ZTYlxJZF1z.pdf,0
pdf?id=oIpRvQkrH9.pdf,0
pdf?id=r2fZv2pxMa.pdf,0
pdf?id=Ekw6gjs5Y5.pdf,0
pdf?id=jQn9oYY4sz.pdf,0
pdf?id=5B3cyuEpOc.pdf,0
pdf?id=3L1sGJh3Li.pdf,0
pdf?id=zDU5sfYK1Z.pdf,0
pdf?id=hhjnvIfvpa.pdf,0
pdf?id=ul5mlXrLZb.pdf,0
pdf?id=kSgZiAAwDU.pdf,0
pdf?id=bzUdTkYrWe.pdf,1
pdf?id=HThoCI90b4.pdf,0
pdf?id=dR58v9Dd42.pdf,1
pdf?id=itXwzGwGFC.pdf,0
pdf?id=0M1gi4P4ka.pdf,0
pdf?id=fFr5GI6P5P.pdf,0
pdf?id=K9PcELos78.pdf,0
pdf?id=JebheQvpIb.pdf,0
pdf?id=xaxuzubN31.pdf,0
pdf?id=neZSGqhxDa.pdf,0
pdf?id=C39ShJwtD5.pdf,0
pdf?id=MyCKtV9CpR.pdf,0
pdf?id=dCcWKeO4y4.pdf,0
pdf?id=tv2McpEdyH.pdf,0
pdf?id=Z3lGbdexVY.pdf,0
pdf?id=yvql9WAJrx.pdf,0
pdf?id=6MmOy2Ji8V.pdf,0
pdf?id=jkCH6iwFZm.pdf,0
pdf?id=oIBwHvF930.pdf,0
pdf?id=NC7FPrUpKi.pdf,0
pdf?id=bYVxDz3JAt.pdf,0
pdf?id=VYLdKb5dzO.pdf,0
pdf?id=fqpbXJ2QtC.pdf,0
pdf?id=bHCB8H90aZ.pdf,0
pdf?id=wpdLr5GmTz.pdf,0
pdf?id=9KIvyH3L7c.pdf,0
pdf?id=29LwAgLFpj.pdf,0
pdf?id=Toy96yYopR.pdf,0
pdf?id=nMUpDatZBh.pdf,0
pdf?id=ERQRSnqLRb.pdf,0
pdf?id=sMtiGB2YZT.pdf,0
pdf?id=rXFzVRZsbt.pdf,0
pdf?id=IPxOoU8aqt.pdf,0
pdf?id=fiXCcxGysZ.pdf,0
pdf?id=y2eWc6jrlu.pdf,0
pdf?id=IF58Mgg63k.pdf,0
pdf?id=KjKfzItQrt.pdf,0
pdf?id=lni933mlvF.pdf,0
pdf?id=GbRVlyVOqH.pdf,0
pdf?id=QPEAZ182Ps.pdf,0
pdf?id=EZAotKVWfk.pdf,0
pdf?id=9MLfWJZXTn.pdf,0
pdf?id=xWYL9Ki32T.pdf,0
pdf?id=Lq4nneD2xX.pdf,0
pdf?id=VzWjHxE8PF.pdf,0
pdf?id=M44RvNMZs4.pdf,0
pdf?id=VaC4sa96EI.pdf,0
pdf?id=mf4V1SK0np.pdf,0
pdf?id=tkV3n52mQO.pdf,0
pdf?id=qQbvLU34F1.pdf,0
pdf?id=7fZNTLuStL.pdf,0
pdf?id=oTocSpfYvJ.pdf,0
pdf?id=NHw8muIAcL.pdf,0
pdf?id=7n2Kv5BUz2.pdf,0
pdf?id=fi24ry0BX5.pdf,0
pdf?id=IV6JqdW0BE.pdf,0
pdf?id=e50L5Mx93u.pdf,0
pdf?id=24vq7c6MpR.pdf,0
pdf?id=ZWOe1kkufx.pdf,0
pdf?id=kxuIIMBVTg.pdf,0
pdf?id=UB5u3KvOS1.pdf,0
pdf?id=KWRKCXRwNg.pdf,0
pdf?id=JMtVNZ8Np7.pdf,0
pdf?id=6QJZDAIhfk.pdf,0
pdf?id=4nDqyCS3h2.pdf,0
pdf?id=57MeabE6QU.pdf,0
pdf?id=Zd6VyjmN1S.pdf,0
pdf?id=60I6TzuHOb.pdf,0
pdf?id=zefDc9oi5T.pdf,0
pdf?id=XvHQnCywxN.pdf,0
pdf?id=XmV7KRABBl.pdf,0
pdf?id=urDdBuhbLx.pdf,0
pdf?id=iyu4sLQZvW.pdf,0
pdf?id=021PIPyOU1.pdf,0
pdf?id=WdL3O58gde.pdf,0
pdf?id=nq4hnk2NNV.pdf,0
pdf?id=P81Q9NBwxp.pdf,0
pdf?id=bZ0MXXoldX.pdf,0
pdf?id=VhGUS8kyaC.pdf,0
pdf?id=JoBCAKbCpC.pdf,0
pdf?id=5XoqKCmkS7.pdf,0
pdf?id=1cjLvtFOmL.pdf,0
pdf?id=UlpAIz6o5u.pdf,0
pdf?id=LsmUgStXby.pdf,0
pdf?id=To7Rs2wsTd.pdf,0
pdf?id=on22Rx5A4F.pdf,0
pdf?id=X2xLfqX24x.pdf,0
pdf?id=vMpvtSmtXY.pdf,0
pdf?id=nO8ShqG2ci.pdf,0
pdf?id=WXo0DLSaIf.pdf,0
pdf?id=jJweE513Am.pdf,0
pdf?id=wmuWMEoIL9.pdf,0
pdf?id=TjWdyVWBAG.pdf,0
pdf?id=TeocEZCWnr.pdf,0
pdf?id=B4NT8TexNS.pdf,0
pdf?id=Ve693NkzcU.pdf,0
pdf?id=oysfr9yqUI.pdf,0
pdf?id=y7ahj9RoXQ.pdf,0
pdf?id=TOhpnECT10.pdf,0
pdf?id=o0AASFieVc.pdf,0
pdf?id=P37GIj4wB7.pdf,0
pdf?id=ByQdHPGKgU.pdf,0
pdf?id=jl0O0MYLyh.pdf,0
pdf?id=AHjspi4R22.pdf,0
pdf?id=gcrDTxZTl0.pdf,0
pdf?id=47iGNYmTQR.pdf,0
pdf?id=QSLlPljXxz.pdf,0
pdf?id=Y9AdTCCEgI.pdf,0
pdf?id=TxedB8hI5O.pdf,0
pdf?id=d0bm4upnQ8.pdf,0
pdf?id=vAT2xlaWJY.pdf,0
pdf?id=pJWozQn9p4.pdf,0
pdf?id=4AAwJAsGvb.pdf,0
pdf?id=vWaMUMrBpF.pdf,0
pdf?id=tahkGZjjWA.pdf,0
pdf?id=MoS4P8zieM.pdf,0
pdf?id=dbioYc7qav.pdf,0
pdf?id=6tOKqqiyWE.pdf,0
pdf?id=Vj56Z9yNCr.pdf,0
pdf?id=5nBwN6XQOD.pdf,0
pdf?id=AOe1aUhEQQ.pdf,0
pdf?id=wjXKFrUFzA.pdf,0
pdf?id=FxCy8TvQHO.pdf,0
pdf?id=brV7U7svgS.pdf,0
pdf?id=zswylB4Wnt.pdf,0
pdf?id=heY0zzGvYm.pdf,0
pdf?id=bK3s3n0vPA.pdf,0
pdf?id=T1GXVrXJR4.pdf,0
pdf?id=ILf0VJYQBD.pdf,0
pdf?id=QrARiRYatf.pdf,0
pdf?id=zoNpnBlJWh.pdf,0
pdf?id=FXWwYz1p8a.pdf,0
pdf?id=RnOKrKVMfC.pdf,0
pdf?id=l1L0Yhh6x6.pdf,0
pdf?id=Vusd1Hw2D9.pdf,0
pdf?id=kePsKwxvaV.pdf,0
pdf?id=36TBVGwzAY.pdf,0
pdf?id=i5rApSWC9E.pdf,0
pdf?id=X8C20fJXtx.pdf,0
pdf?id=o87dDXYLXC.pdf,0
pdf?id=BRklmFlCsD.pdf,0
pdf?id=oo9IrVWcFL.pdf,0
pdf?id=yRxX01oRIi.pdf,0
pdf?id=JzWtqd9CGJ.pdf,0
pdf?id=CDQ0MI4rLw.pdf,0
pdf?id=yFdNygEryH.pdf,0
pdf?id=NQ8YNyX2uy.pdf,0
pdf?id=PWdWmw9wh0.pdf,0
pdf?id=CkAZ5sgDQX.pdf,0
pdf?id=YMPYLesItf.pdf,0
pdf?id=QIv5aXEAcc.pdf,0
pdf?id=sH0ZwzDJZn.pdf,0
pdf?id=7Eh2SK6Mo7.pdf,0
pdf?id=Z6aBp0AJI1.pdf,0
pdf?id=FUd016XD4d.pdf,0
pdf?id=gUbQZ7AtaZ.pdf,0
pdf?id=GYLMYTYqZg.pdf,0
pdf?id=biM1m6VXSD.pdf,0
pdf?id=t6EPMcudln.pdf,0
pdf?id=yvGnOqy0Zf.pdf,0
pdf?id=LyG7kDSsGh.pdf,0
pdf?id=QeJOsm3qkS.pdf,0
pdf?id=UFqqqJZwM7.pdf,0
pdf?id=VrXjAfdwrN.pdf,0
pdf?id=jTUIo4Kl6u.pdf,0
pdf?id=Gsj3oN2Ipy.pdf,0
pdf?id=3zx087XPtz.pdf,0
pdf?id=vLUW0OZGWD.pdf,0
pdf?id=9StiSCqeRw.pdf,0
pdf?id=8HYeWMf0W3.pdf,0
pdf?id=77zz0JTNjn.pdf,0
pdf?id=BuYtcTUMyA.pdf,0
pdf?id=tnTM6JJuLi.pdf,0
pdf?id=5h9mS87Pyt.pdf,0
pdf?id=7LKKHBAMzH.pdf,0
pdf?id=3pORFyKzh1.pdf,0
pdf?id=Cfd5S9108a.pdf,Error
pdf?id=U88JlpY0vR.pdf,0
pdf?id=AIlaBrwwJO.pdf,0
pdf?id=xTWWKMxY1x.pdf,0
pdf?id=Q2fU0JDHuW.pdf,0
pdf?id=Y1bt0YIS6Y.pdf,0
pdf?id=X5Hk8aMs6w.pdf,0
pdf?id=65llKR17s4.pdf,0
pdf?id=cRKLbmU4dT.pdf,0
pdf?id=d4CZoiaXeC.pdf,0
pdf?id=rMhQBlhh4c.pdf,0
pdf?id=YJ7H3amL0k.pdf,0
pdf?id=NoC9HT7Kf7.pdf,0
pdf?id=vATe64ktAo.pdf,0
pdf?id=fxDCgOruk0.pdf,0
pdf?id=ESELaMThLN.pdf,0
pdf?id=8AtYSW3VdX.pdf,0
pdf?id=D19hc2XPeZ.pdf,0
pdf?id=AhyjbXSmUN.pdf,0
pdf?id=aCPFvEg22L.pdf,0
pdf?id=yg1yfaKolw.pdf,0
pdf?id=HmsEHahtGx.pdf,0
pdf?id=VPm6afl0Sc.pdf,0
pdf?id=XyCDB1Uiqa.pdf,0
pdf?id=lCsVtkMusN.pdf,0
pdf?id=87c2JwNJa0.pdf,0
pdf?id=m7Aw57oI3U.pdf,0
pdf?id=VHWmDTYI2O.pdf,0
pdf?id=JSSvYZKvL8.pdf,0
pdf?id=5xdbWUdM87.pdf,0
pdf?id=PdUdzvYzoH.pdf,0
pdf?id=H1PLlbFvwW.pdf,0
pdf?id=MYe8FiahWi.pdf,0
pdf?id=8OvST1bejm.pdf,0
pdf?id=31CaYYw1Xz.pdf,0
pdf?id=u7eIoTviuM.pdf,0
pdf?id=9FDErIfoVE.pdf,0
pdf?id=RyYDCQ2ilV.pdf,0
pdf?id=v34WBRPSon.pdf,0
pdf?id=M0U8wUow8c.pdf,0
pdf?id=OpAGOfAhT0.pdf,0
pdf?id=t5ylXsc2Es.pdf,0
pdf?id=QZYZ0Xm58q.pdf,0
pdf?id=wZzC5rpDY1.pdf,0
pdf?id=mQOaC3uH2r.pdf,0
pdf?id=ZnrM5RGrgR.pdf,0
pdf?id=4P6Mployhf.pdf,0
pdf?id=A2pmvkqOgp.pdf,0
pdf?id=3CRt6uJ77o.pdf,0
pdf?id=ILP0eZAor6.pdf,0
pdf?id=PluDA8DEar.pdf,0
pdf?id=qEfgajdKea.pdf,0
pdf?id=s3IT4Qo7bm.pdf,0
pdf?id=AlSHcopwHi.pdf,0
pdf?id=dopfjQFr65.pdf,0
pdf?id=hsD30Qljz0.pdf,0
pdf?id=Z6DJJIN8IJ.pdf,0
pdf?id=ccPts3Df2q.pdf,0
pdf?id=zo4zYTR8vn.pdf,0
pdf?id=H2m4chAfig.pdf,0
pdf?id=6xCcjYa97j.pdf,Error
pdf?id=D4gOopmVT2.pdf,1
pdf?id=8MHTtHZRFL.pdf,0
pdf?id=BcKYVmh3yH.pdf,0
pdf?id=g9olLDlaqH.pdf,0
pdf?id=z67on2D0j1.pdf,0
pdf?id=wRQmQ6UXYF.pdf,0
pdf?id=RjN1LYymST.pdf,0
pdf?id=ccuvCkEhMJ.pdf,0
pdf?id=qmBMPInbZC.pdf,0
pdf?id=z1Cvcovlms.pdf,0
pdf?id=igtjRQfght.pdf,0
pdf?id=wAq0ZLxrGq.pdf,0
pdf?id=HkumwkgqJo.pdf,0
pdf?id=byNNv5Et10.pdf,0
pdf?id=KrzTGSqnK9.pdf,0
pdf?id=Y0LHrY3x1S.pdf,0
pdf?id=hJKDwf32Xu.pdf,0
pdf?id=fcLVqvyiqV.pdf,0
pdf?id=ZbLeNBiCiQ.pdf,0
pdf?id=fohuurA03P.pdf,0
pdf?id=IkfBLlYuHA.pdf,0
pdf?id=fJRuMulPkc.pdf,0
pdf?id=EXChZFno6e.pdf,0
pdf?id=RblaNJGx8C.pdf,0
pdf?id=RBx1AfoL2J.pdf,0
pdf?id=NligLHO7yG.pdf,0
pdf?id=GfyvbLYKMW.pdf,0
pdf?id=3mOZvQfYpR.pdf,0
pdf?id=mmAVwmJgCP.pdf,0
pdf?id=FrQd4NoQ16.pdf,0
pdf?id=7VN0iICXZj.pdf,0
pdf?id=3Cpw7YftBm.pdf,0
pdf?id=Bkyl98YQRa.pdf,0
pdf?id=Ig5mtZ8etr.pdf,0
pdf?id=cbWApYUvZ9.pdf,0
pdf?id=aLUAzLDIOc.pdf,0
pdf?id=OU6FXkSIe0.pdf,0
pdf?id=17O8DqToyr.pdf,0
pdf?id=JPoQca8CSg.pdf,0
pdf?id=jc1wIiBtNk.pdf,0
pdf?id=WtMuGdHvh6.pdf,0
pdf?id=CANUXhPoyn.pdf,0
pdf?id=MY4KpJt3LM.pdf,0
pdf?id=UjSBOwKZ02.pdf,0
pdf?id=vRVfgcoeIl.pdf,0
pdf?id=Rxdon7jWni.pdf,0
pdf?id=Sk1WgkHdht.pdf,0
pdf?id=84dnGT4ajt.pdf,0
pdf?id=vqoiuHbOsG.pdf,0
pdf?id=8owMKkQIy0.pdf,0
pdf?id=yst8MHfcgP.pdf,0
pdf?id=UogChes7e9.pdf,0
pdf?id=OH7U836jKk.pdf,0
pdf?id=mf0p4PO7ko.pdf,0
pdf?id=ly5DnRIgCZ.pdf,0
pdf?id=M9JmlA6Cgf.pdf,0
pdf?id=CGTnDiL01P.pdf,0
pdf?id=8pEqukyGrj.pdf,0
pdf?id=fgfftCWPrn.pdf,0
pdf?id=XX7XpzSMHd.pdf,0
pdf?id=EqWZ1yVRfN.pdf,0
pdf?id=P382qaxvjc.pdf,0
pdf?id=ZwDMrArTBg.pdf,0
pdf?id=KDKddNgeKo.pdf,0
pdf?id=1ffIkWo0yq.pdf,0
pdf?id=rRhp7LkBZV.pdf,0
pdf?id=Dm3DMOcKIA.pdf,0
pdf?id=Ice2BHIumz.pdf,0
pdf?id=jReV7xyjXy.pdf,0
pdf?id=NQIxuYM9TR.pdf,0
pdf?id=8YniJnJQ0P.pdf,0
pdf?id=0UGbZ0QAXi.pdf,0
pdf?id=eqvg92dZfL.pdf,0
pdf?id=ZvUZvT8tgg.pdf,0
pdf?id=IByOCSsDU5.pdf,0
pdf?id=iBLAYaEKdL.pdf,0
pdf?id=23UbkRKsZa.pdf,0
pdf?id=h3dbocj7po.pdf,0
pdf?id=lswfDFAYWR.pdf,0
pdf?id=1nWqhiulqD.pdf,0
pdf?id=0XKZFK4hQt.pdf,0
pdf?id=RldcKC2ybn.pdf,0
pdf?id=5puCVHYtDB.pdf,0
pdf?id=CA1xVSvn72.pdf,0
pdf?id=hLZrqDFugY.pdf,0
pdf?id=vTWNVYuvuF.pdf,0
pdf?id=xud9JYzgSp.pdf,0
pdf?id=23ichdd74N.pdf,0
pdf?id=c7leN0pIQv.pdf,0
pdf?id=qNNjudaNhb.pdf,0
pdf?id=wsmP79iuyT.pdf,0
pdf?id=7PP2yyeDv6.pdf,0
pdf?id=SR6ivhZCQK.pdf,0
pdf?id=f3sZjkQbv2.pdf,0
pdf?id=PQcSYOBZii.pdf,0
pdf?id=1CqEAuRzHc.pdf,0
pdf?id=7qq1UeCYL6.pdf,0
pdf?id=OEawM2coNT.pdf,0
pdf?id=5Qe7AGO3Eq.pdf,0
pdf?id=0EILv1HcmG.pdf,0
pdf?id=9OyMsbuzL5.pdf,0
pdf?id=r9zzTQLnxw.pdf,0
pdf?id=UFAKqq77e3.pdf,0
pdf?id=Dbjzqvmd7t.pdf,0
pdf?id=KtaHv0YUyh.pdf,0
pdf?id=7x5X6gTCUH.pdf,0
pdf?id=E1FrjgaG1J.pdf,0
pdf?id=hsf4gi5iEN.pdf,0
pdf?id=jSeWBdH0Xx.pdf,0
pdf?id=ciEdnQ0bLn.pdf,0
pdf?id=eLHIERUitQ.pdf,0
pdf?id=n0I0IvdfB3.pdf,0
pdf?id=ggP2r9S9wY.pdf,0
pdf?id=fZsd3KLMje.pdf,0
pdf?id=ZdmmOAN4h3.pdf,0
pdf?id=aI3Oacoyi6.pdf,0
pdf?id=CH72XyZs4y.pdf,0
pdf?id=3k1z56W015.pdf,0
pdf?id=R8n2h7hzqS.pdf,0
pdf?id=Vo2UHqMu8t.pdf,0
pdf?id=pOJBw1YQgL.pdf,0
pdf?id=n3M8h9mqDm.pdf,0
pdf?id=iehVIoSDzu.pdf,0
pdf?id=qE3knKF1rz.pdf,0
pdf?id=kgjY80e1LF.pdf,0
pdf?id=yyWeSAsOhs.pdf,0
pdf?id=ny6YPsXCOY.pdf,0
pdf?id=usOkGv1S7M.pdf,0
pdf?id=vN3ZRS7L3I.pdf,0
pdf?id=HUUQmnwUIx.pdf,0
pdf?id=hdT7UC7oG6.pdf,0
pdf?id=kW2u5szHb6.pdf,0
pdf?id=zlMupLoKRf.pdf,0
pdf?id=RdNYp8ilPr.pdf,0
pdf?id=Aiqtzn3Qo2.pdf,0
pdf?id=CRyOyiVvvJ.pdf,0
pdf?id=iE0oCRx81h.pdf,0
pdf?id=SWDBajHBfn.pdf,0
pdf?id=BeXcXrXetA.pdf,0
pdf?id=d1dL1ymD6N.pdf,0
pdf?id=m6WmeOI1AW.pdf,0
pdf?id=YWE9na9Jai.pdf,0
pdf?id=IMzol5Ywsr.pdf,0
pdf?id=lg2rP98oTf.pdf,0
pdf?id=xL5kQNdN6k.pdf,0
pdf?id=awRfy4xAO5.pdf,0
pdf?id=rccgEdFTlH.pdf,0
pdf?id=0iJskiCgKp.pdf,0
pdf?id=g2vViuEVDS.pdf,0
pdf?id=JxkZyedsdS.pdf,0
pdf?id=vbn7VvloTd.pdf,0
pdf?id=QXEhBMNrCW.pdf,0
pdf?id=vyI84ToW3q.pdf,1
pdf?id=TEAASoJWsb.pdf,0
pdf?id=TSd6GrXTFW.pdf,0
pdf?id=OiqQGjNvyJ.pdf,0
pdf?id=bIt1x6SgHX.pdf,0
pdf?id=noiiyIk3hh.pdf,0
pdf?id=idir4VfpuZ.pdf,0
pdf?id=rMqQdJJz5r.pdf,0
pdf?id=wGeQr5cARm.pdf,0
pdf?id=gcWJyQlFlz.pdf,0
pdf?id=T3DF4yxcPz.pdf,0
pdf?id=W0eTcFyx44.pdf,0
pdf?id=SoA8rMxDaF.pdf,0
pdf?id=XKnOA7MhCz.pdf,0
pdf?id=wEOmS8Aw1W.pdf,0
pdf?id=5BfO9i4kj1.pdf,0
pdf?id=aAxk0cw6GW.pdf,0
pdf?id=Iqu63cYI3z.pdf,0
pdf?id=9lhijvd0fs.pdf,0
pdf?id=8uhXfdSJmA.pdf,0
pdf?id=nW6SMcfDq3.pdf,0
pdf?id=QsQGMijLhL.pdf,0
pdf?id=v13yQBxhut.pdf,0
pdf?id=u2c6YVg5rQ.pdf,0
pdf?id=C9JMOzKD9k.pdf,1
pdf?id=Eu2Tqcvxih.pdf,0
pdf?id=dH8mKmvADv.pdf,0
pdf?id=89ZIautowR.pdf,0
pdf?id=RRBve5GwjS.pdf,0
pdf?id=auiURbhoYx.pdf,0
pdf?id=A3vDXf4PUO.pdf,0
pdf?id=jDJUjqUies.pdf,0
pdf?id=3iEWfZh5R2.pdf,0
pdf?id=idjZKbf78s.pdf,0
pdf?id=HPmDgKOlM3.pdf,0
pdf?id=59n2g6RqjT.pdf,0
pdf?id=p3hhC7OvIq.pdf,0
pdf?id=JMlYzOMDxI.pdf,0
pdf?id=pV17ra3AxZ.pdf,0
pdf?id=qgi5TfBXBw.pdf,0
pdf?id=15mlgnyaFt.pdf,0
pdf?id=WCPAHpVAUp.pdf,0
pdf?id=BpSGN4pErp.pdf,0
pdf?id=ThgoX1dMeM.pdf,0
pdf?id=9XCyUFsm1H.pdf,0
pdf?id=9loSPaBwGO.pdf,0
pdf?id=9T6Pu6iWL6.pdf,0
pdf?id=fllsm01JWS.pdf,0
pdf?id=DpeJYRFRQY.pdf,0
pdf?id=rqXEiXZT6C.pdf,0
pdf?id=QwXpn5IPKk.pdf,0
pdf?id=uS4Wmg7PmE.pdf,0
pdf?id=N6ZzwaYSxQ.pdf,0
pdf?id=c7qZNpguY0.pdf,0
pdf?id=QFjssnKdBI.pdf,0
pdf?id=0JSolJVzjd.pdf,0
pdf?id=uWj4s7rMnR.pdf,0
pdf?id=yThwhNCaZN.pdf,0
pdf?id=KlZUwDP0pR.pdf,0
pdf?id=w1x9WMMHvi.pdf,0
pdf?id=Zf6Oj5x9sE.pdf,0
pdf?id=TLCMyeihR9.pdf,0
pdf?id=IQlcfc40Ja.pdf,0
pdf?id=Q6IyUpBmrG.pdf,0
pdf?id=7LulWI9QJy.pdf,0
pdf?id=Dkgx2pS4Ww.pdf,0
pdf?id=cjcm5LYVWm.pdf,0
pdf?id=LVDRJE4xQ2.pdf,0
pdf?id=p58mKXaeWC.pdf,0
pdf?id=uUBQ96zs48.pdf,0
pdf?id=XzXGqoUNUa.pdf,0
pdf?id=gjiCml2CNG.pdf,0
pdf?id=IUYAqr7qDA.pdf,0
pdf?id=IGJHOcoQKp.pdf,0
pdf?id=imO353Gyrl.pdf,0
pdf?id=LqgWOxDlrI.pdf,0
pdf?id=aLGgz4SOyu.pdf,0
pdf?id=LmcTbBvgjP.pdf,0
pdf?id=B9Aj2aWLKi.pdf,0
pdf?id=xoL5zo1O86.pdf,0
pdf?id=7qrhHzZpTA.pdf,0
pdf?id=Smy93p3NCT.pdf,0
pdf?id=PAYYkls0WD.pdf,0
pdf?id=k0wyi4cOGy.pdf,0
pdf?id=jvObbvshjE.pdf,0
pdf?id=CVp0WCw4a1.pdf,0
pdf?id=KstkQi6e7q.pdf,0
pdf?id=mLVqiNH0aA.pdf,0
pdf?id=3Sk8CaQWdv.pdf,0
pdf?id=kYYyEZ1LIX.pdf,0
pdf?id=hwKnBsXwXd.pdf,0
pdf?id=hDx3pFaYeH.pdf,0
pdf?id=8M9T7Nl454.pdf,0
pdf?id=lqm1qJ43Sw.pdf,0
pdf?id=pVaqdFlUAO.pdf,0
pdf?id=hhg1TPk3RG.pdf,0
pdf?id=9lASMulFUj.pdf,0
pdf?id=ElTbpJp7b9.pdf,0
pdf?id=Orpf8yDjdj.pdf,0
pdf?id=VYY5sG4EMm.pdf,0
pdf?id=Dt5vRmUjAv.pdf,0
pdf?id=JV6ZOUb7BD.pdf,0
pdf?id=jcvX8XFNqX.pdf,0
pdf?id=utXSSdD9mt.pdf,0
pdf?id=IDSTtDw4Cs.pdf,0
pdf?id=Izewdgcl8U.pdf,0
pdf?id=UPxyTg7dTL.pdf,0
pdf?id=KxPBABa2pl.pdf,0
pdf?id=VBx4yMNtjt.pdf,0
pdf?id=OfMCET0hqJ.pdf,0
pdf?id=Xr73jEYG29.pdf,0
pdf?id=BAYTbpUSrF.pdf,0
pdf?id=JRkFZl0TJ2.pdf,0
pdf?id=V8ImbOfpdh.pdf,0
pdf?id=Quo3XadYcZ.pdf,0
pdf?id=Hmd8CqMo3E.pdf,0
pdf?id=PSaDYAOfvx.pdf,0
pdf?id=h5NsMrUK4g.pdf,0
pdf?id=zlRvBwWFII.pdf,0
pdf?id=x9vcgXmRD0.pdf,0
pdf?id=zprMrpiLgT.pdf,0
pdf?id=jH9TtAhMkp.pdf,0
pdf?id=894Yo61h1P.pdf,0
pdf?id=tejdm1EMXK.pdf,0
pdf?id=XMzxZ6h68o.pdf,0
pdf?id=0yowBBK6tT.pdf,0
pdf?id=4uy6GI3vzo.pdf,0
pdf?id=eK31JidsTN.pdf,0
pdf?id=AjOl3iahHd.pdf,0
pdf?id=1ajMY3nUKg.pdf,0
pdf?id=XDTTwmjhAg.pdf,0
pdf?id=IJmTOL4Raz.pdf,0
pdf?id=feuFyonHks.pdf,0
pdf?id=aVWVx7cqIE.pdf,0
pdf?id=sbmYVM4zRr.pdf,0
pdf?id=0enwkxV3sx.pdf,0
pdf?id=DLt2Ep1S3q.pdf,0
pdf?id=QpYYBFQQTu.pdf,0
pdf?id=5UQpW4Jov4.pdf,Error
pdf?id=FjByDpDVIO.pdf,0
pdf?id=9V3crVSPH7.pdf,0
pdf?id=odWYytUjl1.pdf,0
pdf?id=dXqqFte3KT.pdf,0
pdf?id=rem4dgVrFg.pdf,0
pdf?id=AZLj6ObEDF.pdf,Error
pdf?id=b7uniOw0sZ.pdf,0
pdf?id=Iy4cAXotrf.pdf,0
pdf?id=l8razJItEy.pdf,0
pdf?id=QU1SArYwKB.pdf,0
pdf?id=Y5xuVoVz7g.pdf,0
pdf?id=nlQRra0OLH.pdf,0
pdf?id=aoVCFtox89.pdf,0
pdf?id=UKt31LbRPI.pdf,0
pdf?id=dsUK4Xql8Z.pdf,0
pdf?id=p8lKcNkJRi.pdf,0
pdf?id=Sv1b20eCnL.pdf,0
pdf?id=Cx6Kqto5h1.pdf,0
pdf?id=pLDpenGIjl.pdf,0
pdf?id=qXgGX081j3.pdf,0
pdf?id=9z6ZzeKqPC.pdf,0
pdf?id=6oTJCnTkUA.pdf,0
pdf?id=TMSNlEKKeM.pdf,0
pdf?id=d8yAQOSLwv.pdf,0
pdf?id=IFQBrEAuQ6.pdf,0
pdf?id=yEddfz9SgJ.pdf,0
pdf?id=ovUuNzZZbK.pdf,0
pdf?id=cjHQj0tCy6.pdf,0
pdf?id=FACJ0478oQ.pdf,0
pdf?id=bct6UQcsiA.pdf,0
pdf?id=DpuquFb1J8.pdf,0
pdf?id=inEpyClGV2.pdf,0
pdf?id=uAegI6Hh6G.pdf,0
pdf?id=9vKJyCUfMH.pdf,0
pdf?id=OCxhcqUtDf.pdf,0
pdf?id=jDxFD45kkc.pdf,0
pdf?id=DsGrLE9gqv.pdf,0
pdf?id=LtON4qr1if.pdf,0
pdf?id=5sgK63Zshg.pdf,0
pdf?id=C5e4TGdCJ3.pdf,0
pdf?id=sYfIpZzojf.pdf,0
pdf?id=1DmvJtwaDg.pdf,0
pdf?id=me2vIZfgQf.pdf,0
pdf?id=64lk7JQAU1.pdf,0
pdf?id=VIP5mV8x0b.pdf,0
pdf?id=VKJTyhAtoA.pdf,0
pdf?id=IIgVYnadfR.pdf,0
pdf?id=dqBkZ9rmSF.pdf,0
pdf?id=NR5QjnbWGD.pdf,0
pdf?id=B7lygdSDii.pdf,0
pdf?id=oOUvejSBxL.pdf,0
pdf?id=SiBVbL7rsX.pdf,0
pdf?id=kurEZdWU9G.pdf,0
pdf?id=VS9N6q6b0k.pdf,0
pdf?id=sUjwDdyspc.pdf,0
pdf?id=yPXOfBoQL7.pdf,0
pdf?id=qJLPlZSdkb.pdf,0
pdf?id=QEU047bE8p.pdf,0
pdf?id=O1yi3lqp97.pdf,0
pdf?id=3BTqvtwZYY.pdf,0
pdf?id=DIVHwy7wfh.pdf,0
pdf?id=QaZxGWlbgO.pdf,0
pdf?id=C7LxkebvVW.pdf,0
pdf?id=EeIEvZlmVg.pdf,0
pdf?id=Vk2sfKAdeu.pdf,0
pdf?id=0wC6h6KGH8.pdf,0
pdf?id=OwU0mgfKUi.pdf,0
pdf?id=b7bOWd3kUL.pdf,0
pdf?id=01hPO0uJhS.pdf,0
pdf?id=NUaIywqBtK.pdf,0
pdf?id=0U7D9AFiZ0.pdf,0
pdf?id=be6u40gq0Y.pdf,0
pdf?id=vKmWKHlQBe.pdf,0
pdf?id=sZ22INHr9H.pdf,0
pdf?id=PInrbKWnbV.pdf,0
pdf?id=zQK6IluJi3.pdf,0
pdf?id=SZdfUp9kZY.pdf,0
pdf?id=CMmKcHFDKL.pdf,0
pdf?id=iG4UNfUn0r.pdf,0
pdf?id=jtMDzggo6M.pdf,0
pdf?id=16kX08MCav.pdf,0
pdf?id=VkXyaqhD0P.pdf,0
pdf?id=F1wDPNLvTb.pdf,0
pdf?id=aTqfufujj7.pdf,0
pdf?id=ezSyZM6Lp7.pdf,0
pdf?id=26kUrQm4zw.pdf,0
pdf?id=8FN25PlktS.pdf,0
pdf?id=0okFLZvtKs.pdf,0
pdf?id=wI6oHXeTR8.pdf,0
pdf?id=yzHiEmLSk8.pdf,0
pdf?id=VPPqfZWsuO.pdf,0
pdf?id=p27bSdc3FS.pdf,0
pdf?id=cECo8tetzF.pdf,0
pdf?id=ei20AX8EkP.pdf,0
pdf?id=avZ01E4aYt.pdf,0
pdf?id=EeyvDitalf.pdf,0
pdf?id=ibLGUkBWlz.pdf,0
pdf?id=jZs26lJ0pl.pdf,0
pdf?id=2Y2OabORdd.pdf,0
pdf?id=UCloKhbOvP.pdf,0
pdf?id=lh5sXuGfk8.pdf,0
pdf?id=XUks1Y96NR.pdf,0
pdf?id=tOwP9z1Zde.pdf,0
pdf?id=uUHNt5CoaL.pdf,0
pdf?id=7CADRzMLou.pdf,0
pdf?id=2Yk4GnB3DY.pdf,0
pdf?id=D4j2K5lknb.pdf,0
pdf?id=EGK487IYAW.pdf,0
pdf?id=8KuKSKLott.pdf,0
pdf?id=cZzA2Z0ehX.pdf,0
pdf?id=kn0AyMYw0v.pdf,0
pdf?id=0cCkauhKit.pdf,0
pdf?id=HFT821Q83J.pdf,0
pdf?id=5OnejG2SQH.pdf,0
pdf?id=zY5J1vp7tZ.pdf,0
pdf?id=efuY2yYC1U.pdf,0
pdf?id=EakfENFVPT.pdf,0
pdf?id=Fj2kyLs6G5.pdf,0
pdf?id=A4JiifkTzq.pdf,Error
pdf?id=9YkEcAqiIK.pdf,0
pdf?id=UQjhremICx.pdf,0
pdf?id=loVvFhfsDf.pdf,0
pdf?id=u8SXX5ITE6.pdf,0
pdf?id=UfQAFbP6xq.pdf,0
pdf?id=LyH2ISbOV8.pdf,0
pdf?id=UhvD08xpBO.pdf,0
pdf?id=91GzT22Sef.pdf,0
pdf?id=4qE0rnS93Z.pdf,0
pdf?id=jTBxyQempF.pdf,0
pdf?id=SoPSI570Ap.pdf,0
pdf?id=jt9iMeQQvM.pdf,0
pdf?id=49TFMeqNKd.pdf,0
pdf?id=eb71SNTjux.pdf,0
pdf?id=CrBWOjZoKc.pdf,0
pdf?id=14ZMESMh5V.pdf,0
pdf?id=WZQXaTNYEB.pdf,0
pdf?id=vSLzoUoJt6.pdf,Error
pdf?id=igB289kbej.pdf,0
pdf?id=rdGMyTPhui.pdf,0
pdf?id=wyv81ezGgv.pdf,0
pdf?id=9iYKXx5ieE.pdf,0
pdf?id=jlJaRXDzCE.pdf,0
pdf?id=O8g0PpUoa1.pdf,0
pdf?id=dK2BnCH68p.pdf,0
pdf?id=Due3iZPa6u.pdf,0
pdf?id=W0sqoTL7rL.pdf,0
pdf?id=BiEwLgytGu.pdf,0
pdf?id=ycMpNwzUAA.pdf,0
pdf?id=lJ5WCJZfQn.pdf,0
pdf?id=43C31u7nxV.pdf,0
pdf?id=s14llhrkjA.pdf,0
pdf?id=DlkM0q4Cvk.pdf,0
pdf?id=bjUDrU4wPv.pdf,0
pdf?id=ghhKZ0NaQN.pdf,0
pdf?id=TVD7cVIPCp.pdf,0
pdf?id=WZS7sJiSUm.pdf,0
pdf?id=Wg9gAqjAHb.pdf,0
pdf?id=xd7cXU2P4G.pdf,0
pdf?id=zt3RKc6VBp.pdf,0
pdf?id=3dnG7LcKxT.pdf,0
pdf?id=r9YDEErKXU.pdf,0
pdf?id=eRgYGhFRgZ.pdf,0
pdf?id=0J0y9vSCWf.pdf,0
pdf?id=qmvEe6nd2I.pdf,0
pdf?id=LWmfHjJnrx.pdf,0
pdf?id=0mOBdNsI3L.pdf,0
pdf?id=aNpj43Uh35.pdf,0
pdf?id=VCORb5Fw8e.pdf,0
pdf?id=QfKpJ00t2L.pdf,0
pdf?id=2EJrs3gUO6.pdf,0
pdf?id=Ul683x8lpK.pdf,0
pdf?id=WIiDiRqKaP.pdf,0
pdf?id=DaNnkQJSQf.pdf,0
pdf?id=tiEsJtw3FH.pdf,0
pdf?id=oum1txoy1D.pdf,0
pdf?id=I9F53Qlwur.pdf,0
pdf?id=tsEHIfv2lM.pdf,0
pdf?id=eYVFs6TfQ0.pdf,0
pdf?id=KMaBmPHkVj.pdf,0
pdf?id=4oYxzssbVg.pdf,0
pdf?id=hDDe38BNsT.pdf,0
pdf?id=VrCdsZBbIg.pdf,0
pdf?id=P63bBMXCIH.pdf,0
pdf?id=2xS4VtpApy.pdf,0
pdf?id=ENp2kCdYE8.pdf,0
pdf?id=rzJkKeliDK.pdf,0
pdf?id=8z3cOVER4z.pdf,0
pdf?id=QINnsnppv8.pdf,0
pdf?id=8Z3KnaYtw9.pdf,0
pdf?id=A2pmNL7L1E.pdf,0
pdf?id=GmKpnuMUFC.pdf,0
pdf?id=FooiwsnEH9.pdf,0
pdf?id=vgfG8sEVf9.pdf,0
pdf?id=fmnxunacr4.pdf,0
pdf?id=pBFVoll8Xa.pdf,0
pdf?id=KQoVgPOM1S.pdf,0
pdf?id=i9Vn8vV99g.pdf,0
pdf?id=1wmP48quNb.pdf,0
pdf?id=CrwzbjO3aU.pdf,0
pdf?id=ltOnam1gY7.pdf,0
pdf?id=x0KcjteNds.pdf,0
pdf?id=HWTdOSKK3n.pdf,0
pdf?id=YeZnsJzjii.pdf,0
pdf?id=7L4NvUtZY3.pdf,0
pdf?id=eZNdkwJYbN.pdf,0
pdf?id=jPduiyxyfw.pdf,0
pdf?id=kxv0M6I7Ud.pdf,0
pdf?id=NzPwDutzz8.pdf,0
pdf?id=kA2H90nm26.pdf,0
pdf?id=eafIjoZAHm.pdf,0
pdf?id=XUmGMBRv4M.pdf,0
pdf?id=XdwPWKbxd9.pdf,0
pdf?id=kJqTkj2HhF.pdf,0
pdf?id=JeXkIy0JyM.pdf,0
pdf?id=QKICx7eSMJ.pdf,0
pdf?id=b4pEeU44AB.pdf,0
pdf?id=FNuul0hlin.pdf,0
pdf?id=V1FlwrsseI.pdf,0
pdf?id=BLLixcuZgl.pdf,0
pdf?id=nfZmQgxyyN.pdf,0
pdf?id=RIL1vOuZOC.pdf,0
pdf?id=WWa5x1WnEw.pdf,0
pdf?id=1cFDvuWujv.pdf,0
pdf?id=QUN6uidabr.pdf,0
pdf?id=bzxlOyjWbU.pdf,0
pdf?id=aAxHUzTdhe.pdf,0
pdf?id=DTq0CLhN4A.pdf,0
pdf?id=cNMYAzhdn5.pdf,0
pdf?id=P4xaLYXBRe.pdf,0
pdf?id=2VX79YLT9s.pdf,0
pdf?id=yvGL2HP7pU.pdf,0
pdf?id=MOAmJKj2Uc.pdf,0
pdf?id=Ey0mro4vJ6.pdf,0
pdf?id=QVheAhJefR.pdf,0
pdf?id=oQYq9L1NVT.pdf,0
pdf?id=KQuVaVUPL6.pdf,0
pdf?id=0wV5HR7M4P.pdf,0
pdf?id=R3YQrZYnQa.pdf,0
pdf?id=XLa5Puhqzg.pdf,0
pdf?id=rIwUDnRGky.pdf,0
pdf?id=xKmlBQhgI4.pdf,0
pdf?id=QjnKsujXVG.pdf,0
pdf?id=QjJHUR0sXU.pdf,0
pdf?id=ax0y9DvLCp.pdf,0
pdf?id=SkhF3cuyev.pdf,0
pdf?id=1SCMFCGliM.pdf,0
pdf?id=5aIVAGHCa5.pdf,0
pdf?id=qTUZJUXt0J.pdf,0
pdf?id=hTZ0SJCGQX.pdf,0
pdf?id=9PL1DIIB7e.pdf,0
pdf?id=41mBrhy6U4.pdf,0
pdf?id=x7fCiuCCAu.pdf,0
pdf?id=5P5YgohyBZ.pdf,0
pdf?id=Rv6Lz84FlZ.pdf,0
pdf?id=oN5YVZ9JeF.pdf,0
pdf?id=4zhhgKkVzY.pdf,0
pdf?id=b6H64u6TqI.pdf,0
pdf?id=BCWQ5w9aGd.pdf,0
pdf?id=unMwI4JLrP.pdf,0
pdf?id=jLC662Yo5h.pdf,0
pdf?id=xMcKyUGTt1.pdf,0
pdf?id=PPcM4cWgbp.pdf,0
pdf?id=a95Vd41o1u.pdf,0
pdf?id=I4fBSpDOha.pdf,0
pdf?id=x9ozsFz4yK.pdf,0
pdf?id=0bvc7Zslu3.pdf,0
pdf?id=p7WHZy8TCG.pdf,0
pdf?id=l6C6Pw30Gl.pdf,0
pdf?id=DOaqwuhEjc.pdf,0
pdf?id=JZ1fVVS3uk.pdf,0
pdf?id=alw3e1Qa7I.pdf,0
pdf?id=KXOn2Z6bEI.pdf,0
pdf?id=VwsXmcMyg5.pdf,0
pdf?id=09BPzrMcKg.pdf,0
pdf?id=R9k13fTGP0.pdf,0
pdf?id=Auy2DmlJBO.pdf,0
pdf?id=oYIXUwmNig.pdf,0
pdf?id=ngvolie2nH.pdf,0
pdf?id=nimTd1IJz1.pdf,0
pdf?id=iDcPkDrlaW.pdf,0
pdf?id=2ogTw5ue7v.pdf,0
pdf?id=6Q5WG84uOD.pdf,0
pdf?id=0NexR6LDiG.pdf,0
pdf?id=eSZcf8LCxz.pdf,0
pdf?id=fSFgcEVDT2.pdf,0
pdf?id=X51kYnijag.pdf,0
pdf?id=1fycT4ZRf1.pdf,0
pdf?id=CsXKGIqZtr.pdf,0
pdf?id=bRWkBD2BfK.pdf,0
pdf?id=qeivJh0G2j.pdf,0
pdf?id=j6DPMcyjMG.pdf,0
pdf?id=14B5d6NEaH.pdf,0
pdf?id=V8HhrBSsEn.pdf,0
pdf?id=oEgybA04dY.pdf,0
pdf?id=aXpbgG5z6I.pdf,0
pdf?id=pdc0yEoOj6.pdf,0
pdf?id=6iRZvJiC9Q.pdf,0
pdf?id=2D4TuZyNnr.pdf,0
pdf?id=jOsuKwiCL0.pdf,0
pdf?id=cldPfIoRiA.pdf,0
pdf?id=1bb974Q4jJ.pdf,0
pdf?id=E3bMQCKgiX.pdf,0
pdf?id=1n5TJh3LEb.pdf,0
pdf?id=oOPdUnswhZ.pdf,0
pdf?id=qH70UC6SNy.pdf,0
pdf?id=aaRYsPAcuE.pdf,0
pdf?id=snWG3KVTQJ.pdf,0
pdf?id=K2Q4Jp4RbB.pdf,0
pdf?id=PxgIElCohI.pdf,0
pdf?id=FT6VHWYdvd.pdf,Error
pdf?id=KsmlBRhLgs.pdf,0
pdf?id=MDUt8t5b34.pdf,0
pdf?id=q2JDxTDmJ5.pdf,0
pdf?id=QL3J1fyAFv.pdf,0
pdf?id=klOr9y9nMU.pdf,0
pdf?id=DaNAqCT0XA.pdf,0
pdf?id=KYFTBpKIOr.pdf,0
pdf?id=9eVXIN9Vij.pdf,0
pdf?id=6NczjqEcO5.pdf,0
pdf?id=wTBhWbCRpN.pdf,0
pdf?id=HXFvNkNt0n.pdf,0
pdf?id=oBikm5Rshc.pdf,0
pdf?id=cU4ow1odRe.pdf,0
pdf?id=wUoK24u4x7.pdf,0
pdf?id=FBfN5tYl6b.pdf,0
pdf?id=4FUdUFvvmp.pdf,0
pdf?id=gJ05Gm5VxQ.pdf,0
pdf?id=Jugw5alhnF.pdf,0
pdf?id=kYisDXzTk7.pdf,0
pdf?id=Y58JfHeQhH.pdf,0
pdf?id=fVhWrnA8sN.pdf,0
pdf?id=gkG8JOOUF4.pdf,0
pdf?id=oYR9qQIR3f.pdf,0
pdf?id=SRDF3RV0KP.pdf,0
pdf?id=OgLRVB78nM.pdf,0
pdf?id=xRb0taq0pD.pdf,0
pdf?id=fmCnNQjZrr.pdf,0
pdf?id=fbDHv2LQZJ.pdf,0
pdf?id=KPlskOuZ46.pdf,0
pdf?id=yfcpdY4gMP.pdf,0
pdf?id=u0YyIHljXO.pdf,0
pdf?id=got7rMaVin.pdf,0
pdf?id=5RIop1E1ga.pdf,0
pdf?id=yHi8Ao6GAe.pdf,0
pdf?id=KurYdcCbjv.pdf,0
pdf?id=7TY89cqLfE.pdf,0
pdf?id=KaYMGsnZ4R.pdf,0
pdf?id=2uS2RBE0hv.pdf,0
pdf?id=pXoiIDdynI.pdf,0
pdf?id=EgArbnS0BA.pdf,0
pdf?id=E0PaeSszLz.pdf,0
pdf?id=5UtsjOGsDx.pdf,0
pdf?id=KuXnKedjAj.pdf,0
pdf?id=fjBsE0kKk4.pdf,0
pdf?id=hzMkfIrdDT.pdf,0
pdf?id=7VMg7Jb7AL.pdf,0
pdf?id=Jj4NdJtXwp.pdf,0
pdf?id=fkYFDxiLpi.pdf,0
pdf?id=TLlFnoPUdB.pdf,0
pdf?id=f6AYwCvynr.pdf,0
pdf?id=s6k9l5yX8e.pdf,0
pdf?id=Km8P3gtJzO.pdf,0
pdf?id=sVSVgWIkb0.pdf,0
pdf?id=oINSSze5gI.pdf,0
pdf?id=LtIk57nS8v.pdf,0
pdf?id=TgczQwE1Iu.pdf,0
pdf?id=W2874Arl4g.pdf,0
pdf?id=6IuURCuooO.pdf,0
pdf?id=dsjxCoa0CO.pdf,0
pdf?id=H918WyPf0s.pdf,0
pdf?id=1iSnpztjbD.pdf,0
pdf?id=NhAi1w3s8Z.pdf,0
pdf?id=0LUu5rd0GQ.pdf,0
pdf?id=Hh8ebJYQs3.pdf,0
pdf?id=oLJMsGMfqr.pdf,0
pdf?id=DbJ2f80JF8.pdf,0
pdf?id=U806q3iILo.pdf,0
pdf?id=Ib4ZXPXpss.pdf,0
pdf?id=ZfNeovqQkn.pdf,0
pdf?id=Flntl1YwZg.pdf,0
pdf?id=Ro1a0MTRq5.pdf,0
pdf?id=P5yoTfwyyD.pdf,0
pdf?id=3G56xClPYg.pdf,0
pdf?id=xcrAO2jYPi.pdf,0
pdf?id=tjXtcZjIgQ.pdf,0
pdf?id=eX0m4qMYVN.pdf,0
pdf?id=sPbsnUCyNt.pdf,0
pdf?id=rVEzTCYfD7.pdf,0
pdf?id=BOEZYnC8nR.pdf,0
pdf?id=IyMoawG676.pdf,0
pdf?id=8JdPqAMpi4.pdf,0
pdf?id=XOw7Yf8qN3.pdf,0
pdf?id=lqywifxoo1.pdf,0
pdf?id=Qku7g56aWf.pdf,0
pdf?id=zjOXZEXQKZ.pdf,0
pdf?id=6cB7DXAh1m.pdf,0
pdf?id=k71nsscO9b.pdf,0
pdf?id=N4OFsehhi7.pdf,0
pdf?id=5cgm5dV5hr.pdf,0
pdf?id=3JlBQRvod7.pdf,0
pdf?id=EdpkLRZZvu.pdf,0
pdf?id=NFxA2Von7y.pdf,0
pdf?id=FFEFRQGlsS.pdf,0
pdf?id=i4qAfV04rZ.pdf,0
pdf?id=7HVADbW8fh.pdf,0
pdf?id=URB690A5r5.pdf,0
pdf?id=X0Etmtge6w.pdf,0
pdf?id=ls5L4IMEwt.pdf,0
pdf?id=1BAiQmAFsx.pdf,0
pdf?id=Ae9uoV8FCz.pdf,0
pdf?id=CGNJL6CeV0.pdf,0
pdf?id=spjAvoZpVW.pdf,0
pdf?id=dZ94ZS410X.pdf,0
pdf?id=tiGFiCrmKm.pdf,0
pdf?id=pWzcPRIKp8.pdf,0
pdf?id=QlDyoo8qLY.pdf,0
pdf?id=CaSQgef484.pdf,0
pdf?id=WGYEOAB0Rk.pdf,0
pdf?id=lF6SHARvmG.pdf,0
pdf?id=4KRERpdVDC.pdf,0
pdf?id=cLQlsOGqbM.pdf,0
pdf?id=l1n22nHG4A.pdf,Error
pdf?id=4X2UwlYsXt.pdf,0
pdf?id=PrYDDxphym.pdf,0
pdf?id=IRtGJNgVYk.pdf,0
pdf?id=BggfTUtZOM.pdf,0
pdf?id=fy5InEg0OL.pdf,0
pdf?id=77eEDRhPkQ.pdf,0
pdf?id=nKuFQhKZtt.pdf,0
pdf?id=N1KPOlcN6P.pdf,0
pdf?id=iYHaTWZORB.pdf,0
pdf?id=uHGG3s0XyZ.pdf,0
pdf?id=SGnZhRp3al.pdf,0
pdf?id=FeUGQ6AiKR.pdf,0
pdf?id=vUtQFnlDyv.pdf,0
pdf?id=KGt0F2yjBz.pdf,0
pdf?id=jquTBzt3Av.pdf,Error
pdf?id=stiJen3iNI.pdf,0
pdf?id=toI181TMAx.pdf,0
pdf?id=fe5Wc0fZUT.pdf,0
pdf?id=DxKP2E0xK2.pdf,0
pdf?id=kUzBGEuu7w.pdf,0
pdf?id=T3ReIjtbYy.pdf,0
pdf?id=aEAbRPXV37.pdf,0
pdf?id=7F61opnmRi.pdf,0
pdf?id=0Yu0eNdHyV.pdf,0
pdf?id=aTiMLVePXi.pdf,0
pdf?id=E6ZdfjtoiX.pdf,0
pdf?id=ZO8LyCizx9.pdf,0
pdf?id=OmtKcee8NA.pdf,0
pdf?id=rl2aAyJfQz.pdf,0
pdf?id=MxYvh8zpbR.pdf,0
pdf?id=z8rQHF8OOt.pdf,0
pdf?id=nGQLYn13Xf.pdf,0
pdf?id=rPsUx09RJV.pdf,0
pdf?id=ToNRHqX6xq.pdf,0
pdf?id=5b5wZg6Zeo.pdf,0
pdf?id=098tsRhmQ7.pdf,0
pdf?id=SFsGKZU61H.pdf,0
pdf?id=QHuqQeKIr4.pdf,0
pdf?id=ENJhSqVkXH.pdf,0
pdf?id=sLNz60fJFF.pdf,0
pdf?id=skS03tzYNw.pdf,0
pdf?id=6JlzhISecd.pdf,0
pdf?id=8PwzKFIU9b.pdf,0
pdf?id=vFLrQgI6MW.pdf,0
pdf?id=dCGQlVRa2B.pdf,0
pdf?id=Yw9TdHy18N.pdf,0
pdf?id=Or1pDhbSag.pdf,0
pdf?id=LfncIaLHnI.pdf,0
pdf?id=rdp1dLxyMI.pdf,0
pdf?id=Ejcn7IDkzT.pdf,0
pdf?id=DBybUx7ARy.pdf,0
pdf?id=vEFAR8KH1l.pdf,0
pdf?id=VIf1Ygh1Pv.pdf,0
pdf?id=hfKPMjiDnv.pdf,0
pdf?id=3fDypdR4VN.pdf,0
pdf?id=9nlTapr2sd.pdf,0
pdf?id=3aFwsZxM5H.pdf,0
pdf?id=4ULtNYHc5T.pdf,0
pdf?id=Qvj8s2rRUs.pdf,0
pdf?id=mlU9KqdZUS.pdf,0
pdf?id=N3E1cU8Cv3.pdf,0
pdf?id=2T2zMiqcY6.pdf,0
pdf?id=aSfBbhUJAa.pdf,0
pdf?id=tH8Q2TRSZf.pdf,0
pdf?id=RGViRzEeme.pdf,0
pdf?id=EbjFkpXMke.pdf,0
pdf?id=tQgFLIkvKH.pdf,0
pdf?id=w1yccSuVtg.pdf,0
pdf?id=sCgYsBVIVG.pdf,0
pdf?id=P4KjfMrVNU.pdf,0
pdf?id=mzxGGzeLCL.pdf,0
pdf?id=ngtFOxkQ8b.pdf,0
pdf?id=8P3QNSckMp.pdf,0
pdf?id=alCdOdH7zn.pdf,0
pdf?id=rbr2mMSBua.pdf,0
pdf?id=aHAMUEsQLc.pdf,0
pdf?id=0NdS4xCngO.pdf,0
pdf?id=721bDIvjen.pdf,0
pdf?id=4Hzsuzl76a.pdf,0
pdf?id=7cqKVDgFZQ.pdf,0
pdf?id=ariVQf0KZx.pdf,0
pdf?id=ifMZw5fm7K.pdf,0
pdf?id=CGReBdzOdP.pdf,0
pdf?id=70wK1HKZPp.pdf,0
pdf?id=Lm4VIXVIuy.pdf,0
pdf?id=pkuVonMwhT.pdf,0
pdf?id=GDbyUZiARK.pdf,0
pdf?id=Iicv9iTPcU.pdf,0
pdf?id=Nl02znfTCT.pdf,0
pdf?id=nTc0LSqtqE.pdf,0
pdf?id=QYJt0pX0zJ.pdf,0
pdf?id=WBEknRZBpT.pdf,0
pdf?id=KYlIC6sLhw.pdf,0
pdf?id=EXqp8sA37r.pdf,0
pdf?id=KFPTmlW6ec.pdf,0
pdf?id=8ZdWmpYxT0.pdf,0
pdf?id=tirl2l9oKg.pdf,0
pdf?id=uwUkETPIJN.pdf,0
pdf?id=VcRc99EdTZ.pdf,0
pdf?id=YexxvBGwQM.pdf,0
pdf?id=L1m5124sNQ.pdf,0
pdf?id=0jvnfH0WYV.pdf,0
pdf?id=TtHvmhjNui.pdf,0
pdf?id=PqAGmIg0az.pdf,0
pdf?id=2jQJ7aNdT1.pdf,0
pdf?id=B1nCWzpnE4.pdf,0
pdf?id=0SYkQ50imt.pdf,0
pdf?id=MBDWO29Qq6.pdf,0
pdf?id=y5IUGnpDJ8.pdf,0
pdf?id=SJPq1xBPHX.pdf,0
pdf?id=gLU0UV85Kv.pdf,0
pdf?id=rHMjAiaLzi.pdf,0
pdf?id=9aElHWiZ72.pdf,0
pdf?id=55Lv1unlUL.pdf,0
pdf?id=y68Q09Vc4K.pdf,0
pdf?id=r8U08iSppJ.pdf,0
pdf?id=XIqlxqNDCL.pdf,0
pdf?id=n30sfYPrDD.pdf,0
pdf?id=gYbreatcV1.pdf,0
pdf?id=9DbkBqvuCI.pdf,0
pdf?id=NnRQOPzL9P.pdf,0
pdf?id=8W8SRZIpJP.pdf,0
pdf?id=MtwsRjPZhf.pdf,0
pdf?id=9AHkbALT2t.pdf,0
pdf?id=afZ1JeJjYj.pdf,0
pdf?id=BPSU46emit.pdf,0
pdf?id=Mc0eJHZhW5.pdf,0
pdf?id=qR7zsUhjZv.pdf,0
pdf?id=U7ab14f4YQ.pdf,0
pdf?id=fYSPRGmS6l.pdf,0
pdf?id=CB8jwNE2vV.pdf,0
pdf?id=2Ri68h7bD1.pdf,0
pdf?id=6QjgmXRItM.pdf,0
pdf?id=HCSjARBq5T.pdf,0
pdf?id=DvwKWKG1Ul.pdf,0
pdf?id=DTvviEnW2A.pdf,0
pdf?id=zWHKKspghT.pdf,0
pdf?id=NNHgm6VJkC.pdf,0
pdf?id=JzOZkxa8Wd.pdf,0
pdf?id=y3Q3nod80m.pdf,0
pdf?id=gwBqVheRiD.pdf,0
pdf?id=idnW3BiZcV.pdf,0
pdf?id=aFf30XJpl4.pdf,0
pdf?id=VoFXUNc9Zh.pdf,0
pdf?id=jM4ULVYF66.pdf,0
pdf?id=iEegka1gfw.pdf,0
pdf?id=iyFH9KRGBo.pdf,0
pdf?id=sTR3xGGU6W.pdf,0
pdf?id=9xXjWwAoUF.pdf,0
pdf?id=QynKUq9X3L.pdf,0
pdf?id=vpp3FGNLi6.pdf,0
pdf?id=qcFTezC4x9.pdf,0
pdf?id=ceCJPoZOKJ.pdf,0
pdf?id=oAbaGU9N1X.pdf,0
pdf?id=Gvex75bPMI.pdf,0
pdf?id=N2QBQh6HeN.pdf,0
pdf?id=1vSLxdJNq8.pdf,0
pdf?id=4iehXI36QG.pdf,0
pdf?id=IbzDaIDyt6.pdf,0
pdf?id=xjC5NqqSHs.pdf,0
pdf?id=PhIWEbewAz.pdf,0
pdf?id=ckq032sarb.pdf,0
pdf?id=cIGfKdfy3N.pdf,0
pdf?id=S2kbLrV7mv.pdf,0
pdf?id=mH9FJi3KTX.pdf,0
pdf?id=tIR9Naukr3.pdf,0
pdf?id=iBRfJY91QQ.pdf,0
pdf?id=yISJGSdzdd.pdf,0
pdf?id=EpGtAOr4vs.pdf,0
pdf?id=ByzRO25Bjr.pdf,0
pdf?id=KUHrL5NYHe.pdf,0
pdf?id=wgeN1eD54P.pdf,Error
pdf?id=TzHX2RWUdE.pdf,0
pdf?id=WjhS0EpJH7.pdf,0
pdf?id=3CbwwCpsSk.pdf,0
pdf?id=Ct60KFYMIf.pdf,0
pdf?id=WjYvHSjXrP.pdf,0
pdf?id=ja3p9Dylmh.pdf,0
pdf?id=vqXWCC0aUG.pdf,0
pdf?id=CYh2VrTM8N.pdf,0
pdf?id=hzM0FYJXLN.pdf,0
pdf?id=ghyYc7hgSU.pdf,0
pdf?id=RsZv37DGka.pdf,0
pdf?id=cipx3rwfWp.pdf,0
pdf?id=ypPxYsmZPx.pdf,0
pdf?id=Gppo2JImHs.pdf,0
pdf?id=i9BjNoVjub.pdf,0
pdf?id=i7LuLGc2mu.pdf,0
pdf?id=w9xETx7HT1.pdf,0
pdf?id=bkZrAIWK0N.pdf,0
pdf?id=GBMzJLhsRj.pdf,0
pdf?id=moqBBpMZ8w.pdf,0
pdf?id=ILr4UNiZcQ.pdf,0
pdf?id=Pvoy6fWaRJ.pdf,0
pdf?id=cb0xbZ3APM.pdf,0
pdf?id=fleQlZ2VTx.pdf,0
pdf?id=49Rc51iCso.pdf,0
pdf?id=BCpDJWshVV.pdf,0
pdf?id=KTDAbnFsQj.pdf,0
pdf?id=ZeFMtRBy4Z.pdf,0
pdf?id=18GBPdnuXs.pdf,0
pdf?id=o8r3gOFTQo.pdf,0
pdf?id=3pF7rt9fQM.pdf,0
pdf?id=N4cyRMuLyl.pdf,0
pdf?id=eX5aXfJQZc.pdf,0
pdf?id=m4rBrmNA9y.pdf,0
pdf?id=t3LTjkXDJA.pdf,0
pdf?id=My72tmxg6t.pdf,0
pdf?id=1YLpf8nUIq.pdf,0
pdf?id=4qVWY12KQT.pdf,0
pdf?id=2sa13vyCn0.pdf,0
pdf?id=MfBw0dlBfi.pdf,0
pdf?id=QQhQIqons0.pdf,0
pdf?id=Dr06Wjh45k.pdf,0
pdf?id=5JcDVsV8pf.pdf,0
pdf?id=oeZZusZheP.pdf,0
pdf?id=mUJU8LmhZY.pdf,0
pdf?id=wN7aPpCfSx.pdf,0
pdf?id=jRjvcqtdtA.pdf,0
pdf?id=uB2afsXcdY.pdf,0
pdf?id=lMU2kaMANl.pdf,0
pdf?id=fggSyPPk0K.pdf,0
pdf?id=LCPoXt0pzm.pdf,0
pdf?id=vhnDpzcaO2.pdf,0
pdf?id=dfcQFL89OM.pdf,0
pdf?id=UpzRoxVbQD.pdf,0
pdf?id=EdKl4PulMX.pdf,0
pdf?id=IWEc6kpy8O.pdf,0
pdf?id=YES7VDXPV8.pdf,0
pdf?id=tY8ctrD4W2.pdf,0
pdf?id=SVHerutWxp.pdf,0
pdf?id=lTAtQW1Ufi.pdf,0
pdf?id=2zHrRV4J1O.pdf,0
pdf?id=VYdzGigCBC.pdf,0
pdf?id=QPJjiNCRq1.pdf,0
pdf?id=EBONa3tT3K.pdf,0
pdf?id=2yekKXLCLc.pdf,0
pdf?id=yeyaKpaufr.pdf,0
pdf?id=rBlWKIUQey.pdf,0
pdf?id=vS1M06Px6u.pdf,0
pdf?id=UfFTBEsLgI.pdf,0
pdf?id=n7yVbKH7c3.pdf,0
pdf?id=oedSIxYWql.pdf,0
pdf?id=ZtB34bQI54.pdf,0
pdf?id=1amnhVRQ3l.pdf,0
pdf?id=w3dMbY6rFe.pdf,0
pdf?id=G1jrjumK1b.pdf,0
pdf?id=UdOEZgWJLc.pdf,0
pdf?id=RxkCwOKVKa.pdf,0
pdf?id=96I8PGPALv.pdf,0
pdf?id=v31jzDdDts.pdf,0
pdf?id=sGY0TisiMB.pdf,0
pdf?id=ZacSviw4em.pdf,0
pdf?id=5Z8ckcrfq1.pdf,0
pdf?id=uG9F00zKJF.pdf,0
pdf?id=OfIUAlo2hJ.pdf,0
pdf?id=a8sJEH4Cjb.pdf,0
pdf?id=on6Hf0KP20.pdf,0
pdf?id=sedMS4kPz2.pdf,0
pdf?id=OnViSNPqbT.pdf,0
pdf?id=A5Y8Uh5Szl.pdf,0
pdf?id=ErEaq1UNaQ.pdf,0
pdf?id=27aIOGfkAV.pdf,0
pdf?id=WlrmpjocNe.pdf,0
pdf?id=XWbIHOW6u1.pdf,0
pdf?id=Kz6eUL86XP.pdf,0
pdf?id=JML6Zi5J0s.pdf,0
pdf?id=fqfYzp4GKi.pdf,0
pdf?id=45igeoC560.pdf,0
pdf?id=00oRAPDWsX.pdf,0
pdf?id=fSPRy5uw0R.pdf,0
pdf?id=ub5QBBQ47S.pdf,0
pdf?id=b2u1yrTwFK.pdf,0
pdf?id=AOj3idcleS.pdf,0
pdf?id=L51U5RSFBo.pdf,0
pdf?id=hFyIIqmcqf.pdf,0
pdf?id=YaQnKRtTdh.pdf,0
pdf?id=UuHzyclzYR.pdf,0
pdf?id=ofyy0Dzk6k.pdf,0
pdf?id=fLAoFt2pea.pdf,0
pdf?id=3FxMJEj6t9.pdf,0
pdf?id=XR5y4nvTfz.pdf,0
pdf?id=I4PJYZvfW5.pdf,0
pdf?id=0E2Um9n3YK.pdf,0
pdf?id=pbokMgz8e1.pdf,0
pdf?id=yONFNHGoeP.pdf,0
pdf?id=8WdkG7g6Az.pdf,0
pdf?id=pcwI5cNFJK.pdf,0
pdf?id=zFGdHL9pcD.pdf,0
pdf?id=psfk761b6H.pdf,0
pdf?id=QoiFdfZUJv.pdf,0
pdf?id=IpYEKM0Bla.pdf,0
pdf?id=4n7IifN7yr.pdf,0
pdf?id=NWQ8KeoWje.pdf,0
pdf?id=DV5z7VcaUA.pdf,0
pdf?id=HKDyRDzy1E.pdf,0
pdf?id=iXjVis9Cwn.pdf,0
pdf?id=zugMif2nm6.pdf,0
pdf?id=2hgHyoyVWj.pdf,0
pdf?id=YngHXbJM8g.pdf,0
pdf?id=MrRdupucYb.pdf,0
pdf?id=8wvOMQ2Olw.pdf,0
pdf?id=IHZngJNasX.pdf,0
pdf?id=2Xn8h68mP3.pdf,0
pdf?id=lkmlNHuzY4.pdf,0
pdf?id=AiZxn84Wdo.pdf,0
pdf?id=xrAqVVk2qe.pdf,0
pdf?id=zftxlb1AOo.pdf,0
pdf?id=KWFnxtO78b.pdf,0
pdf?id=1GIQOV3NAj.pdf,0
pdf?id=HKfZwLjSwQ.pdf,0
pdf?id=BDkNRlGmP9.pdf,0
pdf?id=xEzQCFSfPG.pdf,0
pdf?id=yMXn86pzWx.pdf,0
pdf?id=aLhA7AYLLR.pdf,0
pdf?id=YStO2i0oyK.pdf,0
pdf?id=ZDpPfg9pDc.pdf,0
pdf?id=30iBKSQMXn.pdf,0
pdf?id=HvklLrtyxK.pdf,0
pdf?id=Daqfkiy6z4.pdf,0
pdf?id=oBOVYRRSy2.pdf,0
pdf?id=zJSZupQ889.pdf,0
pdf?id=x3qnrhfhX0.pdf,0
pdf?id=9NHd6Z4aIi.pdf,0
pdf?id=aixLLnS70r.pdf,0
pdf?id=bA9rhgWOHk.pdf,0
pdf?id=4xGJZkdjCU.pdf,0
pdf?id=Di5apl8HSH.pdf,0
pdf?id=3Bxn5XSgrO.pdf,0
pdf?id=V13dSX1wAs.pdf,0
pdf?id=4MKIaHbmGO.pdf,0
pdf?id=m7MD0sa8Re.pdf,0
pdf?id=ACSOnSHiWe.pdf,0
pdf?id=LIGBnhb83e.pdf,0
pdf?id=sJl73HJGNj.pdf,0
pdf?id=tle6DK5Tad.pdf,0
pdf?id=QjmRIgTcU8.pdf,0
pdf?id=qBPb7g1SEa.pdf,0
pdf?id=CyUq9D99vE.pdf,0
pdf?id=OaNbl9b56B.pdf,0
pdf?id=wczmXLuLGd.pdf,0
pdf?id=NGgLhJKttI.pdf,0
pdf?id=OkVQJZWGfn.pdf,0
pdf?id=lvDsc5lxma.pdf,0
pdf?id=Zfgvo65gxm.pdf,0
pdf?id=0GvEaa9prl.pdf,0
pdf?id=3qDFW07Lw7.pdf,0
pdf?id=q7hoTSbV1t.pdf,0
pdf?id=1BOiVpBtZy.pdf,0
pdf?id=7G9YKty2UZ.pdf,0
pdf?id=crczm2smVo.pdf,0
pdf?id=SYDmbsqHI0.pdf,0
pdf?id=gkcU26BOml.pdf,0
pdf?id=qYkhCah8OZ.pdf,0
pdf?id=s0JVsx3bx1.pdf,0
pdf?id=n3armuTFit.pdf,0
pdf?id=peYBx7AiKw.pdf,0
pdf?id=1m177EsP3V.pdf,0
pdf?id=nfhmjdZUbQ.pdf,0
pdf?id=3UaItHVjyE.pdf,0
pdf?id=Qm6ah1hpFA.pdf,0
pdf?id=bEP87LNTfX.pdf,0
pdf?id=qpFAZyMhwz.pdf,0
pdf?id=m5jmATYmsi.pdf,0
pdf?id=wszZlP1K14.pdf,0
pdf?id=jv7OHhQ0YP.pdf,0
pdf?id=SLDYuNGwvU.pdf,0
pdf?id=3q6lJTN45T.pdf,0
pdf?id=qjV3YHW3PD.pdf,0
pdf?id=6j9xJ9pBjm.pdf,0
pdf?id=D4hcJPkJ3y.pdf,0
pdf?id=ykDUVoelgj.pdf,0
pdf?id=qR5B1Es9Ty.pdf,0
pdf?id=KBJSV1XApq.pdf,0
pdf?id=McPNQEDEZE.pdf,0
pdf?id=SVGkn64X4m.pdf,0
pdf?id=wztnOaiNz7.pdf,0
pdf?id=XxRKqFsvoK.pdf,0
pdf?id=UcKYgtOIuX.pdf,0
pdf?id=z9xyREqxzq.pdf,0
pdf?id=2PhVe7p9xD.pdf,0
pdf?id=AghtKxDf7f.pdf,0
pdf?id=QWHArest6b.pdf,0
pdf?id=SjAHFGoUb6.pdf,0
pdf?id=phWwTrrJFv.pdf,0
pdf?id=3aNvX9TQTo.pdf,0
pdf?id=ywzGKDStrm.pdf,0
pdf?id=9FAm023EmI.pdf,0
pdf?id=pceKiO7cEr.pdf,0
pdf?id=JwnAItQF9v.pdf,0
pdf?id=ft971e7HH5.pdf,0
pdf?id=MZg06yaIW9.pdf,0
pdf?id=QkqQSf1REo.pdf,0
pdf?id=pY65QWWFlm.pdf,0
pdf?id=aBUG2Phwdt.pdf,0
pdf?id=0rVD66dXqT.pdf,0
pdf?id=WBcBhT1NKO.pdf,0
pdf?id=S43003uMGq.pdf,0
pdf?id=FZURCro04D.pdf,0
pdf?id=X3zarVyJ5B.pdf,0
pdf?id=wWSVjaVZBu.pdf,0
pdf?id=5LJoDO9qYt.pdf,0
pdf?id=utvu4PJ0Ct.pdf,0
pdf?id=wHx7UuRm7G.pdf,0
pdf?id=3D88hCO0Gd.pdf,0
pdf?id=gfX1nqBKtu.pdf,0
pdf?id=rbodZQBfd9.pdf,0
pdf?id=gXoMU9YYdY.pdf,0
pdf?id=u4j0LtCYid.pdf,0
pdf?id=615vk8hmeH.pdf,0
pdf?id=rlH3e7VlY8.pdf,0
pdf?id=7WfubT4dwK.pdf,0
pdf?id=GA3NBpzQ1x.pdf,0
pdf?id=JTF0HYfGiL.pdf,0
pdf?id=Qla5PqFL0s.pdf,0
pdf?id=EyFrTjaYU3.pdf,0
pdf?id=X3RVQNOIXZ.pdf,0
pdf?id=Gz6dujD5j0.pdf,0
pdf?id=ZE9cxnEBpy.pdf,0
pdf?id=H7vg3IgvHU.pdf,0
pdf?id=d6WUTRJqP3.pdf,0
pdf?id=Qq19n9LZ97.pdf,0
pdf?id=QBjuYL4gAX.pdf,0
pdf?id=kOmJnJpfRW.pdf,0
pdf?id=gVKxz6M1ov.pdf,0
pdf?id=cvJvk6oYfC.pdf,0
pdf?id=n0QvMU2kON.pdf,0
pdf?id=drZzzGUlbG.pdf,0
pdf?id=wsR7VYXbdR.pdf,0
pdf?id=z2SGaPIhLT.pdf,0
pdf?id=N9HLe9iPhj.pdf,0
pdf?id=z5vZDI2r6J.pdf,0
pdf?id=kpdFjNitGW.pdf,0
pdf?id=gY9yOGYB48.pdf,0
pdf?id=gNwJTjxmBe.pdf,0
pdf?id=enhFXzKii4.pdf,0
pdf?id=W1Cu6JsRsd.pdf,0
pdf?id=BumyAsRGGm.pdf,0
pdf?id=NM4emKloy6.pdf,0
pdf?id=huZzy5w2Js.pdf,0
pdf?id=3AdTRYA2uJ.pdf,0
pdf?id=CtoIG9Iwas.pdf,0
pdf?id=dtsYpcJr1R.pdf,0
pdf?id=2kuuhLfStt.pdf,0
pdf?id=k5ekIwvmYA.pdf,0
pdf?id=KzU33wR875.pdf,0
pdf?id=EPDLFWyNnF.pdf,0
pdf?id=8an1xVyKxS.pdf,0
pdf?id=VpRZIRjWrS.pdf,0
pdf?id=kQWyOYUAC4.pdf,0
pdf?id=SYKwGnik3w.pdf,0
pdf?id=eTmvwxohRx.pdf,0
pdf?id=4zea5Bcemp.pdf,0
pdf?id=kAuckbcMvi.pdf,0
pdf?id=loznSxLomv.pdf,0
pdf?id=Cldpn7H3NN.pdf,0
pdf?id=75JiIa0fU1.pdf,0
pdf?id=16BGOheRzm.pdf,0
pdf?id=mmIAp3cVS0.pdf,0
pdf?id=sXpyn3lAb5.pdf,0
pdf?id=SDhOClkyqC.pdf,0
pdf?id=tXnyVPNOfa.pdf,0
pdf?id=lVV7F0piDK.pdf,0
pdf?id=IXiCBWNTRr.pdf,0
pdf?id=xNUNxRj2vJ.pdf,0
pdf?id=13xP0J2d6E.pdf,0
pdf?id=eGfi5k7RP6.pdf,0
pdf?id=3JUhkxVlyF.pdf,0
pdf?id=koG76YqOwo.pdf,0
pdf?id=CdkFnJSG4G.pdf,0
pdf?id=uVjuiPP4aP.pdf,0
pdf?id=AwLRF1lZvI.pdf,0
pdf?id=5MGClYw1cR.pdf,0
pdf?id=bPNzBXl1n7.pdf,0
pdf?id=AA0qGRIfPn.pdf,0
pdf?id=n7FPVDWI6C.pdf,0
pdf?id=vx6bPQWpmL.pdf,0
pdf?id=QCB4wfDqQ9.pdf,0
pdf?id=VwjHVS4zZN.pdf,0
pdf?id=Qy5vFFeCZW.pdf,0
pdf?id=I960M7VBng.pdf,0
pdf?id=TUh4GDposM.pdf,0
pdf?id=TkHcdBLsJJ.pdf,0
pdf?id=SYgoqXyoaQ.pdf,0
pdf?id=cx1KfZerNY.pdf,0
pdf?id=Wf3EbtqGdw.pdf,0
pdf?id=o9iReV4FGm.pdf,0
pdf?id=XOiZ9ydssl.pdf,0
pdf?id=CTsdZ3j6dR.pdf,0
pdf?id=NM5dprhsGK.pdf,0
pdf?id=KfRfTAJpjh.pdf,0
pdf?id=ravS5h8MNg.pdf,0
pdf?id=rew03VaNUJ.pdf,0
pdf?id=yh4DPshiWZ.pdf,0
pdf?id=SBPWnXhwjq.pdf,0
pdf?id=5J4IpiMKkq.pdf,0
pdf?id=25C8oC1pb2.pdf,0
pdf?id=PNgG4H3q9D.pdf,0
pdf?id=zsUOQRUFOy.pdf,0
pdf?id=pozsP0ZcZN.pdf,0
pdf?id=BxoEDR2yQM.pdf,0
pdf?id=zrBucj9BwG.pdf,0
pdf?id=7DDmAHXWmi.pdf,0
pdf?id=Rc489jcc30.pdf,0
pdf?id=L5VPvuPMKs.pdf,0
pdf?id=krF62hkrfR.pdf,0
pdf?id=Phrzarx9NG.pdf,0
pdf?id=aJ7AdfOfij.pdf,0
pdf?id=WwzurufeFN.pdf,0
pdf?id=0Zri6HSYaK.pdf,0
pdf?id=HfdzglsZQH.pdf,0
pdf?id=KAMsbarp3w.pdf,0
pdf?id=bzjlMvUKDv.pdf,0
pdf?id=LSCAG7LPz4.pdf,0
pdf?id=LDkyhsiCZQ.pdf,0
pdf?id=BJBje1IHI9.pdf,0
pdf?id=1wlZoi4w5o.pdf,0
pdf?id=DooE6euxAS.pdf,0
pdf?id=b4X6cz1F9l.pdf,0
pdf?id=IfYBGaVFuD.pdf,0
pdf?id=xk9GSBCfcn.pdf,0
pdf?id=KXCJjzbmMh.pdf,0
pdf?id=ocBuEUl6Yz.pdf,0
pdf?id=IMmkDMqFMU.pdf,0
pdf?id=0TD3eO46gk.pdf,0
pdf?id=B7Bc9xzl2o.pdf,0
pdf?id=REKmD78Z0J.pdf,0
pdf?id=QNXWTA7PZS.pdf,0
pdf?id=8I5ENDN5ux.pdf,0
pdf?id=oY1Xnt83oJ.pdf,0
pdf?id=d6wOZrzaWd.pdf,0
pdf?id=3IXdXBpuLn.pdf,0
pdf?id=mE74JKHTCE.pdf,0
pdf?id=xgiMK8FtSI.pdf,0
pdf?id=PLBVtJt4td.pdf,0
pdf?id=Nk9QDWOFt8.pdf,0
pdf?id=Jzr9VOiJYd.pdf,0
pdf?id=EAbuXJPKQz.pdf,0
pdf?id=Ojnzhb9EqA.pdf,0
pdf?id=mpRWBiVVkS.pdf,0
pdf?id=Ll29PmM3UH.pdf,0
pdf?id=HuSSR12Yot.pdf,0
pdf?id=Pf3SVNhAQB.pdf,0
pdf?id=kvI0QTVRQD.pdf,0
pdf?id=7kQjbCQwtT.pdf,0
pdf?id=1b7whO4SfY.pdf,0
pdf?id=4FyNdd2b5S.pdf,0
pdf?id=qB1UKvjO0N.pdf,0
pdf?id=h0LzGQq6uO.pdf,0
pdf?id=56CgYnf9Dr.pdf,0
pdf?id=sdK5Ufoo2d.pdf,0
pdf?id=T85ADT8a2y.pdf,0
pdf?id=JMq90N6lLe.pdf,0
pdf?id=emM7U3WKMO.pdf,0
pdf?id=hMlUGoMsEK.pdf,0
pdf?id=OyX9cC9WaV.pdf,0
pdf?id=0i8ClSr3kQ.pdf,0
pdf?id=XNo4yS9n1k.pdf,0
pdf?id=t2wMLGmcXd.pdf,0
pdf?id=27xTIAFbc6.pdf,0
pdf?id=nR9S0Iet8O.pdf,0
pdf?id=zhFEO67s5w.pdf,0
pdf?id=XVm8KOO3Ri.pdf,0
pdf?id=hMZnFo0FLF.pdf,0
pdf?id=JEqlA8N88d.pdf,0
pdf?id=TYGDG9zEML.pdf,0
pdf?id=qMWD6qYHdk.pdf,0
pdf?id=LPWzV8zrgj.pdf,0
pdf?id=2ExVHRE6jd.pdf,0
pdf?id=BXJWKpEfro.pdf,0
pdf?id=IrgQe6YjKm.pdf,0
pdf?id=LrBWGwVfCA.pdf,0
pdf?id=5ZDT1dxojA.pdf,0
pdf?id=gEeIutncjh.pdf,0
pdf?id=efOq8wHH9o.pdf,0
pdf?id=m3Sz3tFxIV.pdf,0
pdf?id=V3WQoshcZe.pdf,0
pdf?id=uUIgxjWkCI.pdf,0
pdf?id=eMu3uKRRbZ.pdf,0
pdf?id=9AMNN3U7Ug.pdf,0
pdf?id=yAf2Akj1Wm.pdf,0
pdf?id=thc972q5a9.pdf,0
pdf?id=Ceb788Uigr.pdf,0
pdf?id=4JLZsmWBJf.pdf,0
pdf?id=3Xmr8WTAld.pdf,0
pdf?id=k4wAXbEPD6.pdf,0
pdf?id=VMqxRPqdPw.pdf,0
pdf?id=8Ounc8L4F7.pdf,0
pdf?id=FS5bIryxEx.pdf,0
pdf?id=2xDdVkWrqq.pdf,0
pdf?id=jvVQeSMeGM.pdf,0
pdf?id=DbzREoPwmM.pdf,0
pdf?id=sl4KqWBkDq.pdf,0
pdf?id=M3zxsDL2Rk.pdf,0
pdf?id=X13jOIhnog.pdf,0
pdf?id=bjoHB7IN6b.pdf,0
pdf?id=QtnCPZMxYg.pdf,0
pdf?id=jPaM3AiFLq.pdf,0
pdf?id=F54u4NkFvS.pdf,0
pdf?id=CrxR6CYeQn.pdf,0
pdf?id=FB5nWEQV7K.pdf,0
pdf?id=e0Dn7dg395.pdf,0
pdf?id=WDdBhcwzGe.pdf,0
pdf?id=e2hlcfECdu.pdf,0
pdf?id=3MiADMHY62.pdf,0
pdf?id=onyzhnhApp.pdf,0
pdf?id=sWIbJWiEuA.pdf,0
pdf?id=MeOTBs8BQV.pdf,0
pdf?id=U2AF01VJyg.pdf,0
pdf?id=xMreCfgWok.pdf,0
pdf?id=RDt0crdC7N.pdf,0
pdf?id=AQsko3PPUe.pdf,0
pdf?id=nOsEyBGk1I.pdf,0
pdf?id=0owHzJrnB6.pdf,0
pdf?id=qPQUrjiA0q.pdf,0
pdf?id=WRwr2YZ4zt.pdf,0
pdf?id=WK5JqIWiTW.pdf,0
pdf?id=zj45hoQhjD.pdf,0
pdf?id=TYroQXu6X0.pdf,0
pdf?id=mPuOMcN9E7.pdf,0
pdf?id=S1zkFSby8G.pdf,0
pdf?id=CIeWaq0JDl.pdf,0
pdf?id=ngBOb9wSYN.pdf,0
pdf?id=LRYgQuz7kY.pdf,0
pdf?id=0IStUxUDGJ.pdf,0
pdf?id=7aYBgYDFhh.pdf,0
pdf?id=MU0JuT0A54.pdf,0
pdf?id=f0660KxvT2.pdf,0
pdf?id=JxxKj8pow1.pdf,0
pdf?id=MiPIjE5onj.pdf,0
pdf?id=9V2SVEl1vP.pdf,0
pdf?id=Tk5nQnTGmP.pdf,0
pdf?id=pKqLOmF3Lf.pdf,0
pdf?id=WJujF9An5L.pdf,0
pdf?id=k2wzVFXZmC.pdf,0
pdf?id=49QC2D8exO.pdf,0
pdf?id=siPeAstQLq.pdf,0
pdf?id=Zc5Ntjt5Ul.pdf,0
pdf?id=kn4QjJFZaN.pdf,0
pdf?id=BgwtOwFSvY.pdf,0
pdf?id=AxaWle44P5.pdf,0
pdf?id=HOa6LTIjyn.pdf,0
pdf?id=bWZSy9ARPD.pdf,0
pdf?id=WCRPgBpbcA.pdf,0
pdf?id=16mDq7m2OK.pdf,0
pdf?id=QD06Qv7O0P.pdf,0
pdf?id=0ZnXGzLcOg.pdf,0
pdf?id=pydeKTMrJr.pdf,0
pdf?id=vHTkg57tPW.pdf,0
pdf?id=rldWzb0E7G.pdf,0
pdf?id=FgjcLXIUjr.pdf,0
pdf?id=OR5WyyTESh.pdf,0
pdf?id=BbWrp6O8Lm.pdf,0
pdf?id=45bQUVXmwl.pdf,0
pdf?id=5JasBI1p8p.pdf,0
pdf?id=3JoQTGhUzz.pdf,0
pdf?id=F9jumRh9iu.pdf,0
pdf?id=WhEPg4mUs6.pdf,0
pdf?id=zft0zTOFkN.pdf,0
pdf?id=g42mGfR6We.pdf,0
pdf?id=BkSRQ1y37l.pdf,0
pdf?id=im3FJ6quii.pdf,0
pdf?id=zn4F6os6cq.pdf,0
pdf?id=tqriGodQ79.pdf,0
pdf?id=eGa9S2OSca.pdf,0
pdf?id=3IbKbmNci3.pdf,0
pdf?id=OuGAwwAT8G.pdf,0
pdf?id=0Y4gjqdvC6.pdf,0
pdf?id=Ak4tP0vvna.pdf,0
pdf?id=12z8KLMQJD.pdf,0
pdf?id=eumRwpgdMU.pdf,0
pdf?id=jNQ40aw5qL.pdf,0
pdf?id=5bu1IOOvf0.pdf,0
pdf?id=d4eAHgIttM.pdf,0
pdf?id=jbLLxhnoty.pdf,0
pdf?id=lEsvczuPVj.pdf,0
pdf?id=Gvh6sU0uUt.pdf,0
pdf?id=pjfMwXm61w.pdf,0
pdf?id=RjZUldI6Qk.pdf,0
pdf?id=w7Fe5rHLvJ.pdf,0
pdf?id=rVyBrD8h2b.pdf,0
pdf?id=o4zN34ahEK.pdf,0
pdf?id=OtAiYPP6GA.pdf,0
pdf?id=idtZwmjakN.pdf,0
pdf?id=liefJOFVfH.pdf,0
pdf?id=BBZEcVu1nA.pdf,0
pdf?id=RGUcF6pIZN.pdf,0
pdf?id=uXKgVqYTJ2.pdf,0
pdf?id=B5mEYUJi85.pdf,0
pdf?id=HiBoJLCyEo.pdf,0
pdf?id=UCV21BsuqA.pdf,0
pdf?id=dkXDyM66ce.pdf,0
pdf?id=JH0DczMsAV.pdf,0
pdf?id=z0WhTwZscg.pdf,0
pdf?id=pWqKKSvw4E.pdf,0
pdf?id=gGfWAC7sqg.pdf,0
pdf?id=6nBg0uUxhO.pdf,0
pdf?id=Dk2qprCnu8.pdf,0
pdf?id=hguaupzLCU.pdf,0
pdf?id=V0lnRCH73U.pdf,0
pdf?id=8GjSf9Rh7Z.pdf,0
pdf?id=I1hgynwxGZ.pdf,0
pdf?id=8a9bAZFeIu.pdf,0
pdf?id=2exr4mlbx1.pdf,0
pdf?id=7VLxvVEtHh.pdf,0
pdf?id=D5TSSVkTBA.pdf,0
pdf?id=cuhQZdh2Oq.pdf,0
pdf?id=rAGWvnpcKe.pdf,0
pdf?id=fLKrX29Zy6.pdf,0
pdf?id=R0dC7Xzwbk.pdf,0
pdf?id=FWflRgqt8X.pdf,0
pdf?id=fyeSq3m8CY.pdf,0
pdf?id=dtH7hOwTeS.pdf,0
pdf?id=3rRzYrpO70.pdf,0
pdf?id=eK61hWzAAl.pdf,0
pdf?id=bV5is3iodg.pdf,0
pdf?id=T1gVXvbkB1.pdf,0
pdf?id=BmEH70Wjcu.pdf,0
pdf?id=j1QkrVjNVF.pdf,0
pdf?id=nFc38gSYze.pdf,0
pdf?id=RpE4HeuX69.pdf,0
pdf?id=uodE9CAXaF.pdf,0
pdf?id=ewgZItWaHh.pdf,0
pdf?id=oElWLpkOux.pdf,0
pdf?id=WydxWM2xNb.pdf,0
pdf?id=drmIBh6v2U.pdf,0
pdf?id=IpZbmX90sI.pdf,0
pdf?id=ctJxU8v3bY.pdf,0
pdf?id=PWRORdXJN1.pdf,0
pdf?id=skx3QgGKEF.pdf,0
pdf?id=VD22PY0fZm.pdf,0
pdf?id=9Ia0KiVAut.pdf,0
pdf?id=DI2AAFnLrc.pdf,0
pdf?id=OJMLzo8rEX.pdf,0
pdf?id=3a18D8IeQ1.pdf,0
pdf?id=GPTI9GNAYH.pdf,0
pdf?id=qRPIWtf3SE.pdf,0
pdf?id=Pn8UB4PmbF.pdf,0
pdf?id=tvEE9KQcLi.pdf,0
pdf?id=2bbDg587uh.pdf,0
pdf?id=Awl3ZhDHuQ.pdf,0
pdf?id=8RMs5San6e.pdf,0
pdf?id=RBWnyDEBKf.pdf,0
pdf?id=Bzlt5tPFT6.pdf,0
pdf?id=RnByxq9toW.pdf,0
pdf?id=tqoAQMk4AH.pdf,0
pdf?id=OJAW2mHVND.pdf,0
pdf?id=Wxh5Xz7NpJ.pdf,0
pdf?id=v04csnvCfd.pdf,0
pdf?id=IJGEtuVqwf.pdf,0
pdf?id=raZEmZ48h4.pdf,0
pdf?id=8UMlKkCrNj.pdf,0
pdf?id=rAuRLePL2R.pdf,0
pdf?id=TonANdlBoe.pdf,0
pdf?id=NYcnZaA4vO.pdf,0
pdf?id=vDV912fa3t.pdf,0
pdf?id=mGjmPnzGQo.pdf,0
pdf?id=ycPVp0577R.pdf,0
pdf?id=h5YGwnMTke.pdf,0
pdf?id=HMVQ00vabY.pdf,0
pdf?id=2Twzlf6qFv.pdf,0
pdf?id=LuGevcG5IB.pdf,0
pdf?id=VCj7knCJhn.pdf,0
pdf?id=G9TkX2sy8Z.pdf,0
pdf?id=M1DA33qucy.pdf,0
pdf?id=tJhJYcCABr.pdf,0
pdf?id=cd2MWwIIHu.pdf,0
pdf?id=4xvE6Iy77Y.pdf,0
pdf?id=yFerzf9v1b.pdf,0
pdf?id=fDl6RolijS.pdf,0
pdf?id=IHX5V6zQpY.pdf,0
pdf?id=j9kTHUzEDX.pdf,0
pdf?id=WL55AVdvxq.pdf,0
pdf?id=w1gMJMbRxG.pdf,0
pdf?id=G8wWeZVmla.pdf,0
pdf?id=YRh4epoqIS.pdf,0
pdf?id=FAiIRMvIwy.pdf,0
pdf?id=os4QYDf3Ms.pdf,0
pdf?id=Nf8yfPDFTl.pdf,0
pdf?id=2zjH76SmiF.pdf,0
pdf?id=B0Gfxhr8V5.pdf,0
pdf?id=vAxGuGmshO.pdf,0
pdf?id=qUmULptJuY.pdf,0
pdf?id=LTgUInLTbP.pdf,0
pdf?id=jTCiQpV0Lx.pdf,0
pdf?id=UwtFuWbW6B.pdf,0
pdf?id=H9BdN4f2vz.pdf,0
pdf?id=EyOtIOmMUh.pdf,0
pdf?id=movsqor65f.pdf,0
pdf?id=BmRNz1TpCc.pdf,0
pdf?id=7N6pJb16sh.pdf,0
pdf?id=gfXBNBKx02.pdf,0
pdf?id=ztVk8XNffY.pdf,0
pdf?id=6QbbaEGkO7.pdf,0
pdf?id=pe8Dr5jtjV.pdf,0
pdf?id=xj0DXLQZCS.pdf,0
pdf?id=yFjgV3cJje.pdf,0
pdf?id=PboL38rBrR.pdf,0
pdf?id=iQHuVNte6w.pdf,0
pdf?id=6Bu7naotbL.pdf,0
pdf?id=MI1uT5rReV.pdf,0
pdf?id=8dTBydCMSr.pdf,0
pdf?id=SXCjvhEQZO.pdf,0
pdf?id=uUWb5eawL9.pdf,0
pdf?id=1ix6MGV2fz.pdf,0
pdf?id=S82Afyfbj3.pdf,0
pdf?id=fhuqIxoPcr.pdf,0
pdf?id=p8HwGym5EH.pdf,0
pdf?id=tKPqbamNb9.pdf,0
pdf?id=dsp8dUlZFq.pdf,0
pdf?id=N67DlqK5C4.pdf,0
pdf?id=tNvvSzS829.pdf,0
pdf?id=9r3OQhPiqT.pdf,0
pdf?id=LSrpJkynU2.pdf,0
pdf?id=tM4cHBD7kD.pdf,0
pdf?id=uG8kRtNGEI.pdf,0
pdf?id=jpiSagi8aV.pdf,0
pdf?id=eD0lYGQKn0.pdf,0
pdf?id=sYK4yPDuT1.pdf,0
pdf?id=paRLw86ONU.pdf,0
pdf?id=rJ5ky9C3ue.pdf,0
pdf?id=0GDlX9JFf2.pdf,0
pdf?id=d4mZyZB5I9.pdf,0
pdf?id=8ZiElzQxf1.pdf,0
pdf?id=FS3FzdrFZ7.pdf,0
pdf?id=VyjFOO9cFi.pdf,0
pdf?id=S1Gxt8c8pC.pdf,0
pdf?id=761hggw1Wx.pdf,0
pdf?id=m4sQcq5UK5.pdf,0
pdf?id=kZstGANG8D.pdf,0
pdf?id=7wdi1LaocD.pdf,0
pdf?id=JRVZTACwb0.pdf,0
pdf?id=oRMfTkP6kC.pdf,0
pdf?id=lRs6qSMKH1.pdf,0
pdf?id=xdNAVP7TGy.pdf,0
pdf?id=IBrRNLr6JA.pdf,0
pdf?id=MjOf5qnEX7.pdf,0
pdf?id=PceO8Cvvlj.pdf,0
pdf?id=V7m2oQ5OFW.pdf,0
pdf?id=zho5kN8jTn.pdf,0
pdf?id=MHGViOjZ27.pdf,0
pdf?id=QzOBE4mi2N.pdf,0
pdf?id=Iic9I2nHdZ.pdf,0
pdf?id=zVkbsGlKn9.pdf,0
pdf?id=tWhkNXPshv.pdf,0
pdf?id=aYRNINhNGV.pdf,0
pdf?id=B5fFInNlhZ.pdf,0
pdf?id=REHjkmWdQL.pdf,0
pdf?id=yPsJ1PKiAi.pdf,0
pdf?id=xQfZprbSWL.pdf,0
pdf?id=1v0ULVJOZ9.pdf,0
pdf?id=XoN10bZtR9.pdf,0
pdf?id=R9xJSk5SQ2.pdf,0
pdf?id=7YKbyBb0kF.pdf,0
pdf?id=uwL0vbeEVn.pdf,0
pdf?id=uVxQEIgXfL.pdf,0
pdf?id=iqsjzVqmWF.pdf,0
pdf?id=8PUzLga3lU.pdf,0
pdf?id=jIQycAt6aU.pdf,0
pdf?id=lRkeVFL85X.pdf,0
pdf?id=fozfLcLAEt.pdf,0
pdf?id=qu6mRbSnUs.pdf,0
pdf?id=MtdC1XS6RN.pdf,0
pdf?id=efDNv5XvVo.pdf,0
pdf?id=R1CximX3Cw.pdf,0
pdf?id=wbifKziqd2.pdf,0
pdf?id=um4aiicz3L.pdf,0
pdf?id=zKV3CN40tE.pdf,0
pdf?id=szBFUtBzWP.pdf,0
pdf?id=icoV59tH6D.pdf,0
pdf?id=O8Hu5u0v1A.pdf,0
pdf?id=kQokjfoGjk.pdf,0
pdf?id=IDHbeHDBiS.pdf,0
pdf?id=YLlpF71IZJ.pdf,0
pdf?id=tBQEPRFT60.pdf,0
pdf?id=1lyKflUOhp.pdf,0
pdf?id=x0q4EXkbc2.pdf,0
pdf?id=CrBRKsP3yT.pdf,0
pdf?id=G1nzvhZbQJ.pdf,0
pdf?id=Vejx32FeWt.pdf,0
pdf?id=QsguopCLfc.pdf,0
pdf?id=Rz9ISbLxf0.pdf,0
pdf?id=Z2lWGBx2v2.pdf,0
pdf?id=mJEBhuCim2.pdf,0
pdf?id=0r4yzkvt9j.pdf,0
pdf?id=AQ21krZgax.pdf,0
pdf?id=QOjUNzOkRN.pdf,0
pdf?id=fuOEekc2t3.pdf,0
pdf?id=x7EjzpW5XC.pdf,0
pdf?id=ZwCVFBFUFb.pdf,0
pdf?id=STKDn1LBam.pdf,0
pdf?id=pOLpyGGOq8.pdf,0
pdf?id=dY3u3SSLzo.pdf,0
pdf?id=790HoTFKUE.pdf,0
pdf?id=KZn7TDOL4J.pdf,0
pdf?id=nM9j2F7jL3.pdf,0
pdf?id=vvEVQrm9M8.pdf,0
pdf?id=u0rNHqMpFD.pdf,0
pdf?id=iSvAAHGFSw.pdf,0
pdf?id=wEVqNPwG1i.pdf,0
pdf?id=QcItn1s1jO.pdf,0
pdf?id=ir8u0crTcA.pdf,0
pdf?id=w4qJ056WhI.pdf,0
pdf?id=1fOGTbO5Sx.pdf,0
pdf?id=79GwCnXYej.pdf,0
pdf?id=y9zhXirhCa.pdf,0
pdf?id=rgoSyTCTkn.pdf,0
pdf?id=8Flpo0zaaO.pdf,0
pdf?id=f4Wd385vHi.pdf,0
pdf?id=dH6KDsG5GK.pdf,0
pdf?id=Xll01vw606.pdf,0
pdf?id=38n8pFvldK.pdf,0
pdf?id=RIkHzQbpeR.pdf,0
pdf?id=jRXgRC6fu7.pdf,0
pdf?id=5Y8I2dKc91.pdf,0
pdf?id=oUghNi5XWc.pdf,0
pdf?id=04p7u1gIsv.pdf,0
pdf?id=o3bftqj17e.pdf,0
pdf?id=ctsLGmMnCT.pdf,0
pdf?id=PBvlBI6c30.pdf,0
pdf?id=IKVkpjSJzJ.pdf,0
pdf?id=irni27kAeP.pdf,0
pdf?id=53q9BObBnk.pdf,0
pdf?id=iWWPtwXfnO.pdf,0
pdf?id=uOOlHOq500.pdf,0
pdf?id=yZzhaHygWW.pdf,0
pdf?id=8Vy1x9IO0Z.pdf,0
pdf?id=CiOSjynX6b.pdf,0
pdf?id=i8IqEzpHaJ.pdf,0
pdf?id=bdFJbP7542.pdf,0
pdf?id=F05XG0rxOD.pdf,0
pdf?id=MeawZGFIcT.pdf,0
pdf?id=FE91MHgEg2.pdf,0
pdf?id=hPfICQIDOm.pdf,0
pdf?id=bXPC81PuFP.pdf,0
pdf?id=jy4bBsr1Jc.pdf,0
pdf?id=ypVW5jvguX.pdf,0
pdf?id=bChA28jPpm.pdf,0
pdf?id=oGc1qHAUBJ.pdf,0
pdf?id=da1u6Cy7Mq.pdf,0
pdf?id=4449zuaaeL.pdf,0
pdf?id=rKASv92Myl.pdf,0
pdf?id=X2u8esISdb.pdf,0
pdf?id=Z01gNsO9SW.pdf,0
pdf?id=hLJLP3CmHR.pdf,0
pdf?id=GLhLU6y1uK.pdf,0
pdf?id=4Q1vA6P9J9.pdf,0
pdf?id=Xzabk07lao.pdf,0
pdf?id=miYvfEKvEl.pdf,0
pdf?id=um9kHMof0c.pdf,0
pdf?id=NosdT1FHPv.pdf,0
pdf?id=oanhUGY6un.pdf,0
pdf?id=0F924d12FX.pdf,0
pdf?id=U0WEtpp6kO.pdf,0
pdf?id=bYF7Gvv0s0.pdf,0
pdf?id=EJZKxsS1Bl.pdf,0
pdf?id=ja2wA4UncJ.pdf,0
pdf?id=gyeEozWwFO.pdf,0
pdf?id=e85xf2d17F.pdf,0
pdf?id=KEVjRT4haB.pdf,0
pdf?id=c6RDAutyNE.pdf,0
pdf?id=kzdLY8C8oa.pdf,0
pdf?id=DP7kUjUltX.pdf,0
pdf?id=1Imp4KZyjA.pdf,0
pdf?id=IupCqXiiOE.pdf,0
pdf?id=6uwV6ytamU.pdf,0
pdf?id=xpY3C8HxNh.pdf,0
pdf?id=jAsr5GHt3P.pdf,0
pdf?id=wH3F1ZoK70.pdf,0
pdf?id=jRnGy4ZzK5.pdf,0
pdf?id=8ftsTxZOLQ.pdf,0
pdf?id=iJ4i5HE5ER.pdf,0
pdf?id=J2NIeklAkM.pdf,0
pdf?id=2xjcosH3yQ.pdf,0
pdf?id=1cURNMriee.pdf,0
pdf?id=jDKhljBQb8.pdf,0
pdf?id=u1lNQH5upa.pdf,0
pdf?id=lO7RGax6u9.pdf,0
pdf?id=fNOCsycDG4.pdf,0
pdf?id=4JihzQXNJn.pdf,0
pdf?id=jusQeCotOF.pdf,0
pdf?id=tmLsEYtg1K.pdf,0
pdf?id=i3sWs5614Y.pdf,0
pdf?id=x7t7B5CFHm.pdf,0
pdf?id=yO2zE1yIYZ.pdf,0
pdf?id=iLbXyPNTeb.pdf,0
pdf?id=43lkrdfQzB.pdf,0
pdf?id=S8XcHutp7Z.pdf,0
pdf?id=n4IviFDeoU.pdf,0
pdf?id=6zfILEmD3u.pdf,0
pdf?id=IJLqUjtrls.pdf,0
pdf?id=htiPttfiZM.pdf,0
pdf?id=2jzGEudVdS.pdf,0
pdf?id=Gr9VtbcsPy.pdf,0
pdf?id=I9gqXOSypB.pdf,0
pdf?id=6qBK9ePmtM.pdf,0
pdf?id=FEugj28qhC.pdf,0
pdf?id=Uu7UGn5i2A.pdf,0
pdf?id=1V3Toke6XP.pdf,0
pdf?id=LOVuux2kvs.pdf,0
pdf?id=Hk4cCTukeI.pdf,0
pdf?id=7tXGIbrIA5.pdf,0
pdf?id=hwEhsFLPh1.pdf,0
pdf?id=lu4cGylISh.pdf,0
pdf?id=1gCUv4SzaZ.pdf,0
pdf?id=A3ezGit0uB.pdf,0
pdf?id=u2GzxdWLFW.pdf,0
pdf?id=Q3qAsZAEZw.pdf,0
pdf?id=wq5G71w7Zx.pdf,0
pdf?id=PxximqJil4.pdf,0
pdf?id=k8Mim6RI5O.pdf,0
pdf?id=ppOCvEonKT.pdf,0
pdf?id=p324ryBKTc.pdf,0
pdf?id=nGEq3D6FFX.pdf,0
pdf?id=pG1Y63MqHm.pdf,0
pdf?id=nufqobhME7.pdf,0
pdf?id=JsNUE84Hxi.pdf,0
pdf?id=eVhA17qoVJ.pdf,0
pdf?id=sfqIc7BnwS.pdf,0
pdf?id=nYg6Qzm5xS.pdf,0
pdf?id=eZIqkDf8m2.pdf,0
pdf?id=RCeZ063p33.pdf,0
pdf?id=5aaQSJYX3D.pdf,0
pdf?id=AXlquRUO0S.pdf,0
pdf?id=kK8cFKu1U7.pdf,0
pdf?id=Evz0xPema0.pdf,0
pdf?id=3QjESmXftM.pdf,0
pdf?id=72CEG36B0Q.pdf,1
pdf?id=kbwSqgVLYj.pdf,0
pdf?id=wiWNpjcYWH.pdf,0
pdf?id=GSE3oaiDL2.pdf,0
pdf?id=BE6QmLdJqY.pdf,0
pdf?id=K3xaVpSHkV.pdf,0
pdf?id=LMKYd9JHgU.pdf,0
pdf?id=SF2POTDz2o.pdf,0
pdf?id=Huw15LqglI.pdf,0
pdf?id=kE4XEY7Bbc.pdf,0
pdf?id=DQMjemrVhe.pdf,0
pdf?id=0uo2GPd94f.pdf,0
pdf?id=GyOrgWZZKO.pdf,0
pdf?id=xVveBDPrgI.pdf,0
pdf?id=fqsxfizLpk.pdf,0
pdf?id=feLdTALuq3.pdf,0
pdf?id=tuA2R6gZEA.pdf,0
pdf?id=OfmEkL02ZR.pdf,0
pdf?id=66Z5tS8E45.pdf,0
pdf?id=qGFvTIMS3W.pdf,0
pdf?id=q5QaTQcUbS.pdf,0
pdf?id=1frqf6iY4v.pdf,0
pdf?id=ygHWfrwFmO.pdf,0
pdf?id=zmlhP8myaT.pdf,0
pdf?id=oeWgBOowL6.pdf,0
pdf?id=n6AfpsbD7n.pdf,0
pdf?id=1OuhWYrwgW.pdf,0
pdf?id=zNLlglSOwD.pdf,0
pdf?id=EfDIApcjgI.pdf,0
pdf?id=qYSgnmT3dp.pdf,0
pdf?id=ENYvdnyhLl.pdf,0
pdf?id=KxoPiQ03BT.pdf,0
pdf?id=RbGUML7YK6.pdf,0
pdf?id=cot6mZPkWo.pdf,0
pdf?id=RPuTB28HsK.pdf,0
pdf?id=5fAtzK3hBd.pdf,0
pdf?id=MdqirFiD38.pdf,0
pdf?id=iT2ZisemFs.pdf,0
pdf?id=DfHcKzmHpp.pdf,0
pdf?id=bythzT0b81.pdf,0
pdf?id=IIjiNTR1cV.pdf,0
pdf?id=2XelsPmKV1.pdf,0
pdf?id=Nbj1GFCKB3.pdf,0
pdf?id=bMKUD39Vcc.pdf,0
pdf?id=BlLAmMFEzJ.pdf,0
pdf?id=flIdch9eTf.pdf,0
pdf?id=T6d5IYr8PJ.pdf,0
pdf?id=bmoGGgSLzB.pdf,0
pdf?id=n6SrVj7I0g.pdf,0
pdf?id=VrYCLQ5inI.pdf,0
pdf?id=uRJ8WAJxHC.pdf,0
pdf?id=UAc6RL9Tt4.pdf,0
pdf?id=9RelLjiaHw.pdf,0
pdf?id=fGfl6dqQVf.pdf,0
pdf?id=NKPud1Jnyt.pdf,0
pdf?id=sRLB4XjorC.pdf,0
pdf?id=W5Ht05jF4c.pdf,0
pdf?id=aPPnmuuNhx.pdf,0
pdf?id=G34xkRFiUn.pdf,0
pdf?id=CYG3kmFsgM.pdf,0
pdf?id=YFQ0Xx5YlW.pdf,0
pdf?id=iI7zx3ETyY.pdf,0
pdf?id=JPogehP8By.pdf,0
pdf?id=9CzRx5MZct.pdf,0
pdf?id=gwT1GOKiaO.pdf,0
pdf?id=NYuvz5YUzy.pdf,0
pdf?id=Pdwae7T7rS.pdf,0
pdf?id=MRvxlTlkNQ.pdf,0
pdf?id=Zvo2HBlviF.pdf,0
pdf?id=diGiWMO95N.pdf,0
pdf?id=3d4wuHgeon.pdf,0
pdf?id=Qv0XyK5kdI.pdf,0
pdf?id=7JjS2cdBYN.pdf,0
pdf?id=ftZEltGArK.pdf,0
pdf?id=73guIWG7fk.pdf,0
pdf?id=lHW93LKaUk.pdf,0
pdf?id=YwMHgqHYyT.pdf,0
pdf?id=lkw2WJLdbh.pdf,0
pdf?id=Zapn9l2LMY.pdf,0
pdf?id=nNurcq8RD4.pdf,0
pdf?id=rDqZjKIeda.pdf,0
pdf?id=dOGXKBL7IE.pdf,0
pdf?id=hdJXzKZjY9.pdf,0
pdf?id=9dEU1gq3v9.pdf,0
pdf?id=ZY5mzxlnCA.pdf,0
pdf?id=XsQNqRdcdh.pdf,0
pdf?id=UOaLsgn5wb.pdf,0
pdf?id=bsjJ7c1mEV.pdf,0
pdf?id=bbVB4ZaqEf.pdf,0
pdf?id=76cFMRgEzQ.pdf,0
pdf?id=ltPRj2nthL.pdf,0
pdf?id=aDa0xEFDu1.pdf,0
pdf?id=IBFnEaArnz.pdf,0
pdf?id=L26J2etiCX.pdf,0
pdf?id=uXEv9pSM0U.pdf,0
pdf?id=90qt3kVYaE.pdf,0
pdf?id=eIDa6pd9iQ.pdf,0
pdf?id=FGliQVcrDZ.pdf,0
pdf?id=2jwAjomEDB.pdf,0
pdf?id=RnbJPkakkm.pdf,0
pdf?id=hZt0daVIZi.pdf,0
pdf?id=5YDO8XjYjR.pdf,0
pdf?id=kHLEYGI9x9.pdf,0
pdf?id=5yhTMeFlj2.pdf,0
pdf?id=eS3xJTjSgm.pdf,0
pdf?id=qFC728XyeM.pdf,0
pdf?id=WOXyOiVd4B.pdf,0
pdf?id=s6YHno8Ke3.pdf,0
pdf?id=2Dwp12HmYI.pdf,0
pdf?id=Ia1nRDN00L.pdf,0
pdf?id=mN3CMpfWR6.pdf,0
pdf?id=uO0EHn4EmE.pdf,0
pdf?id=HdY8CCHife.pdf,0
pdf?id=0KOfAUiHua.pdf,0
pdf?id=ktvr5cyMdu.pdf,Error
pdf?id=r1Bx58M6It.pdf,0
pdf?id=At8OUlyTOu.pdf,0
pdf?id=II0T40Q785.pdf,0
pdf?id=zvYxXhlQHM.pdf,0
pdf?id=smdbra3VEi.pdf,0
pdf?id=8rKSfL3GsK.pdf,0
pdf?id=RDw0GU1rmS.pdf,0
pdf?id=OrmLtoFF60.pdf,0
pdf?id=YGIbwfNWot.pdf,0
pdf?id=B1s8d9pqx4.pdf,0
pdf?id=1GCWcrZTX8.pdf,0
pdf?id=aqgLyQOECN.pdf,0
pdf?id=RWWYSBfF2f.pdf,0
pdf?id=32JgYdTfT9.pdf,0
pdf?id=3SUkvb8PRo.pdf,0
pdf?id=daZ5x88IiE.pdf,0
pdf?id=YJx8AofTF5.pdf,0
pdf?id=qzbeuaAXBu.pdf,0
pdf?id=2mDquK2qMI.pdf,0
pdf?id=dxK2QgEKvz.pdf,0
pdf?id=bk1IlSAwxR.pdf,0
pdf?id=3dsOpH1xHK.pdf,0
pdf?id=y8Hv7EdcRF.pdf,0
pdf?id=E6SFbnPiVP.pdf,0
pdf?id=nfxTpNiSMH.pdf,0
pdf?id=BeSFxKX3Po.pdf,0
pdf?id=VUbwLjLkws.pdf,0
pdf?id=Tn1M71PDfF.pdf,0
pdf?id=YufSVJxDgt.pdf,0
pdf?id=BSZqpqgqM0.pdf,0
pdf?id=eD1VyYURiq.pdf,0
pdf?id=s14pdQgoLb.pdf,0
pdf?id=l2Wl77TSYY.pdf,0
pdf?id=LZ4IKybwWl.pdf,0
pdf?id=om2CpclG4y.pdf,0
pdf?id=C35FCYZBXp.pdf,0
pdf?id=hAZ3d3tsDd.pdf,0
pdf?id=3kVM0m60Q5.pdf,0
pdf?id=R3C3RY25eS.pdf,0
pdf?id=IQ513IX1G5.pdf,0
pdf?id=tDG6bY48ch.pdf,0
pdf?id=JYB6wFcbky.pdf,0
pdf?id=OZljvntsto.pdf,0
pdf?id=ofBqR4l0TD.pdf,0
pdf?id=sYk6ZMmrOz.pdf,0
pdf?id=SptbUlfhJg.pdf,0
pdf?id=vMfJM9oBYL.pdf,0
pdf?id=WYSCCw7mCe.pdf,0
pdf?id=rqn7XLNUAv.pdf,0
pdf?id=YOv9CANvDv.pdf,0
pdf?id=qNHy8EPufN.pdf,0
pdf?id=FsgwcrJWp8.pdf,0
pdf?id=FVCxY4dxvs.pdf,0
pdf?id=uWEcZkrSkZ.pdf,0
pdf?id=b6s1jIHj6o.pdf,0
pdf?id=QkX9obx6UR.pdf,0
pdf?id=mDjEKAwJOF.pdf,0
pdf?id=MgN8Px0NA5.pdf,0
pdf?id=V82wLePv0o.pdf,0
pdf?id=e7jNIna1eP.pdf,0
pdf?id=jb4EvgxOXD.pdf,0
pdf?id=AlRJVX5CRi.pdf,0
pdf?id=LiQH1MOCMs.pdf,0
pdf?id=V8Kbz7l2cr.pdf,0
pdf?id=2YPypUwWIv.pdf,0
pdf?id=DorAT49sxj.pdf,0
pdf?id=Iguyg0LULD.pdf,0
pdf?id=YAc0O13qMc.pdf,0
pdf?id=wn3VBRz5GK.pdf,0
pdf?id=e0HQiao2F0.pdf,0
pdf?id=kITPSoTBUo.pdf,0
pdf?id=M96edY67nS.pdf,0
pdf?id=TU2MZHZLkP.pdf,0
pdf?id=RSSk1SHxrH.pdf,0
pdf?id=ONUZ08OAZL.pdf,0
pdf?id=7jg26Fd1ra.pdf,0
pdf?id=aXO0xg0ttW.pdf,0
pdf?id=ividIRK8Ib.pdf,0
pdf?id=rvRaxhcjc6.pdf,0
pdf?id=b2IU6QOOfo.pdf,0
pdf?id=0wW6Ml0qku.pdf,0
pdf?id=TGuWVMssSa.pdf,0
pdf?id=95j8fCs9n2.pdf,0
pdf?id=fm14gUThwh.pdf,0
pdf?id=CO57FDVLhA.pdf,0
pdf?id=4LSulRbbeL.pdf,0
pdf?id=NjxW4m6KdH.pdf,0
pdf?id=8EhH3A9hoP.pdf,0
pdf?id=UORjUcFmrn.pdf,0
pdf?id=WPHpBnKvdq.pdf,0
pdf?id=EZfDHprhZM.pdf,0
pdf?id=hFaXVjRFHI.pdf,0
pdf?id=xZnjIkIzST.pdf,0
pdf?id=yJpBVE4vfo.pdf,0
pdf?id=68OW8tLSh2.pdf,0
pdf?id=oGmROC4e4W.pdf,0
pdf?id=DO5LtJc80w.pdf,0
pdf?id=GJbrk55Bt8.pdf,0
pdf?id=xpkJiQNC0E.pdf,0
pdf?id=11fe8wKkmk.pdf,0
pdf?id=4DbDJYnX5W.pdf,0
pdf?id=Q8QMhJFSk4.pdf,0
pdf?id=iqBdAYwzmz.pdf,0
pdf?id=jj0nJQYFlW.pdf,0
pdf?id=7EjdHkOwc4.pdf,0
pdf?id=TdTElvnaG4.pdf,0
pdf?id=64WeVllQjq.pdf,0
pdf?id=5Yy2E8VWMY.pdf,0
pdf?id=D6PwC6Xogv.pdf,0
pdf?id=VaE33hkqmg.pdf,0
pdf?id=MLprqOvAAK.pdf,0
pdf?id=eFB9VlI3ew.pdf,0
pdf?id=An0ePypuOJ.pdf,0
pdf?id=s9NkfkUuEr.pdf,0
pdf?id=LVPq1j357N.pdf,0
pdf?id=Zj0L8xIZYP.pdf,0
pdf?id=zaV9s8iM2T.pdf,0
pdf?id=CH76rSKWZr.pdf,0
pdf?id=utA0BT3BKF.pdf,0
pdf?id=kjWB8iaO3l.pdf,0
pdf?id=wbZCBBrq3W.pdf,0
pdf?id=CwVQGaF5A6.pdf,0
pdf?id=2aotKzkOCm.pdf,0
pdf?id=yoKpumjWXc.pdf,0
pdf?id=AmZ7uHDJiR.pdf,0
pdf?id=hFsCuVc1cB.pdf,0
pdf?id=nTfhNThKX2.pdf,0
pdf?id=JPjMXgQQxk.pdf,0
pdf?id=Wav9TP5SOR.pdf,0
pdf?id=iooQFm2qHf.pdf,0
pdf?id=lv4zLWzOi2.pdf,0
pdf?id=CGx4XU9rCA.pdf,0
pdf?id=pRYGjhirkY.pdf,0
pdf?id=n8AvXKcCeR.pdf,0
pdf?id=e46NRNunFp.pdf,0
pdf?id=ZC2rbIYWfy.pdf,0
pdf?id=Owu54YW8HR.pdf,0
pdf?id=0YUHjKjjUY.pdf,0
pdf?id=Sf5nxMRiG7.pdf,0
pdf?id=uFTLo48OHF.pdf,0
pdf?id=swf3Hbc3Qe.pdf,0
pdf?id=95z3psF9zJ.pdf,0
pdf?id=lbtOctHDQ3.pdf,0
pdf?id=F20AfNqMq9.pdf,0
pdf?id=aY97JGello.pdf,0
pdf?id=quKHZ3fcgx.pdf,0
pdf?id=GSAKL9tc7L.pdf,0
pdf?id=NSKRyz07WD.pdf,0
pdf?id=2T6GWekWSm.pdf,0
pdf?id=zbucdbZ0fU.pdf,0
pdf?id=w2xl15ZbD3.pdf,0
pdf?id=1YprrVfIp8.pdf,0
pdf?id=Wk65okms3T.pdf,0
pdf?id=QRlVickNdN.pdf,0
pdf?id=YS0a4YpQ1C.pdf,0
pdf?id=xDxskDUvte.pdf,0
pdf?id=hlPk6Hi43e.pdf,0
pdf?id=uVYqwEgIpE.pdf,0
pdf?id=4OsgYD7em5.pdf,0
pdf?id=Va1IHqY3jG.pdf,0
pdf?id=QdfdwsboOE.pdf,0
pdf?id=2CeGVUpOd7.pdf,0
pdf?id=nxnBaaRLnz.pdf,0
pdf?id=ayR2JfRYRS.pdf,0
pdf?id=dFlqhts0jS.pdf,0
pdf?id=Wic0OgYsgy.pdf,0
pdf?id=uyJcF4cwMc.pdf,0
pdf?id=vqLoLqUUNB.pdf,0
pdf?id=2LfZDy2Ldo.pdf,0
pdf?id=rcX3qxO0z6.pdf,0
pdf?id=o2y6BS6mm0.pdf,0
pdf?id=XtNiw8OQsy.pdf,0
pdf?id=9dtSxhfk7w.pdf,0
pdf?id=rVT1GK60Nt.pdf,0
pdf?id=p5PFCVsXWf.pdf,0
pdf?id=waHF2ekuf2.pdf,0
pdf?id=MlJyAvQaxp.pdf,0
pdf?id=Q3DtkFJ1Ap.pdf,0
pdf?id=IUhOGH0WiL.pdf,0
pdf?id=4TP1SuInE5.pdf,0
pdf?id=fGBCRZQVse.pdf,0
pdf?id=agcXjEHmyW.pdf,0
pdf?id=jHdZKRiOp8.pdf,0
pdf?id=HqsE29wxnS.pdf,0
pdf?id=5fSkinHw7w.pdf,0
pdf?id=yNqyfNSoY6.pdf,0
pdf?id=nn51ewu5k2.pdf,0
pdf?id=slVqJAI5sT.pdf,0
pdf?id=Es4s9dtCjR.pdf,0
pdf?id=PllZG6K37g.pdf,0
pdf?id=XwMDUND6iO.pdf,0
pdf?id=fsTj0BNxyH.pdf,0
pdf?id=AuBSUgFVgq.pdf,0
pdf?id=tPJg65EB7D.pdf,0
pdf?id=YjZYMHvlRs.pdf,0
pdf?id=6hidr8PJ8F.pdf,0
pdf?id=MJvwM5dBZM.pdf,0
pdf?id=7Ck1qqojSL.pdf,0
pdf?id=v6kyF3S7dM.pdf,0
pdf?id=zXlB9A5xya.pdf,0
pdf?id=1esFEjMUBS.pdf,0
pdf?id=hCc6obJhlj.pdf,0
pdf?id=8MBEvClECb.pdf,0
pdf?id=YqzAsStE6n.pdf,0
pdf?id=P69X3V4WwH.pdf,0
pdf?id=hTGqC1h8Ig.pdf,0
pdf?id=sT9nd1WQ76.pdf,0
pdf?id=cNqMAmpZh4.pdf,0
pdf?id=nMLvTru6Zo.pdf,0
pdf?id=KXmDTGKwhy.pdf,0
pdf?id=NWP8KYKC0c.pdf,0
pdf?id=1PVdiFbDz0.pdf,0
pdf?id=t04casiy7F.pdf,0
pdf?id=sfTtFZXINg.pdf,0
pdf?id=T52hZeT7rn.pdf,0
pdf?id=g8zr9rxRHm.pdf,0
pdf?id=0fZoqVoc0o.pdf,0
pdf?id=fDR4hzavDF.pdf,0
pdf?id=xtHJ0eNEUv.pdf,0
pdf?id=CNxrp7u5gV.pdf,0
pdf?id=x8lg9aihwl.pdf,0
pdf?id=2KKqp7MWJM.pdf,0
pdf?id=jeen4x145W.pdf,0
pdf?id=NUDaln2vCe.pdf,0
pdf?id=ktk4mxNzFe.pdf,0
pdf?id=a2JTVVvcEl.pdf,0
pdf?id=vhPy3NMsO5.pdf,0
pdf?id=7aDKD8RBUw.pdf,0
pdf?id=X5B2yTT97A.pdf,0
pdf?id=L9vV3wVC72.pdf,0
pdf?id=004uTlSufe.pdf,0
pdf?id=wryhlhA8QI.pdf,0
pdf?id=QuqsEIVWIG.pdf,0
pdf?id=FOkbHmaW0I.pdf,0
pdf?id=oHjLfABsK4.pdf,0
pdf?id=oCXyxhgCiZ.pdf,0
pdf?id=hFxOZjHyTg.pdf,0
pdf?id=Qabko39AS5.pdf,0
pdf?id=Em9QmNobh0.pdf,0
pdf?id=vsLS698sBi.pdf,0
pdf?id=NKNryrCGYn.pdf,0
pdf?id=oCOOe8tt8v.pdf,0
pdf?id=7RErGDbO6K.pdf,0
pdf?id=0Az25lvdT2.pdf,0
pdf?id=QNtJO0jTf3.pdf,0
pdf?id=RqE5PlQsU5.pdf,0
pdf?id=m0bR0sxhfL.pdf,0
pdf?id=YtwEVr2ONF.pdf,0
pdf?id=UhgpXbOcK1.pdf,0
pdf?id=9GN5Jsa3lv.pdf,0
pdf?id=3CiNHxWcBr.pdf,0
pdf?id=IOScl0QXf8.pdf,0
pdf?id=K0FbK2GOGj.pdf,0
pdf?id=aq3tgx5wcu.pdf,0
pdf?id=iHXCz8c204.pdf,1
pdf?id=XjayhGBraW.pdf,0
pdf?id=FrXHdcTEzE.pdf,0
pdf?id=iydmH9boLb.pdf,0
pdf?id=sYeE1obXGG.pdf,0
pdf?id=rNcIJi7N65.pdf,0
pdf?id=GqzMEkVp2i.pdf,0
pdf?id=QJSrgYcf4b.pdf,0
pdf?id=TFidSatsOC.pdf,0
pdf?id=eA3Aum0rpA.pdf,0
pdf?id=B5UvFCiisp.pdf,0
pdf?id=zZecO3RZ7Z.pdf,0
pdf?id=2afhRWVb6p.pdf,0
pdf?id=RF3miSqdXa.pdf,0
pdf?id=7OdU0LYXLr.pdf,0
pdf?id=6jKed3sx4f.pdf,0
pdf?id=7VkFMKBVVp.pdf,0
pdf?id=ybH0avRV4n.pdf,0
pdf?id=3naHyE5klE.pdf,0
pdf?id=O1abxStFcy.pdf,0
pdf?id=gfGLEtWAqV.pdf,0
pdf?id=MmjW4VGKbh.pdf,0
pdf?id=EKJhU5ioSo.pdf,0
pdf?id=nWTQREGMLG.pdf,0
pdf?id=M2HxuxqNrb.pdf,0
pdf?id=Jom8tNYuQI.pdf,0
pdf?id=VfIOdGiBAv.pdf,0
pdf?id=nzu03J5hW5.pdf,0
pdf?id=Ms6IXbfzzX.pdf,0
pdf?id=TubIV2Q4Ck.pdf,0
pdf?id=Xpi0LpWbvF.pdf,0
pdf?id=Ixl7e5pR52.pdf,0
pdf?id=xPQyRmZ8hz.pdf,0
pdf?id=R9MUFuXG2o.pdf,0
pdf?id=mbmGNCFc75.pdf,0
pdf?id=GkB1ZUNz83.pdf,0
pdf?id=tcisuhGsQZ.pdf,0
pdf?id=9Ook5bXnPr.pdf,0
pdf?id=DwZD97uHgm.pdf,0
pdf?id=HIK0cjRp3f.pdf,0
pdf?id=O58KDUfB4x.pdf,0
pdf?id=I8S4ASqO5H.pdf,0
pdf?id=9vDpL9lgKS.pdf,0
pdf?id=T0CiI4gDFB.pdf,0
pdf?id=Ej20yjWMCj.pdf,0
pdf?id=GxGrGswvND.pdf,0
pdf?id=iwKT7MEZZw.pdf,0
pdf?id=BlcTbgxr4Z.pdf,0
pdf?id=oG1CIBWQ77.pdf,0
pdf?id=tRvzEL64dY.pdf,0
pdf?id=lwIQC4MVJZ.pdf,0
pdf?id=VewW9QYUA6.pdf,0
pdf?id=m51t6RKfGH.pdf,0
pdf?id=AJJ5fBB7JY.pdf,0
pdf?id=7dJfwHG3GN.pdf,0
pdf?id=uGDNHlslgO.pdf,0
pdf?id=rHBuLD2slP.pdf,0
pdf?id=8WP2NgiRUV.pdf,0
pdf?id=2dpiR9fqUk.pdf,0
pdf?id=ZlWxWlevZ0.pdf,0
pdf?id=TcVCu2PKb9.pdf,0
pdf?id=e7HEbUVryj.pdf,0
pdf?id=ml2TynfZI0.pdf,0
pdf?id=s3TvewYDKk.pdf,0
pdf?id=cD4whTwm6G.pdf,0
pdf?id=DrBwhFUqCY.pdf,0
pdf?id=Gxw10T7uOm.pdf,0
pdf?id=TRHT8ksdUQ.pdf,0
pdf?id=SXxlb1miXS.pdf,0
pdf?id=Rtp3yLWAjI.pdf,0
pdf?id=Wlw8jkGscY.pdf,0
pdf?id=QWQB1ReBkJ.pdf,0
pdf?id=jzPQRbGkAq.pdf,0
pdf?id=ZfAwtFBR9K.pdf,0
pdf?id=eOZFqyE9Ok.pdf,0
pdf?id=gqfQfqDQhx.pdf,0
pdf?id=nbMeRvNb7A.pdf,0
pdf?id=PAIVwOaAnq.pdf,0
pdf?id=w7hiWakSAq.pdf,0
pdf?id=3KtPujOw5z.pdf,0
pdf?id=oB5GHrsfI4.pdf,0
pdf?id=Ecw0Cina9N.pdf,0
pdf?id=5YMZfufpfY.pdf,0
pdf?id=SbhBIkiRLT.pdf,0
pdf?id=T9OQ094qR8.pdf,0
pdf?id=VeZkY3JjWV.pdf,0
pdf?id=2Ybm2W1o9m.pdf,0
pdf?id=9Lb78wXdFO.pdf,0
pdf?id=4YKlo58RcQ.pdf,0
pdf?id=QzE4SDwcCr.pdf,0
pdf?id=u3a2AX0icx.pdf,0
pdf?id=ZtKXAbHQ43.pdf,0
pdf?id=gA3fFAEXNT.pdf,0
pdf?id=hw0hl4JmvA.pdf,0
pdf?id=2lNCktd2c3.pdf,0
pdf?id=b98ODdeYq5.pdf,0
pdf?id=KQ9KCDS4zp.pdf,0
pdf?id=9Hweh7Wx8R.pdf,0
pdf?id=2ptM76yNzZ.pdf,0
pdf?id=JnKfAqLJb4.pdf,0
pdf?id=72UR53jN7T.pdf,0
pdf?id=ahJfROJOYt.pdf,0
pdf?id=PHu9xJeAum.pdf,0
pdf?id=PymOnHw4Ty.pdf,0
pdf?id=TdmzrkdLG0.pdf,0
pdf?id=Xpuci4SV06.pdf,0
pdf?id=cuUsD5FJbe.pdf,0
pdf?id=idxHcrwBYP.pdf,0
pdf?id=TQNlIQIrcK.pdf,0
pdf?id=vWeyFCtYxx.pdf,0
pdf?id=isATAFP71B.pdf,0
pdf?id=ccHq9OScXW.pdf,0
pdf?id=VlvtStQN34.pdf,0
pdf?id=lOXirB5NeJ.pdf,0
pdf?id=cANLnJb1FX.pdf,0
pdf?id=C3sKfe8e1n.pdf,0
pdf?id=VBKgukQlRG.pdf,0
pdf?id=c1snZ9dvCR.pdf,0
pdf?id=2neULQUK3n.pdf,0
pdf?id=o6keqobP13.pdf,0
pdf?id=HW55AwGEC8.pdf,0
pdf?id=sPafJfwI2I.pdf,0
pdf?id=l4F50jpiVH.pdf,0
pdf?id=7NEP4jGKwA.pdf,0
pdf?id=hVdD72iom4.pdf,0
pdf?id=wdyOwMISSR.pdf,0
pdf?id=Fcs90Rwm8j.pdf,0
pdf?id=JInukYoZPI.pdf,0
pdf?id=3i53Z6g6j4.pdf,0
pdf?id=sSZ9OM08KT.pdf,0
pdf?id=0MXUkBmm09.pdf,0
pdf?id=iEgaS6wbLa.pdf,0
pdf?id=uBaFH7aQnC.pdf,0
pdf?id=prm9Y3jM0R.pdf,0
pdf?id=E9EwDc45f8.pdf,0
pdf?id=u7jtLj46i9.pdf,0
pdf?id=5Iw1nDtYmT.pdf,0
pdf?id=TUCHMVzXin.pdf,0
pdf?id=nG45z7lJ7D.pdf,0
pdf?id=FDX7EB9CDv.pdf,0
pdf?id=xwqTt26NJf.pdf,0
pdf?id=F4LhOqhxkk.pdf,0
pdf?id=LfcfwlLCHM.pdf,0
pdf?id=eG5oh8l1WZ.pdf,0
pdf?id=ckW70ls93V.pdf,0
pdf?id=Yyb1Gi8e36.pdf,0
pdf?id=lTEjpeTXIo.pdf,0
pdf?id=AsRB5nmlOD.pdf,0
pdf?id=Hxfjmc95rl.pdf,0
pdf?id=EAtSPyQ09Z.pdf,0
pdf?id=mQlX8ZF6vW.pdf,0
pdf?id=bd8kppxyB3.pdf,0
pdf?id=A0AaeWG5NE.pdf,Error
pdf?id=c768Z1FwDL.pdf,0
pdf?id=lMhNrt0Bnm.pdf,0
pdf?id=gUPGGCM4WH.pdf,0
pdf?id=xXVEsGWSs8.pdf,0
pdf?id=ifsyZYYDNs.pdf,0
pdf?id=iweeVl1RHU.pdf,0
pdf?id=5TWdcO9h4O.pdf,0
pdf?id=cnrwqlr8dg.pdf,0
pdf?id=pIZxEOZCId.pdf,0
pdf?id=EJ34X5VWwu.pdf,0
pdf?id=xNJenVNmzL.pdf,0
pdf?id=eV2Y8Gt6JY.pdf,0
pdf?id=eiLzaZqXas.pdf,0
pdf?id=rOuRpOA6pm.pdf,0
pdf?id=LKAp7Dknxf.pdf,0
pdf?id=9YXk1RnC9o.pdf,0
pdf?id=JgtCg08aZk.pdf,0
pdf?id=A4Xx9irvpp.pdf,0
pdf?id=ioXn68lBjO.pdf,0
pdf?id=SuewCbLYBS.pdf,0
pdf?id=YJxGJP8feU.pdf,0
pdf?id=4asFznbzJg.pdf,0
pdf?id=853SwC2dMZ.pdf,0
pdf?id=6LIbPoVFWS.pdf,0
pdf?id=Wc1VZ2bVJn.pdf,0
pdf?id=xPcKmKSEis.pdf,0
pdf?id=dAwKePZvcN.pdf,0
pdf?id=QSK8VqiijI.pdf,0
pdf?id=IQ3382JnQl.pdf,0
pdf?id=9Zwl2Ly28N.pdf,0
pdf?id=kgzRy6nD6D.pdf,0
pdf?id=csjryswwao.pdf,0
pdf?id=Eyis2h3tba.pdf,0
pdf?id=hdwccZL6L3.pdf,0
pdf?id=tI04KmK27S.pdf,0
pdf?id=7aSBAw7tJf.pdf,0
pdf?id=LAflniLUwx.pdf,0
pdf?id=CCbXvvcdF9.pdf,0
pdf?id=XKVhXWkPbp.pdf,0
pdf?id=xVsC90U8yl.pdf,0
pdf?id=iZy3ZgoHrD.pdf,0
pdf?id=3lVBn7U07P.pdf,0
pdf?id=4lR9OhAisI.pdf,0
pdf?id=XsBzmJzJ2l.pdf,0
pdf?id=F2ILoE1eDj.pdf,0
pdf?id=ZtzWvNKOCr.pdf,0
pdf?id=dIHSZTx9Lu.pdf,0
pdf?id=2sZSxmswxn.pdf,0
pdf?id=GNDgQie8W4.pdf,0
pdf?id=2YAGKZVXQC.pdf,0
pdf?id=TrHeq0yFhv.pdf,0
pdf?id=GHAtg6RQ3b.pdf,0
pdf?id=fb7maZToPl.pdf,0
pdf?id=vqaWAmuzRt.pdf,0
pdf?id=5WKEH9LhAQ.pdf,0
pdf?id=G2kMroO9UV.pdf,0
pdf?id=tM5mjMfFmS.pdf,0
pdf?id=tA0l08qS5N.pdf,0
pdf?id=gL4muAFwsh.pdf,0
pdf?id=b387eWFV3V.pdf,0
pdf?id=tO0YJqdgV9.pdf,0
pdf?id=cGkfMGQdCy.pdf,0
pdf?id=BpufPXvSdb.pdf,0
pdf?id=hQhAPGCtPo.pdf,0
pdf?id=ZsySJqavh3.pdf,0
pdf?id=DAyKP1tvwI.pdf,0
pdf?id=PSvsmbCrGs.pdf,0
pdf?id=VNbvk5pMS7.pdf,0
pdf?id=btBqWTbf6q.pdf,0
pdf?id=kThBNZTMaw.pdf,0
pdf?id=ECTxVRFhUa.pdf,0
pdf?id=WrYWolqKh3.pdf,0
pdf?id=voHNTOO5CG.pdf,0
pdf?id=gOzcYNLKvr.pdf,0
pdf?id=X8oEu4Gs3W.pdf,0
pdf?id=kqHzgTV9AU.pdf,0
pdf?id=CGLoEvCllI.pdf,0
pdf?id=l3Qq5MU5VX.pdf,0
pdf?id=BL8h1Axr0i.pdf,0
pdf?id=V4YAS7NLXi.pdf,0
pdf?id=yiSoT2pHfk.pdf,0
pdf?id=XFP5jntOdx.pdf,0
pdf?id=58Vr1KOWG9.pdf,0
pdf?id=teB4aqJsNP.pdf,0
pdf?id=T64Fa2hCZn.pdf,0
pdf?id=FUBaZDMOFj.pdf,0
pdf?id=rbBtoVnduo.pdf,0
pdf?id=tgwjgDoaQq.pdf,0
pdf?id=p3HBEtNDRY.pdf,0
pdf?id=7DY7kB8wyZ.pdf,0
pdf?id=zNqDCSokDR.pdf,0
pdf?id=PspS5w3MC8.pdf,0
pdf?id=XQXjTfrtwc.pdf,0
pdf?id=RbkHARGCcH.pdf,0
pdf?id=l0tTXno7c2.pdf,0
pdf?id=ZYHzcZFEGD.pdf,0
pdf?id=zxfwVts5it.pdf,0
pdf?id=Mgug9GUNy7.pdf,0
pdf?id=z6d5MRMDNf.pdf,0
pdf?id=QvsDTpf4yF.pdf,0
pdf?id=uS5ch7GjZ4.pdf,0
pdf?id=PJrvX7Jz2c.pdf,0
pdf?id=JjTLq7SXaB.pdf,0
pdf?id=Gf4oPoluAV.pdf,0
pdf?id=TecJ926Vgn.pdf,0
pdf?id=Uipk3FzI09.pdf,0
pdf?id=Iv11TSweoJ.pdf,0
pdf?id=3VvdoCcVPU.pdf,0
pdf?id=sfz8ueAT6E.pdf,0
pdf?id=0fBQAckQK3.pdf,0
pdf?id=jOHgjZaGqd.pdf,0
pdf?id=duunKHvWKz.pdf,0
pdf?id=Tl3Sg0SBEU.pdf,0
pdf?id=JDKYmIh4rO.pdf,0
pdf?id=inN0WrBJVc.pdf,0
pdf?id=mcYO3DccbQ.pdf,0
pdf?id=w1ihNiIBOc.pdf,0
pdf?id=SB1CsuJ11a.pdf,0
pdf?id=ipEqdzO2IT.pdf,0
pdf?id=573IcLusXq.pdf,0
pdf?id=tPXtIMagQX.pdf,0
pdf?id=xiP7TZG58o.pdf,0
pdf?id=NHz3BlszTR.pdf,0
pdf?id=15GCs8DoSm.pdf,0
pdf?id=nsv3ogqRIU.pdf,0
pdf?id=HK96GI5s7G.pdf,0
pdf?id=XUKUx7Xu89.pdf,0
pdf?id=ioYzPQb7cL.pdf,0
pdf?id=o9iTaY21mq.pdf,0
pdf?id=Wbc3PutCyQ.pdf,0
pdf?id=x9XepNPGJ5.pdf,0
pdf?id=cJlgdpEFx9.pdf,0
pdf?id=oLGtPYdRzU.pdf,0
pdf?id=PZ7YLONKiI.pdf,0
pdf?id=dv6X6sv18b.pdf,0
pdf?id=QnUNr9Xuoo.pdf,0
pdf?id=6wbykApw7A.pdf,0
pdf?id=FNYFSolinQ.pdf,0
pdf?id=UzEaeDovxl.pdf,0
pdf?id=oXSkzIXgbk.pdf,0
pdf?id=wj4lM45xQR.pdf,0
pdf?id=Oo9KXaM6Mu.pdf,0
pdf?id=TIbQixHEFD.pdf,0
pdf?id=qqEfm8tlCM.pdf,0
pdf?id=1A4Nlibwl5.pdf,0
pdf?id=hncKzAnyKQ.pdf,0
pdf?id=QQybz4enRc.pdf,0
pdf?id=zuHs6RHQwT.pdf,0
pdf?id=dZRCZUvKPj.pdf,0
pdf?id=sTyrh0LjoH.pdf,0
pdf?id=WPU17d1l7R.pdf,0
pdf?id=3oQDkmW72a.pdf,0
pdf?id=9twwDW60Bw.pdf,0
pdf?id=tSpWkTFASC.pdf,0
pdf?id=m7uj1vIZ62.pdf,0
pdf?id=cQxLCVa9u7.pdf,0
pdf?id=jvq8nzOUp8.pdf,0
pdf?id=JddJvNSiHk.pdf,0
pdf?id=kdHz4y1ADc.pdf,0
pdf?id=hgJQcuDwm1.pdf,0
pdf?id=MWikv8GJfY.pdf,0
pdf?id=jQH0gdwsuT.pdf,0
pdf?id=baBhSzaSHI.pdf,0
pdf?id=q0g3CPS96G.pdf,0
pdf?id=9ednYuGHN1.pdf,0
pdf?id=Fg9HufTI0K.pdf,0
pdf?id=s2hidSUFdj.pdf,0
pdf?id=4xl00JWQ1z.pdf,0
pdf?id=ac0TVbBLBh.pdf,0
pdf?id=KQLCim1NhT.pdf,0
pdf?id=PhHrlDKcx1.pdf,0
pdf?id=v4AT18kysa.pdf,0
pdf?id=CmY6DzEG7Z.pdf,0
pdf?id=g56WiaXKGF.pdf,0
pdf?id=kLAwT8G3Q1.pdf,0
pdf?id=3P3PL7aCXM.pdf,0
pdf?id=aWXrVm07Zl.pdf,0
pdf?id=JTNvG0jTaJ.pdf,0
pdf?id=MKEDsVWHd0.pdf,0
pdf?id=EyNzLH7BZK.pdf,0
pdf?id=pilivzwU7n.pdf,0
pdf?id=w15atmg0uX.pdf,0
pdf?id=FrdX7K4Gli.pdf,0
pdf?id=BrmR69AhUg.pdf,0
pdf?id=kWsptXXt2o.pdf,0
pdf?id=NTjr79xpX0.pdf,0
pdf?id=6WnBITpnzD.pdf,0
pdf?id=1zKElu2MuQ.pdf,0
pdf?id=cCYUFaR6En.pdf,0
pdf?id=bulTwq5kNK.pdf,0
pdf?id=EpgMSwJY8t.pdf,0
pdf?id=3Hjfzh5Eyk.pdf,0
pdf?id=xIH95kXNR2.pdf,0
pdf?id=xVI8g50Qfk.pdf,0
pdf?id=pZM3BsyzbM.pdf,0
pdf?id=zD5cUX67b9.pdf,0
pdf?id=MjkopMaVAI.pdf,0
pdf?id=yFfWVr2TmZ.pdf,0
pdf?id=zDOo34mbpl.pdf,0
pdf?id=DliPKnn6e0.pdf,0
pdf?id=7LTTzYXyJ1.pdf,0
pdf?id=APXcX7z1Bi.pdf,0
pdf?id=klmc4fwPLd.pdf,0
pdf?id=LujP8dao7o.pdf,0
pdf?id=pv964N1RYb.pdf,0
pdf?id=pEUBqS8nTk.pdf,0
pdf?id=8gr3laSo3P.pdf,0
pdf?id=e5Evni5zZY.pdf,0
pdf?id=xgvSwwlLah.pdf,0
pdf?id=p2EycV4XOa.pdf,0
pdf?id=vf2GHcxzMV.pdf,0
pdf?id=gMHLQASj11.pdf,0
pdf?id=DYuPwwDy9n.pdf,0
pdf?id=NFM8F5cV0V.pdf,0
pdf?id=5SqbLPaBww.pdf,0
pdf?id=yGOytgjurF.pdf,0
pdf?id=NsPilIfypy.pdf,0
pdf?id=Ch22ry5Axg.pdf,0
pdf?id=TjQP5hc3WC.pdf,0
pdf?id=W8TB5rmbk1.pdf,0
pdf?id=ztgYn0Uk94.pdf,Error
pdf?id=se37NUHCd4.pdf,0
pdf?id=zKoeRtye8o.pdf,0
pdf?id=Rdz6ESQYkK.pdf,0
pdf?id=J5XXBS6wPz.pdf,0
pdf?id=gX9jCe0jI5.pdf,0
pdf?id=4t8dYmu5vG.pdf,0
pdf?id=B9P4mozXYO.pdf,0
pdf?id=OFSAgrid1R.pdf,0
pdf?id=7pEVq8yN3U.pdf,0
pdf?id=vTJFQu5YXz.pdf,0
pdf?id=t0PtZOlo3y.pdf,0
pdf?id=5wdssRcI2Z.pdf,0
pdf?id=IMamKWkS1s.pdf,0
pdf?id=ymmY3rrD1t.pdf,0
pdf?id=fnkkY7UGRl.pdf,0
pdf?id=QvV8oF08HA.pdf,0
pdf?id=zYEZ5KqtDO.pdf,0
pdf?id=RxWILaXuhb.pdf,0
pdf?id=UlkcH5Ccrk.pdf,0
pdf?id=qaHrpITIvB.pdf,0
pdf?id=qr5uMEs6iR.pdf,0
pdf?id=V8sDJ1oMEy.pdf,0
pdf?id=0KnZasL9nA.pdf,0
pdf?id=pXXKKBx8G0.pdf,0
pdf?id=Mr5Pyb3MLk.pdf,0
pdf?id=ZZ09oX2Xpo.pdf,0
pdf?id=quY3zRPalR.pdf,0
pdf?id=7cPDOBWTbM.pdf,0
pdf?id=KR6tnkb6h4.pdf,0
pdf?id=YXSKYFZweV.pdf,0
pdf?id=c6CAVKlKmU.pdf,0
pdf?id=DOb47fj0cl.pdf,0
pdf?id=WgrVccLRzG.pdf,0
pdf?id=LCZmI3iM8X.pdf,0
pdf?id=kke9TwtKi0.pdf,0
pdf?id=2TKEGTfQBd.pdf,0
pdf?id=ifGwVxiigF.pdf,0
pdf?id=sORaSF9Uxo.pdf,0
pdf?id=2h8bFmEQwh.pdf,0
pdf?id=SELYlDHZk2.pdf,0
pdf?id=cIYguQc97T.pdf,0
pdf?id=iBFfb6bGOz.pdf,0
pdf?id=uEFC25uUwU.pdf,0
pdf?id=twSE0WA1vh.pdf,0
pdf?id=ib0aV2hphN.pdf,0
pdf?id=CQBiYvXLgz.pdf,0
pdf?id=9fUr5iFU9j.pdf,0
pdf?id=hwRVeHkLvO.pdf,0
pdf?id=6Mah2bx7ZI.pdf,0
pdf?id=kXdW2KySK5.pdf,0
pdf?id=aAhhMr0TX9.pdf,0
pdf?id=jAoqtT58G4.pdf,0
pdf?id=Bsska2ayiy.pdf,0
pdf?id=KhavyzO9kK.pdf,0
pdf?id=MuhYHqLDZT.pdf,0
pdf?id=tPI9Sw04sZ.pdf,0
pdf?id=Wm5cizmdcm.pdf,0
pdf?id=bNTezDPlFH.pdf,0
pdf?id=hHn8xGTRKO.pdf,0
pdf?id=HIV6t8BAZY.pdf,0
pdf?id=btJUnAPQ7j.pdf,0
pdf?id=CwXyUdqFqW.pdf,0
pdf?id=vyxhmosU6E.pdf,0
pdf?id=XResNG9opT.pdf,0
pdf?id=VGB2TV0QUE.pdf,0
pdf?id=yB5L6ryIkb.pdf,0
pdf?id=by8N8HCqAG.pdf,0
pdf?id=GGj0QFSo5m.pdf,0
pdf?id=NfBrMDF0Xi.pdf,0
pdf?id=5QneXT1qoc.pdf,0
pdf?id=10s01YrlKp.pdf,0
pdf?id=moiVS9AY0q.pdf,0
pdf?id=kp9B9iQDIt.pdf,0
pdf?id=oaWpRaZ4jj.pdf,0
pdf?id=d6RH6W6cul.pdf,0
pdf?id=wCbOKbZ7kf.pdf,0
pdf?id=6AbM9UG4aD.pdf,0
pdf?id=tq9lyV9Cml.pdf,0
pdf?id=FoVF3iL6o3.pdf,0
pdf?id=juROy8NYRD.pdf,0
pdf?id=95plu1Mo20.pdf,0
pdf?id=D7zMB5uEHw.pdf,0
pdf?id=RPp15Rha6J.pdf,0
pdf?id=Qg4wmZSkWI.pdf,0
pdf?id=HnJ1UkuJXS.pdf,0
pdf?id=AtSukKLcLM.pdf,0
pdf?id=h3LlJ6Bh4S.pdf,0
pdf?id=5iAtDpkSZQ.pdf,0
pdf?id=KfZm1bkS8C.pdf,0
pdf?id=HFcQGutJJn.pdf,0
pdf?id=rMQvbxxmLe.pdf,0
pdf?id=0pbUfmwNTy.pdf,0
pdf?id=t3NzYXXICp.pdf,0
pdf?id=wKU3wPQYLW.pdf,0
pdf?id=rYv42fDKQi.pdf,0
pdf?id=9xto7V7oqi.pdf,0
pdf?id=B3iPTZh7Za.pdf,0
pdf?id=rtG7n93Ru8.pdf,0
pdf?id=t3CfT2y2Ag.pdf,0
pdf?id=rGMaZkn1ve.pdf,0
pdf?id=PNU2mPauvd.pdf,0
pdf?id=i9zoexiRFA.pdf,0
pdf?id=TyW1V1KukG.pdf,0
pdf?id=kL2pnzClyD.pdf,0
pdf?id=pdE9onSn2h.pdf,0
pdf?id=yqBIKzTFT8.pdf,0
pdf?id=EKGJl7IHRw.pdf,0
pdf?id=x6pqrvXgfY.pdf,0
pdf?id=WQb0YrFl3H.pdf,0
pdf?id=wmweEDugTZ.pdf,0
pdf?id=hVFtXE19Me.pdf,0
pdf?id=7dBPm5c5ue.pdf,0
pdf?id=RlqYCpTu1P.pdf,0
pdf?id=p37Kd7EQhy.pdf,0
pdf?id=QIXdI207nq.pdf,0
pdf?id=vBtfIafffU.pdf,0
pdf?id=Y5wMoIbdDs.pdf,0
pdf?id=tXqLxHlb8Z.pdf,0
pdf?id=eCElREEUsr.pdf,0
pdf?id=OFz4VDn0SO.pdf,0
pdf?id=yFasd68NyI.pdf,0
pdf?id=2aIoEG2Hwz.pdf,0
pdf?id=2w64oCNRFV.pdf,0
pdf?id=fCCzufIJHu.pdf,0
pdf?id=Gt8iKyg12u.pdf,0
pdf?id=A0M3apV5zI.pdf,0
pdf?id=qtPe7altLq.pdf,0
pdf?id=0kAfwgpeug.pdf,0
pdf?id=dEi1S731lk.pdf,0
pdf?id=bt2vhIphJ0.pdf,0
pdf?id=MGvhGFCFNK.pdf,0
pdf?id=HnYk0mMEIt.pdf,0
pdf?id=49EjZytlus.pdf,0
pdf?id=T9qNDtvAJX.pdf,0
pdf?id=NY3LzmUXl7.pdf,0
pdf?id=0BVrpXMr5Y.pdf,0
pdf?id=pNwiFucAtA.pdf,0
pdf?id=y4AXO2pFAh.pdf,0
pdf?id=FVtu7yC7fY.pdf,0
pdf?id=cf4etwjY7n.pdf,0
pdf?id=gBgvuTd9Hx.pdf,0
pdf?id=1C4mXyh31p.pdf,0
pdf?id=bP5cU0OYSn.pdf,0
pdf?id=ZBSkyMwdEB.pdf,0
pdf?id=Zfk5IoAtP0.pdf,0
pdf?id=MDWJlTWZHH.pdf,0
pdf?id=gKsG5qR3Bt.pdf,0
pdf?id=cWn3RXJQ7G.pdf,0
pdf?id=AqHlcF0zK6.pdf,0
pdf?id=bA02DmQN5d.pdf,0
pdf?id=BqFXm4HO9p.pdf,0
pdf?id=zhgfM0dJ3F.pdf,0
pdf?id=swwAPbtU07.pdf,0
pdf?id=49ueGcxA8W.pdf,0
pdf?id=626icWM1xd.pdf,0
pdf?id=v7UqniC9pF.pdf,0
pdf?id=WcUo7Z2Jnh.pdf,0
pdf?id=E7knuYAvpt.pdf,0
pdf?id=GaL0ja9ygG.pdf,0
pdf?id=WF9AyBTIjw.pdf,0
pdf?id=xlQ4QUB9VC.pdf,0
pdf?id=ewP2Gx85wb.pdf,0
pdf?id=Hs3FrjwyVZ.pdf,0
pdf?id=IfD2MKTmWv.pdf,0
pdf?id=3p06mDUV5O.pdf,0
pdf?id=jAlvha5M8v.pdf,0
pdf?id=M6zQNbCaLl.pdf,0
pdf?id=WlVBCT5pbB.pdf,0
pdf?id=Swik6KVV4u.pdf,0
pdf?id=YVOCwQF9k2.pdf,0
pdf?id=YB9VGCClv9.pdf,0
pdf?id=9GzyCtlngK.pdf,0
pdf?id=ImpizBSKcu.pdf,0
pdf?id=ZAKpELpclI.pdf,0
pdf?id=2oRz0NNOQQ.pdf,0
pdf?id=L3UfIfNxb7.pdf,0
pdf?id=EBwfFrw5VA.pdf,0
pdf?id=Vvb27TQzO9.pdf,0
pdf?id=iM8154lJCx.pdf,0
pdf?id=x5KUOlYKQr.pdf,0
pdf?id=tJZKaDSSTX.pdf,0
pdf?id=5GoxWETVvV.pdf,0
pdf?id=7AwFJzgIUW.pdf,0
pdf?id=7Z25QbOv4a.pdf,0
pdf?id=ARJpQtLXfe.pdf,0
pdf?id=kWGJa9ZO3M.pdf,0
pdf?id=k8WbT6f36p.pdf,0
pdf?id=lUHwUuQGdV.pdf,0
pdf?id=WYnvP3DePZ.pdf,0
pdf?id=XP3v1THxsq.pdf,0
pdf?id=lG82mcrKJf.pdf,0
pdf?id=6r2acwubHf.pdf,0
pdf?id=CkmLys7ipp.pdf,0
pdf?id=R6m6bNnmWm.pdf,0
pdf?id=kgmyjyDFrx.pdf,0
pdf?id=kxiw0Mnt1y.pdf,0
pdf?id=ajBIcOBcKV.pdf,0
pdf?id=F8K6emqT6G.pdf,0
pdf?id=vHaShO76T8.pdf,0
pdf?id=NM8Apk61NA.pdf,0
pdf?id=67xkPEM3bZ.pdf,0
pdf?id=iO2wfcFfHK.pdf,0
pdf?id=b7waOsMnq8.pdf,0
pdf?id=E6gwPtWjb1.pdf,0
pdf?id=WAFD6VYIEa.pdf,0
pdf?id=3Swbyx5E7U.pdf,0
pdf?id=zl4FR39Ibh.pdf,0
pdf?id=soYT1bfsPj.pdf,0
pdf?id=3ln8F2nOuA.pdf,0
pdf?id=Qo5N2wXrY7.pdf,0
pdf?id=71jdC8ti5h.pdf,0
pdf?id=Aj3wL41C7p.pdf,1
pdf?id=pzHuesCvcO.pdf,0
pdf?id=cWEssTIwG5.pdf,0
pdf?id=2X0Fy0jqPa.pdf,0
pdf?id=1YCb07JMyl.pdf,0
pdf?id=wVxIBvUAlj.pdf,0
pdf?id=UPHlqbZFZB.pdf,0
pdf?id=0VDmWjW456.pdf,0
pdf?id=ToMjBgXwhw.pdf,0
pdf?id=2NLHoWE0eS.pdf,0
pdf?id=SkZUo6Xg61.pdf,0
pdf?id=HF5A73jmxq.pdf,0
pdf?id=isAYKdLwtB.pdf,0
pdf?id=0RF80tUWuv.pdf,0
pdf?id=YVZbaVikBp.pdf,0
pdf?id=4HZaFk9O4r.pdf,0
pdf?id=0T9lN3m3pc.pdf,0
pdf?id=wW2qRfhT9d.pdf,0
pdf?id=oHB4Ee77uG.pdf,0
pdf?id=NgLFQTBPRR.pdf,0
pdf?id=vvD0Bre3Dk.pdf,0
pdf?id=YEakcHa98a.pdf,0
pdf?id=BJ3z1hYuKx.pdf,0
pdf?id=po0eyoYFUa.pdf,0
pdf?id=HL1j92hb6z.pdf,0
pdf?id=efrFbKYobs.pdf,0
pdf?id=6l3llg5ZeO.pdf,0
pdf?id=Tf9eoTIIjh.pdf,0
pdf?id=1nL84tQNnK.pdf,0
pdf?id=L0xZPXT3le.pdf,0
pdf?id=t7NLyOtPEi.pdf,0
pdf?id=MykdD1wZDV.pdf,0
pdf?id=aZooxbW63m.pdf,0
pdf?id=Ix4or1zPZw.pdf,0
pdf?id=aAW7ibNYOT.pdf,0
pdf?id=FiZ7gadynD.pdf,0
pdf?id=9c8J2C7ajq.pdf,0
pdf?id=xgmMdTTzjj.pdf,0
pdf?id=aUXiqhLh0S.pdf,0
pdf?id=Kq08RIeXxI.pdf,0
pdf?id=zIbNGkaYij.pdf,0
pdf?id=2hzyfArJi6.pdf,0
pdf?id=l8QMnn6wfb.pdf,0
pdf?id=TNZse5q2Tr.pdf,0
pdf?id=QQqDBRRslp.pdf,0
pdf?id=Vws7eXQXsa.pdf,0
pdf?id=oAgwvZay2U.pdf,0
pdf?id=DALpFQM3rE.pdf,0
pdf?id=tmtUA2X57D.pdf,0
pdf?id=BGwZsFLJFU.pdf,0
pdf?id=DwXX8c7xst.pdf,0
pdf?id=3jjeQNeCsl.pdf,0
pdf?id=XF4JM2MTSF.pdf,0
pdf?id=x46uZ1HarC.pdf,0
pdf?id=N9sJRKzVK7.pdf,0
pdf?id=te2RsWcyQp.pdf,0
pdf?id=WyQ20adbUb.pdf,0
pdf?id=BOiQ7Kd5Lx.pdf,0
pdf?id=Zb0FzAjWN4.pdf,0
pdf?id=BDZpNjIC1y.pdf,0
pdf?id=ZKYxfU8de7.pdf,0
pdf?id=Y4ZMHNhrPT.pdf,0
pdf?id=D2XdJf1tXW.pdf,0
pdf?id=y0wDflmpLk.pdf,0
pdf?id=RespmwOoCH.pdf,0
pdf?id=BAscADMoQc.pdf,0
pdf?id=y9LHDCKeeN.pdf,0
pdf?id=bxELEjg3VE.pdf,0
pdf?id=LCFYj0R2rH.pdf,0
pdf?id=weU95NZePs.pdf,0
pdf?id=OGxalNUHbJ.pdf,0
pdf?id=2zZzdAMyYi.pdf,0
pdf?id=D6w7wIN360.pdf,0
pdf?id=cx50h8q0pG.pdf,0
pdf?id=2xeYuWd7WZ.pdf,0
pdf?id=IjqTJELKU1.pdf,0
pdf?id=stUD2uNafM.pdf,0
pdf?id=7FhWZFoVem.pdf,0
pdf?id=quJdphBcdP.pdf,0
pdf?id=Ly2wXKIByI.pdf,0
pdf?id=T4qJuQCFAK.pdf,0
pdf?id=x5lITYXmW2.pdf,0
pdf?id=8WKOk4U9R4.pdf,0
pdf?id=C2fJE8t0lH.pdf,0
pdf?id=hYovE4nHTt.pdf,0
pdf?id=W9Y0jtf45v.pdf,0
pdf?id=gggvYyiYam.pdf,0
pdf?id=rMdf8jhLR7.pdf,0
pdf?id=R24ZqNwoDz.pdf,0
pdf?id=r4dzaP61QH.pdf,0
pdf?id=goNuX2kQzd.pdf,0
pdf?id=vzcVDwLtwA.pdf,0
pdf?id=wFXvD83mhb.pdf,0
pdf?id=qGYim5iYYG.pdf,0
pdf?id=yPDNQvuyYM.pdf,0
pdf?id=KXfIoUMlzA.pdf,0
pdf?id=cYO7k2fA8v.pdf,0
pdf?id=0jQUNQsZra.pdf,0
pdf?id=MNSiBGNAvx.pdf,0
pdf?id=oVLNtTT2l4.pdf,0
pdf?id=yruGxKsZyH.pdf,0
pdf?id=H8fscnm6Xx.pdf,0
pdf?id=6h9Q6MMqen.pdf,0
pdf?id=xE09wJcjvc.pdf,0
pdf?id=XDtwXau0BX.pdf,0
pdf?id=y5Diyh9XEQ.pdf,0
pdf?id=WDAKFpWftI.pdf,0
pdf?id=LjtgTpWH71.pdf,0
pdf?id=M6gpmbPFty.pdf,0
pdf?id=it0kkaFFpK.pdf,0
pdf?id=VV1HfpDCF1.pdf,0
pdf?id=QH2xGLgObM.pdf,0
pdf?id=Uon41HfqR3.pdf,0
pdf?id=YHU7ZGomO1.pdf,0
pdf?id=zQqDqfja4Y.pdf,0
pdf?id=M4Laq0Y5WG.pdf,0
pdf?id=uhFx1RGD1g.pdf,0
pdf?id=qDJAqZ655g.pdf,0
pdf?id=bFlE9AyEJY.pdf,0
pdf?id=yNej0aGtAZ.pdf,0
pdf?id=Ew8bJkSt3g.pdf,0
pdf?id=yrNw1R8o2W.pdf,0
pdf?id=BEYzDKMEhX.pdf,0
pdf?id=vbFZlM7nRK.pdf,0
pdf?id=btZm6DUaDO.pdf,0
pdf?id=aGB48BEN6N.pdf,0
pdf?id=4frj038M6W.pdf,0
pdf?id=j38Cb5LlaY.pdf,0
pdf?id=tdwRIP6NG2.pdf,0
pdf?id=KoVKLxn3Nb.pdf,0
pdf?id=Y1UVWWWGKB.pdf,0
pdf?id=4WQ5Qgpl2F.pdf,0
pdf?id=kGMRb4jbTP.pdf,0
pdf?id=Rtd6GoJcoT.pdf,0
pdf?id=Tjw0ACu3NL.pdf,0
pdf?id=aPBBkHDK4W.pdf,0
pdf?id=24tuzE5KZc.pdf,0
pdf?id=0THi1tG1HY.pdf,0
pdf?id=FiM0M8gcct.pdf,0
pdf?id=MZoOpD9NHV.pdf,0
pdf?id=FLdLPUqnsP.pdf,0
pdf?id=GDdGGXF4Kg.pdf,0
pdf?id=RwfrdKSgCE.pdf,0
pdf?id=ruzMpz4rBC.pdf,0
pdf?id=u2Lgi4NIe7.pdf,0
pdf?id=pjTbFuv9ET.pdf,0
pdf?id=lEXyU72PpT.pdf,0
pdf?id=91H9CSvdwl.pdf,0
pdf?id=3cYcUmcDhU.pdf,0
pdf?id=FFA8ftmnjF.pdf,0
pdf?id=5iHDGJFf49.pdf,0
pdf?id=0vJJdEiXOb.pdf,0
pdf?id=4pUumnQxDG.pdf,0
pdf?id=b8j0Gbg4N3.pdf,0
pdf?id=1ktdvp1EYI.pdf,0
pdf?id=vu7C8peYqo.pdf,0
pdf?id=43v0RAyGrg.pdf,0
pdf?id=d6lIOnvOX2.pdf,0
pdf?id=t79rMQGk4S.pdf,0
pdf?id=xAKOn2IfsP.pdf,0
pdf?id=p93zLNCzKW.pdf,0
pdf?id=20JDhbJqn3.pdf,0
pdf?id=cWnZLIdeKn.pdf,0
pdf?id=LP4Q7tPMbs.pdf,0
pdf?id=eGpI9rz1Pw.pdf,0
pdf?id=S9E1nfYPwl.pdf,0
pdf?id=D0YNbanYfB.pdf,0
pdf?id=KL9yKasAcZ.pdf,0
pdf?id=R7HJj1YvJH.pdf,0
pdf?id=txmJldjJUw.pdf,0
pdf?id=tIW29IpCwG.pdf,0
pdf?id=05cVmYJJnb.pdf,0
pdf?id=pcG6NRJKu7.pdf,0
pdf?id=V75MK7uh67.pdf,0
pdf?id=HgLaVgCpCl.pdf,0
pdf?id=0rGJzKTqMs.pdf,0
pdf?id=tRXt10xKc5.pdf,0
pdf?id=fxERuSBpfQ.pdf,0
pdf?id=L8pbQy0SsG.pdf,0
pdf?id=eHRFb3DSZS.pdf,0
pdf?id=oeMK0Js4lq.pdf,0
pdf?id=REIo9ZLSYo.pdf,0
pdf?id=0Y7AxxNCYh.pdf,0
pdf?id=UspcIEkK0y.pdf,0
pdf?id=EYxLmZRSK1.pdf,0
pdf?id=2K9QsDaqkM.pdf,0
pdf?id=jSgCM0uZn3.pdf,0
pdf?id=4GyTBGBVsB.pdf,0
pdf?id=o8hWyJIgAV.pdf,0
pdf?id=3FBByWp6GL.pdf,0
pdf?id=g2XE40zTrj.pdf,0
pdf?id=padrqCRyCP.pdf,1
pdf?id=kz3w2A2y0e.pdf,0
pdf?id=bh56ijtRb9.pdf,0
pdf?id=VSir0FzFnP.pdf,0
pdf?id=TkEdQv0bXB.pdf,0
pdf?id=LPUr2CexmX.pdf,0
pdf?id=thJ6aFoKrh.pdf,0
pdf?id=hWtvsL51hO.pdf,0
pdf?id=yNVDkAjGjw.pdf,Error
pdf?id=1jDAYXfcS2.pdf,0
pdf?id=FWWZgavvBe.pdf,0
pdf?id=aPLc1nWWIU.pdf,0
pdf?id=5BS6gBb4yP.pdf,0
pdf?id=aq9Nc5NvNc.pdf,0
pdf?id=gPPPfwU4jj.pdf,0
pdf?id=CAB0EjD9EK.pdf,0
pdf?id=eJkkWbe18D.pdf,0
pdf?id=UGaAXvav8S.pdf,0
pdf?id=gyn4n8oC9B.pdf,0
pdf?id=IKxKs3rF9V.pdf,0
pdf?id=JzCjNJlSxI.pdf,0
pdf?id=yHJRI6rzaA.pdf,0
pdf?id=P9gY05BDkW.pdf,0
pdf?id=dSznm3mQTD.pdf,0
pdf?id=2FmTcj6WMB.pdf,0
pdf?id=KmI7Mbctul.pdf,0
pdf?id=yT8v2QFv5w.pdf,0
pdf?id=RwCaBZ4w5P.pdf,0
pdf?id=Ox3U97Svtl.pdf,0
pdf?id=2845H8Ua5D.pdf,0
pdf?id=sbPlIVIZN9.pdf,0
pdf?id=6RlbOEcOS4.pdf,0
pdf?id=xAHozxfuUW.pdf,0
pdf?id=px1OlCcqkj.pdf,0
pdf?id=YzriuQGaNX.pdf,0
pdf?id=NCslwlWjqB.pdf,0
pdf?id=zyopvwZbSj.pdf,0
pdf?id=YTbLri0siT.pdf,0
pdf?id=hqmdhrnzfp.pdf,0
pdf?id=nLWhcCs9Dp.pdf,0
pdf?id=ANl9HuwIMs.pdf,0
pdf?id=RKOgWtrWPe.pdf,0
pdf?id=9eIntNc69t.pdf,0
pdf?id=Nk61RqtN9y.pdf,0
pdf?id=pm4Bl3D6XF.pdf,0
pdf?id=5VmjFzoHG2.pdf,0
pdf?id=jR1lvwexLt.pdf,0
pdf?id=kN0YHWGDPH.pdf,0
pdf?id=nHkg4yc7SP.pdf,0
pdf?id=alrbY3gwNB.pdf,0
pdf?id=cvFFar8cAr.pdf,0
pdf?id=k4jg1QCw0e.pdf,0
pdf?id=0EcomthIKh.pdf,0
pdf?id=aYd4wSCle4.pdf,0
pdf?id=FfccSikDfZ.pdf,0
pdf?id=I3Ep3gQUaw.pdf,0
pdf?id=bTgxLGMGdF.pdf,0
pdf?id=KWNabnuuct.pdf,0
pdf?id=gXZlZAeqay.pdf,0
pdf?id=ne3nYEcGsf.pdf,0
pdf?id=jut5q3UYRz.pdf,0
pdf?id=bTclOYRfYJ.pdf,0
pdf?id=jHWCeU39Ft.pdf,0
pdf?id=jqDtzUQkmu.pdf,0
pdf?id=cE2yJsFwhw.pdf,0
pdf?id=KR2zKdlEJ2.pdf,0
pdf?id=GQHUET0V6f.pdf,0
pdf?id=cy6MGBwToV.pdf,0
pdf?id=vzgkhVS5EC.pdf,0
pdf?id=59TL8MpBzX.pdf,0
pdf?id=3CYXSMFv55.pdf,0
pdf?id=nirpTMWOzt.pdf,0
pdf?id=RX5tYZAaeF.pdf,0
pdf?id=7mTECPRtll.pdf,0
pdf?id=a9MfGUHjF8.pdf,0
pdf?id=Y38oEwTLTQ.pdf,0
pdf?id=elfvik1mkg.pdf,0
pdf?id=284GWLFtjU.pdf,0
pdf?id=A1u6BFAEGx.pdf,0
pdf?id=foy0BWzOFL.pdf,0
pdf?id=38Q0er5mtg.pdf,0
pdf?id=wYBP37ujg3.pdf,0
pdf?id=t77EZLjvd5.pdf,0
pdf?id=6BHDre6WQW.pdf,0
pdf?id=NNiwGUY50Y.pdf,0
pdf?id=MfhFiU28hv.pdf,0
pdf?id=dpvX74dPWl.pdf,0
pdf?id=37b23mxKH8.pdf,0
pdf?id=Pe1ypX9gBO.pdf,0
pdf?id=hb2DeWIkmE.pdf,0
pdf?id=ph1V6n7BSv.pdf,0
pdf?id=1LPPMAUlaT.pdf,0
pdf?id=OBaK9JSbHk.pdf,0
pdf?id=C2QMbkp7iq.pdf,0
pdf?id=r2GebY4MnU.pdf,0
pdf?id=YvypxK4kut.pdf,0
pdf?id=9jONuWKoLj.pdf,0
pdf?id=lYOOHqfM46.pdf,0
pdf?id=5WyqKH9nOS.pdf,0
pdf?id=wOSZVnYH5w.pdf,0
pdf?id=a8mYhA3Fz8.pdf,0
pdf?id=hNjSvgFTbp.pdf,0
pdf?id=VN5bMTfSZS.pdf,0
pdf?id=lGyXq0LOeQ.pdf,0
pdf?id=Tp6ds3Dfqo.pdf,0
pdf?id=4p28lkk44b.pdf,0
pdf?id=D88yhLFzDR.pdf,0
pdf?id=RkHUDvy9QR.pdf,0
pdf?id=k1nSnc6rhr.pdf,0
pdf?id=nsySOGmHf9.pdf,0
pdf?id=sJbA3xMx1B.pdf,0
pdf?id=qMRFNxioPC.pdf,0
pdf?id=QuG74VCsXF.pdf,0
pdf?id=dCWSVAbWXM.pdf,0
pdf?id=X2r9D46kvI.pdf,0
pdf?id=D2NR5Zq6PG.pdf,0
pdf?id=9QPlVgpiQ2.pdf,0
pdf?id=0Nq1GvAGR0.pdf,0
pdf?id=arXNS7T90z.pdf,0
pdf?id=pe92NSPLE8.pdf,0
pdf?id=4kT9Jn7LSB.pdf,0
pdf?id=KG7j1V0rzS.pdf,0
pdf?id=kMIhNcIZGb.pdf,0
pdf?id=bdGsKis3Ew.pdf,0
pdf?id=ATYKgiDqt5.pdf,0
pdf?id=lE2cD7C9fk.pdf,0
pdf?id=M226WElHp5.pdf,0
pdf?id=tyERwC5520.pdf,0
pdf?id=JnNJq81qDl.pdf,0
pdf?id=YyhRJXxbpi.pdf,0
pdf?id=F3DrgOZYc6.pdf,0
pdf?id=8x5OmcFtJV.pdf,0
pdf?id=e8pm93koQU.pdf,Error
pdf?id=n33JVwCz38.pdf,0
pdf?id=nsE0QN904q.pdf,0
pdf?id=STLolzI6q1.pdf,0
pdf?id=9FvWYqcNLa.pdf,0
pdf?id=YJok3mWB0q.pdf,0
pdf?id=yzv6kysYbw.pdf,0
pdf?id=Iytf59QZzl.pdf,0
pdf?id=uIQX0IA8nq.pdf,0
pdf?id=28qUA2bSe5.pdf,0
pdf?id=L84DdFuvwV.pdf,0
pdf?id=zhCv5uZ8bh.pdf,0
pdf?id=WqZKdj4cnl.pdf,0
pdf?id=QqCv9SI0X3.pdf,0
pdf?id=GS9o7u5njS.pdf,0
pdf?id=rKM3oqruN3.pdf,1
pdf?id=GNWAJcaUrV.pdf,0
pdf?id=cLbGkINOLP.pdf,0
pdf?id=tVpneDH5ov.pdf,0
pdf?id=JJ29N4MklH.pdf,0
pdf?id=QN0E0KX2LM.pdf,0
pdf?id=Dx1qQ9OAbb.pdf,0
pdf?id=Zrqn7ZshXG.pdf,0
pdf?id=9YNJ03jYsU.pdf,0
pdf?id=X6djSzDKps.pdf,0
pdf?id=to1VYVar9W.pdf,0
pdf?id=qhYp0kHjUS.pdf,0
pdf?id=ayjmOqf79t.pdf,0
pdf?id=NXkUWAxSEH.pdf,0
pdf?id=3iPmM7cLzx.pdf,0
pdf?id=X8x70g0SSw.pdf,0
pdf?id=FAeU7516MR.pdf,0
pdf?id=IMmYPJSTPe.pdf,0
pdf?id=wIM0y07NGX.pdf,0
pdf?id=q06YjUj0FB.pdf,0
pdf?id=nK5WovvHk2.pdf,0
pdf?id=zhMl4Smau7.pdf,0
pdf?id=j3pkYPmbot.pdf,0
pdf?id=LWuhOoHpo5.pdf,0
pdf?id=wOAasEVZ0L.pdf,0
pdf?id=HRBhNqkG03.pdf,0
pdf?id=cSuPEKNyAo.pdf,0
pdf?id=F7y7JMaTvj.pdf,0
pdf?id=gzYuvZg28E.pdf,0
pdf?id=ODCHMTXKHO.pdf,0
pdf?id=LkA1yLshF8.pdf,Error
pdf?id=H7e5RpeIi4.pdf,0
pdf?id=hqULlozHuH.pdf,0
pdf?id=fBNaGVMDD9.pdf,0
pdf?id=91l4ZTMpO4.pdf,0
pdf?id=IiEtQPGVyV.pdf,0
pdf?id=ay7WDSq0Kb.pdf,0
pdf?id=DfeHiyTz2W.pdf,0
pdf?id=EdP45Yxdc3.pdf,0
pdf?id=qeL8fi8GS7.pdf,0
pdf?id=R42O6v84cX.pdf,0
pdf?id=MuxBO5f8mL.pdf,0
pdf?id=geNdDlzKTG.pdf,0
pdf?id=83HlJrZigZ.pdf,0
pdf?id=wKG45sR1Jq.pdf,0
pdf?id=AWU93F6Bup.pdf,0
pdf?id=3901vVCfo3.pdf,0
pdf?id=1KTnLdrBR2.pdf,0
pdf?id=BKYFAutCDZ.pdf,0
pdf?id=NOUF43YrIL.pdf,0
pdf?id=w1Y7RZC3QT.pdf,0
pdf?id=EGYwfs4XhI.pdf,0
pdf?id=2w7nx3U07Q.pdf,0
pdf?id=vIaNnnQxcl.pdf,0
pdf?id=2hn4XhONIl.pdf,0
pdf?id=D9jXj7nceM.pdf,0
pdf?id=KQTp6ljvlo.pdf,0
pdf?id=uBEiZd2P0K.pdf,0
pdf?id=sye27MizdM.pdf,0
pdf?id=g2f0UoasGs.pdf,0
pdf?id=3vLp3J7540.pdf,0
pdf?id=tTwZhy8JqY.pdf,0
pdf?id=iCvueZ8KaN.pdf,0
pdf?id=BpAx3OuNOr.pdf,0
pdf?id=8ROJA0ty0V.pdf,0
pdf?id=og2rmyjHwY.pdf,0
pdf?id=Oupeovfx0L.pdf,0
pdf?id=U87XyMPrZp.pdf,0
pdf?id=To2fQWv0zP.pdf,0
pdf?id=G2uILEbcLF.pdf,0
pdf?id=GrPo8NTtzK.pdf,0
pdf?id=ugBmWX3H1R.pdf,0
pdf?id=wrFaF1gA6R.pdf,0
pdf?id=ysgt21bQAM.pdf,0
pdf?id=v7nDKBVRPy.pdf,0
pdf?id=cujJ9AXZO3.pdf,0
pdf?id=kND7h1kD53.pdf,0
pdf?id=Eufm2Jmjod.pdf,0
pdf?id=v771lscnlS.pdf,0
pdf?id=WkztaHpjt1.pdf,0
pdf?id=9tCJHfF6M4.pdf,0
pdf?id=JIpKkzSqly.pdf,0
pdf?id=MaglIUQKVX.pdf,0
pdf?id=UE0cxjNnIw.pdf,0
pdf?id=rEUbDhWaXh.pdf,0
pdf?id=mOWpnUPLQy.pdf,0
pdf?id=W0DDiJeZo6.pdf,0
pdf?id=0QNmAvQQqj.pdf,0
pdf?id=0dp90Bq8r8.pdf,0
pdf?id=LNWyf2RR1V.pdf,0
pdf?id=RDdfQc5Ts1.pdf,0
pdf?id=kaU1No4iiI.pdf,0
pdf?id=Qq9okO8fbB.pdf,0
pdf?id=KxcysQw6Ma.pdf,0
pdf?id=n4V3MSqK77.pdf,0
pdf?id=VcJTTVoysQ.pdf,0
pdf?id=VsZzTSyk5p.pdf,0
pdf?id=dg1npGNK0d.pdf,0
pdf?id=sAFottNlra.pdf,0
pdf?id=02qdHz1LU0.pdf,0
pdf?id=tXxsCbKdQv.pdf,0
pdf?id=gOUAak6f2P.pdf,0
pdf?id=MtyF5hCI7Y.pdf,0
pdf?id=gCvByDI4FN.pdf,0
pdf?id=upU88pUpzX.pdf,0
pdf?id=M2JU5WQ1Gw.pdf,0
pdf?id=OOQMahom6P.pdf,0
pdf?id=OKf5SSUhJF.pdf,0
pdf?id=I3V0NC9BQK.pdf,0
pdf?id=J4w4RtwLyB.pdf,0
pdf?id=k1fbdnwjCH.pdf,0
pdf?id=Ykg7dr6c1Y.pdf,0
pdf?id=N5vXT7AGuo.pdf,0
pdf?id=pKQcmLHoGG.pdf,0
pdf?id=XFzDI9CPUm.pdf,0
pdf?id=sm2e1SnMK4.pdf,0
pdf?id=PuljHhCYxX.pdf,0
pdf?id=OACw1Fqy6Y.pdf,0
pdf?id=v4e5Fb3mQL.pdf,0
pdf?id=KkONOZwvSU.pdf,0
pdf?id=Mt2UnV8jmB.pdf,0
pdf?id=wPdBe9zxNr.pdf,0
pdf?id=NFuoxl5CCc.pdf,0
pdf?id=o0JSYq1TQ4.pdf,0
pdf?id=QJtanJS4T9.pdf,0
pdf?id=QhKnVxk96T.pdf,0
pdf?id=BneVLr7iis.pdf,0
pdf?id=dEJ3ztpdbc.pdf,0
pdf?id=EKx21Vonwo.pdf,0
pdf?id=BNWR4JOmdT.pdf,0
pdf?id=jFaFCc5978.pdf,0
pdf?id=Gp2vgxWROE.pdf,0
pdf?id=jmnt0F21K7.pdf,0
pdf?id=gzQYPO0d7b.pdf,0
pdf?id=B6bE2GC71a.pdf,0
pdf?id=cGmcHJEFnY.pdf,0
pdf?id=guZBnsKPsw.pdf,0
pdf?id=yrrU5YChQr.pdf,0
pdf?id=oDA6t2RaFC.pdf,0
pdf?id=l2YPV99mnB.pdf,0
pdf?id=KwHsZJatB8.pdf,0
pdf?id=F7BpMMN01x.pdf,0
pdf?id=KIximJjqjV.pdf,0
pdf?id=yOs12gdsaL.pdf,0
pdf?id=wk5B5W5OHo.pdf,0
pdf?id=vYgkWtq6F1.pdf,0
pdf?id=U7gu9x1xzx.pdf,0
pdf?id=zPKeJAEo27.pdf,0
pdf?id=Fnq0M3KEUO.pdf,0
pdf?id=SP1zrF3Znk.pdf,0
pdf?id=FthMPOhgfp.pdf,0
pdf?id=96I0XnrjkQ.pdf,0
pdf?id=ig4gfspaOq.pdf,0
pdf?id=QudbVyFaTu.pdf,0
pdf?id=r029oluPS7.pdf,0
pdf?id=x0i7wvRLHK.pdf,0
pdf?id=Lz5BUjArK4.pdf,0
pdf?id=koEALFNBj1.pdf,0
pdf?id=lC4WKmTScD.pdf,0
pdf?id=rc3XO4RARL.pdf,0
pdf?id=A7WfzMiffv.pdf,0
pdf?id=Zb3QO7HLIj.pdf,0
pdf?id=VkicTqszOn.pdf,0
pdf?id=UBsYf2lyNE.pdf,0
pdf?id=IJryQAOy0p.pdf,0
pdf?id=b6ASJBXtgP.pdf,0
pdf?id=jTaxGFy34h.pdf,0
pdf?id=1DgSkx8L63.pdf,0
pdf?id=vXGySQIPyL.pdf,0
pdf?id=5eZ0iykpDU.pdf,0
pdf?id=1UL4dxvfcJ.pdf,0
pdf?id=OzdAnGHEPx.pdf,0
pdf?id=F9SSJLg55j.pdf,0
pdf?id=S9Y89poypx.pdf,0
pdf?id=qcdoHkkHcb.pdf,0
pdf?id=3XuUnUEI7e.pdf,0
pdf?id=Xez853WUqf.pdf,0
pdf?id=STMB6q9pYZ.pdf,0
pdf?id=sNTqqdPVSv.pdf,0
pdf?id=VRwcEVRcC9.pdf,0
pdf?id=kVz9uvqUna.pdf,0
pdf?id=7AMriz7I3K.pdf,Error
pdf?id=JxBA9OJExP.pdf,0
pdf?id=fEg31YjLct.pdf,0
pdf?id=r8UWp9JeJi.pdf,0
pdf?id=WabVVQKTUF.pdf,0
pdf?id=wy2FwyNYro.pdf,0
pdf?id=e5QEGDVsqn.pdf,0
pdf?id=IjDlvzBSVp.pdf,0
pdf?id=pzAeKALSfX.pdf,0
pdf?id=yv7zKaptjo.pdf,0
