,title,conference,year,paper_url
0,kh: Symmetry Understanding of 3D Shapes via Chirality Disentanglement,iccv,2025,https://openaccess.thecvf.com/content/ICCV2025/papers/Wang_kh_Symmetry_Understanding_of_3D_Shapes_via_Chirality_Disentanglement_ICCV_2025_paper.pdf
1,Efficient Adaptation of Pre-trained Vision Transformer underpinned by Approximately Orthogonal Fine-Tuning Strategy,iccv,2025,https://openaccess.thecvf.com/content/ICCV2025/papers/Yang_Efficient_Adaptation_of_Pre-trained_Vision_Transformer_underpinned_by_Approximately_Orthogonal_ICCV_2025_paper.pdf
2,MM-IFEngine: Towards Multimodal Instruction Following,iccv,2025,https://openaccess.thecvf.com/content/ICCV2025/papers/Ding_MM-IFEngine_Towards_Multimodal_Instruction_Following_ICCV_2025_paper.pdf
3,Who is a Better Talker: Subjective and Objective Quality Assessment for AI-Generated Talking Heads,iccv,2025,https://openaccess.thecvf.com/content/ICCV2025/papers/Zhou_Who_is_a_Better_Talker_Subjective_and_Objective_Quality_Assessment_ICCV_2025_paper.pdf
4,LayerAnimate: Layer-level Control for Animation,iccv,2025,https://openaccess.thecvf.com/content/ICCV2025/papers/Yang_LayerAnimate_Layer-level_Control_for_Animation_ICCV_2025_paper.pdf
5,Towards a Unified Copernicus Foundation Model for Earth Vision,iccv,2025,https://openaccess.thecvf.com/content/ICCV2025/papers/Wang_Towards_a_Unified_Copernicus_Foundation_Model_for_Earth_Vision_ICCV_2025_paper.pdf
6,"ROADWork: A Dataset and Benchmark for Learning to Recognize, Observe, Analyze and Drive Through Work Zones",iccv,2025,https://openaccess.thecvf.com/content/ICCV2025/papers/Ghosh_ROADWork_A_Dataset_and_Benchmark_for_Learning_to_Recognize_Observe_ICCV_2025_paper.pdf
7,Gradient Decomposition and Alignment for Incremental Object Detection,iccv,2025,https://openaccess.thecvf.com/content/ICCV2025/papers/Luo_Gradient_Decomposition_and_Alignment_for_Incremental_Object_Detection_ICCV_2025_paper.pdf
8,One Polyp Identifies All: One-Shot Polyp Segmentation with SAM via Cascaded Priors and Iterative Prompt Evolution,iccv,2025,https://openaccess.thecvf.com/content/ICCV2025/papers/Mao_One_Polyp_Identifies_All_One-Shot_Polyp_Segmentation_with_SAM_via_ICCV_2025_paper.pdf
9,Gradient Extrapolation for Debiased Representation Learning,iccv,2025,https://openaccess.thecvf.com/content/ICCV2025/papers/Asaad_Gradient_Extrapolation_for_Debiased_Representation_Learning_ICCV_2025_paper.pdf
10,From Gaze to Movement: Predicting Visual Attention for Autonomous Driving Human-Machine Interaction based on Programmatic Imitation Learning,iccv,2025,https://openaccess.thecvf.com/content/ICCV2025/papers/Huang_From_Gaze_to_Movement_Predicting_Visual_Attention_for_Autonomous_Driving_ICCV_2025_paper.pdf
11,Less-to-More Generalization: Unlocking More Controllability by In-Context Generation,iccv,2025,https://openaccess.thecvf.com/content/ICCV2025/papers/Wu_Less-to-More_Generalization_Unlocking_More_Controllability_by_In-Context_Generation_ICCV_2025_paper.pdf
12,Improving Large Vision and Language Models by Learning from a Panel of Peers,iccv,2025,https://openaccess.thecvf.com/content/ICCV2025/papers/Hernandez_Improving_Large_Vision_and_Language_Models_by_Learning_from_a_ICCV_2025_paper.pdf
13,Federated Representation Angle Learning,iccv,2025,https://openaccess.thecvf.com/content/ICCV2025/papers/Yi_Federated_Representation_Angle_Learning_ICCV_2025_paper.pdf
14,Why LVLMs Are More Prone to Hallucinations in Longer Responses: The Role of Context,iccv,2025,https://openaccess.thecvf.com/content/ICCV2025/papers/Zheng_Why_LVLMs_Are_More_Prone_to_Hallucinations_in_Longer_Responses_ICCV_2025_paper.pdf
15,Training-Free Personalization via Retrieval and Reasoning on Fingerprints,iccv,2025,https://openaccess.thecvf.com/content/ICCV2025/papers/Das_Training-Free_Personalization_via_Retrieval_and_Reasoning_on_Fingerprints_ICCV_2025_paper.pdf
16,How Far are AI-generated Videos from Simulating the 3D Visual World: A Learned 3D Evaluation Approach,iccv,2025,https://openaccess.thecvf.com/content/ICCV2025/papers/Chang_How_Far_are_AI-generated_Videos_from_Simulating_the_3D_Visual_ICCV_2025_paper.pdf
17,Rethinking Detecting Salient and Camouflaged Objects in Unconstrained Scenes,iccv,2025,https://openaccess.thecvf.com/content/ICCV2025/papers/Zhou_Rethinking_Detecting_Salient_and_Camouflaged_Objects_in_Unconstrained_Scenes_ICCV_2025_paper.pdf
18,OccluGaussian: Occlusion-Aware Gaussian Splatting for Large Scene Reconstruction and Rendering,iccv,2025,https://openaccess.thecvf.com/content/ICCV2025/papers/Liu_OccluGaussian_Occlusion-Aware_Gaussian_Splatting_for_Large_Scene_Reconstruction_and_Rendering_ICCV_2025_paper.pdf
19,VisionMath: Vision-Form Mathematical Problem-Solving,iccv,2025,https://openaccess.thecvf.com/content/ICCV2025/papers/Ma_VisionMath_Vision-Form_Mathematical_Problem-Solving_ICCV_2025_paper.pdf
20,Unsupervised RGB-D Point Cloud Registration for Scenes with Low Overlap and Photometric Inconsistency,iccv,2025,https://openaccess.thecvf.com/content/ICCV2025/papers/Shou_Unsupervised_RGB-D_Point_Cloud_Registration_for_Scenes_with_Low_Overlap_ICCV_2025_paper.pdf
21,CWNet: Causal Wavelet Network for Low-Light Image Enhancement,iccv,2025,https://openaccess.thecvf.com/content/ICCV2025/papers/Zhang_CWNet_Causal_Wavelet_Network_for_Low-Light_Image_Enhancement_ICCV_2025_paper.pdf
22,Demeter: A Parametric Model of Crop Plant Morphology from the Real World,iccv,2025,https://openaccess.thecvf.com/content/ICCV2025/papers/Cheng_Demeter_A_Parametric_Model_of_Crop_Plant_Morphology_from_the_ICCV_2025_paper.pdf
23,VideoLLaMB: Long Streaming Video Understanding with Recurrent Memory Bridges,iccv,2025,https://openaccess.thecvf.com/content/ICCV2025/papers/Wang_VideoLLaMB_Long_Streaming_Video_Understanding_with_Recurrent_Memory_Bridges_ICCV_2025_paper.pdf
24,Automated Red Teaming for Text-to-Image Models through Feedback-Guided Prompt Iteration with Vision-Language Models,iccv,2025,https://openaccess.thecvf.com/content/ICCV2025/papers/Xu_Automated_Red_Teaming_for_Text-to-Image_Models_through_Feedback-Guided_Prompt_Iteration_ICCV_2025_paper.pdf
25,CoA-VLA: Improving Vision-Language-Action Models via Visual-Text Chain-of-Affordance,iccv,2025,https://openaccess.thecvf.com/content/ICCV2025/papers/Li_CoA-VLA_Improving_Vision-Language-Action_Models_via_Visual-Text_Chain-of-Affordance_ICCV_2025_paper.pdf
26,HiERO: Understanding the Hierarchy of Human Behavior Enhances Reasoning on Egocentric Videos,iccv,2025,https://openaccess.thecvf.com/content/ICCV2025/papers/Peirone_HiERO_Understanding_the_Hierarchy_of_Human_Behavior_Enhances_Reasoning_on_ICCV_2025_paper.pdf
27,FVGen: Accelerating Novel-View Synthesis with Adversarial Video Diffusion Distillation,iccv,2025,https://openaccess.thecvf.com/content/ICCV2025/papers/Teng_FVGen_Accelerating_Novel-View_Synthesis_with_Adversarial_Video_Diffusion_Distillation_ICCV_2025_paper.pdf
28,ZFusion: Efficient Deep Compositional Zero-shot Learning for Blind Image Super-Resolution with Generative Diffusion Prior,iccv,2025,https://openaccess.thecvf.com/content/ICCV2025/papers/Esmaeilzehi_ZFusion_Efficient_Deep_Compositional_Zero-shot_Learning_for_Blind_Image_Super-Resolution_ICCV_2025_paper.pdf
29,Doodle Your Keypoints: Sketch-Based Few-Shot Keypoint Detection,iccv,2025,https://openaccess.thecvf.com/content/ICCV2025/papers/Maity_Doodle_Your_Keypoints_Sketch-Based_Few-Shot_Keypoint_Detection_ICCV_2025_paper.pdf
30,Open-Vocabulary Octree-Graph for 3D Scene Understanding,iccv,2025,https://openaccess.thecvf.com/content/ICCV2025/papers/Wang_Open-Vocabulary_Octree-Graph_for_3D_Scene_Understanding_ICCV_2025_paper.pdf
31,FlexGen: Flexible Multi-View Generation from Text and Image Inputs,iccv,2025,https://openaccess.thecvf.com/content/ICCV2025/papers/Xu_FlexGen_Flexible_Multi-View_Generation_from_Text_and_Image_Inputs_ICCV_2025_paper.pdf
32,SummDiff: Generative Modeling of Video Summarization with Diffusion,iccv,2025,https://openaccess.thecvf.com/content/ICCV2025/papers/Kim_SummDiff_Generative_Modeling_of_Video_Summarization_with_Diffusion_ICCV_2025_paper.pdf
33,FlowDPS : Flow-Driven Posterior Sampling for Inverse Problems,iccv,2025,https://openaccess.thecvf.com/content/ICCV2025/papers/Kim_FlowDPS__Flow-Driven_Posterior_Sampling_for_Inverse_Problems_ICCV_2025_paper.pdf
34,Head2Body: Body Pose Generation from Multi-sensory Head-mounted Inputs,iccv,2025,https://openaccess.thecvf.com/content/ICCV2025/papers/Tran_Head2Body_Body_Pose_Generation_from_Multi-sensory_Head-mounted_Inputs_ICCV_2025_paper.pdf
35,Closed-Loop Transfer for Weakly-supervised Affordance Grounding,iccv,2025,https://openaccess.thecvf.com/content/ICCV2025/papers/Tang_Closed-Loop_Transfer_for_Weakly-supervised_Affordance_Grounding_ICCV_2025_paper.pdf
36,OminiControl: Minimal and Universal Control for Diffusion Transformer,iccv,2025,https://openaccess.thecvf.com/content/ICCV2025/papers/Tan_OminiControl_Minimal_and_Universal_Control_for_Diffusion_Transformer_ICCV_2025_paper.pdf
37,Zeroth-Order Fine-Tuning of LLMs in Random Subspaces,iccv,2025,https://openaccess.thecvf.com/content/ICCV2025/papers/Yu_Zeroth-Order_Fine-Tuning_of_LLMs_in_Random_Subspaces_ICCV_2025_paper.pdf
38,G2D: Boosting Multimodal Learning with Gradient-Guided Distillation,iccv,2025,https://openaccess.thecvf.com/content/ICCV2025/papers/Rakib_G2D_Boosting_Multimodal_Learning_with_Gradient-Guided_Distillation_ICCV_2025_paper.pdf
39,AIComposer: Any Style and Content Image Composition via Feature Integration,iccv,2025,https://openaccess.thecvf.com/content/ICCV2025/papers/Li_AIComposer_Any_Style_and_Content_Image_Composition_via_Feature_Integration_ICCV_2025_paper.pdf
40,PAN-Crafter: Learning Modality-Consistent Alignment for PAN-Sharpening,iccv,2025,https://openaccess.thecvf.com/content/ICCV2025/papers/Do_PAN-Crafter_Learning_Modality-Consistent_Alignment_for_PAN-Sharpening_ICCV_2025_paper.pdf
41,M2SFormer: Multi-Spectral and Multi-Scale Attention with Edge-Aware Difficulty Guidance for Image Forgery Localization,iccv,2025,https://openaccess.thecvf.com/content/ICCV2025/papers/Nam_M2SFormer_Multi-Spectral_and_Multi-Scale_Attention_with_Edge-Aware_Difficulty_Guidance_for_ICCV_2025_paper.pdf
42,Pinco: Position-induced Consistent Adapter for Diffusion Transformer in Foreground-conditioned Inpainting,iccv,2025,https://openaccess.thecvf.com/content/ICCV2025/papers/Lu_Pinco_Position-induced_Consistent_Adapter_for_Diffusion_Transformer_in_Foreground-conditioned_Inpainting_ICCV_2025_paper.pdf
43,ReconDreamer++: Harmonizing Generative and Reconstructive Models for Driving Scene Representation,iccv,2025,https://openaccess.thecvf.com/content/ICCV2025/papers/Zhao_ReconDreamer_Harmonizing_Generative_and_Reconstructive_Models_for_Driving_Scene_Representation_ICCV_2025_paper.pdf
44,SyncDiff: Synchronized Motion Diffusion for Multi-Body Human-Object Interaction Synthesis,iccv,2025,https://openaccess.thecvf.com/content/ICCV2025/papers/He_SyncDiff_Synchronized_Motion_Diffusion_for_Multi-Body_Human-Object_Interaction_Synthesis_ICCV_2025_paper.pdf
45,Rethinking Few Shot CLIP Benchmarks: A Critical Analysis in the Inductive Setting,iccv,2025,https://openaccess.thecvf.com/content/ICCV2025/papers/Kravets_Rethinking_Few_Shot_CLIP_Benchmarks_A_Critical_Analysis_in_the_ICCV_2025_paper.pdf
46,Mind the Gap: Aligning Vision Foundation Models to Image Feature Matching,iccv,2025,https://openaccess.thecvf.com/content/ICCV2025/papers/Liu_Mind_the_Gap_Aligning_Vision_Foundation_Models_to_Image_Feature_ICCV_2025_paper.pdf
47,CoStoDet-DDPM: Collaborative Training of Stochastic and Deterministic Models Improves Surgical Workflow Anticipation and Recognition,iccv,2025,https://openaccess.thecvf.com/content/ICCV2025/papers/Yang_CoStoDet-DDPM_Collaborative_Training_of_Stochastic_and_Deterministic_Models_Improves_Surgical_ICCV_2025_paper.pdf
48,GSOT3D: Towards Generic 3D Single Object Tracking in the Wild,iccv,2025,https://openaccess.thecvf.com/content/ICCV2025/papers/Jiao_GSOT3D_Towards_Generic_3D_Single_Object_Tracking_in_the_Wild_ICCV_2025_paper.pdf
49,UnZipLoRA: Separating Content and Style from a Single Image,iccv,2025,https://openaccess.thecvf.com/content/ICCV2025/papers/Liu_UnZipLoRA_Separating_Content_and_Style_from_a_Single_Image_ICCV_2025_paper.pdf
50,What You Have is What You Track: Adaptive and Robust Multimodal Tracking,iccv,2025,https://openaccess.thecvf.com/content/ICCV2025/papers/Tan_What_You_Have_is_What_You_Track_Adaptive_and_Robust_ICCV_2025_paper.pdf
51,RareCLIP: Rarity-aware Online Zero-shot Industrial Anomaly Detection,iccv,2025,https://openaccess.thecvf.com/content/ICCV2025/papers/He_RareCLIP_Rarity-aware_Online_Zero-shot_Industrial_Anomaly_Detection_ICCV_2025_paper.pdf
52,AdaDCP: Learning an Adapter with Discrete Cosine Prior for Clear-to-Adverse Domain Generalization,iccv,2025,https://openaccess.thecvf.com/content/ICCV2025/papers/Bi_AdaDCP_Learning_an_Adapter_with_Discrete_Cosine_Prior_for_Clear-to-Adverse_ICCV_2025_paper.pdf
53,HERMES: A Unified Self-Driving World Model for Simultaneous 3D Scene Understanding and Generation,iccv,2025,https://openaccess.thecvf.com/content/ICCV2025/papers/Zhou_HERMES_A_Unified_Self-Driving_World_Model_for_Simultaneous_3D_Scene_ICCV_2025_paper.pdf
54,ArgMatch: Adaptive Refinement Gathering for Efficient Dense Matching,iccv,2025,https://openaccess.thecvf.com/content/ICCV2025/papers/Deng_ArgMatch_Adaptive_Refinement_Gathering_for_Efficient_Dense_Matching_ICCV_2025_paper.pdf
55,Enhancing Image Restoration Transformer via Adaptive Translation Equivariance,iccv,2025,https://openaccess.thecvf.com/content/ICCV2025/papers/Hu_Enhancing_Image_Restoration_Transformer_via_Adaptive_Translation_Equivariance_ICCV_2025_paper.pdf
56,Free4D: Tuning-free 4D Scene Generation with Spatial-Temporal Consistency,iccv,2025,https://openaccess.thecvf.com/content/ICCV2025/papers/Liu_Free4D_Tuning-free_4D_Scene_Generation_with_Spatial-Temporal_Consistency_ICCV_2025_paper.pdf
57,Generative Zoo,iccv,2025,https://openaccess.thecvf.com/content/ICCV2025/papers/Niewiadomski_Generative_Zoo_ICCV_2025_paper.pdf
58,Any-SSR: How Recursive Least Squares Works in Continual Learning of Large Language Model,iccv,2025,https://openaccess.thecvf.com/content/ICCV2025/papers/Tong_Any-SSR_How_Recursive_Least_Squares_Works_in_Continual_Learning_of_ICCV_2025_paper.pdf
59,Instruction-Oriented Preference Alignment for Enhancing Multi-Modal Comprehension Capability of MLLMs,iccv,2025,https://openaccess.thecvf.com/content/ICCV2025/papers/Wang_Instruction-Oriented_Preference_Alignment_for_Enhancing_Multi-Modal_Comprehension_Capability_of_MLLMs_ICCV_2025_paper.pdf
60,RapVerse: Coherent Vocals and Whole-Body Motion Generation from Text,iccv,2025,https://openaccess.thecvf.com/content/ICCV2025/papers/Chen_RapVerse_Coherent_Vocals_and_Whole-Body_Motion_Generation_from_Text_ICCV_2025_paper.pdf
61,MoFRR: Mixture of Diffusion Models for Face Retouching Restoration,iccv,2025,https://openaccess.thecvf.com/content/ICCV2025/papers/Liu_MoFRR_Mixture_of_Diffusion_Models_for_Face_Retouching_Restoration_ICCV_2025_paper.pdf
62,SFUOD: Source-Free Unknown Object Detection,iccv,2025,https://openaccess.thecvf.com/content/ICCV2025/papers/Park_SFUOD_Source-Free_Unknown_Object_Detection_ICCV_2025_paper.pdf
63,"UniEgoMotion: A Unified Model for Egocentric Motion Reconstruction, Forecasting, and Generation",iccv,2025,https://openaccess.thecvf.com/content/ICCV2025/papers/Patel_UniEgoMotion_A_Unified_Model_for_Egocentric_Motion_Reconstruction_Forecasting_and_ICCV_2025_paper.pdf
64,ToolVQA: A Dataset for Multi-step Reasoning VQA with External Tools,iccv,2025,https://openaccess.thecvf.com/content/ICCV2025/papers/Yin_ToolVQA_A_Dataset_for_Multi-step_Reasoning_VQA_with_External_Tools_ICCV_2025_paper.pdf
65,Spherical Epipolar Rectification for Deep Two-View Absolute Depth Estimation,iccv,2025,https://openaccess.thecvf.com/content/ICCV2025/papers/Brousseau_Spherical_Epipolar_Rectification_for_Deep_Two-View_Absolute_Depth_Estimation_ICCV_2025_paper.pdf
66,ScenePainter: Semantically Consistent Perpetual 3D Scene Generation with Concept Relation Alignment,iccv,2025,https://openaccess.thecvf.com/content/ICCV2025/papers/Xia_ScenePainter_Semantically_Consistent_Perpetual_3D_Scene_Generation_with_Concept_Relation_ICCV_2025_paper.pdf
67,ESCNet:Edge-Semantic Collaborative Network for Camouflaged Object Detection,iccv,2025,https://openaccess.thecvf.com/content/ICCV2025/papers/Ye_ESCNetEdge-Semantic_Collaborative_Network_for_Camouflaged_Object_Detection_ICCV_2025_paper.pdf
68,PixelStitch: Structure-Preserving Pixel-Wise Bidirectional Warps for Unsupervised Image Stitching,iccv,2025,https://openaccess.thecvf.com/content/ICCV2025/papers/Jin_PixelStitch_Structure-Preserving_Pixel-Wise_Bidirectional_Warps_for_Unsupervised_Image_Stitching_ICCV_2025_paper.pdf
69,SANA-Sprint: One-Step Diffusion with Continuous-Time Consistency Distillation,iccv,2025,https://openaccess.thecvf.com/content/ICCV2025/papers/Chen_SANA-Sprint_One-Step_Diffusion_with_Continuous-Time_Consistency_Distillation_ICCV_2025_paper.pdf
70,Information-Bottleneck Driven Binary Neural Network for Change Detection,iccv,2025,https://openaccess.thecvf.com/content/ICCV2025/papers/Yin_Information-Bottleneck_Driven_Binary_Neural_Network_for_Change_Detection_ICCV_2025_paper.pdf
71,Erasing More Than Intended? How Concept Erasure Degrades the Generation of Non-Target Concepts,iccv,2025,https://openaccess.thecvf.com/content/ICCV2025/papers/Amara_Erasing_More_Than_Intended_How_Concept_Erasure_Degrades_the_Generation_ICCV_2025_paper.pdf
72,Global and Local Entailment Learning for Natural World Imagery,iccv,2025,https://openaccess.thecvf.com/content/ICCV2025/papers/Sastry_Global_and_Local_Entailment_Learning_for_Natural_World_Imagery_ICCV_2025_paper.pdf
73,Ross3D: Reconstructive Visual Instruction Tuning with 3D-Awareness,iccv,2025,https://openaccess.thecvf.com/content/ICCV2025/papers/Wang_Ross3D_Reconstructive_Visual_Instruction_Tuning_with_3D-Awareness_ICCV_2025_paper.pdf
74,LVFace: Progressive Cluster Optimization for Large Vision Models in Face Recognition,iccv,2025,https://openaccess.thecvf.com/content/ICCV2025/papers/You_LVFace_Progressive_Cluster_Optimization_for_Large_Vision_Models_in_Face_ICCV_2025_paper.pdf
75,Dataset Ownership Verification for Pre-trained Masked Models,iccv,2025,https://openaccess.thecvf.com/content/ICCV2025/papers/Xie_Dataset_Ownership_Verification_for_Pre-trained_Masked_Models_ICCV_2025_paper.pdf
76,VLR-Driver: Large Vision-Language-Reasoning Models for Embodied Autonomous Driving,iccv,2025,https://openaccess.thecvf.com/content/ICCV2025/papers/Kong_VLR-Driver_Large_Vision-Language-Reasoning_Models_for_Embodied_Autonomous_Driving_ICCV_2025_paper.pdf
77,ResGS: Residual Densification of 3D Gaussian for Efficient Detail Recovery,iccv,2025,https://openaccess.thecvf.com/content/ICCV2025/papers/Lyu_ResGS_Residual_Densification_of_3D_Gaussian_for_Efficient_Detail_Recovery_ICCV_2025_paper.pdf
78,Language Driven Occupancy Prediction,iccv,2025,https://openaccess.thecvf.com/content/ICCV2025/papers/Yu_Language_Driven_Occupancy_Prediction_ICCV_2025_paper.pdf
79,Prior2Former - Evidential Modeling of Mask Transformers for Assumption-Free Open-World Panoptic Segmentation,iccv,2025,https://openaccess.thecvf.com/content/ICCV2025/papers/Schmidt_Prior2Former_-_Evidential_Modeling_of_Mask_Transformers_for_Assumption-Free_Open-World_ICCV_2025_paper.pdf
80,E-NeMF: Event-based Neural Motion Field for Novel Space-time View Synthesis of Dynamic Scenes,iccv,2025,https://openaccess.thecvf.com/content/ICCV2025/papers/Liu_E-NeMF_Event-based_Neural_Motion_Field_for_Novel_Space-time_View_Synthesis_ICCV_2025_paper.pdf
81,Event-based Tiny Object Detection: A Benchmark Dataset and Baseline,iccv,2025,https://openaccess.thecvf.com/content/ICCV2025/papers/Chen_Event-based_Tiny_Object_Detection_A_Benchmark_Dataset_and_Baseline_ICCV_2025_paper.pdf
82,Optimal Transport for Brain-Image Alignment: Unveiling Redundancy and Synergy in Neural Information Processing,iccv,2025,https://openaccess.thecvf.com/content/ICCV2025/papers/Xiao_Optimal_Transport_for_Brain-Image_Alignment_Unveiling_Redundancy_and_Synergy_in_ICCV_2025_paper.pdf
83,Adversarial Distribution Matching for Diffusion Distillation Towards Efficient Image and Video Synthesis,iccv,2025,https://openaccess.thecvf.com/content/ICCV2025/papers/Lu_Adversarial_Distribution_Matching_for_Diffusion_Distillation_Towards_Efficient_Image_and_ICCV_2025_paper.pdf
84,Switch-a-View: View Selection Learned from Unlabeled In-the-wild Videos,iccv,2025,https://openaccess.thecvf.com/content/ICCV2025/papers/Majumder_Switch-a-View_View_Selection_Learned_from_Unlabeled_In-the-wild_Videos_ICCV_2025_paper.pdf
85,E-SAM: Training-Free Segment Every Entity Model,iccv,2025,https://openaccess.thecvf.com/content/ICCV2025/papers/Zhang_E-SAM_Training-Free_Segment_Every_Entity_Model_ICCV_2025_paper.pdf
86,ViewSRD: 3D Visual Grounding via Structured Multi-View Decomposition,iccv,2025,https://openaccess.thecvf.com/content/ICCV2025/papers/Huang_ViewSRD_3D_Visual_Grounding_via_Structured_Multi-View_Decomposition_ICCV_2025_paper.pdf
87,UniPortrait: A Unified Framework for Identity-Preserving Single- and Multi-Human Image Personalization,iccv,2025,https://openaccess.thecvf.com/content/ICCV2025/papers/He_UniPortrait_A_Unified_Framework_for_Identity-Preserving_Single-_and_Multi-Human_Image_ICCV_2025_paper.pdf
88,FDPT: Federated Discrete Prompt Tuning for Black-Box Visual-Language Models,iccv,2025,https://openaccess.thecvf.com/content/ICCV2025/papers/Wu_FDPT_Federated_Discrete_Prompt_Tuning_for_Black-Box_Visual-Language_Models_ICCV_2025_paper.pdf
89,Exploiting Diffusion Prior for Task-driven Image Restoration,iccv,2025,https://openaccess.thecvf.com/content/ICCV2025/papers/Kim_Exploiting_Diffusion_Prior_for_Task-driven_Image_Restoration_ICCV_2025_paper.pdf
90,CE-FAM: Concept-Based Explanation via Fusion of Activation Maps,iccv,2025,https://openaccess.thecvf.com/content/ICCV2025/papers/Kuroki_CE-FAM_Concept-Based_Explanation_via_Fusion_of_Activation_Maps_ICCV_2025_paper.pdf
91,Dual-level Prototype Learning for Composite Degraded Image Restoration,iccv,2025,https://openaccess.thecvf.com/content/ICCV2025/papers/Wang_Dual-level_Prototype_Learning_for_Composite_Degraded_Image_Restoration_ICCV_2025_paper.pdf
92,Forensic-MoE: Exploring Comprehensive Synthetic Image Detection Traces with Mixture of Experts,iccv,2025,https://openaccess.thecvf.com/content/ICCV2025/papers/Fang_Forensic-MoE_Exploring_Comprehensive_Synthetic_Image_Detection_Traces_with_Mixture_of_ICCV_2025_paper.pdf
93,Robust Adverse Weather Removal via Spectral-based Spatial Grouping,iccv,2025,https://openaccess.thecvf.com/content/ICCV2025/papers/Jeong_Robust_Adverse_Weather_Removal_via_Spectral-based_Spatial_Grouping_ICCV_2025_paper.pdf
94,PLAN: Proactive Low-Rank Allocation for Continual Learning,iccv,2025,https://openaccess.thecvf.com/content/ICCV2025/papers/Wang_PLAN_Proactive_Low-Rank_Allocation_for_Continual_Learning_ICCV_2025_paper.pdf
95,EMoTive: Event-guided Trajectory Modeling for 3D Motion Estimation,iccv,2025,https://openaccess.thecvf.com/content/ICCV2025/papers/Wan_EMoTive_Event-guided_Trajectory_Modeling_for_3D_Motion_Estimation_ICCV_2025_paper.pdf
96,RobuSTereo: Robust Zero-Shot Stereo Matching under Adverse Weather,iccv,2025,https://openaccess.thecvf.com/content/ICCV2025/papers/Wang_RobuSTereo_Robust_Zero-Shot_Stereo_Matching_under_Adverse_Weather_ICCV_2025_paper.pdf
97,SemGes: Semantics-aware Co-Speech Gesture Generation using Semantic Coherence and Relevance Learning,iccv,2025,https://openaccess.thecvf.com/content/ICCV2025/papers/Liu_SemGes_Semantics-aware_Co-Speech_Gesture_Generation_using_Semantic_Coherence_and_Relevance_ICCV_2025_paper.pdf
98,From Sharp to Blur: Unsupervised Domain Adaptation for 2D Human Pose Estimation Under Extreme Motion Blur Using Event Cameras,iccv,2025,https://openaccess.thecvf.com/content/ICCV2025/papers/Kim_From_Sharp_to_Blur_Unsupervised_Domain_Adaptation_for_2D_Human_ICCV_2025_paper.pdf
99,HyPiDecoder: Hybrid Pixel Decoder for Efficient Segmentation and Detection,iccv,2025,https://openaccess.thecvf.com/content/ICCV2025/papers/Zhou_HyPiDecoder_Hybrid_Pixel_Decoder_for_Efficient_Segmentation_and_Detection_ICCV_2025_paper.pdf
100,DDB: Diffusion Driven Balancing to Address Spurious Correlations,iccv,2025,https://openaccess.thecvf.com/content/ICCV2025/papers/Parast_DDB_Diffusion_Driven_Balancing_to_Address_Spurious_Correlations_ICCV_2025_paper.pdf
101,Feature Purification Matters: Suppressing Outlier Propagation for Training-Free Open-Vocabulary Semantic Segmentation,iccv,2025,https://openaccess.thecvf.com/content/ICCV2025/papers/Jin_Feature_Purification_Matters_Suppressing_Outlier_Propagation_for_Training-Free_Open-Vocabulary_Semantic_ICCV_2025_paper.pdf
102,Motal: Unsupervised 3D Object Detection by Modality and Task-specific Knowledge Transfer,iccv,2025,https://openaccess.thecvf.com/content/ICCV2025/papers/Wu_Motal_Unsupervised_3D_Object_Detection_by_Modality_and_Task-specific_Knowledge_ICCV_2025_paper.pdf
103,MMAIF: Multi-task and Multi-degradation All-in-One for Image Fusion with Language Guidance,iccv,2025,https://openaccess.thecvf.com/content/ICCV2025/papers/Cao_MMAIF_Multi-task_and_Multi-degradation_All-in-One_for_Image_Fusion_with_Language_ICCV_2025_paper.pdf
104,SparseLaneSTP: Leveraging Spatio-Temporal Priors with Sparse Transformers for 3D Lane Detection,iccv,2025,https://openaccess.thecvf.com/content/ICCV2025/papers/Pittner_SparseLaneSTP_Leveraging_Spatio-Temporal_Priors_with_Sparse_Transformers_for_3D_Lane_ICCV_2025_paper.pdf
105,"MonSTeR: a Unified Model for Motion, Scene, Text Retrieval",iccv,2025,https://openaccess.thecvf.com/content/ICCV2025/papers/Collorone_MonSTeR_a_Unified_Model_for_Motion_Scene_Text_Retrieval_ICCV_2025_paper.pdf
106,Semantic Causality-Aware Vision-Based 3D Occupancy Prediction,iccv,2025,https://openaccess.thecvf.com/content/ICCV2025/papers/Chen_Semantic_Causality-Aware_Vision-Based_3D_Occupancy_Prediction_ICCV_2025_paper.pdf
107,OmniSAM: Omnidirectional Segment Anything Model for UDA in Panoramic Semantic Segmentation,iccv,2025,https://openaccess.thecvf.com/content/ICCV2025/papers/Zhong_OmniSAM_Omnidirectional_Segment_Anything_Model_for_UDA_in_Panoramic_Semantic_ICCV_2025_paper.pdf
108,Event-Driven Storytelling with Multiple Lifelike Humans in a 3D Scene,iccv,2025,https://openaccess.thecvf.com/content/ICCV2025/papers/Lim_Event-Driven_Storytelling_with_Multiple_Lifelike_Humans_in_a_3D_Scene_ICCV_2025_paper.pdf
109,Probabilistic Inertial Poser (ProbIP): Uncertainty-aware Human Motion Modeling from Sparse Inertial Sensors,iccv,2025,https://openaccess.thecvf.com/content/ICCV2025/papers/Kim_Probabilistic_Inertial_Poser_ProbIP_Uncertainty-aware_Human_Motion_Modeling_from_Sparse_ICCV_2025_paper.pdf
110,Bi-Level Optimization for Self-Supervised AI-Generated Face Detection,iccv,2025,https://openaccess.thecvf.com/content/ICCV2025/papers/Zou_Bi-Level_Optimization_for_Self-Supervised_AI-Generated_Face_Detection_ICCV_2025_paper.pdf
111,RIOcc: Efficient Cross-Modal Fusion Transformer with Collaborative Feature Refinement for 3D Semantic Occupancy Prediction,iccv,2025,https://openaccess.thecvf.com/content/ICCV2025/papers/Fan_RIOcc_Efficient_Cross-Modal_Fusion_Transformer_with_Collaborative_Feature_Refinement_for_ICCV_2025_paper.pdf
112,Golden Noise for Diffusion Models: A Learning Framework,iccv,2025,https://openaccess.thecvf.com/content/ICCV2025/papers/Zhou_Golden_Noise_for_Diffusion_Models_A_Learning_Framework_ICCV_2025_paper.pdf
113,CharaConsist: Fine-Grained Consistent Character Generation,iccv,2025,https://openaccess.thecvf.com/content/ICCV2025/papers/Wang_CharaConsist_Fine-Grained_Consistent_Character_Generation_ICCV_2025_paper.pdf
114,RetinexMCNet: A Memory Controller Dominated Network for Low-Light Video Enhancement Based on Retinex,iccv,2025,https://openaccess.thecvf.com/content/ICCV2025/papers/Wang_RetinexMCNet_A_Memory_Controller_Dominated_Network_for_Low-Light_Video_Enhancement_ICCV_2025_paper.pdf
115,Learnable Fractional Reaction-Diffusion Dynamics for Under-Display ToF Imaging and Beyond,iccv,2025,https://openaccess.thecvf.com/content/ICCV2025/papers/Qiao_Learnable_Fractional_Reaction-Diffusion_Dynamics_for_Under-Display_ToF_Imaging_and_Beyond_ICCV_2025_paper.pdf
116,"Anomaly Detection of Integrated Circuits Package Substrates Using the Large Vision Model SAIC: Dataset Construction, Methodology, and Application",iccv,2025,https://openaccess.thecvf.com/content/ICCV2025/papers/Yu_Anomaly_Detection_of_Integrated_Circuits_Package_Substrates_Using_the_Large_ICCV_2025_paper.pdf
117,Refer to Any Segmentation Mask Group With Vision-Language Prompts,iccv,2025,https://openaccess.thecvf.com/content/ICCV2025/papers/Cao_Refer_to_Any_Segmentation_Mask_Group_With_Vision-Language_Prompts_ICCV_2025_paper.pdf
118,Integrating Visual Interpretation and Linguistic Reasoning for Geometric Problem Solving,iccv,2025,https://openaccess.thecvf.com/content/ICCV2025/papers/Guo_Integrating_Visual_Interpretation_and_Linguistic_Reasoning_for_Geometric_Problem_Solving_ICCV_2025_paper.pdf
119,Dual-Rate Dynamic Teacher for Source-Free Domain Adaptive Object Detection,iccv,2025,https://openaccess.thecvf.com/content/ICCV2025/papers/He_Dual-Rate_Dynamic_Teacher_for_Source-Free_Domain_Adaptive_Object_Detection_ICCV_2025_paper.pdf
120,How Do Multimodal Large Language Models Handle Complex Multimodal Reasoning? Placing Them in An Extensible Escape Game,iccv,2025,https://openaccess.thecvf.com/content/ICCV2025/papers/Wang_How_Do_Multimodal_Large_Language_Models_Handle_Complex_Multimodal_Reasoning_ICCV_2025_paper.pdf
121,UST-SSM: Unified Spatio-Temporal State Space Models for Point Cloud Video Modeling,iccv,2025,https://openaccess.thecvf.com/content/ICCV2025/papers/Li_UST-SSM_Unified_Spatio-Temporal_State_Space_Models_for_Point_Cloud_Video_ICCV_2025_paper.pdf
122,Recover Biological Structure from Sparse-View Diffraction Images with Neural Volumetric Prior,iccv,2025,https://openaccess.thecvf.com/content/ICCV2025/papers/He_Recover_Biological_Structure_from_Sparse-View_Diffraction_Images_with_Neural_Volumetric_ICCV_2025_paper.pdf
123,PropVG: End-to-End Proposal-Driven Visual Grounding with Multi-Granularity Discrimination,iccv,2025,https://openaccess.thecvf.com/content/ICCV2025/papers/Dai_PropVG_End-to-End_Proposal-Driven_Visual_Grounding_with_Multi-Granularity_Discrimination_ICCV_2025_paper.pdf
124,StyleSRN: Scene Text Image Super-Resolution with Text Style Embedding,iccv,2025,https://openaccess.thecvf.com/content/ICCV2025/papers/Yuan_StyleSRN_Scene_Text_Image_Super-Resolution_with_Text_Style_Embedding_ICCV_2025_paper.pdf
125,SpatialSplat: Efficient Semantic 3D from Sparse Unposed Images,iccv,2025,https://openaccess.thecvf.com/content/ICCV2025/papers/Sheng_SpatialSplat_Efficient_Semantic_3D_from_Sparse_Unposed_Images_ICCV_2025_paper.pdf
126,Learning Visual Proxy for Compositional Zero-Shot Learning,iccv,2025,https://openaccess.thecvf.com/content/ICCV2025/papers/Zhang_Learning_Visual_Proxy_for_Compositional_Zero-Shot_Learning_ICCV_2025_paper.pdf
127,Processing and acquisition traces in visual encoders: What does CLIP know about your camera?,iccv,2025,https://openaccess.thecvf.com/content/ICCV2025/papers/Ramos_Processing_and_acquisition_traces_in_visual_encoders_What_does_CLIP_ICCV_2025_paper.pdf
128,Holistic Tokenizer for Autoregressive Image Generation,iccv,2025,https://openaccess.thecvf.com/content/ICCV2025/papers/Zheng_Holistic_Tokenizer_for_Autoregressive_Image_Generation_ICCV_2025_paper.pdf
129,ConsistentCity: Semantic Flow-guided Occupancy DiT for Temporally Consistent Driving Scene Synthesis,iccv,2025,https://openaccess.thecvf.com/content/ICCV2025/papers/Zhu_ConsistentCity_Semantic_Flow-guided_Occupancy_DiT_for_Temporally_Consistent_Driving_Scene_ICCV_2025_paper.pdf
130,G2PDiffusion: Cross-Species Genotype-to-Phenotype Prediction via Evolutionary Diffusion,iccv,2025,https://openaccess.thecvf.com/content/ICCV2025/papers/Liu_G2PDiffusion_Cross-Species_Genotype-to-Phenotype_Prediction_via_Evolutionary_Diffusion_ICCV_2025_paper.pdf
131,PathFinder: A Multi-Modal Multi-Agent System for Medical Diagnostic Decision-Making Applied to Histopathology,iccv,2025,https://openaccess.thecvf.com/content/ICCV2025/papers/Ghezloo_PathFinder_A_Multi-Modal_Multi-Agent_System_for_Medical_Diagnostic_Decision-Making_Applied_ICCV_2025_paper.pdf
132,VLABench: A Large-Scale Benchmark for Language-Conditioned Robotics Manipulation with Long-Horizon Reasoning Tasks,iccv,2025,https://openaccess.thecvf.com/content/ICCV2025/papers/Zhang_VLABench_A_Large-Scale_Benchmark_for_Language-Conditioned_Robotics_Manipulation_with_Long-Horizon_ICCV_2025_paper.pdf
133,MolParser: End-to-end Visual Recognition of Molecule Structures in the Wild,iccv,2025,https://openaccess.thecvf.com/content/ICCV2025/papers/Fang_MolParser_End-to-end_Visual_Recognition_of_Molecule_Structures_in_the_Wild_ICCV_2025_paper.pdf
134,UPRE: Zero-Shot Domain Adaptation for Object Detection via Unified Prompt and Representation Enhancement,iccv,2025,https://openaccess.thecvf.com/content/ICCV2025/papers/Zhang_UPRE_Zero-Shot_Domain_Adaptation_for_Object_Detection_via_Unified_Prompt_ICCV_2025_paper.pdf
135,Heavy Labels Out! Dataset Distillation with Label Space Lightening,iccv,2025,https://openaccess.thecvf.com/content/ICCV2025/papers/Yu_Heavy_Labels_Out_Dataset_Distillation_with_Label_Space_Lightening_ICCV_2025_paper.pdf
136,VideoMiner: Iteratively Grounding Key Frames of Hour-Long Videos via Tree-based Group Relative Policy Optimization,iccv,2025,https://openaccess.thecvf.com/content/ICCV2025/papers/Cao_VideoMiner_Iteratively_Grounding_Key_Frames_of_Hour-Long_Videos_via_Tree-based_ICCV_2025_paper.pdf
137,Hierarchical Visual Prompt Learning for Continual Video Instance Segmentation,iccv,2025,https://openaccess.thecvf.com/content/ICCV2025/papers/Dong_Hierarchical_Visual_Prompt_Learning_for_Continual_Video_Instance_Segmentation_ICCV_2025_paper.pdf
138,FROSS: Faster-Than-Real-Time Online 3D Semantic Scene Graph Generation from RGB-D Images,iccv,2025,https://openaccess.thecvf.com/content/ICCV2025/papers/Hou_FROSS_Faster-Than-Real-Time_Online_3D_Semantic_Scene_Graph_Generation_from_RGB-D_ICCV_2025_paper.pdf
139,HVPUNet: Hybrid-Voxel Point-cloud Upsampling Network,iccv,2025,https://openaccess.thecvf.com/content/ICCV2025/papers/Ha_HVPUNet_Hybrid-Voxel_Point-cloud_Upsampling_Network_ICCV_2025_paper.pdf
140,MorphoGen: Efficient Unconditional Generation of Long-Range Projection Neuronal Morphology via a Global-to-Local Framework,iccv,2025,https://openaccess.thecvf.com/content/ICCV2025/papers/Zhu_MorphoGen_Efficient_Unconditional_Generation_of_Long-Range_Projection_Neuronal_Morphology_via_ICCV_2025_paper.pdf
141,REDUCIO! Generating 1K Video within 16 Seconds using Extremely Compressed Motion Latents,iccv,2025,https://openaccess.thecvf.com/content/ICCV2025/papers/Tian_REDUCIO_Generating_1K_Video_within_16_Seconds_using_Extremely_Compressed_ICCV_2025_paper.pdf
142,EgoAgent: A Joint Predictive Agent Model in Egocentric Worlds,iccv,2025,https://openaccess.thecvf.com/content/ICCV2025/papers/Chen_EgoAgent_A_Joint_Predictive_Agent_Model_in_Egocentric_Worlds_ICCV_2025_paper.pdf
143,Growing a Twig to Accelerate Large Vision-Language Models,iccv,2025,https://openaccess.thecvf.com/content/ICCV2025/papers/Shao_Growing_a_Twig_to_Accelerate_Large_Vision-Language_Models_ICCV_2025_paper.pdf
144,Is Less More? Exploring Token Condensation as Training-free Test-time Adaptation,iccv,2025,https://openaccess.thecvf.com/content/ICCV2025/papers/Wang_Is_Less_More_Exploring_Token_Condensation_as_Training-free_Test-time_Adaptation_ICCV_2025_paper.pdf
145,Structure-Guided Diffusion Models for High-Fidelity Portrait Shadow Removal,iccv,2025,https://openaccess.thecvf.com/content/ICCV2025/papers/Yu_Structure-Guided_Diffusion_Models_for_High-Fidelity_Portrait_Shadow_Removal_ICCV_2025_paper.pdf
146,Controllable Latent Space Augmentation for Digital Pathology,iccv,2025,https://openaccess.thecvf.com/content/ICCV2025/papers/Boutaj_Controllable_Latent_Space_Augmentation_for_Digital_Pathology_ICCV_2025_paper.pdf
147,Global Motion Corresponder for 3D Point-Based Scene Interpolation under Large Motion,iccv,2025,https://openaccess.thecvf.com/content/ICCV2025/papers/Lin_Global_Motion_Corresponder_for_3D_Point-Based_Scene_Interpolation_under_Large_ICCV_2025_paper.pdf
148,WINS: Winograd Structured Pruning for Fast Winograd Convolution,iccv,2025,https://openaccess.thecvf.com/content/ICCV2025/papers/Park_WINS_Winograd_Structured_Pruning_for_Fast_Winograd_Convolution_ICCV_2025_paper.pdf
149,Revelio: Interpreting and leveraging semantic information in diffusion models,iccv,2025,https://openaccess.thecvf.com/content/ICCV2025/papers/Kim_Revelio_Interpreting_and_leveraging_semantic_information_in_diffusion_models_ICCV_2025_paper.pdf
150,UniRes: Universal Image Restoration for Complex Degradations,iccv,2025,https://openaccess.thecvf.com/content/ICCV2025/papers/Zhou_UniRes_Universal_Image_Restoration_for_Complex_Degradations_ICCV_2025_paper.pdf
151,RayGaussX: Accelerating Gaussian-Based Ray Marching for Real-Time and High-Quality Novel View Synthesis,iccv,2025,https://openaccess.thecvf.com/content/ICCV2025/papers/Blanc_RayGaussX_Accelerating_Gaussian-Based_Ray_Marching_for_Real-Time_and_High-Quality_Novel_ICCV_2025_paper.pdf
152,CoopTrack: Exploring End-to-End Learning for Efficient Cooperative Sequential Perception,iccv,2025,https://openaccess.thecvf.com/content/ICCV2025/papers/Zhong_CoopTrack_Exploring_End-to-End_Learning_for_Efficient_Cooperative_Sequential_Perception_ICCV_2025_paper.pdf
153,"ContraGS: Codebook-Condensed and Trainable Gaussian Splatting for Fast, Memory-Efficient Reconstruction",iccv,2025,https://openaccess.thecvf.com/content/ICCV2025/papers/Durvasula_ContraGS_Codebook-Condensed_and_Trainable_Gaussian_Splatting_for_Fast_Memory-Efficient_Reconstruction_ICCV_2025_paper.pdf
154,NATRA: Noise-Agnostic Framework for Trajectory Prediction with Noisy Observations,iccv,2025,https://openaccess.thecvf.com/content/ICCV2025/papers/Li_NATRA_Noise-Agnostic_Framework_for_Trajectory_Prediction_with_Noisy_Observations_ICCV_2025_paper.pdf
155,Your Text Encoder Can Be An Object-Level Watermarking Controller,iccv,2025,https://openaccess.thecvf.com/content/ICCV2025/papers/Devulapally_Your_Text_Encoder_Can_Be_An_Object-Level_Watermarking_Controller_ICCV_2025_paper.pdf
156,Spatial-Temporal Aware Visuomotor Diffusion Policy Learning,iccv,2025,https://openaccess.thecvf.com/content/ICCV2025/papers/Liu_Spatial-Temporal_Aware_Visuomotor_Diffusion_Policy_Learning_ICCV_2025_paper.pdf
157,ModalTune: Fine-Tuning Slide-Level Foundation Models with Multi-Modal Information for Multi-task Learning in Digital Pathology,iccv,2025,https://openaccess.thecvf.com/content/ICCV2025/papers/Ramanathan_ModalTune_Fine-Tuning_Slide-Level_Foundation_Models_with_Multi-Modal_Information_for_Multi-task_ICCV_2025_paper.pdf
158,"Harnessing Vision Foundation Models for High-Performance, Training-Free Open Vocabulary Segmentation",iccv,2025,https://openaccess.thecvf.com/content/ICCV2025/papers/Shi_Harnessing_Vision_Foundation_Models_for_High-Performance_Training-Free_Open_Vocabulary_Segmentation_ICCV_2025_paper.pdf
159,FixTalk: Taming Identity Leakage for High-Quality Talking Head Generation in Extreme Cases,iccv,2025,https://openaccess.thecvf.com/content/ICCV2025/papers/Tan_FixTalk_Taming_Identity_Leakage_for_High-Quality_Talking_Head_Generation_in_ICCV_2025_paper.pdf
160,MinCD-PnP: Learning 2D-3D Correspondences with Approximate Blind PnP,iccv,2025,https://openaccess.thecvf.com/content/ICCV2025/papers/An_MinCD-PnP_Learning_2D-3D_Correspondences_with_Approximate_Blind_PnP_ICCV_2025_paper.pdf
161,Attention to Trajectory: Trajectory-Aware Open-Vocabulary Tracking,iccv,2025,https://openaccess.thecvf.com/content/ICCV2025/papers/Li_Attention_to_Trajectory_Trajectory-Aware_Open-Vocabulary_Tracking_ICCV_2025_paper.pdf
162,Hallucinatory Image Tokens: A Training-free EAZY Approach to Detecting and Mitigating Object Hallucinations in LVLMs,iccv,2025,https://openaccess.thecvf.com/content/ICCV2025/papers/Che_Hallucinatory_Image_Tokens_A_Training-free_EAZY_Approach_to_Detecting_and_ICCV_2025_paper.pdf
163,CVPT: Cross Visual Prompt Tuning,iccv,2025,https://openaccess.thecvf.com/content/ICCV2025/papers/Huang_CVPT_Cross_Visual_Prompt_Tuning_ICCV_2025_paper.pdf
164,On the Robustness Tradeoff in Fine-Tuning,iccv,2025,https://openaccess.thecvf.com/content/ICCV2025/papers/Li_On_the_Robustness_Tradeoff_in_Fine-Tuning_ICCV_2025_paper.pdf
165,Lay2Story: Extending Diffusion Transformers for Layout-Togglable Story Generation,iccv,2025,https://openaccess.thecvf.com/content/ICCV2025/papers/Ma_Lay2Story_Extending_Diffusion_Transformers_for_Layout-Togglable_Story_Generation_ICCV_2025_paper.pdf
166,Unfolding-Associative Encoder-Decoder Network with Progressive Alignment for Pansharpening,iccv,2025,https://openaccess.thecvf.com/content/ICCV2025/papers/Fang_Unfolding-Associative_Encoder-Decoder_Network_with_Progressive_Alignment_for_Pansharpening_ICCV_2025_paper.pdf
167,DeepMesh: Auto-Regressive Artist-mesh Creation with Reinforcement Learning,iccv,2025,https://openaccess.thecvf.com/content/ICCV2025/papers/Zhao_DeepMesh_Auto-Regressive_Artist-mesh_Creation_with_Reinforcement_Learning_ICCV_2025_paper.pdf
168,VisRL: Intention-Driven Visual Perception via Reinforced Reasoning,iccv,2025,https://openaccess.thecvf.com/content/ICCV2025/papers/Chen_VisRL_Intention-Driven_Visual_Perception_via_Reinforced_Reasoning_ICCV_2025_paper.pdf
169,PINO: Person-Interaction Noise Optimization for Long-Duration and Customizable Motion Generation of Arbitrary-Sized Groups,iccv,2025,https://openaccess.thecvf.com/content/ICCV2025/papers/Ota_PINO_Person-Interaction_Noise_Optimization_for_Long-Duration_and_Customizable_Motion_Generation_ICCV_2025_paper.pdf
170,MagicDrive-V2: High-Resolution Long Video Generation for Autonomous Driving with Adaptive Control,iccv,2025,https://openaccess.thecvf.com/content/ICCV2025/papers/Gao_MagicDrive-V2_High-Resolution_Long_Video_Generation_for_Autonomous_Driving_with_Adaptive_ICCV_2025_paper.pdf
171,Communication-Efficient Multi-Vehicle Collaborative Semantic Segmentation via Sparse 3D Gaussian Sharing,iccv,2025,https://openaccess.thecvf.com/content/ICCV2025/papers/Hong_Communication-Efficient_Multi-Vehicle_Collaborative_Semantic_Segmentation_via_Sparse_3D_Gaussian_Sharing_ICCV_2025_paper.pdf
172,Category-Specific Selective Feature Enhancement for Long-Tailed Multi-Label Image Classification,iccv,2025,https://openaccess.thecvf.com/content/ICCV2025/papers/Du_Category-Specific_Selective_Feature_Enhancement_for_Long-Tailed_Multi-Label_Image_Classification_ICCV_2025_paper.pdf
173,Sparse-Dense Side-Tuner for efficient Video Temporal Grounding,iccv,2025,https://openaccess.thecvf.com/content/ICCV2025/papers/Pujol-Perich_Sparse-Dense_Side-Tuner_for_efficient_Video_Temporal_Grounding_ICCV_2025_paper.pdf
174,Corvid: Improving Multimodal Large Language Models Towards Chain-of-Thought Reasoning,iccv,2025,https://openaccess.thecvf.com/content/ICCV2025/papers/Jiang_Corvid_Improving_Multimodal_Large_Language_Models_Towards_Chain-of-Thought_Reasoning_ICCV_2025_paper.pdf
175,CompCap: Improving Multimodal Large Language Models with Composite Captions,iccv,2025,https://openaccess.thecvf.com/content/ICCV2025/papers/Chen_CompCap_Improving_Multimodal_Large_Language_Models_with_Composite_Captions_ICCV_2025_paper.pdf
176,COSMO: Combination of Selective Memorization for Low-cost Vision-and-Language Navigation,iccv,2025,https://openaccess.thecvf.com/content/ICCV2025/papers/Zhang_COSMO_Combination_of_Selective_Memorization_for_Low-cost_Vision-and-Language_Navigation_ICCV_2025_paper.pdf
177,STI-Bench: Are MLLMs Ready for Precise Spatial-Temporal World Understanding?,iccv,2025,https://openaccess.thecvf.com/content/ICCV2025/papers/Li_STI-Bench_Are_MLLMs_Ready_for_Precise_Spatial-Temporal_World_Understanding_ICCV_2025_paper.pdf
178,"Describe, Adapt and Combine: Empowering CLIP Encoders for Open-set 3D Object Retrieval",iccv,2025,https://openaccess.thecvf.com/content/ICCV2025/papers/Wang_Describe_Adapt_and_Combine_Empowering_CLIP_Encoders_for_Open-set_3D_ICCV_2025_paper.pdf
179,Embodied Image Captioning: Self-supervised Learning Agents for Spatially Coherent Image Descriptions,iccv,2025,https://openaccess.thecvf.com/content/ICCV2025/papers/Galliena_Embodied_Image_Captioning_Self-supervised_Learning_Agents_for_Spatially_Coherent_Image_ICCV_2025_paper.pdf
180,CAD-Assistant: Tool-Augmented VLLMs as Generic CAD Task Solvers,iccv,2025,https://openaccess.thecvf.com/content/ICCV2025/papers/Mallis_CAD-Assistant_Tool-Augmented_VLLMs_as_Generic_CAD_Task_Solvers_ICCV_2025_paper.pdf
181,Fast Image Super-Resolution via Consistency Rectified Flow,iccv,2025,https://openaccess.thecvf.com/content/ICCV2025/papers/Xu_Fast_Image_Super-Resolution_via_Consistency_Rectified_Flow_ICCV_2025_paper.pdf
182,Adapt Foundational Segmentation Models with Heterogeneous Searching Space,iccv,2025,https://openaccess.thecvf.com/content/ICCV2025/papers/Yi_Adapt_Foundational_Segmentation_Models_with_Heterogeneous_Searching_Space_ICCV_2025_paper.pdf
183,Adversarial Exploitation of Data Diversity Improves Visual Localization,iccv,2025,https://openaccess.thecvf.com/content/ICCV2025/papers/Li_Adversarial_Exploitation_of_Data_Diversity_Improves_Visual_Localization_ICCV_2025_paper.pdf
184,Learning Implicit Features with Flow-Infused Transformations for Realistic Virtual Try-On,iccv,2025,https://openaccess.thecvf.com/content/ICCV2025/papers/Zhang_Learning_Implicit_Features_with_Flow-Infused_Transformations_for_Realistic_Virtual_Try-On_ICCV_2025_paper.pdf
185,BoxDreamer: Dreaming Box Corners for Generalizable Object Pose Estimation,iccv,2025,https://openaccess.thecvf.com/content/ICCV2025/papers/Yu_BoxDreamer_Dreaming_Box_Corners_for_Generalizable_Object_Pose_Estimation_ICCV_2025_paper.pdf
186,LawDIS: Language-Window-based Controllable Dichotomous Image Segmentation,iccv,2025,https://openaccess.thecvf.com/content/ICCV2025/papers/Yan_LawDIS_Language-Window-based_Controllable_Dichotomous_Image_Segmentation_ICCV_2025_paper.pdf
187,3DGraphLLM: Combining Semantic Graphs and Large Language Models for 3D Scene Understanding,iccv,2025,https://openaccess.thecvf.com/content/ICCV2025/papers/Zemskova_3DGraphLLM_Combining_Semantic_Graphs_and_Large_Language_Models_for_3D_ICCV_2025_paper.pdf
188,FineMotion: A Dataset and Benchmark with both Spatial and Temporal Annotation for Fine-grained Motion Generation and Editing,iccv,2025,https://openaccess.thecvf.com/content/ICCV2025/papers/Wu_FineMotion_A_Dataset_and_Benchmark_with_both_Spatial_and_Temporal_ICCV_2025_paper.pdf
189,MC-Bench: A Benchmark for Multi-Context Visual Grounding in the Era of MLLMs,iccv,2025,https://openaccess.thecvf.com/content/ICCV2025/papers/Xu_MC-Bench_A_Benchmark_for_Multi-Context_Visual_Grounding_in_the_Era_ICCV_2025_paper.pdf
190,What Makes for Text to 360-degree Panorama Generation with Stable Diffusion?,iccv,2025,https://openaccess.thecvf.com/content/ICCV2025/papers/Ni_What_Makes_for_Text_to_360-degree_Panorama_Generation_with_Stable_ICCV_2025_paper.pdf
191,CHORDS: Diffusion Sampling Accelerator with Multi-core Hierarchical ODE Solvers,iccv,2025,https://openaccess.thecvf.com/content/ICCV2025/papers/Han_CHORDS_Diffusion_Sampling_Accelerator_with_Multi-core_Hierarchical_ODE_Solvers_ICCV_2025_paper.pdf
192,HERMES: temporal-coHERent long-forM understanding with Episodes and Semantics,iccv,2025,https://openaccess.thecvf.com/content/ICCV2025/papers/Faure_HERMES_temporal-coHERent_long-forM_understanding_with_Episodes_and_Semantics_ICCV_2025_paper.pdf
193,CoralSRT: Revisiting Coral Reef Semantic Segmentation by Feature Rectification via Self-supervised Guidance,iccv,2025,https://openaccess.thecvf.com/content/ICCV2025/papers/Zheng_CoralSRT_Revisiting_Coral_Reef_Semantic_Segmentation_by_Feature_Rectification_via_ICCV_2025_paper.pdf
194,VGMamba: Attribute-to-Location Clue Reasoning for Quantity-Agnostic 3D Visual Grounding,iccv,2025,https://openaccess.thecvf.com/content/ICCV2025/papers/Zhu_VGMamba_Attribute-to-Location_Clue_Reasoning_for_Quantity-Agnostic_3D_Visual_Grounding_ICCV_2025_paper.pdf
195,Decouple and Track: Benchmarking and Improving Video Diffusion Transformers For Motion Transfer,iccv,2025,https://openaccess.thecvf.com/content/ICCV2025/papers/Shi_Decouple_and_Track_Benchmarking_and_Improving_Video_Diffusion_Transformers_For_ICCV_2025_paper.pdf
196,MaskControl: Spatio-Temporal Control for Masked Motion Synthesis,iccv,2025,https://openaccess.thecvf.com/content/ICCV2025/papers/Pinyoanuntapong_MaskControl_Spatio-Temporal_Control_for_Masked_Motion_Synthesis_ICCV_2025_paper.pdf
197,Evidential Knowledge Distillation,iccv,2025,https://openaccess.thecvf.com/content/ICCV2025/papers/Xiang_Evidential_Knowledge_Distillation_ICCV_2025_paper.pdf
198,Straighten Viscous Rectified Flow via Noise Optimization,iccv,2025,https://openaccess.thecvf.com/content/ICCV2025/papers/Dai_Straighten_Viscous_Rectified_Flow_via_Noise_Optimization_ICCV_2025_paper.pdf
199,A Framework for Double-Blind Federated Adaptation of Foundation Models,iccv,2025,https://openaccess.thecvf.com/content/ICCV2025/papers/Tastan_A_Framework_for_Double-Blind_Federated_Adaptation_of_Foundation_Models_ICCV_2025_paper.pdf
200,Omni-scene Perception-oriented Point Cloud Geometry Enhancement for Coordinate Quantization,iccv,2025,https://openaccess.thecvf.com/content/ICCV2025/papers/Liu_Omni-scene_Perception-oriented_Point_Cloud_Geometry_Enhancement_for_Coordinate_Quantization_ICCV_2025_paper.pdf
201,B-VLLM: A Vision Large Language Model with Balanced Spatio-Temporal Tokens,iccv,2025,https://openaccess.thecvf.com/content/ICCV2025/papers/Lu_B-VLLM_A_Vision_Large_Language_Model_with_Balanced_Spatio-Temporal_Tokens_ICCV_2025_paper.pdf
202,ImHead: A Large-scale Implicit Morphable Model for Localized Head Modeling,iccv,2025,https://openaccess.thecvf.com/content/ICCV2025/papers/Potamias_ImHead_A_Large-scale_Implicit_Morphable_Model_for_Localized_Head_Modeling_ICCV_2025_paper.pdf
203,SL2A-INR: Single-Layer Learnable Activation for Implicit Neural Representation,iccv,2025,https://openaccess.thecvf.com/content/ICCV2025/papers/Rezaeian_SL2A-INR_Single-Layer_Learnable_Activation_for_Implicit_Neural_Representation_ICCV_2025_paper.pdf
204,Authentic 4D Driving Simulation with a Video Generation Model,iccv,2025,https://openaccess.thecvf.com/content/ICCV2025/papers/Wang_Authentic_4D_Driving_Simulation_with_a_Video_Generation_Model_ICCV_2025_paper.pdf
205,Partial Forward Blocking: A Novel Data Pruning Paradigm for Lossless Training Acceleration,iccv,2025,https://openaccess.thecvf.com/content/ICCV2025/papers/Wu_Partial_Forward_Blocking_A_Novel_Data_Pruning_Paradigm_for_Lossless_ICCV_2025_paper.pdf
206,FedPall: Prototype-based Adversarial and Collaborative Learning for Federated Learning with Feature Drift,iccv,2025,https://openaccess.thecvf.com/content/ICCV2025/papers/Zhang_FedPall_Prototype-based_Adversarial_and_Collaborative_Learning_for_Federated_Learning_with_ICCV_2025_paper.pdf
207,From Easy to Hard: Progressive Active Learning Framework for Infrared Small Target Detection with Single Point Supervision,iccv,2025,https://openaccess.thecvf.com/content/ICCV2025/papers/Yu_From_Easy_to_Hard_Progressive_Active_Learning_Framework_for_Infrared_ICCV_2025_paper.pdf
208,Asynchronous Event Error-Minimizing Noise for Safeguarding Event Dataset,iccv,2025,https://openaccess.thecvf.com/content/ICCV2025/papers/Wang_Asynchronous_Event_Error-Minimizing_Noise_for_Safeguarding_Event_Dataset_ICCV_2025_paper.pdf
209,A Constrained Optimization Approach for Gaussian Splatting from Coarsely-posed Images and Noisy Lidar Point Clouds,iccv,2025,https://openaccess.thecvf.com/content/ICCV2025/papers/Peng_A_Constrained_Optimization_Approach_for_Gaussian_Splatting_from_Coarsely-posed_Images_ICCV_2025_paper.pdf
210,BabyVLM: Data-Efficient Pretraining of VLMs Inspired by Infant Learning,iccv,2025,https://openaccess.thecvf.com/content/ICCV2025/papers/Wang_BabyVLM_Data-Efficient_Pretraining_of_VLMs_Inspired_by_Infant_Learning_ICCV_2025_paper.pdf
211,Efficient Concertormer for Image Deblurring and Beyond,iccv,2025,https://openaccess.thecvf.com/content/ICCV2025/papers/Kuo_Efficient_Concertormer_for_Image_Deblurring_and_Beyond_ICCV_2025_paper.pdf
212,Curve-Aware Gaussian Splatting for 3D Parametric Curve Reconstruction,iccv,2025,https://openaccess.thecvf.com/content/ICCV2025/papers/Gao_Curve-Aware_Gaussian_Splatting_for_3D_Parametric_Curve_Reconstruction_ICCV_2025_paper.pdf
213,Sim-DETR: Unlock DETR for Temporal Sentence Grounding,iccv,2025,https://openaccess.thecvf.com/content/ICCV2025/papers/Tang_Sim-DETR_Unlock_DETR_for_Temporal_Sentence_Grounding_ICCV_2025_paper.pdf
214,DynamicID: Zero-Shot Multi-ID Image Personalization with Flexible Facial Editability,iccv,2025,https://openaccess.thecvf.com/content/ICCV2025/papers/Hu_DynamicID_Zero-Shot_Multi-ID_Image_Personalization_with_Flexible_Facial_Editability_ICCV_2025_paper.pdf
215,Wavelet Policy: Lifting Scheme for Policy Learning in Long-Horizon Tasks,iccv,2025,https://openaccess.thecvf.com/content/ICCV2025/papers/Huang_Wavelet_Policy_Lifting_Scheme_for_Policy_Learning_in_Long-Horizon_Tasks_ICCV_2025_paper.pdf
216,METEOR: Multi-Encoder Collaborative Token Pruning for Efficient Vision Language Models,iccv,2025,https://openaccess.thecvf.com/content/ICCV2025/papers/Liu_METEOR_Multi-Encoder_Collaborative_Token_Pruning_for_Efficient_Vision_Language_Models_ICCV_2025_paper.pdf
217,Contact-Aware Amodal Completion for Human-Object Interaction via Multi-Regional Inpainting,iccv,2025,https://openaccess.thecvf.com/content/ICCV2025/papers/Chi_Contact-Aware_Amodal_Completion_for_Human-Object_Interaction_via_Multi-Regional_Inpainting_ICCV_2025_paper.pdf
218,SeqGrowGraph: Learning Lane Topology as a Chain of Graph Expansions,iccv,2025,https://openaccess.thecvf.com/content/ICCV2025/papers/Xie_SeqGrowGraph_Learning_Lane_Topology_as_a_Chain_of_Graph_Expansions_ICCV_2025_paper.pdf
219,Ultra-Precision 6DoF Pose Estimation Using 2-D Interpolated Discrete Fourier Transform,iccv,2025,https://openaccess.thecvf.com/content/ICCV2025/papers/Shi_Ultra-Precision_6DoF_Pose_Estimation_Using_2-D_Interpolated_Discrete_Fourier_Transform_ICCV_2025_paper.pdf
220,Neural Compression for 3D Geometry Sets,iccv,2025,https://openaccess.thecvf.com/content/ICCV2025/papers/Ren_Neural_Compression_for_3D_Geometry_Sets_ICCV_2025_paper.pdf
221,Lifting the Structural Morphing for Wide-Angle Images Rectification: Unified Content and Boundary Modeling,iccv,2025,https://openaccess.thecvf.com/content/ICCV2025/papers/Luan_Lifting_the_Structural_Morphing_for_Wide-Angle_Images_Rectification_Unified_Content_ICCV_2025_paper.pdf
222,ASGS: Single-Domain Generalizable Open-Set Object Detection via Adaptive Subgraph Searching,iccv,2025,https://openaccess.thecvf.com/content/ICCV2025/papers/Yuan_ASGS_Single-Domain_Generalizable_Open-Set_Object_Detection_via_Adaptive_Subgraph_Searching_ICCV_2025_paper.pdf
223,Dual-Temporal Exemplar Representation Network for Video Semantic Segmentation,iccv,2025,https://openaccess.thecvf.com/content/ICCV2025/papers/Xu_Dual-Temporal_Exemplar_Representation_Network_for_Video_Semantic_Segmentation_ICCV_2025_paper.pdf
224,UniConvNet: Expanding Effective Receptive Field while Maintaining Asymptotically Gaussian Distribution for ConvNets of Any Scale,iccv,2025,https://openaccess.thecvf.com/content/ICCV2025/papers/Wang_UniConvNet_Expanding_Effective_Receptive_Field_while_Maintaining_Asymptotically_Gaussian_Distribution_ICCV_2025_paper.pdf
225,Denoising Token Prediction in Masked Autoregressive Models,iccv,2025,https://openaccess.thecvf.com/content/ICCV2025/papers/Yao_Denoising_Token_Prediction_in_Masked_Autoregressive_Models_ICCV_2025_paper.pdf
226,Uncertainty-Aware Gradient Stabilization for Small Object Detection,iccv,2025,https://openaccess.thecvf.com/content/ICCV2025/papers/Sun_Uncertainty-Aware_Gradient_Stabilization_for_Small_Object_Detection_ICCV_2025_paper.pdf
227,Radiant Foam: Real-Time Differentiable Ray Tracing,iccv,2025,https://openaccess.thecvf.com/content/ICCV2025/papers/Govindarajan_Radiant_Foam_Real-Time_Differentiable_Ray_Tracing_ICCV_2025_paper.pdf
228,Attention to the Burstiness in Visual Prompt Tuning!,iccv,2025,https://openaccess.thecvf.com/content/ICCV2025/papers/Wang_Attention_to_the_Burstiness_in_Visual_Prompt_Tuning_ICCV_2025_paper.pdf
229,BadVideo: Stealthy Backdoor Attack against Text-to-Video Generation,iccv,2025,https://openaccess.thecvf.com/content/ICCV2025/papers/Wang_BadVideo_Stealthy_Backdoor_Attack_against_Text-to-Video_Generation_ICCV_2025_paper.pdf
230,Cassic: Towards Content-Adaptive State-Space Models for Learned Image Compression,iccv,2025,https://openaccess.thecvf.com/content/ICCV2025/papers/Qin_Cassic_Towards_Content-Adaptive_State-Space_Models_for_Learned_Image_Compression_ICCV_2025_paper.pdf
231,AIGI-Holmes: Towards Explainable and Generalizable AI-Generated Image Detection via Multimodal Large Language Models,iccv,2025,https://openaccess.thecvf.com/content/ICCV2025/papers/Zhou_AIGI-Holmes_Towards_Explainable_and_Generalizable_AI-Generated_Image_Detection_via_Multimodal_ICCV_2025_paper.pdf
232,TokensGen: Harnessing Condensed Tokens for Long Video Generation,iccv,2025,https://openaccess.thecvf.com/content/ICCV2025/papers/Ouyang_TokensGen_Harnessing_Condensed_Tokens_for_Long_Video_Generation_ICCV_2025_paper.pdf
233,Cross-View Isolated Sign Language Recognition via View Synthesis and Feature Disentanglement,iccv,2025,https://openaccess.thecvf.com/content/ICCV2025/papers/Shen_Cross-View_Isolated_Sign_Language_Recognition_via_View_Synthesis_and_Feature_ICCV_2025_paper.pdf
234,R1-Onevision: Advancing Generalized Multimodal Reasoning through Cross-Modal Formalization,iccv,2025,https://openaccess.thecvf.com/content/ICCV2025/papers/Yang_R1-Onevision_Advancing_Generalized_Multimodal_Reasoning_through_Cross-Modal_Formalization_ICCV_2025_paper.pdf
235,HIS-GPT: Towards 3D Human-In-Scene Multimodal Understanding,iccv,2025,https://openaccess.thecvf.com/content/ICCV2025/papers/Zhao_HIS-GPT_Towards_3D_Human-In-Scene_Multimodal_Understanding_ICCV_2025_paper.pdf
236,Learnable Logit Adjustment for Imbalanced Semi-Supervised Learning under Class Distribution Mismatch,iccv,2025,https://openaccess.thecvf.com/content/ICCV2025/papers/Lee_Learnable_Logit_Adjustment_for_Imbalanced_Semi-Supervised_Learning_under_Class_Distribution_ICCV_2025_paper.pdf
237,Subjective Camera 1.0: Bridging Human Cognition and Visual Reconstruction through Sequence-Aware Sketch-Guided Diffusion,iccv,2025,https://openaccess.thecvf.com/content/ICCV2025/papers/Chen_Subjective_Camera_1.0_Bridging_Human_Cognition_and_Visual_Reconstruction_through_ICCV_2025_paper.pdf
238,Learning Robust Image Watermarking with Lossless Cover Recovery,iccv,2025,https://openaccess.thecvf.com/content/ICCV2025/papers/Chen_Learning_Robust_Image_Watermarking_with_Lossless_Cover_Recovery_ICCV_2025_paper.pdf
239,Enhancing Transformers Through Conditioned Embedded Tokens,iccv,2025,https://openaccess.thecvf.com/content/ICCV2025/papers/Saratchandran_Enhancing_Transformers_Through_Conditioned_Embedded_Tokens_ICCV_2025_paper.pdf
240,Drawing Developmental Trajectory from Cortical Surface Reconstruction,iccv,2025,https://openaccess.thecvf.com/content/ICCV2025/papers/Wu_Drawing_Developmental_Trajectory_from_Cortical_Surface_Reconstruction_ICCV_2025_paper.pdf
241,CryoFastAR: Fast Cryo-EM Ab initio Reconstruction Made Easy,iccv,2025,https://openaccess.thecvf.com/content/ICCV2025/papers/Zhang_CryoFastAR_Fast_Cryo-EM_Ab_initio_Reconstruction_Made_Easy_ICCV_2025_paper.pdf
242,3DGS-LM: Faster Gaussian-Splatting Optimization with Levenberg-Marquardt,iccv,2025,https://openaccess.thecvf.com/content/ICCV2025/papers/Hollein_3DGS-LM_Faster_Gaussian-Splatting_Optimization_with_Levenberg-Marquardt_ICCV_2025_paper.pdf
243,GauUpdate: New Object Insertion in 3D Gaussian Fields with Consistent Global Illumination,iccv,2025,https://openaccess.thecvf.com/content/ICCV2025/papers/Ren_GauUpdate_New_Object_Insertion_in_3D_Gaussian_Fields_with_Consistent_ICCV_2025_paper.pdf
244,OphCLIP: Hierarchical Retrieval-Augmented Learning for Ophthalmic Surgical Video-Language Pretraining,iccv,2025,https://openaccess.thecvf.com/content/ICCV2025/papers/Hu_OphCLIP_Hierarchical_Retrieval-Augmented_Learning_for_Ophthalmic_Surgical_Video-Language_Pretraining_ICCV_2025_paper.pdf
245,Hints of Prompt: Enhancing Visual Representation for Multimodal LLMs in Autonomous Driving,iccv,2025,https://openaccess.thecvf.com/content/ICCV2025/papers/Zhou_Hints_of_Prompt_Enhancing_Visual_Representation_for_Multimodal_LLMs_in_ICCV_2025_paper.pdf
246,IM360: Large-scale Indoor Mapping with 360 Cameras,iccv,2025,https://openaccess.thecvf.com/content/ICCV2025/papers/Jung_IM360_Large-scale_Indoor_Mapping_with_360_Cameras_ICCV_2025_paper.pdf
247,RegGS: Unposed Sparse Views Gaussian Splatting with 3DGS Registration,iccv,2025,https://openaccess.thecvf.com/content/ICCV2025/papers/Cheng_RegGS_Unposed_Sparse_Views_Gaussian_Splatting_with_3DGS_Registration_ICCV_2025_paper.pdf
248,SU-RGS: Relightable 3D Gaussian Splatting from Sparse Views under Unconstrained Illuminations,iccv,2025,https://openaccess.thecvf.com/content/ICCV2025/papers/Zhang_SU-RGS_Relightable_3D_Gaussian_Splatting_from_Sparse_Views_under_Unconstrained_ICCV_2025_paper.pdf
249,Representation Shift: Unifying Token Compression with FlashAttention,iccv,2025,https://openaccess.thecvf.com/content/ICCV2025/papers/Choi_Representation_Shift_Unifying_Token_Compression_with_FlashAttention_ICCV_2025_paper.pdf
250,DGTalker: Disentangled Generative Latent Space Learning for Audio-Driven Gaussian Talking Heads,iccv,2025,https://openaccess.thecvf.com/content/ICCV2025/papers/Liang_DGTalker_Disentangled_Generative_Latent_Space_Learning_for_Audio-Driven_Gaussian_Talking_ICCV_2025_paper.pdf
251,RALoc: Enhancing Outdoor LiDAR Localization via Rotation Awareness,iccv,2025,https://openaccess.thecvf.com/content/ICCV2025/papers/Yang_RALoc_Enhancing_Outdoor_LiDAR_Localization_via_Rotation_Awareness_ICCV_2025_paper.pdf
252,EDiT: Efficient Diffusion Transformers with Linear Compressed Attention,iccv,2025,https://openaccess.thecvf.com/content/ICCV2025/papers/Becker_EDiT_Efficient_Diffusion_Transformers_with_Linear_Compressed_Attention_ICCV_2025_paper.pdf
253,GenHancer: Imperfect Generative Models are Secretly Strong Vision-Centric Enhancers,iccv,2025,https://openaccess.thecvf.com/content/ICCV2025/papers/Ma_GenHancer_Imperfect_Generative_Models_are_Secretly_Strong_Vision-Centric_Enhancers_ICCV_2025_paper.pdf
254,LLaVA-3D: A Simple yet Effective Pathway to Empowering LMMs with 3D Capabilities,iccv,2025,https://openaccess.thecvf.com/content/ICCV2025/papers/Zhu_LLaVA-3D_A_Simple_yet_Effective_Pathway_to_Empowering_LMMs_with_ICCV_2025_paper.pdf
255,Understanding Museum Exhibits using Vision-Language Reasoning,iccv,2025,https://openaccess.thecvf.com/content/ICCV2025/papers/Balauca_Understanding_Museum_Exhibits_using_Vision-Language_Reasoning_ICCV_2025_paper.pdf
256,MINERVA: Evaluating Complex Video Reasoning,iccv,2025,https://openaccess.thecvf.com/content/ICCV2025/papers/Nagrani_MINERVA_Evaluating_Complex_Video_Reasoning_ICCV_2025_paper.pdf
257,Active Membership Inference Test (aMINT): Enhancing Model Auditability with Multi-Task Learning.,iccv,2025,https://openaccess.thecvf.com/content/ICCV2025/papers/DeAlcala_Active_Membership_Inference_Test_aMINT_Enhancing_Model_Auditability_with_Multi-Task_ICCV_2025_paper.pdf
258,One Perturbation is Enough: On Generating Universal Adversarial Perturbations against Vision-Language Pre-training Models,iccv,2025,https://openaccess.thecvf.com/content/ICCV2025/papers/Fang_One_Perturbation_is_Enough_On_Generating_Universal_Adversarial_Perturbations_against_ICCV_2025_paper.pdf
259,When Lighting Deceives: Exposing Vision-Language Models' Illumination Vulnerability Through Illumination Transformation Attack,iccv,2025,https://openaccess.thecvf.com/content/ICCV2025/papers/Liu_When_Lighting_Deceives_Exposing_Vision-Language_Models_Illumination_Vulnerability_Through_Illumination_ICCV_2025_paper.pdf
260,Exploring View Consistency for Scene-Adaptive Low-Light Light Field Image Enhancement,iccv,2025,https://openaccess.thecvf.com/content/ICCV2025/papers/Zhang_Exploring_View_Consistency_for_Scene-Adaptive_Low-Light_Light_Field_Image_Enhancement_ICCV_2025_paper.pdf
261,DIA: The Adversarial Exposure of Deterministic Inversion in Diffusion Models,iccv,2025,https://openaccess.thecvf.com/content/ICCV2025/papers/Hong_DIA_The_Adversarial_Exposure_of_Deterministic_Inversion_in_Diffusion_Models_ICCV_2025_paper.pdf
262,Rectifying Magnitude Neglect in Linear Attention,iccv,2025,https://openaccess.thecvf.com/content/ICCV2025/papers/Fan_Rectifying_Magnitude_Neglect_in_Linear_Attention_ICCV_2025_paper.pdf
263,"GEMeX: A Large-Scale, Groundable, and Explainable Medical VQA Benchmark for Chest X-ray Diagnosis",iccv,2025,https://openaccess.thecvf.com/content/ICCV2025/papers/Liu_GEMeX_A_Large-Scale_Groundable_and_Explainable_Medical_VQA_Benchmark_for_ICCV_2025_paper.pdf
264,Learning to See Inside Opaque Liquid Containers using Speckle Vibrometry,iccv,2025,https://openaccess.thecvf.com/content/ICCV2025/papers/Kichler_Learning_to_See_Inside_Opaque_Liquid_Containers_using_Speckle_Vibrometry_ICCV_2025_paper.pdf
265,HouseTour: A Virtual Real Estate A(I)gent,iccv,2025,https://openaccess.thecvf.com/content/ICCV2025/papers/Celen_HouseTour_A_Virtual_Real_Estate_AIgent_ICCV_2025_paper.pdf
266,Debiased Teacher for Day-to-Night Domain Adaptive Object Detection,iccv,2025,https://openaccess.thecvf.com/content/ICCV2025/papers/Cui_Debiased_Teacher_for_Day-to-Night_Domain_Adaptive_Object_Detection_ICCV_2025_paper.pdf
267,Frequency-Aligned Knowledge Distillation for Lightweight Spatiotemporal Forecasting,iccv,2025,https://openaccess.thecvf.com/content/ICCV2025/papers/Li_Frequency-Aligned_Knowledge_Distillation_for_Lightweight_Spatiotemporal_Forecasting_ICCV_2025_paper.pdf
268,Colors See Colors Ignore: Clothes Changing ReID with Color Disentanglement,iccv,2025,https://openaccess.thecvf.com/content/ICCV2025/papers/Pathak_Colors_See_Colors_Ignore_Clothes_Changing_ReID_with_Color_Disentanglement_ICCV_2025_paper.pdf
269,Image as an IMU: Estimating Camera Motion from a Single Motion-Blurred Image,iccv,2025,https://openaccess.thecvf.com/content/ICCV2025/papers/Chen_Image_as_an_IMU_Estimating_Camera_Motion_from_a_Single_ICCV_2025_paper.pdf
270,AnyI2V: Animating Any Conditional Image with Motion Control,iccv,2025,https://openaccess.thecvf.com/content/ICCV2025/papers/Li_AnyI2V_Animating_Any_Conditional_Image_with_Motion_Control_ICCV_2025_paper.pdf
271,GENMO: A GENeralist Model for Human MOtion,iccv,2025,https://openaccess.thecvf.com/content/ICCV2025/papers/Li_GENMO_A_GENeralist_Model_for_Human_MOtion_ICCV_2025_paper.pdf
272,M-Net: MRI Brain Tumor Sequential Segmentation Network via Mesh-Cast,iccv,2025,https://openaccess.thecvf.com/content/ICCV2025/papers/Lu_M-Net_MRI_Brain_Tumor_Sequential_Segmentation_Network_via_Mesh-Cast_ICCV_2025_paper.pdf
273,Weakly Supervised Visible-Infrared Person Re-Identification via Heterogeneous Expert Collaborative Consistency Learning,iccv,2025,https://openaccess.thecvf.com/content/ICCV2025/papers/Zhang_Weakly_Supervised_Visible-Infrared_Person_Re-Identification_via_Heterogeneous_Expert_Collaborative_Consistency_ICCV_2025_paper.pdf
274,Prompt-A-Video: Prompt Your Video Diffusion Model via Preference-Aligned LLM,iccv,2025,https://openaccess.thecvf.com/content/ICCV2025/papers/Ji_Prompt-A-Video_Prompt_Your_Video_Diffusion_Model_via_Preference-Aligned_LLM_ICCV_2025_paper.pdf
275,Diffusion Image Prior,iccv,2025,https://openaccess.thecvf.com/content/ICCV2025/papers/Chihaoui_Diffusion_Image_Prior_ICCV_2025_paper.pdf
276,Constructing Ophthalmic MLLM for Positioning-diagnosis Collaboration Through Clinical Cognitive Chain Reasoning,iccv,2025,https://openaccess.thecvf.com/content/ICCV2025/papers/Liu_Constructing_Ophthalmic_MLLM_for_Positioning-diagnosis_Collaboration_Through_Clinical_Cognitive_Chain_ICCV_2025_paper.pdf
277,MemDistill: Distilling LiDAR Knowledge into Memory for Camera-Only 3D Object Detection,iccv,2025,https://openaccess.thecvf.com/content/ICCV2025/papers/Kwon_MemDistill_Distilling_LiDAR_Knowledge_into_Memory_for_Camera-Only_3D_Object_ICCV_2025_paper.pdf
278,OpenRSD: Towards Open-prompts for Object Detection in Remote Sensing Images,iccv,2025,https://openaccess.thecvf.com/content/ICCV2025/papers/Huang_OpenRSD_Towards_Open-prompts_for_Object_Detection_in_Remote_Sensing_Images_ICCV_2025_paper.pdf
279,Privacy-centric Deep Motion Retargeting for Anonymization of Skeleton-Based Motion Visualization,iccv,2025,https://openaccess.thecvf.com/content/ICCV2025/papers/Carr_Privacy-centric_Deep_Motion_Retargeting_for_Anonymization_of_Skeleton-Based_Motion_Visualization_ICCV_2025_paper.pdf
280,FlashDepth: Real-time Streaming Video Depth Estimation at 2K Resolution,iccv,2025,https://openaccess.thecvf.com/content/ICCV2025/papers/Chou_FlashDepth_Real-time_Streaming_Video_Depth_Estimation_at_2K_Resolution_ICCV_2025_paper.pdf
281,Towards Performance Consistency in Multi-Level Model Collaboration,iccv,2025,https://openaccess.thecvf.com/content/ICCV2025/papers/Li_Towards_Performance_Consistency_in_Multi-Level_Model_Collaboration_ICCV_2025_paper.pdf
282,Polarimetric Neural Field via Unified Complex-Valued Wave Representation,iccv,2025,https://openaccess.thecvf.com/content/ICCV2025/papers/Zhou_Polarimetric_Neural_Field_via_Unified_Complex-Valued_Wave_Representation_ICCV_2025_paper.pdf
283,CLIP-Adapted Region-to-Text Learning for Generative Open-Vocabulary Semantic Segmentation,iccv,2025,https://openaccess.thecvf.com/content/ICCV2025/papers/Ge_CLIP-Adapted_Region-to-Text_Learning_for_Generative_Open-Vocabulary_Semantic_Segmentation_ICCV_2025_paper.pdf
284,"Where, What, Why: Towards Explainable Driver Attention Prediction",iccv,2025,https://openaccess.thecvf.com/content/ICCV2025/papers/Zhou_Where_What_Why_Towards_Explainable_Driver_Attention_Prediction_ICCV_2025_paper.pdf
285,MeshAnything V2: Artist-Created Mesh Generation with Adjacent Mesh Tokenization,iccv,2025,https://openaccess.thecvf.com/content/ICCV2025/papers/Chen_MeshAnything_V2_Artist-Created_Mesh_Generation_with_Adjacent_Mesh_Tokenization_ICCV_2025_paper.pdf
286,Visual Intention Grounding for Egocentric Assistants,iccv,2025,https://openaccess.thecvf.com/content/ICCV2025/papers/Sun_Visual_Intention_Grounding_for_Egocentric_Assistants_ICCV_2025_paper.pdf
287,Analyzing Finetuning Representation Shift for Multimodal LLMs Steering,iccv,2025,https://openaccess.thecvf.com/content/ICCV2025/papers/Khayatan_Analyzing_Finetuning_Representation_Shift_for_Multimodal_LLMs_Steering_ICCV_2025_paper.pdf
288,TeethGenerator: A two-stage framework for paired pre- and post-orthodontic 3D dental data generation,iccv,2025,https://openaccess.thecvf.com/content/ICCV2025/papers/Lei_TeethGenerator_A_two-stage_framework_for_paired_pre-_and_post-orthodontic_3D_ICCV_2025_paper.pdf
289,Enhancing Zero-shot Object Counting via Text-guided Local Ranking and Number-evoked Global Attention,iccv,2025,https://openaccess.thecvf.com/content/ICCV2025/papers/Zhang_Enhancing_Zero-shot_Object_Counting_via_Text-guided_Local_Ranking_and_Number-evoked_ICCV_2025_paper.pdf
290,Bidirectional Likelihood Estimation with Multi-Modal Large Language Models for Text-Video Retrieval,iccv,2025,https://openaccess.thecvf.com/content/ICCV2025/papers/Ko_Bidirectional_Likelihood_Estimation_with_Multi-Modal_Large_Language_Models_for_Text-Video_ICCV_2025_paper.pdf
291,TinyViM: Frequency Decoupling for Tiny Hybrid Vision Mamba,iccv,2025,https://openaccess.thecvf.com/content/ICCV2025/papers/Ma_TinyViM_Frequency_Decoupling_for_Tiny_Hybrid_Vision_Mamba_ICCV_2025_paper.pdf
292,Harnessing Massive Satellite Imagery with Efficient Masked Image Modeling,iccv,2025,https://openaccess.thecvf.com/content/ICCV2025/papers/Wang_Harnessing_Massive_Satellite_Imagery_with_Efficient_Masked_Image_Modeling_ICCV_2025_paper.pdf
293,Visual-Oriented Fine-Grained Knowledge Editing for MultiModal Large Language Models,iccv,2025,https://openaccess.thecvf.com/content/ICCV2025/papers/Zeng_Visual-Oriented_Fine-Grained_Knowledge_Editing_for_MultiModal_Large_Language_Models_ICCV_2025_paper.pdf
294,Bridging Domain Generalization to Multimodal Domain Generalization via Unified Representations,iccv,2025,https://openaccess.thecvf.com/content/ICCV2025/papers/Huang_Bridging_Domain_Generalization_to_Multimodal_Domain_Generalization_via_Unified_Representations_ICCV_2025_paper.pdf
295,A Recipe for Generating 3D Worlds from a Single Image,iccv,2025,https://openaccess.thecvf.com/content/ICCV2025/papers/Schwarz_A_Recipe_for_Generating_3D_Worlds_from_a_Single_Image_ICCV_2025_paper.pdf
296,MVGBench: a Comprehensive Benchmark for Multi-view Generation Models,iccv,2025,https://openaccess.thecvf.com/content/ICCV2025/papers/Xie_MVGBench_a_Comprehensive_Benchmark_for_Multi-view_Generation_Models_ICCV_2025_paper.pdf
297,Fewer Denoising Steps or Cheaper Per-Step Inference: Towards Compute-Optimal Diffusion Model Deployment,iccv,2025,https://openaccess.thecvf.com/content/ICCV2025/papers/Du_Fewer_Denoising_Steps_or_Cheaper_Per-Step_Inference_Towards_Compute-Optimal_Diffusion_ICCV_2025_paper.pdf
298,Competitive Distillation: A Simple Learning Strategy for Improving Visual Classification,iccv,2025,https://openaccess.thecvf.com/content/ICCV2025/papers/Shi_Competitive_Distillation_A_Simple_Learning_Strategy_for_Improving_Visual_Classification_ICCV_2025_paper.pdf
299,DynFaceRestore: Balancing Fidelity and Quality in Diffusion-Guided Blind Face Restoration with Dynamic Blur-Level Mapping and Guidance,iccv,2025,https://openaccess.thecvf.com/content/ICCV2025/papers/Do_DynFaceRestore_Balancing_Fidelity_and_Quality_in_Diffusion-Guided_Blind_Face_Restoration_ICCV_2025_paper.pdf
300,LoRAverse: A Submodular Framework to Retrieve Diverse Adapters for Diffusion Models,iccv,2025,https://openaccess.thecvf.com/content/ICCV2025/papers/Sonmezer_LoRAverse_A_Submodular_Framework_to_Retrieve_Diverse_Adapters_for_Diffusion_ICCV_2025_paper.pdf
301,AllTracker: Efficient Dense Point Tracking at High Resolution,iccv,2025,https://openaccess.thecvf.com/content/ICCV2025/papers/Harley_AllTracker_Efficient_Dense_Point_Tracking_at_High_Resolution_ICCV_2025_paper.pdf
302,Gaussian-based World Model: Gaussian Priors for Voxel-Based Occupancy Prediction and Future Motion Prediction,iccv,2025,https://openaccess.thecvf.com/content/ICCV2025/papers/Feng_Gaussian-based_World_Model_Gaussian_Priors_for_Voxel-Based_Occupancy_Prediction_and_ICCV_2025_paper.pdf
303,CombatVLA: An Efficient Vision-Language-Action Model for Combat Tasks in 3D Action Role-Playing Games,iccv,2025,https://openaccess.thecvf.com/content/ICCV2025/papers/Chen_CombatVLA_An_Efficient_Vision-Language-Action_Model_for_Combat_Tasks_in_3D_ICCV_2025_paper.pdf
304,SketchSplat: 3D Edge Reconstruction via Differentiable Multi-view Sketch Splatting,iccv,2025,https://openaccess.thecvf.com/content/ICCV2025/papers/Ying_SketchSplat_3D_Edge_Reconstruction_via_Differentiable_Multi-view_Sketch_Splatting_ICCV_2025_paper.pdf
305,Social Debiasing for Fair Multi-modal LLMs,iccv,2025,https://openaccess.thecvf.com/content/ICCV2025/papers/Cheng_Social_Debiasing_for_Fair_Multi-modal_LLMs_ICCV_2025_paper.pdf
306,DOGR: Towards Versatile Visual Document Grounding and Referring,iccv,2025,https://openaccess.thecvf.com/content/ICCV2025/papers/Zhou_DOGR_Towards_Versatile_Visual_Document_Grounding_and_Referring_ICCV_2025_paper.pdf
307,Benchmarking and Learning Multi-Dimensional Quality Evaluator for Text-to-3D Generation,iccv,2025,https://openaccess.thecvf.com/content/ICCV2025/papers/Zhang_Benchmarking_and_Learning_Multi-Dimensional_Quality_Evaluator_for_Text-to-3D_Generation_ICCV_2025_paper.pdf
308,Sat2City: 3D City Generation from A Single Satellite Image with Cascaded Latent Diffusion,iccv,2025,https://openaccess.thecvf.com/content/ICCV2025/papers/Hua_Sat2City_3D_City_Generation_from_A_Single_Satellite_Image_with_ICCV_2025_paper.pdf
309,Hi3DGen: High-fidelity 3D Geometry Generation from Images via Normal Bridging,iccv,2025,https://openaccess.thecvf.com/content/ICCV2025/papers/Ye_Hi3DGen_High-fidelity_3D_Geometry_Generation_from_Images_via_Normal_Bridging_ICCV_2025_paper.pdf
310,SC-Captioner: Improving Image Captioning with Self-Correction by Reinforcement Learning,iccv,2025,https://openaccess.thecvf.com/content/ICCV2025/papers/Zhang_SC-Captioner_Improving_Image_Captioning_with_Self-Correction_by_Reinforcement_Learning_ICCV_2025_paper.pdf
311,DreamDance: Animating Human Images by Enriching 3D Geometry Cues from 2D Poses,iccv,2025,https://openaccess.thecvf.com/content/ICCV2025/papers/Pang_DreamDance_Animating_Human_Images_by_Enriching_3D_Geometry_Cues_from_ICCV_2025_paper.pdf
312,MBTI: Masked Blending Transformers with Implicit Positional Encoding for Frame-rate Agnostic Motion Estimation,iccv,2025,https://openaccess.thecvf.com/content/ICCV2025/papers/Huh_MBTI_Masked_Blending_Transformers_with_Implicit_Positional_Encoding_for_Frame-rate_ICCV_2025_paper.pdf
313,MixRI: Mixing Features of Reference Images for Novel Object Pose Estimation,iccv,2025,https://openaccess.thecvf.com/content/ICCV2025/papers/Liu_MixRI_Mixing_Features_of_Reference_Images_for_Novel_Object_Pose_ICCV_2025_paper.pdf
314,p-AVAS: Can Physics-Integrated Audio-Visual Modeling Boost Neural Acoustic Synthesis?,iccv,2025,https://openaccess.thecvf.com/content/ICCV2025/papers/Liang_p-AVAS_Can_Physics-Integrated_Audio-Visual_Modeling_Boost_Neural_Acoustic_Synthesis_ICCV_2025_paper.pdf
315,Learning Precise Affordances from Egocentric Videos for Robotic Manipulation,iccv,2025,https://openaccess.thecvf.com/content/ICCV2025/papers/Li_Learning_Precise_Affordances_from_Egocentric_Videos_for_Robotic_Manipulation_ICCV_2025_paper.pdf
316,VAFlow: Video-to-Audio Generation with Cross-Modality Flow Matching,iccv,2025,https://openaccess.thecvf.com/content/ICCV2025/papers/Wang_VAFlow_Video-to-Audio_Generation_with_Cross-Modality_Flow_Matching_ICCV_2025_paper.pdf
317,HDR Image Generation via Gain Map Decomposed Diffusion,iccv,2025,https://openaccess.thecvf.com/content/ICCV2025/papers/Guan_HDR_Image_Generation_via_Gain_Map_Decomposed_Diffusion_ICCV_2025_paper.pdf
318,DiffuMatch: Category-Agnostic Spectral Diffusion Priors for Robust Non-rigid Shape Matching,iccv,2025,https://openaccess.thecvf.com/content/ICCV2025/papers/Pierson_DiffuMatch_Category-Agnostic_Spectral_Diffusion_Priors_for_Robust_Non-rigid_Shape_Matching_ICCV_2025_paper.pdf
319,MoGA: 3D Generative Avatar Prior for Monocular Gaussian Avatar Reconstruction,iccv,2025,https://openaccess.thecvf.com/content/ICCV2025/papers/Dong_MoGA_3D_Generative_Avatar_Prior_for_Monocular_Gaussian_Avatar_Reconstruction_ICCV_2025_paper.pdf
320,Aligning Moments in Time using Video Queries,iccv,2025,https://openaccess.thecvf.com/content/ICCV2025/papers/Kumar_Aligning_Moments_in_Time_using_Video_Queries_ICCV_2025_paper.pdf
321,StreamGS: Online Generalizable Gaussian Splatting Reconstruction for Unposed Image Streams,iccv,2025,https://openaccess.thecvf.com/content/ICCV2025/papers/Li_StreamGS_Online_Generalizable_Gaussian_Splatting_Reconstruction_for_Unposed_Image_Streams_ICCV_2025_paper.pdf
322,Adversarial Attention Perturbations for Large Object Detection Transformers,iccv,2025,https://openaccess.thecvf.com/content/ICCV2025/papers/Yahn_Adversarial_Attention_Perturbations_for_Large_Object_Detection_Transformers_ICCV_2025_paper.pdf
323,Meta-Learning Dynamic Center Distance: Hard Sample Mining for Learning with Noisy Labels,iccv,2025,https://openaccess.thecvf.com/content/ICCV2025/papers/Mu_Meta-Learning_Dynamic_Center_Distance_Hard_Sample_Mining_for_Learning_with_ICCV_2025_paper.pdf
324,Ensemble Foreground Management for Unsupervised Object Discovery,iccv,2025,https://openaccess.thecvf.com/content/ICCV2025/papers/Wu_Ensemble_Foreground_Management_for_Unsupervised_Object_Discovery_ICCV_2025_paper.pdf
325,RESCUE: Crowd Evacuation Simulation via Controlling SDM-United Characters,iccv,2025,https://openaccess.thecvf.com/content/ICCV2025/papers/Liu_RESCUE_Crowd_Evacuation_Simulation_via_Controlling_SDM-United_Characters_ICCV_2025_paper.pdf
326,Joint Diffusion Models in Continual Learning,iccv,2025,https://openaccess.thecvf.com/content/ICCV2025/papers/Skiers_Joint_Diffusion_Models_in_Continual_Learning_ICCV_2025_paper.pdf
327,MissRAG: Addressing the Missing Modality Challenge in Multimodal Large Language Models,iccv,2025,https://openaccess.thecvf.com/content/ICCV2025/papers/Pipoli_MissRAG_Addressing_the_Missing_Modality_Challenge_in_Multimodal_Large_Language_ICCV_2025_paper.pdf
328,Signs as Tokens: A Retrieval-Enhanced Multilingual Sign Language Generator,iccv,2025,https://openaccess.thecvf.com/content/ICCV2025/papers/Zuo_Signs_as_Tokens_A_Retrieval-Enhanced_Multilingual_Sign_Language_Generator_ICCV_2025_paper.pdf
329,Test-Time Prompt Tuning for Zero-Shot Depth Completion,iccv,2025,https://openaccess.thecvf.com/content/ICCV2025/papers/Jeong_Test-Time_Prompt_Tuning_for_Zero-Shot_Depth_Completion_ICCV_2025_paper.pdf
330,GUIOdyssey: A Comprehensive Dataset for Cross-App GUI Navigation on Mobile Devices,iccv,2025,https://openaccess.thecvf.com/content/ICCV2025/papers/Lu_GUIOdyssey_A_Comprehensive_Dataset_for_Cross-App_GUI_Navigation_on_Mobile_ICCV_2025_paper.pdf
331,TOTP: Transferable Online Pedestrian Trajectory Prediction with Temporal-Adaptive Mamba Latent Diffusion,iccv,2025,https://openaccess.thecvf.com/content/ICCV2025/papers/Ren_TOTP_Transferable_Online_Pedestrian_Trajectory_Prediction_with_Temporal-Adaptive_Mamba_Latent_ICCV_2025_paper.pdf
332,AstroLoc: Robust Space to Ground Image Localizer,iccv,2025,https://openaccess.thecvf.com/content/ICCV2025/papers/Berton_AstroLoc_Robust_Space_to_Ground_Image_Localizer_ICCV_2025_paper.pdf
333,Dual Recursive Feedback on Generation and Appearance Latents for Pose-Robust Text-to-Image Diffusion,iccv,2025,https://openaccess.thecvf.com/content/ICCV2025/papers/Kim_Dual_Recursive_Feedback_on_Generation_and_Appearance_Latents_for_Pose-Robust_ICCV_2025_paper.pdf
334,Chimera: Improving Generalist Model with Domain-Specific Experts,iccv,2025,https://openaccess.thecvf.com/content/ICCV2025/papers/Peng_Chimera_Improving_Generalist_Model_with_Domain-Specific_Experts_ICCV_2025_paper.pdf
335,EgoM2P: Egocentric Multimodal Multitask Pretraining,iccv,2025,https://openaccess.thecvf.com/content/ICCV2025/papers/Li_EgoM2P_Egocentric_Multimodal_Multitask_Pretraining_ICCV_2025_paper.pdf
336,On Large Multimodal Models as Open-World Image Classifiers,iccv,2025,https://openaccess.thecvf.com/content/ICCV2025/papers/Conti_On_Large_Multimodal_Models_as_Open-World_Image_Classifiers_ICCV_2025_paper.pdf
337,Adaptive Hyper-Graph Convolution Network for Skeleton-based Human Action Recognition with Virtual Connections,iccv,2025,https://openaccess.thecvf.com/content/ICCV2025/papers/Zhou_Adaptive_Hyper-Graph_Convolution_Network_for_Skeleton-based_Human_Action_Recognition_with_ICCV_2025_paper.pdf
338,Simultaneous Motion And Noise Estimation with Event Cameras,iccv,2025,https://openaccess.thecvf.com/content/ICCV2025/papers/Shiba_Simultaneous_Motion_And_Noise_Estimation_with_Event_Cameras_ICCV_2025_paper.pdf
339,Supercharging Floorplan Localization with Semantic Rays,iccv,2025,https://openaccess.thecvf.com/content/ICCV2025/papers/Grader_Supercharging_Floorplan_Localization_with_Semantic_Rays_ICCV_2025_paper.pdf
340,MDP3: A Training-free Approach for List-wise Frame Selection in Video-LLMs,iccv,2025,https://openaccess.thecvf.com/content/ICCV2025/papers/Sun_MDP3_A_Training-free_Approach_for_List-wise_Frame_Selection_in_Video-LLMs_ICCV_2025_paper.pdf
341,General Compression Framework for Efficient Transformer Object Tracking,iccv,2025,https://openaccess.thecvf.com/content/ICCV2025/papers/Hong_General_Compression_Framework_for_Efficient_Transformer_Object_Tracking_ICCV_2025_paper.pdf
342,Toward Long-Tailed Online Anomaly Detection through Class-Agnostic Concepts,iccv,2025,https://openaccess.thecvf.com/content/ICCV2025/papers/Yang_Toward_Long-Tailed_Online_Anomaly_Detection_through_Class-Agnostic_Concepts_ICCV_2025_paper.pdf
343,CIARD: Cyclic Iterative Adversarial Robustness Distillation,iccv,2025,https://openaccess.thecvf.com/content/ICCV2025/papers/Lu_CIARD_Cyclic_Iterative_Adversarial_Robustness_Distillation_ICCV_2025_paper.pdf
344,DiffTell: A High-Quality Dataset for Describing Image Manipulation Changes,iccv,2025,https://openaccess.thecvf.com/content/ICCV2025/papers/Di_DiffTell_A_High-Quality_Dataset_for_Describing_Image_Manipulation_Changes_ICCV_2025_paper.pdf
345,A Plug-and-Play Physical Motion Restoration Approach for In-the-Wild High-Difficulty Motions,iccv,2025,https://openaccess.thecvf.com/content/ICCV2025/papers/Zhang_A_Plug-and-Play_Physical_Motion_Restoration_Approach_for_In-the-Wild_High-Difficulty_Motions_ICCV_2025_paper.pdf
346,Local Dense Logit Relations for Enhanced Knowledge Distillation,iccv,2025,https://openaccess.thecvf.com/content/ICCV2025/papers/Xu_Local_Dense_Logit_Relations_for_Enhanced_Knowledge_Distillation_ICCV_2025_paper.pdf
347,Less is More: Empowering GUI Agent with Context-Aware Simplification,iccv,2025,https://openaccess.thecvf.com/content/ICCV2025/papers/Chen_Less_is_More_Empowering_GUI_Agent_with_Context-Aware_Simplification_ICCV_2025_paper.pdf
348,TrafficLoc: Localizing Traffic Surveillance Cameras in 3D Scenes,iccv,2025,https://openaccess.thecvf.com/content/ICCV2025/papers/Xia_TrafficLoc_Localizing_Traffic_Surveillance_Cameras_in_3D_Scenes_ICCV_2025_paper.pdf
349,Detect Anything 3D in the Wild,iccv,2025,https://openaccess.thecvf.com/content/ICCV2025/papers/Zhang_Detect_Anything_3D_in_the_Wild_ICCV_2025_paper.pdf
350,Failure Cases Are Better Learned But Boundary Says Sorry: Facilitating Smooth Perception Change for Accuracy-Robustness Trade-Off in Adversarial Training,iccv,2025,https://openaccess.thecvf.com/content/ICCV2025/papers/Wang_Failure_Cases_Are_Better_Learned_But_Boundary_Says_Sorry_Facilitating_ICCV_2025_paper.pdf
351,CA-I2P: Channel-Adaptive Registration Network with Global Optimal Selection,iccv,2025,https://openaccess.thecvf.com/content/ICCV2025/papers/Cheng_CA-I2P_Channel-Adaptive_Registration_Network_with_Global_Optimal_Selection_ICCV_2025_paper.pdf
352,Exploiting Vision Language Model for Training-Free 3D Point Cloud OOD Detection via Graph Score Propagation,iccv,2025,https://openaccess.thecvf.com/content/ICCV2025/papers/Chen_Exploiting_Vision_Language_Model_for_Training-Free_3D_Point_Cloud_OOD_ICCV_2025_paper.pdf
353,Monocular Facial Appearance Capture in the Wild,iccv,2025,https://openaccess.thecvf.com/content/ICCV2025/papers/Xu_Monocular_Facial_Appearance_Capture_in_the_Wild_ICCV_2025_paper.pdf
354,Gaussian Variation Field Diffusion for High-fidelity Video-to-4D Synthesis,iccv,2025,https://openaccess.thecvf.com/content/ICCV2025/papers/Zhang_Gaussian_Variation_Field_Diffusion_for_High-fidelity_Video-to-4D_Synthesis_ICCV_2025_paper.pdf
355,Can3Tok: Canonical 3D Tokenization and Latent Modeling of Scene-Level 3D Gaussians,iccv,2025,https://openaccess.thecvf.com/content/ICCV2025/papers/Gao_Can3Tok_Canonical_3D_Tokenization_and_Latent_Modeling_of_Scene-Level_3D_ICCV_2025_paper.pdf
356,EmotiCrafter: Text-to-Emotional-Image Generation based on Valence-Arousal Model,iccv,2025,https://openaccess.thecvf.com/content/ICCV2025/papers/Dang_EmotiCrafter_Text-to-Emotional-Image_Generation_based_on_Valence-Arousal_Model_ICCV_2025_paper.pdf
357,HFD-Teacher: High-Frequency Depth Distillation from Depth Foundation Models for Enhanced Depth Completion,iccv,2025,https://openaccess.thecvf.com/content/ICCV2025/papers/Yang_HFD-Teacher_High-Frequency_Depth_Distillation_from_Depth_Foundation_Models_for_Enhanced_ICCV_2025_paper.pdf
358,EAMamba: Efficient All-Around Vision State Space Model for Image Restoration,iccv,2025,https://openaccess.thecvf.com/content/ICCV2025/papers/Lin_EAMamba_Efficient_All-Around_Vision_State_Space_Model_for_Image_Restoration_ICCV_2025_paper.pdf
359,AHCPTQ: Accurate and Hardware-Compatible Post-Training Quantization for Segment Anything Model,iccv,2025,https://openaccess.thecvf.com/content/ICCV2025/papers/Zhang_AHCPTQ_Accurate_and_Hardware-Compatible_Post-Training_Quantization_for_Segment_Anything_Model_ICCV_2025_paper.pdf
360,WonderTurbo: Generating Interactive 3D World in 0.72 Seconds,iccv,2025,https://openaccess.thecvf.com/content/ICCV2025/papers/Ni_WonderTurbo_Generating_Interactive_3D_World_in_0.72_Seconds_ICCV_2025_paper.pdf
361,Learning Hierarchical Line Buffer for Image Processing,iccv,2025,https://openaccess.thecvf.com/content/ICCV2025/papers/Li_Learning_Hierarchical_Line_Buffer_for_Image_Processing_ICCV_2025_paper.pdf
362,Looking in the Mirror: A Faithful Counterfactual Explanation Method for Interpreting Deep Image Classification Models,iccv,2025,https://openaccess.thecvf.com/content/ICCV2025/papers/Chowdhury_Looking_in_the_Mirror_A_Faithful_Counterfactual_Explanation_Method_for_ICCV_2025_paper.pdf
363,Inference-Time Diffusion Model Distillation,iccv,2025,https://openaccess.thecvf.com/content/ICCV2025/papers/Park_Inference-Time_Diffusion_Model_Distillation_ICCV_2025_paper.pdf
364,S3E: Self-Supervised State Estimation for Radar-Inertial System,iccv,2025,https://openaccess.thecvf.com/content/ICCV2025/papers/Wang_S3E_Self-Supervised_State_Estimation_for_Radar-Inertial_System_ICCV_2025_paper.pdf
365,Rethinking Key-frame-based Micro-expression Recognition: A Robust and Accurate Framework Against Key-frame Errors,iccv,2025,https://openaccess.thecvf.com/content/ICCV2025/papers/Zhang_Rethinking_Key-frame-based_Micro-expression_Recognition_A_Robust_and_Accurate_Framework_Against_ICCV_2025_paper.pdf
366,Target Bias Is All You Need: Zero-Shot Debiasing of Vision-Language Models with Bias Corpus,iccv,2025,https://openaccess.thecvf.com/content/ICCV2025/papers/Jang_Target_Bias_Is_All_You_Need_Zero-Shot_Debiasing_of_Vision-Language_ICCV_2025_paper.pdf
367,"Mastering Collaborative Multi-modal Data Selection: A Focus on Informativeness, Uniqueness, and Representativeness",iccv,2025,https://openaccess.thecvf.com/content/ICCV2025/papers/Yu_Mastering_Collaborative_Multi-modal_Data_Selection_A_Focus_on_Informativeness_Uniqueness_ICCV_2025_paper.pdf
368,WIR3D: Visually-Informed and Geometry-Aware 3D Shape Abstraction,iccv,2025,https://openaccess.thecvf.com/content/ICCV2025/papers/Liu_WIR3D_Visually-Informed_and_Geometry-Aware_3D_Shape_Abstraction_ICCV_2025_paper.pdf
369,XTrack: Multimodal Training Boosts RGB-X Video Object Trackers,iccv,2025,https://openaccess.thecvf.com/content/ICCV2025/papers/Tan_XTrack_Multimodal_Training_Boosts_RGB-X_Video_Object_Trackers_ICCV_2025_paper.pdf
370,FaceCraft4D: Animated 3D Facial Avatar Generation from a Single Image,iccv,2025,https://openaccess.thecvf.com/content/ICCV2025/papers/Yin_FaceCraft4D_Animated_3D_Facial_Avatar_Generation_from_a_Single_Image_ICCV_2025_paper.pdf
371,GenFlow3D: Generative Scene Flow Estimation and Prediction on Point Cloud Sequences,iccv,2025,https://openaccess.thecvf.com/content/ICCV2025/papers/Li_GenFlow3D_Generative_Scene_Flow_Estimation_and_Prediction_on_Point_Cloud_ICCV_2025_paper.pdf
372,Attention to Neural Plagiarism: Diffusion Models Can Plagiarize Your Copyrighted Images!,iccv,2025,https://openaccess.thecvf.com/content/ICCV2025/papers/Zou_Attention_to_Neural_Plagiarism_Diffusion_Models_Can_Plagiarize_Your_Copyrighted_ICCV_2025_paper.pdf
373,PBCAT: Patch-Based Composite Adversarial Training against Physically Realizable Attacks on Object Detection,iccv,2025,https://openaccess.thecvf.com/content/ICCV2025/papers/Li_PBCAT_Patch-Based_Composite_Adversarial_Training_against_Physically_Realizable_Attacks_on_ICCV_2025_paper.pdf
374,TRCE: Towards Reliable Malicious Concept Erasure in Text-to-Image Diffusion Models,iccv,2025,https://openaccess.thecvf.com/content/ICCV2025/papers/Chen_TRCE_Towards_Reliable_Malicious_Concept_Erasure_in_Text-to-Image_Diffusion_Models_ICCV_2025_paper.pdf
375,PossLoss: A Reliable and Sensitive Facial Landmark Detection Loss Function,iccv,2025,https://openaccess.thecvf.com/content/ICCV2025/papers/Zhu_PossLoss_A_Reliable_and_Sensitive_Facial_Landmark_Detection_Loss_Function_ICCV_2025_paper.pdf
376,ChartPoint: Guiding MLLMs with Grounding Reflection for Chart Reasoning,iccv,2025,https://openaccess.thecvf.com/content/ICCV2025/papers/Xu_ChartPoint_Guiding_MLLMs_with_Grounding_Reflection_for_Chart_Reasoning_ICCV_2025_paper.pdf
377,StealthAttack: Robust 3D Gaussian Splatting Poisoning via Density-Guided Illusions,iccv,2025,https://openaccess.thecvf.com/content/ICCV2025/papers/Ke_StealthAttack_Robust_3D_Gaussian_Splatting_Poisoning_via_Density-Guided_Illusions_ICCV_2025_paper.pdf
378,LightCity: An Urban Dataset for Outdoor Inverse Rendering and Reconstruction under Multi-illumination Conditions,iccv,2025,https://openaccess.thecvf.com/content/ICCV2025/papers/Wang_LightCity_An_Urban_Dataset_for_Outdoor_Inverse_Rendering_and_Reconstruction_ICCV_2025_paper.pdf
379,On the Generalization of Representation Uncertainty in Earth Observation,iccv,2025,https://openaccess.thecvf.com/content/ICCV2025/papers/Kondylatos_On_the_Generalization_of_Representation_Uncertainty_in_Earth_Observation_ICCV_2025_paper.pdf
380,Region-aware Anchoring Mechanism for Efficient Referring Visual Grounding,iccv,2025,https://openaccess.thecvf.com/content/ICCV2025/papers/Ouyang_Region-aware_Anchoring_Mechanism_for_Efficient_Referring_Visual_Grounding_ICCV_2025_paper.pdf
381,Mind the Cost of Scaffold! Benign Clients May Even Become Accomplices of Backdoor Attack,iccv,2025,https://openaccess.thecvf.com/content/ICCV2025/papers/Han_Mind_the_Cost_of_Scaffold_Benign_Clients_May_Even_Become_ICCV_2025_paper.pdf
382,MV-Adapter: Multi-View Consistent Image Generation Made Easy,iccv,2025,https://openaccess.thecvf.com/content/ICCV2025/papers/Huang_MV-Adapter_Multi-View_Consistent_Image_Generation_Made_Easy_ICCV_2025_paper.pdf
383,Hybrid-Tower: Fine-grained Pseudo-query Interaction and Generation for Text-to-Video Retrieval,iccv,2025,https://openaccess.thecvf.com/content/ICCV2025/papers/Lan_Hybrid-Tower_Fine-grained_Pseudo-query_Interaction_and_Generation_for_Text-to-Video_Retrieval_ICCV_2025_paper.pdf
384,ATLAS: Decoupling Skeletal and Shape Parameters for Expressive Parametric Human Modeling,iccv,2025,https://openaccess.thecvf.com/content/ICCV2025/papers/Park_ATLAS_Decoupling_Skeletal_and_Shape_Parameters_for_Expressive_Parametric_Human_ICCV_2025_paper.pdf
385,Enhancing Reward Models for High-quality Image Generation: Beyond Text-Image Alignment,iccv,2025,https://openaccess.thecvf.com/content/ICCV2025/papers/Ba_Enhancing_Reward_Models_for_High-quality_Image_Generation_Beyond_Text-Image_Alignment_ICCV_2025_paper.pdf
386,PHATNet: A Physics-guided Haze Transfer Network for Domain-adaptive Real-world Image Dehazing,iccv,2025,https://openaccess.thecvf.com/content/ICCV2025/papers/Tsai_PHATNet_A_Physics-guided_Haze_Transfer_Network_for_Domain-adaptive_Real-world_Image_ICCV_2025_paper.pdf
387,Diagnosing Pretrained Models for Out-of-distribution Detection,iccv,2025,https://openaccess.thecvf.com/content/ICCV2025/papers/Xiong_Diagnosing_Pretrained_Models_for_Out-of-distribution_Detection_ICCV_2025_paper.pdf
388,LD-RPS: Zero-Shot Unified Image Restoration via Latent Diffusion Recurrent Posterior Sampling,iccv,2025,https://openaccess.thecvf.com/content/ICCV2025/papers/Li_LD-RPS_Zero-Shot_Unified_Image_Restoration_via_Latent_Diffusion_Recurrent_Posterior_ICCV_2025_paper.pdf
389,Outlier-Aware Post-Training Quantization for Image Super-Resolution,iccv,2025,https://openaccess.thecvf.com/content/ICCV2025/papers/Wang_Outlier-Aware_Post-Training_Quantization_for_Image_Super-Resolution_ICCV_2025_paper.pdf
390,Equipping Vision Foundation Model with Mixture of Experts for Out-of-Distribution Detection,iccv,2025,https://openaccess.thecvf.com/content/ICCV2025/papers/Zhao_Equipping_Vision_Foundation_Model_with_Mixture_of_Experts_for_Out-of-Distribution_ICCV_2025_paper.pdf
391,The Curse of Conditions: Analyzing and Improving Optimal Transport for Conditional Flow-Based Generation,iccv,2025,https://openaccess.thecvf.com/content/ICCV2025/papers/Cheng_The_Curse_of_Conditions_Analyzing_and_Improving_Optimal_Transport_for_ICCV_2025_paper.pdf
392,BlinkTrack: Feature Tracking over 80 FPS via Events and Images,iccv,2025,https://openaccess.thecvf.com/content/ICCV2025/papers/Shen_BlinkTrack_Feature_Tracking_over_80_FPS_via_Events_and_Images_ICCV_2025_paper.pdf
393,Less is More: Improving Motion Diffusion Models with Sparse Keyframes,iccv,2025,https://openaccess.thecvf.com/content/ICCV2025/papers/Bae_Less_is_More_Improving_Motion_Diffusion_Models_with_Sparse_Keyframes_ICCV_2025_paper.pdf
394,CAVIS: Context-Aware Video Instance Segmentation,iccv,2025,https://openaccess.thecvf.com/content/ICCV2025/papers/Lee_CAVIS_Context-Aware_Video_Instance_Segmentation_ICCV_2025_paper.pdf
395,LeanVAE: An Ultra-Efficient Reconstruction VAE for Video Diffusion Models,iccv,2025,https://openaccess.thecvf.com/content/ICCV2025/papers/Cheng_LeanVAE_An_Ultra-Efficient_Reconstruction_VAE_for_Video_Diffusion_Models_ICCV_2025_paper.pdf
396,Monocular Semantic Scene Completion via Masked Recurrent Networks,iccv,2025,https://openaccess.thecvf.com/content/ICCV2025/papers/Wang_Monocular_Semantic_Scene_Completion_via_Masked_Recurrent_Networks_ICCV_2025_paper.pdf
397,TurboReg: TurboClique for Robust and Efficient Point Cloud Registration,iccv,2025,https://openaccess.thecvf.com/content/ICCV2025/papers/Yan_TurboReg_TurboClique_for_Robust_and_Efficient_Point_Cloud_Registration_ICCV_2025_paper.pdf
398,AR-VRM: Imitating Human Motions for Visual Robot Manipulation with Analogical Reasoning,iccv,2025,https://openaccess.thecvf.com/content/ICCV2025/papers/Yang_AR-VRM_Imitating_Human_Motions_for_Visual_Robot_Manipulation_with_Analogical_ICCV_2025_paper.pdf
399,Self-Calibrated Variance-Stabilizing Transformations for Real-World Image Denoising,iccv,2025,https://openaccess.thecvf.com/content/ICCV2025/papers/Herbreteau_Self-Calibrated_Variance-Stabilizing_Transformations_for_Real-World_Image_Denoising_ICCV_2025_paper.pdf
400,HccePose(BF): Predicting Front & Back Surfaces to Construct Ultra-Dense 2D-3D Correspondences for Pose Estimation,iccv,2025,https://openaccess.thecvf.com/content/ICCV2025/papers/Wang_HccePoseBF_Predicting_Front__Back_Surfaces_to_Construct_Ultra-Dense_2D-3D_ICCV_2025_paper.pdf
401,Find Any Part in 3D,iccv,2025,https://openaccess.thecvf.com/content/ICCV2025/papers/Ma_Find_Any_Part_in_3D_ICCV_2025_paper.pdf
402,CompleteMe: Reference-based Human Image Completion,iccv,2025,https://openaccess.thecvf.com/content/ICCV2025/papers/Tsai_CompleteMe_Reference-based_Human_Image_Completion_ICCV_2025_paper.pdf
403,MMOne: Representing Multiple Modalities in One Scene,iccv,2025,https://openaccess.thecvf.com/content/ICCV2025/papers/Gu_MMOne_Representing_Multiple_Modalities_in_One_Scene_ICCV_2025_paper.pdf
404,VA-MoE: Variables-Adaptive Mixture of Experts for Incremental Weather Forecasting,iccv,2025,https://openaccess.thecvf.com/content/ICCV2025/papers/Chen_VA-MoE_Variables-Adaptive_Mixture_of_Experts_for_Incremental_Weather_Forecasting_ICCV_2025_paper.pdf
405,2HandedAfforder: Learning Precise Actionable Bimanual Affordances from Human Videos,iccv,2025,https://openaccess.thecvf.com/content/ICCV2025/papers/Heidinger_2HandedAfforder_Learning_Precise_Actionable_Bimanual_Affordances_from_Human_Videos_ICCV_2025_paper.pdf
406,GenDoP: Auto-regressive Camera Trajectory Generation as a Director of Photography,iccv,2025,https://openaccess.thecvf.com/content/ICCV2025/papers/Zhang_GenDoP_Auto-regressive_Camera_Trajectory_Generation_as_a_Director_of_Photography_ICCV_2025_paper.pdf
407,Latent Swap Joint Diffusion for 2D Long-Form Latent Generation,iccv,2025,https://openaccess.thecvf.com/content/ICCV2025/papers/Dai_Latent_Swap_Joint_Diffusion_for_2D_Long-Form_Latent_Generation_ICCV_2025_paper.pdf
408,Neural Inverse Rendering for High-Accuracy 3D Measurement of Moving Objects with Fewer Phase-Shifting Patterns,iccv,2025,https://openaccess.thecvf.com/content/ICCV2025/papers/Urakawa_Neural_Inverse_Rendering_for_High-Accuracy_3D_Measurement_of_Moving_Objects_ICCV_2025_paper.pdf
409,Embodied Navigation with Auxiliary Task of Action Description Prediction,iccv,2025,https://openaccess.thecvf.com/content/ICCV2025/papers/Kondoh_Embodied_Navigation_with_Auxiliary_Task_of_Action_Description_Prediction_ICCV_2025_paper.pdf
410,Taming the Untamed: Graph-Based Knowledge Retrieval and Reasoning for MLLMs to Conquer the Unknown,iccv,2025,https://openaccess.thecvf.com/content/ICCV2025/papers/Wang_Taming_the_Untamed_Graph-Based_Knowledge_Retrieval_and_Reasoning_for_MLLMs_ICCV_2025_paper.pdf
411,From Image to Video: An Empirical Study of Diffusion Representations,iccv,2025,https://openaccess.thecvf.com/content/ICCV2025/papers/Velez_From_Image_to_Video_An_Empirical_Study_of_Diffusion_Representations_ICCV_2025_paper.pdf
412,Diffusion Curriculum: Synthetic-to-Real Data Curriculum via Image-Guided Diffusion,iccv,2025,https://openaccess.thecvf.com/content/ICCV2025/papers/Liang_Diffusion_Curriculum_Synthetic-to-Real_Data_Curriculum_via_Image-Guided_Diffusion_ICCV_2025_paper.pdf
413,Dynamic-VLM: Simple Dynamic Visual Token Compression for VideoLLM,iccv,2025,https://openaccess.thecvf.com/content/ICCV2025/papers/Wang_Dynamic-VLM_Simple_Dynamic_Visual_Token_Compression_for_VideoLLM_ICCV_2025_paper.pdf
414,CCL-LGS: Contrastive Codebook Learning for 3D Language Gaussian Splatting,iccv,2025,https://openaccess.thecvf.com/content/ICCV2025/papers/Tian_CCL-LGS_Contrastive_Codebook_Learning_for_3D_Language_Gaussian_Splatting_ICCV_2025_paper.pdf
415,TRACE: Learning 3D Gaussian Physical Dynamics from Multi-view Videos,iccv,2025,https://openaccess.thecvf.com/content/ICCV2025/papers/Li_TRACE_Learning_3D_Gaussian_Physical_Dynamics_from_Multi-view_Videos_ICCV_2025_paper.pdf
416,"Two Losses, One Goal: Balancing Conflict Gradients for Semi-supervised Semantic Segmentation",iccv,2025,https://openaccess.thecvf.com/content/ICCV2025/papers/Sun_Two_Losses_One_Goal_Balancing_Conflict_Gradients_for_Semi-supervised_Semantic_ICCV_2025_paper.pdf
417,FreeCus: Free Lunch Subject-driven Customization in Diffusion Transformers,iccv,2025,https://openaccess.thecvf.com/content/ICCV2025/papers/Zhang_FreeCus_Free_Lunch_Subject-driven_Customization_in_Diffusion_Transformers_ICCV_2025_paper.pdf
418,Trokens: Semantic-Aware Relational Trajectory Tokens for Few-Shot Action Recognition,iccv,2025,https://openaccess.thecvf.com/content/ICCV2025/papers/Kumar_Trokens_Semantic-Aware_Relational_Trajectory_Tokens_for_Few-Shot_Action_Recognition_ICCV_2025_paper.pdf
419,MotionStreamer: Streaming Motion Generation via Diffusion-based Autoregressive Model in Causal Latent Space,iccv,2025,https://openaccess.thecvf.com/content/ICCV2025/papers/Xiao_MotionStreamer_Streaming_Motion_Generation_via_Diffusion-based_Autoregressive_Model_in_Causal_ICCV_2025_paper.pdf
420,RS-vHeat: Heat Conduction Guided Efficient Remote Sensing Foundation Model,iccv,2025,https://openaccess.thecvf.com/content/ICCV2025/papers/Hu_RS-vHeat_Heat_Conduction_Guided_Efficient_Remote_Sensing_Foundation_Model_ICCV_2025_paper.pdf
421,EA-Vit: Efficient Adaptation for Elastic Vision Transformer,iccv,2025,https://openaccess.thecvf.com/content/ICCV2025/papers/Zhu_EA-Vit_Efficient_Adaptation_for_Elastic_Vision_Transformer_ICCV_2025_paper.pdf
422,Aether: Geometric-Aware Unified World Modeling,iccv,2025,https://openaccess.thecvf.com/content/ICCV2025/papers/Zhu_Aether_Geometric-Aware_Unified_World_Modeling_ICCV_2025_paper.pdf
423,ArtEditor: Learning Customized Instructional Image Editor from Few-Shot Examples,iccv,2025,https://openaccess.thecvf.com/content/ICCV2025/papers/Huang_ArtEditor_Learning_Customized_Instructional_Image_Editor_from_Few-Shot_Examples_ICCV_2025_paper.pdf
424,LiON-LoRA: Rethinking LoRA Fusion to Unify Controllable Spatial and Temporal Generation for Video Diffusion,iccv,2025,https://openaccess.thecvf.com/content/ICCV2025/papers/Zhang_LiON-LoRA_Rethinking_LoRA_Fusion_to_Unify_Controllable_Spatial_and_Temporal_ICCV_2025_paper.pdf
425,VLIPP: Towards Physically Plausible Video Generation with Vision and Language Informed Physical Prior,iccv,2025,https://openaccess.thecvf.com/content/ICCV2025/papers/Yang_VLIPP_Towards_Physically_Plausible_Video_Generation_with_Vision_and_Language_ICCV_2025_paper.pdf
426,SAM4D: Segment Anything in Camera and LiDAR Streams,iccv,2025,https://openaccess.thecvf.com/content/ICCV2025/papers/Xu_SAM4D_Segment_Anything_in_Camera_and_LiDAR_Streams_ICCV_2025_paper.pdf
427,DreamRelation: Relation-Centric Video Customization,iccv,2025,https://openaccess.thecvf.com/content/ICCV2025/papers/Wei_DreamRelation_Relation-Centric_Video_Customization_ICCV_2025_paper.pdf
428,DropletVideo: A Dataset and Approach to Explore Integral Spatio-Temporal Consistent Video Generation,iccv,2025,https://openaccess.thecvf.com/content/ICCV2025/papers/Zhang_DropletVideo_A_Dataset_and_Approach_to_Explore_Integral_Spatio-Temporal_Consistent_ICCV_2025_paper.pdf
429,TAB: Transformer Attention Bottlenecks enable User Intervention and Debugging in Vision-Language Models,iccv,2025,https://openaccess.thecvf.com/content/ICCV2025/papers/Rahmanzadehgervi_TAB_Transformer_Attention_Bottlenecks_enable_User_Intervention_and_Debugging_in_ICCV_2025_paper.pdf
430,Towards Stabilized and Efficient Diffusion Transformers through Long-Skip-Connections with Spectral Constraints,iccv,2025,https://openaccess.thecvf.com/content/ICCV2025/papers/Chen_Towards_Stabilized_and_Efficient_Diffusion_Transformers_through_Long-Skip-Connections_with_Spectral_ICCV_2025_paper.pdf
431,Feature Extraction and Representation of Pre-training Point Cloud Based on Diffusion Models,iccv,2025,https://openaccess.thecvf.com/content/ICCV2025/papers/Qiu_Feature_Extraction_and_Representation_of_Pre-training_Point_Cloud_Based_on_ICCV_2025_paper.pdf
432,FLOAT: Generative Motion Latent Flow Matching for Audio-driven Talking Portrait,iccv,2025,https://openaccess.thecvf.com/content/ICCV2025/papers/Ki_FLOAT_Generative_Motion_Latent_Flow_Matching_for_Audio-driven_Talking_Portrait_ICCV_2025_paper.pdf
433,Membership Inference Attacks with False Discovery Rate Control,iccv,2025,https://openaccess.thecvf.com/content/ICCV2025/papers/Zhao_Membership_Inference_Attacks_with_False_Discovery_Rate_Control_ICCV_2025_paper.pdf
434,EmbodiedSplat: Personalized Real-to-Sim-to-Real Navigation with Gaussian Splats from a Mobile Device,iccv,2025,https://openaccess.thecvf.com/content/ICCV2025/papers/Chhablani_EmbodiedSplat_Personalized_Real-to-Sim-to-Real_Navigation_with_Gaussian_Splats_from_a_Mobile_ICCV_2025_paper.pdf
435,Sequential keypoint density estimator: an overlooked baseline of skeleton-based video anomaly detection,iccv,2025,https://openaccess.thecvf.com/content/ICCV2025/papers/Delic_Sequential_keypoint_density_estimator_an_overlooked_baseline_of_skeleton-based_video_ICCV_2025_paper.pdf
436,SynCity: Training-Free Generation of 3D Worlds,iccv,2025,https://openaccess.thecvf.com/content/ICCV2025/papers/Engstler_SynCity_Training-Free_Generation_of_3D_Worlds_ICCV_2025_paper.pdf
437,Resonance: Learning to Predict Social-Aware Pedestrian Trajectories as Co-Vibrations,iccv,2025,https://openaccess.thecvf.com/content/ICCV2025/papers/Wong_Resonance_Learning_to_Predict_Social-Aware_Pedestrian_Trajectories_as_Co-Vibrations_ICCV_2025_paper.pdf
438,Adversarial Training for Probabilistic Robustness,iccv,2025,https://openaccess.thecvf.com/content/ICCV2025/papers/Zhang_Adversarial_Training_for_Probabilistic_Robustness_ICCV_2025_paper.pdf
439,MUNBa: Machine Unlearning via Nash Bargaining,iccv,2025,https://openaccess.thecvf.com/content/ICCV2025/papers/Wu_MUNBa_Machine_Unlearning_via_Nash_Bargaining_ICCV_2025_paper.pdf
440,DLF: Extreme Image Compression with Dual-generative Latent Fusion,iccv,2025,https://openaccess.thecvf.com/content/ICCV2025/papers/Xue_DLF_Extreme_Image_Compression_with_Dual-generative_Latent_Fusion_ICCV_2025_paper.pdf
441,PanoLlama: Generating Endless and Coherent Panoramas with Next-Token-Prediction LLMs,iccv,2025,https://openaccess.thecvf.com/content/ICCV2025/papers/Zhou_PanoLlama_Generating_Endless_and_Coherent_Panoramas_with_Next-Token-Prediction_LLMs_ICCV_2025_paper.pdf
442,Leaps and Bounds: An Improved Point Cloud Winding Number Formulation for Fast Normal Estimation and Surface Reconstruction,iccv,2025,https://openaccess.thecvf.com/content/ICCV2025/papers/Koneputugodage_Leaps_and_Bounds_An_Improved_Point_Cloud_Winding_Number_Formulation_ICCV_2025_paper.pdf
443,VQ-SGen: A Vector Quantized Stroke Representation for Creative Sketch Generation,iccv,2025,https://openaccess.thecvf.com/content/ICCV2025/papers/Wang_VQ-SGen_A_Vector_Quantized_Stroke_Representation_for_Creative_Sketch_Generation_ICCV_2025_paper.pdf
444,Cross-Category Subjectivity Generalization for Style-Adaptive Sketch Re-ID,iccv,2025,https://openaccess.thecvf.com/content/ICCV2025/papers/Hu_Cross-Category_Subjectivity_Generalization_for_Style-Adaptive_Sketch_Re-ID_ICCV_2025_paper.pdf
445,"VolumetricSMPL: A Neural Volumetric Body Model for Efficient Interactions, Contacts, and Collisions",iccv,2025,https://openaccess.thecvf.com/content/ICCV2025/papers/Mihajlovic_VolumetricSMPL_A_Neural_Volumetric_Body_Model_for_Efficient_Interactions_Contacts_ICCV_2025_paper.pdf
446,Spatial-Temporal Forgery Trace based Forgery Image Identification,iccv,2025,https://openaccess.thecvf.com/content/ICCV2025/papers/Wang_Spatial-Temporal_Forgery_Trace_based_Forgery_Image_Identification_ICCV_2025_paper.pdf
447,Passing the Driving Knowledge Test,iccv,2025,https://openaccess.thecvf.com/content/ICCV2025/papers/Wei_Passing_the_Driving_Knowledge_Test_ICCV_2025_paper.pdf
448,OneGT: One-Shot Geometry-Texture Neural Rendering for Head Avatars,iccv,2025,https://openaccess.thecvf.com/content/ICCV2025/papers/Chen_OneGT_One-Shot_Geometry-Texture_Neural_Rendering_for_Head_Avatars_ICCV_2025_paper.pdf
449,Joint Asymmetric Loss for Learning with Noisy Labels,iccv,2025,https://openaccess.thecvf.com/content/ICCV2025/papers/Wang_Joint_Asymmetric_Loss_for_Learning_with_Noisy_Labels_ICCV_2025_paper.pdf
450,A Unified Framework for Industrial Cel-Animation Colorization with Temporal-Structural Awareness,iccv,2025,https://openaccess.thecvf.com/content/ICCV2025/papers/Feng_A_Unified_Framework_for_Industrial_Cel-Animation_Colorization_with_Temporal-Structural_Awareness_ICCV_2025_paper.pdf
451,Uncalibrated Structure from Motion on a Sphere,iccv,2025,https://openaccess.thecvf.com/content/ICCV2025/papers/Ventura_Uncalibrated_Structure_from_Motion_on_a_Sphere_ICCV_2025_paper.pdf
452,CARL: Causality-guided Architecture Representation Learning for an Interpretable Performance Predictor,iccv,2025,https://openaccess.thecvf.com/content/ICCV2025/papers/Ji_CARL_Causality-guided_Architecture_Representation_Learning_for_an_Interpretable_Performance_Predictor_ICCV_2025_paper.pdf
453,An OpenMind for 3D Medical Vision Self-supervised Learning,iccv,2025,https://openaccess.thecvf.com/content/ICCV2025/papers/Wald_An_OpenMind_for_3D_Medical_Vision_Self-supervised_Learning_ICCV_2025_paper.pdf
454,Online Dense Point Tracking with Streaming Memory,iccv,2025,https://openaccess.thecvf.com/content/ICCV2025/papers/Dong_Online_Dense_Point_Tracking_with_Streaming_Memory_ICCV_2025_paper.pdf
455,MCID: Multi-aspect Copyright Infringement Detection for Generated Images,iccv,2025,https://openaccess.thecvf.com/content/ICCV2025/papers/Huang_MCID_Multi-aspect_Copyright_Infringement_Detection_for_Generated_Images_ICCV_2025_paper.pdf
456,Any2AnyTryon: Leveraging Adaptive Position Embeddings for Versatile Virtual Clothing Tasks,iccv,2025,https://openaccess.thecvf.com/content/ICCV2025/papers/Guo_Any2AnyTryon_Leveraging_Adaptive_Position_Embeddings_for_Versatile_Virtual_Clothing_Tasks_ICCV_2025_paper.pdf
457,STEP-DETR: Advancing DETR-based Semi-Supervised Object Detection with Super Teacher and Pseudo-Label Guided Text Queries,iccv,2025,https://openaccess.thecvf.com/content/ICCV2025/papers/Shehzadi_STEP-DETR_Advancing_DETR-based_Semi-Supervised_Object_Detection_with_Super_Teacher_and_ICCV_2025_paper.pdf
458,DISTA-Net: Dynamic Closely-Spaced Infrared Small Target Unmixing,iccv,2025,https://openaccess.thecvf.com/content/ICCV2025/papers/Han_DISTA-Net_Dynamic_Closely-Spaced_Infrared_Small_Target_Unmixing_ICCV_2025_paper.pdf
459,MDD: A Dataset for Text-and-Music Conditioned Duet Dance Generation,iccv,2025,https://openaccess.thecvf.com/content/ICCV2025/papers/Gupta_MDD_A_Dataset_for_Text-and-Music_Conditioned_Duet_Dance_Generation_ICCV_2025_paper.pdf
460,Met2Net: A Decoupled Two-Stage Spatio-Temporal Forecasting Model for Complex Meteorological Systems,iccv,2025,https://openaccess.thecvf.com/content/ICCV2025/papers/Li_Met2Net_A_Decoupled_Two-Stage_Spatio-Temporal_Forecasting_Model_for_Complex_Meteorological_ICCV_2025_paper.pdf
461,SVG-Head: Hybrid Surface-Volumetric Gaussians for High-Fidelity Head Reconstruction and Real-Time Editing,iccv,2025,https://openaccess.thecvf.com/content/ICCV2025/papers/Sun_SVG-Head_Hybrid_Surface-Volumetric_Gaussians_for_High-Fidelity_Head_Reconstruction_and_Real-Time_ICCV_2025_paper.pdf
462,Dynamic Dictionary Learning for Remote Sensing Image Segmentation,iccv,2025,https://openaccess.thecvf.com/content/ICCV2025/papers/Zou_Dynamic_Dictionary_Learning_for_Remote_Sensing_Image_Segmentation_ICCV_2025_paper.pdf
463,Video Motion Graphs,iccv,2025,https://openaccess.thecvf.com/content/ICCV2025/papers/Liu_Video_Motion_Graphs_ICCV_2025_paper.pdf
464,Ask and Remember: A Questions-Only Replay Strategy for Continual Visual Question Answering,iccv,2025,https://openaccess.thecvf.com/content/ICCV2025/papers/Marouf_Ask_and_Remember_A_Questions-Only_Replay_Strategy_for_Continual_Visual_ICCV_2025_paper.pdf
465,Dense Policy: Bidirectional Autoregressive Learning of Actions,iccv,2025,https://openaccess.thecvf.com/content/ICCV2025/papers/Su_Dense_Policy_Bidirectional_Autoregressive_Learning_of_Actions_ICCV_2025_paper.pdf
466,Conditional Visual Autoregressive Modeling for Pathological Image Restoration,iccv,2025,https://openaccess.thecvf.com/content/ICCV2025/papers/Liu_Conditional_Visual_Autoregressive_Modeling_for_Pathological_Image_Restoration_ICCV_2025_paper.pdf
467,BlueNeg: A 35mm Negative Film Dataset for Restoring Channel-Heterogeneous Deterioration,iccv,2025,https://openaccess.thecvf.com/content/ICCV2025/papers/Liu_BlueNeg_A_35mm_Negative_Film_Dataset_for_Restoring_Channel-Heterogeneous_Deterioration_ICCV_2025_paper.pdf
468,egoPPG: Heart Rate Estimation from Eye-Tracking Cameras in Egocentric Systems to Benefit Downstream Vision Tasks,iccv,2025,https://openaccess.thecvf.com/content/ICCV2025/papers/Braun_egoPPG_Heart_Rate_Estimation_from_Eye-Tracking_Cameras_in_Egocentric_Systems_ICCV_2025_paper.pdf
469,Beyond Pixel Uncertainty: Bounding the OoD Objects in Road Scenes,iccv,2025,https://openaccess.thecvf.com/content/ICCV2025/papers/Zhu_Beyond_Pixel_Uncertainty_Bounding_the_OoD_Objects_in_Road_Scenes_ICCV_2025_paper.pdf
470,Gain-MLP: Improving HDR Gain Map Encoding via a Lightweight MLP,iccv,2025,https://openaccess.thecvf.com/content/ICCV2025/papers/Canham_Gain-MLP_Improving_HDR_Gain_Map_Encoding_via_a_Lightweight_MLP_ICCV_2025_paper.pdf
471,MaterialMVP: Illumination-Invariant Material Generation via Multi-view PBR Diffusion,iccv,2025,https://openaccess.thecvf.com/content/ICCV2025/papers/He_MaterialMVP_Illumination-Invariant_Material_Generation_via_Multi-view_PBR_Diffusion_ICCV_2025_paper.pdf
472,Learning to See in the Extremely Dark,iccv,2025,https://openaccess.thecvf.com/content/ICCV2025/papers/Jiang_Learning_to_See_in_the_Extremely_Dark_ICCV_2025_paper.pdf
473,StyleMotif: Multi-Modal Motion Stylization using Style-Content Cross Fusion,iccv,2025,https://openaccess.thecvf.com/content/ICCV2025/papers/Guo_StyleMotif_Multi-Modal_Motion_Stylization_using_Style-Content_Cross_Fusion_ICCV_2025_paper.pdf
474,SpecGuard: Spectral Projection-based Advanced Invisible Watermarking,iccv,2025,https://openaccess.thecvf.com/content/ICCV2025/papers/Alam_SpecGuard_Spectral_Projection-based_Advanced_Invisible_Watermarking_ICCV_2025_paper.pdf
475,Scaling Laws for Native Multimodal Models,iccv,2025,https://openaccess.thecvf.com/content/ICCV2025/papers/Shukor_Scaling_Laws_for_Native_Multimodal_Models_ICCV_2025_paper.pdf
476,Bridging Diffusion Models and 3D Representations: A 3D Consistent Super-Resolution Framework,iccv,2025,https://openaccess.thecvf.com/content/ICCV2025/papers/Chen_Bridging_Diffusion_Models_and_3D_Representations_A_3D_Consistent_Super-Resolution_ICCV_2025_paper.pdf
477,MagicID: Hybrid Preference Optimization for ID-Consistent and Dynamic-Preserved Video Customization,iccv,2025,https://openaccess.thecvf.com/content/ICCV2025/papers/Li_MagicID_Hybrid_Preference_Optimization_for_ID-Consistent_and_Dynamic-Preserved_Video_Customization_ICCV_2025_paper.pdf
478,LookOut: Real-World Humanoid Egocentric Navigation,iccv,2025,https://openaccess.thecvf.com/content/ICCV2025/papers/Pan_LookOut_Real-World_Humanoid_Egocentric_Navigation_ICCV_2025_paper.pdf
479,Lightweight Gradient-Aware Upscaling of 3D Gaussian Splatting Images,iccv,2025,https://openaccess.thecvf.com/content/ICCV2025/papers/Niedermayr_Lightweight_Gradient-Aware_Upscaling_of_3D_Gaussian_Splatting_Images_ICCV_2025_paper.pdf
480,Motion-2-to-3: Leveraging 2D Motion Data for 3D Motion Generations,iccv,2025,https://openaccess.thecvf.com/content/ICCV2025/papers/Guo_Motion-2-to-3_Leveraging_2D_Motion_Data_for_3D_Motion_Generations_ICCV_2025_paper.pdf
481,Balancing Conservatism and Aggressiveness: Prototype-Affinity Hybrid Network for Few-Shot Segmentation,iccv,2025,https://openaccess.thecvf.com/content/ICCV2025/papers/Zou_Balancing_Conservatism_and_Aggressiveness_Prototype-Affinity_Hybrid_Network_for_Few-Shot_Segmentation_ICCV_2025_paper.pdf
482,Large Scene Generation with Cube-Absorb Discrete Diffusion,iccv,2025,https://openaccess.thecvf.com/content/ICCV2025/papers/Hu_Large_Scene_Generation_with_Cube-Absorb_Discrete_Diffusion_ICCV_2025_paper.pdf
483,Advancing Text-to-3D Generation with Linearized Lookahead Variational Score Distillation,iccv,2025,https://openaccess.thecvf.com/content/ICCV2025/papers/Lei_Advancing_Text-to-3D_Generation_with_Linearized_Lookahead_Variational_Score_Distillation_ICCV_2025_paper.pdf
484,MS3D: High-Quality 3D Generation via Multi-Scale Representation Modeling,iccv,2025,https://openaccess.thecvf.com/content/ICCV2025/papers/Luo_MS3D_High-Quality_3D_Generation_via_Multi-Scale_Representation_Modeling_ICCV_2025_paper.pdf
485,Memory-Efficient 4-bit Preconditioned Stochastic Optimization,iccv,2025,https://openaccess.thecvf.com/content/ICCV2025/papers/Li_Memory-Efficient_4-bit_Preconditioned_Stochastic_Optimization_ICCV_2025_paper.pdf
486,On the Recovery of Cameras from Fundamental Matrices,iccv,2025,https://openaccess.thecvf.com/content/ICCV2025/papers/Madhavan_On_the_Recovery_of_Cameras_from_Fundamental_Matrices_ICCV_2025_paper.pdf
487,Not All Frame Features Are Equal: Video-to-4D Generation via Decoupling Dynamic-Static Features,iccv,2025,https://openaccess.thecvf.com/content/ICCV2025/papers/Yang_Not_All_Frame_Features_Are_Equal_Video-to-4D_Generation_via_Decoupling_ICCV_2025_paper.pdf
488,FedDifRC: Unlocking the Potential of Text-to-Image Diffusion Models in Heterogeneous Federated Learning,iccv,2025,https://openaccess.thecvf.com/content/ICCV2025/papers/Wang_FedDifRC_Unlocking_the_Potential_of_Text-to-Image_Diffusion_Models_in_Heterogeneous_ICCV_2025_paper.pdf
489,Vivid4D: Improving 4D Reconstruction from Monocular Video by Video Inpainting,iccv,2025,https://openaccess.thecvf.com/content/ICCV2025/papers/Huang_Vivid4D_Improving_4D_Reconstruction_from_Monocular_Video_by_Video_Inpainting_ICCV_2025_paper.pdf
490,Feather the Throttle: Revisiting Visual Token Pruning for Vision-Language Model Acceleration,iccv,2025,https://openaccess.thecvf.com/content/ICCV2025/papers/Endo_Feather_the_Throttle_Revisiting_Visual_Token_Pruning_for_Vision-Language_Model_ICCV_2025_paper.pdf
491,RePoseD: Efficient Relative Pose Estimation With Known Depth Information,iccv,2025,https://openaccess.thecvf.com/content/ICCV2025/papers/Ding_RePoseD_Efficient_Relative_Pose_Estimation_With_Known_Depth_Information_ICCV_2025_paper.pdf
492,MEGA: Memory-Efficient 4D Gaussian Splatting for Dynamic Scenes,iccv,2025,https://openaccess.thecvf.com/content/ICCV2025/papers/Zhang_MEGA_Memory-Efficient_4D_Gaussian_Splatting_for_Dynamic_Scenes_ICCV_2025_paper.pdf
493,Beyond Label Semantics: Language-Guided Action Anatomy for Few-shot Action Recognition,iccv,2025,https://openaccess.thecvf.com/content/ICCV2025/papers/Qian_Beyond_Label_Semantics_Language-Guided_Action_Anatomy_for_Few-shot_Action_Recognition_ICCV_2025_paper.pdf
494,VoluMe - Authentic 3D Video Calls from Live Gaussian Splat Prediction,iccv,2025,https://openaccess.thecvf.com/content/ICCV2025/papers/de_La_Gorce_VoluMe_-_Authentic_3D_Video_Calls_from_Live_Gaussian_Splat_ICCV_2025_paper.pdf
495,Bridging 3D Anomaly Localization and Repair via High-Quality Continuous Geometric Representation,iccv,2025,https://openaccess.thecvf.com/content/ICCV2025/papers/Zheng_Bridging_3D_Anomaly_Localization_and_Repair_via_High-Quality_Continuous_Geometric_ICCV_2025_paper.pdf
496,MonoMobility: Zero-Shot 3D Mobility Analysis from Monocular Videos,iccv,2025,https://openaccess.thecvf.com/content/ICCV2025/papers/Zhou_MonoMobility_Zero-Shot_3D_Mobility_Analysis_from_Monocular_Videos_ICCV_2025_paper.pdf
497,Prior-aware Dynamic Temporal Modeling Framework for Sequential 3D Hand Pose Estimation,iccv,2025,https://openaccess.thecvf.com/content/ICCV2025/papers/Ren_Prior-aware_Dynamic_Temporal_Modeling_Framework_for_Sequential_3D_Hand_Pose_ICCV_2025_paper.pdf
498,"Generate, Refine, and Encode: Leveraging Synthesized Novel Samples for On-the-Fly Fine-Grained Category Discovery",iccv,2025,https://openaccess.thecvf.com/content/ICCV2025/papers/Liu_Generate_Refine_and_Encode_Leveraging_Synthesized_Novel_Samples_for_On-the-Fly_ICCV_2025_paper.pdf
499,Visual-RFT: Visual Reinforcement Fine-Tuning,iccv,2025,https://openaccess.thecvf.com/content/ICCV2025/papers/Liu_Visual-RFT_Visual_Reinforcement_Fine-Tuning_ICCV_2025_paper.pdf
500,Foresight in Motion: Reinforcing Trajectory Prediction with Reward Heuristics,iccv,2025,https://openaccess.thecvf.com/content/ICCV2025/papers/Pei_Foresight_in_Motion_Reinforcing_Trajectory_Prediction_with_Reward_Heuristics_ICCV_2025_paper.pdf
501,Spectral Sensitivity Estimation with an Uncalibrated Diffraction Grating,iccv,2025,https://openaccess.thecvf.com/content/ICCV2025/papers/Makabe_Spectral_Sensitivity_Estimation_with_an_Uncalibrated_Diffraction_Grating_ICCV_2025_paper.pdf
502,DISTIL: Data-Free Inversion of Suspicious Trojan Inputs via Latent Diffusion,iccv,2025,https://openaccess.thecvf.com/content/ICCV2025/papers/Mirzaei_DISTIL_Data-Free_Inversion_of_Suspicious_Trojan_Inputs_via_Latent_Diffusion_ICCV_2025_paper.pdf
503,Moment Quantization for Video Temporal Grounding,iccv,2025,https://openaccess.thecvf.com/content/ICCV2025/papers/Sun_Moment_Quantization_for_Video_Temporal_Grounding_ICCV_2025_paper.pdf
504,ADIEE: Automatic Dataset Creation and Scorer for Instruction-Guided Image Editing Evaluation,iccv,2025,https://openaccess.thecvf.com/content/ICCV2025/papers/Chen_ADIEE_Automatic_Dataset_Creation_and_Scorer_for_Instruction-Guided_Image_Editing_ICCV_2025_paper.pdf
505,Dynamic Reconstruction of Hand-Object Interaction with Distributed Force-aware Contact Representation,iccv,2025,https://openaccess.thecvf.com/content/ICCV2025/papers/Yu_Dynamic_Reconstruction_of_Hand-Object_Interaction_with_Distributed_Force-aware_Contact_Representation_ICCV_2025_paper.pdf
506,CSD-VAR: Content-Style Decomposition in Visual Autoregressive Models,iccv,2025,https://openaccess.thecvf.com/content/ICCV2025/papers/Nguyen_CSD-VAR_Content-Style_Decomposition_in_Visual_Autoregressive_Models_ICCV_2025_paper.pdf
507,MSQ: Memory-Efficient Bit Sparsification Quantization,iccv,2025,https://openaccess.thecvf.com/content/ICCV2025/papers/Han_MSQ_Memory-Efficient_Bit_Sparsification_Quantization_ICCV_2025_paper.pdf
508,Disrupting Model Merging: A Parameter-Level Defense Without Sacrificing Accuracy,iccv,2025,https://openaccess.thecvf.com/content/ICCV2025/papers/Junhao_Disrupting_Model_Merging_A_Parameter-Level_Defense_Without_Sacrificing_Accuracy_ICCV_2025_paper.pdf
509,VSSD: Vision Mamba with Non-Causal State Space Duality,iccv,2025,https://openaccess.thecvf.com/content/ICCV2025/papers/Shi_VSSD_Vision_Mamba_with_Non-Causal_State_Space_Duality_ICCV_2025_paper.pdf
510,Epipolar Consistent Attention Aggregation Network for Unsupervised Light Field Disparity Estimation,iccv,2025,https://openaccess.thecvf.com/content/ICCV2025/papers/Gao_Epipolar_Consistent_Attention_Aggregation_Network_for_Unsupervised_Light_Field_Disparity_ICCV_2025_paper.pdf
511,LLaVA-KD: A Framework of Distilling Multimodal Large Language Models,iccv,2025,https://openaccess.thecvf.com/content/ICCV2025/papers/Cai_LLaVA-KD_A_Framework_of_Distilling_Multimodal_Large_Language_Models_ICCV_2025_paper.pdf
512,CLIP-GS: Unifying Vision-Language Representation with 3D Gaussian Splatting,iccv,2025,https://openaccess.thecvf.com/content/ICCV2025/papers/Jiao_CLIP-GS_Unifying_Vision-Language_Representation_with_3D_Gaussian_Splatting_ICCV_2025_paper.pdf
513,Region-Level Data Attribution for Text-to-Image Generative Models,iccv,2025,https://openaccess.thecvf.com/content/ICCV2025/papers/Nguyen_Region-Level_Data_Attribution_for_Text-to-Image_Generative_Models_ICCV_2025_paper.pdf
514,TAPNext: Tracking Any Point (TAP) as Next Token Prediction,iccv,2025,https://openaccess.thecvf.com/content/ICCV2025/papers/Zholus_TAPNext_Tracking_Any_Point_TAP_as_Next_Token_Prediction_ICCV_2025_paper.pdf
515,Learnable Feature Patches and Vectors for Boosting Low-light Image Enhancement without External Knowledge,iccv,2025,https://openaccess.thecvf.com/content/ICCV2025/papers/Xu_Learnable_Feature_Patches_and_Vectors_for_Boosting_Low-light_Image_Enhancement_ICCV_2025_paper.pdf
516,Cycle Consistency as Reward: Learning Image-Text Alignment without Human Preferences,iccv,2025,https://openaccess.thecvf.com/content/ICCV2025/papers/Bahng_Cycle_Consistency_as_Reward_Learning_Image-Text_Alignment_without_Human_Preferences_ICCV_2025_paper.pdf
517,Vid-Group: Temporal Video Grounding Pretraining from Unlabeled Videos in the Wild,iccv,2025,https://openaccess.thecvf.com/content/ICCV2025/papers/Bao_Vid-Group_Temporal_Video_Grounding_Pretraining_from_Unlabeled_Videos_in_the_ICCV_2025_paper.pdf
518,BANet: Bilateral Aggregation Network for Mobile Stereo Matching,iccv,2025,https://openaccess.thecvf.com/content/ICCV2025/papers/Xu_BANet_Bilateral_Aggregation_Network_for_Mobile_Stereo_Matching_ICCV_2025_paper.pdf
519,Diffuman4D: 4D Consistent Human View Synthesis from Sparse-View Videos with Spatio-Temporal Diffusion Models,iccv,2025,https://openaccess.thecvf.com/content/ICCV2025/papers/Jin_Diffuman4D_4D_Consistent_Human_View_Synthesis_from_Sparse-View_Videos_with_ICCV_2025_paper.pdf
520,AnnofreeOD: Detecting All Classes at Low Frame Rates Without Human Annotations,iccv,2025,https://openaccess.thecvf.com/content/ICCV2025/papers/Sun_AnnofreeOD_Detecting_All_Classes_at_Low_Frame_Rates_Without_Human_ICCV_2025_paper.pdf
521,AIM: Adaptive Inference of Multi-Modal LLMs via Token Merging and Pruning,iccv,2025,https://openaccess.thecvf.com/content/ICCV2025/papers/Zhong_AIM_Adaptive_Inference_of_Multi-Modal_LLMs_via_Token_Merging_and_ICCV_2025_paper.pdf
522,PanSt3R: Multi-view Consistent Panoptic Segmentation,iccv,2025,https://openaccess.thecvf.com/content/ICCV2025/papers/Zust_PanSt3R_Multi-view_Consistent_Panoptic_Segmentation_ICCV_2025_paper.pdf
523,G2SF: Geometry-Guided Score Fusion for Multimodal Industrial Anomaly Detection,iccv,2025,https://openaccess.thecvf.com/content/ICCV2025/papers/Tao_G2SF_Geometry-Guided_Score_Fusion_for_Multimodal_Industrial_Anomaly_Detection_ICCV_2025_paper.pdf
524,SA-Occ: Satellite-Assisted 3D Occupancy Prediction in Real World,iccv,2025,https://openaccess.thecvf.com/content/ICCV2025/papers/Chen_SA-Occ_Satellite-Assisted_3D_Occupancy_Prediction_in_Real_World_ICCV_2025_paper.pdf
525,Generic Event Boundary Detection via Denoising Diffusion,iccv,2025,https://openaccess.thecvf.com/content/ICCV2025/papers/Hwang_Generic_Event_Boundary_Detection_via_Denoising_Diffusion_ICCV_2025_paper.pdf
526,ImageGem: In-the-wild Generative Image Interaction Dataset for Generative Model Personalization,iccv,2025,https://openaccess.thecvf.com/content/ICCV2025/papers/Guo_ImageGem_In-the-wild_Generative_Image_Interaction_Dataset_for_Generative_Model_Personalization_ICCV_2025_paper.pdf
527,Implicit Counterfactual Learning for Audio-Visual Segmentation,iccv,2025,https://openaccess.thecvf.com/content/ICCV2025/papers/Zha_Implicit_Counterfactual_Learning_for_Audio-Visual_Segmentation_ICCV_2025_paper.pdf
528,Context Guided Transformer Entropy Modeling for Video Compression,iccv,2025,https://openaccess.thecvf.com/content/ICCV2025/papers/Tong_Context_Guided_Transformer_Entropy_Modeling_for_Video_Compression_ICCV_2025_paper.pdf
529,FlowEdit: Inversion-Free Text-Based Editing Using Pre-Trained Flow Models,iccv,2025,https://openaccess.thecvf.com/content/ICCV2025/papers/Kulikov_FlowEdit_Inversion-Free_Text-Based_Editing_Using_Pre-Trained_Flow_Models_ICCV_2025_paper.pdf
530,CMT: A Cascade MAR with Topology Predictor for Multimodal Conditional CAD Generation,iccv,2025,https://openaccess.thecvf.com/content/ICCV2025/papers/Wu_CMT_A_Cascade_MAR_with_Topology_Predictor_for_Multimodal_Conditional_ICCV_2025_paper.pdf
531,CLIPSym: Delving into Symmetry Detection with CLIP,iccv,2025,https://openaccess.thecvf.com/content/ICCV2025/papers/Yang_CLIPSym_Delving_into_Symmetry_Detection_with_CLIP_ICCV_2025_paper.pdf
532,MRGen: Segmentation Data Engine For Underrepresented MRI Modalities,iccv,2025,https://openaccess.thecvf.com/content/ICCV2025/papers/Wu_MRGen_Segmentation_Data_Engine_For_Underrepresented_MRI_Modalities_ICCV_2025_paper.pdf
533,PrimHOI: Compositional Human-Object Interaction via Reusable Primitives,iccv,2025,https://openaccess.thecvf.com/content/ICCV2025/papers/Jia_PrimHOI_Compositional_Human-Object_Interaction_via_Reusable_Primitives_ICCV_2025_paper.pdf
534,Nautilus: Locality-aware Autoencoder for Scalable Mesh Generation,iccv,2025,https://openaccess.thecvf.com/content/ICCV2025/papers/Wang_Nautilus_Locality-aware_Autoencoder_for_Scalable_Mesh_Generation_ICCV_2025_paper.pdf
535,What Changed and What Could Have Changed? State-Change Counterfactuals for Procedure-Aware Video Representation Learning,iccv,2025,https://openaccess.thecvf.com/content/ICCV2025/papers/Kung_What_Changed_and_What_Could_Have_Changed_State-Change_Counterfactuals_for_ICCV_2025_paper.pdf
536,Accelerate 3D Object Detection Models via Zero-Shot Attention Key Pruning,iccv,2025,https://openaccess.thecvf.com/content/ICCV2025/papers/Xu_Accelerate_3D_Object_Detection_Models_via_Zero-Shot_Attention_Key_Pruning_ICCV_2025_paper.pdf
537,Adaptive Learning of High-Value Regions for Semi-Supervised Medical Image Segmentation,iccv,2025,https://openaccess.thecvf.com/content/ICCV2025/papers/Lei_Adaptive_Learning_of_High-Value_Regions_for_Semi-Supervised_Medical_Image_Segmentation_ICCV_2025_paper.pdf
538,X-Dancer: Expressive Music to Human Dance Video Generation,iccv,2025,https://openaccess.thecvf.com/content/ICCV2025/papers/Chen_X-Dancer_Expressive_Music_to_Human_Dance_Video_Generation_ICCV_2025_paper.pdf
539,IDF: Iterative Dynamic Filtering Networks for Generalizable Image Denoising,iccv,2025,https://openaccess.thecvf.com/content/ICCV2025/papers/Kim_IDF_Iterative_Dynamic_Filtering_Networks_for_Generalizable_Image_Denoising_ICCV_2025_paper.pdf
540,LayerLock: Non-collapsing Representation Learning with Progressive Freezing,iccv,2025,https://openaccess.thecvf.com/content/ICCV2025/papers/Erdogan_LayerLock_Non-collapsing_Representation_Learning_with_Progressive_Freezing_ICCV_2025_paper.pdf
541,Augmenting Moment Retrieval: Zero-Dependency Two-Stage Learning,iccv,2025,https://openaccess.thecvf.com/content/ICCV2025/papers/Wei_Augmenting_Moment_Retrieval_Zero-Dependency_Two-Stage_Learning_ICCV_2025_paper.pdf
542,Derm1M: A Million-scale Vision-Language Dataset Aligned with Clinical Ontology Knowledge for Dermatology,iccv,2025,https://openaccess.thecvf.com/content/ICCV2025/papers/Yan_Derm1M_A_Million-scale_Vision-Language_Dataset_Aligned_with_Clinical_Ontology_Knowledge_ICCV_2025_paper.pdf
543,Expressive Talking Human from Single-Image with Imperfect Priors,iccv,2025,https://openaccess.thecvf.com/content/ICCV2025/papers/Xiang_Expressive_Talking_Human_from_Single-Image_with_Imperfect_Priors_ICCV_2025_paper.pdf
544,DADM: Dual Alignment of Domain and Modality for Face Anti-spoofing,iccv,2025,https://openaccess.thecvf.com/content/ICCV2025/papers/Yang_DADM_Dual_Alignment_of_Domain_and_Modality_for_Face_Anti-spoofing_ICCV_2025_paper.pdf
545,IntroStyle: Training-Free Introspective Style Attribution using Diffusion Features,iccv,2025,https://openaccess.thecvf.com/content/ICCV2025/papers/Kumar_IntroStyle_Training-Free_Introspective_Style_Attribution_using_Diffusion_Features_ICCV_2025_paper.pdf
546,Learning Deblurring Texture Prior from Unpaired Data with Diffusion Model,iccv,2025,https://openaccess.thecvf.com/content/ICCV2025/papers/Liu_Learning_Deblurring_Texture_Prior_from_Unpaired_Data_with_Diffusion_Model_ICCV_2025_paper.pdf
547,Oasis: One Image is All You Need for Multimodal Instruction Data Synthesis,iccv,2025,https://openaccess.thecvf.com/content/ICCV2025/papers/Zhang_Oasis_One_Image_is_All_You_Need_for_Multimodal_Instruction_ICCV_2025_paper.pdf
548,Learning Neural Scene Representation from iToF Imaging,iccv,2025,https://openaccess.thecvf.com/content/ICCV2025/papers/Chang_Learning_Neural_Scene_Representation_from_iToF_Imaging_ICCV_2025_paper.pdf
549,GeometryCrafter: Consistent Geometry Estimation for Open-world Videos with Diffusion Priors,iccv,2025,https://openaccess.thecvf.com/content/ICCV2025/papers/Xu_GeometryCrafter_Consistent_Geometry_Estimation_for_Open-world_Videos_with_Diffusion_Priors_ICCV_2025_paper.pdf
550,Multi-modal Multi-platform Person Re-Identification: Benchmark and Method,iccv,2025,https://openaccess.thecvf.com/content/ICCV2025/papers/Ha_Multi-modal_Multi-platform_Person_Re-Identification_Benchmark_and_Method_ICCV_2025_paper.pdf
551,CAP: Evaluation of Persuasive and Creative Image Generation,iccv,2025,https://openaccess.thecvf.com/content/ICCV2025/papers/Aghazadeh_CAP_Evaluation_of_Persuasive_and_Creative_Image_Generation_ICCV_2025_paper.pdf
552,SpatialTrackerV2: Advancing 3D Point Tracking with Explicit Camera Motion,iccv,2025,https://openaccess.thecvf.com/content/ICCV2025/papers/Xiao_SpatialTrackerV2_Advancing_3D_Point_Tracking_with_Explicit_Camera_Motion_ICCV_2025_paper.pdf
553,monoVLN: Bridging the Observation Gap between Monocular and Panoramic Vision and Language Navigation,iccv,2025,https://openaccess.thecvf.com/content/ICCV2025/papers/Lu_monoVLN_Bridging_the_Observation_Gap_between_Monocular_and_Panoramic_Vision_ICCV_2025_paper.pdf
554,"Know ""No"" Better: A Data-Driven Approach for Enhancing Negation Awareness in CLIP",iccv,2025,https://openaccess.thecvf.com/content/ICCV2025/papers/Park_Know_No_Better_A_Data-Driven_Approach_for_Enhancing_Negation_Awareness_ICCV_2025_paper.pdf
555,Neurons: Emulating the Human Visual Cortex Improves Fidelity and Interpretability in fMRI-to-Video Reconstruction,iccv,2025,https://openaccess.thecvf.com/content/ICCV2025/papers/Wang_Neurons_Emulating_the_Human_Visual_Cortex_Improves_Fidelity_and_Interpretability_ICCV_2025_paper.pdf
556,LACONIC: A 3D Layout Adapter for Controllable Image Creation,iccv,2025,https://openaccess.thecvf.com/content/ICCV2025/papers/Maillard_LACONIC_A_3D_Layout_Adapter_for_Controllable_Image_Creation_ICCV_2025_paper.pdf
557,InfiniDreamer: Arbitrarily Long Human Motion Generation via Segment Score Distillation,iccv,2025,https://openaccess.thecvf.com/content/ICCV2025/papers/Zhuo_InfiniDreamer_Arbitrarily_Long_Human_Motion_Generation_via_Segment_Score_Distillation_ICCV_2025_paper.pdf
558,Robust Machine Unlearning for Quantized Neural Networks via Adaptive Gradient Reweighting with Similar Labels,iccv,2025,https://openaccess.thecvf.com/content/ICCV2025/papers/Tong_Robust_Machine_Unlearning_for_Quantized_Neural_Networks_via_Adaptive_Gradient_ICCV_2025_paper.pdf
559,FairGen: Enhancing Fairness in Text-to-Image Diffusion Models via Self-Discovering Latent Directions,iccv,2025,https://openaccess.thecvf.com/content/ICCV2025/papers/Jiang_FairGen_Enhancing_Fairness_in_Text-to-Image_Diffusion_Models_via_Self-Discovering_Latent_ICCV_2025_paper.pdf
560,Gaze-Language Alignment for Zero-Shot Prediction of Visual Search Targets from Human Gaze Scanpaths,iccv,2025,https://openaccess.thecvf.com/content/ICCV2025/papers/Mondal_Gaze-Language_Alignment_for_Zero-Shot_Prediction_of_Visual_Search_Targets_from_ICCV_2025_paper.pdf
561,ReCoT: Reflective Self-Correction Training for Mitigating Confirmation Bias in Large Vision-Language Models,iccv,2025,https://openaccess.thecvf.com/content/ICCV2025/papers/Qu_ReCoT_Reflective_Self-Correction_Training_for_Mitigating_Confirmation_Bias_in_Large_ICCV_2025_paper.pdf
562,Bridging Continuous and Discrete Tokens for Autoregressive Visual Generation,iccv,2025,https://openaccess.thecvf.com/content/ICCV2025/papers/Wang_Bridging_Continuous_and_Discrete_Tokens_for_Autoregressive_Visual_Generation_ICCV_2025_paper.pdf
563,Trade-offs in Image Generation: How Do Different Dimensions Interact?,iccv,2025,https://openaccess.thecvf.com/content/ICCV2025/papers/Zhang_Trade-offs_in_Image_Generation_How_Do_Different_Dimensions_Interact_ICCV_2025_paper.pdf
564,From Easy to Hard: The MIR Benchmark for Progressive Interleaved Multi-Image Reasoning,iccv,2025,https://openaccess.thecvf.com/content/ICCV2025/papers/Du_From_Easy_to_Hard_The_MIR_Benchmark_for_Progressive_Interleaved_ICCV_2025_paper.pdf
565,Rethinking Layered Graphic Design Generation with a Top-Down Approach,iccv,2025,https://openaccess.thecvf.com/content/ICCV2025/papers/Chen_Rethinking_Layered_Graphic_Design_Generation_with_a_Top-Down_Approach_ICCV_2025_paper.pdf
566,SegAnyPET: Universal Promptable Segmentation from Positron Emission Tomography Images,iccv,2025,https://openaccess.thecvf.com/content/ICCV2025/papers/Zhang_SegAnyPET_Universal_Promptable_Segmentation_from_Positron_Emission_Tomography_Images_ICCV_2025_paper.pdf
567,StolenLoRA: Exploring LoRA Extraction Attacks via Synthetic Data,iccv,2025,https://openaccess.thecvf.com/content/ICCV2025/papers/Wang_StolenLoRA_Exploring_LoRA_Extraction_Attacks_via_Synthetic_Data_ICCV_2025_paper.pdf
568,The Best of Both Worlds: Integrating Language Models and Diffusion Models for Video Generation,iccv,2025,https://openaccess.thecvf.com/content/ICCV2025/papers/Yin_The_Best_of_Both_Worlds_Integrating_Language_Models_and_Diffusion_ICCV_2025_paper.pdf
569,SV4D 2.0: Enhancing Spatio-Temporal Consistency in Multi-View Video Diffusion for High-Quality 4D Generation,iccv,2025,https://openaccess.thecvf.com/content/ICCV2025/papers/Yao_SV4D_2.0_Enhancing_Spatio-Temporal_Consistency_in_Multi-View_Video_Diffusion_for_ICCV_2025_paper.pdf
570,Long Context Tuning for Video Generation,iccv,2025,https://openaccess.thecvf.com/content/ICCV2025/papers/Guo_Long_Context_Tuning_for_Video_Generation_ICCV_2025_paper.pdf
571,TCFG: Truncated Classifier-Free Guidance for Efficient and Scalable Text-to-Image Acceleration,iccv,2025,https://openaccess.thecvf.com/content/ICCV2025/papers/Fu_TCFG_Truncated_Classifier-Free_Guidance_for_Efficient_and_Scalable_Text-to-Image_Acceleration_ICCV_2025_paper.pdf
572,Removing Out-of-Focus Reflective Flares via Color Alignment,iccv,2025,https://openaccess.thecvf.com/content/ICCV2025/papers/Lan_Removing_Out-of-Focus_Reflective_Flares_via_Color_Alignment_ICCV_2025_paper.pdf
573,"ILLUME: Illuminating Your LLMs to See, Draw, and Self-Enhance",iccv,2025,https://openaccess.thecvf.com/content/ICCV2025/papers/Wang_ILLUME_Illuminating_Your_LLMs_to_See_Draw_and_Self-Enhance_ICCV_2025_paper.pdf
574,No Pose at All: Self-Supervised Pose-Free 3D Gaussian Splatting from Sparse Views,iccv,2025,https://openaccess.thecvf.com/content/ICCV2025/papers/Huang_No_Pose_at_All_Self-Supervised_Pose-Free_3D_Gaussian_Splatting_from_ICCV_2025_paper.pdf
575,Skeleton Motion Words for Unsupervised Skeleton-Based Temporal Action Segmentation,iccv,2025,https://openaccess.thecvf.com/content/ICCV2025/papers/Gokay_Skeleton_Motion_Words_for_Unsupervised_Skeleton-Based_Temporal_Action_Segmentation_ICCV_2025_paper.pdf
576,Towards Robust Defense against Customization via Protective Perturbation Resistant to Diffusion-based Purification,iccv,2025,https://openaccess.thecvf.com/content/ICCV2025/papers/Yang_Towards_Robust_Defense_against_Customization_via_Protective_Perturbation_Resistant_to_ICCV_2025_paper.pdf
577,EmbodiedOcc: Embodied 3D Occupancy Prediction for Vision-based Online Scene Understanding,iccv,2025,https://openaccess.thecvf.com/content/ICCV2025/papers/Wu_EmbodiedOcc_Embodied_3D_Occupancy_Prediction_for_Vision-based_Online_Scene_Understanding_ICCV_2025_paper.pdf
578,MAVias: Mitigate any Visual Bias,iccv,2025,https://openaccess.thecvf.com/content/ICCV2025/papers/Sarridis_MAVias_Mitigate_any_Visual_Bias_ICCV_2025_paper.pdf
579,Calibrating MLLM-as-a-judge via Multimodal Bayesian Prompt Ensembles,iccv,2025,https://openaccess.thecvf.com/content/ICCV2025/papers/Slyman_Calibrating_MLLM-as-a-judge_via_Multimodal_Bayesian_Prompt_Ensembles_ICCV_2025_paper.pdf
580,SCFlow: Implicitly Learning Style and Content Disentanglement with Flow Models,iccv,2025,https://openaccess.thecvf.com/content/ICCV2025/papers/Ma_SCFlow_Implicitly_Learning_Style_and_Content_Disentanglement_with_Flow_Models_ICCV_2025_paper.pdf
581,Lay-Your-Scene: Natural Scene Layout Generation with Diffusion Transformers,iccv,2025,https://openaccess.thecvf.com/content/ICCV2025/papers/Srivastava_Lay-Your-Scene_Natural_Scene_Layout_Generation_with_Diffusion_Transformers_ICCV_2025_paper.pdf
582,DiST-4D: Disentangled Spatiotemporal Diffusion with Metric Depth for 4D Driving Scene Generation,iccv,2025,https://openaccess.thecvf.com/content/ICCV2025/papers/Guo_DiST-4D_Disentangled_Spatiotemporal_Diffusion_with_Metric_Depth_for_4D_Driving_ICCV_2025_paper.pdf
583,Enhancing Prompt Generation with Adaptive Refinement for Camouflaged Object Detection,iccv,2025,https://openaccess.thecvf.com/content/ICCV2025/papers/Chen_Enhancing_Prompt_Generation_with_Adaptive_Refinement_for_Camouflaged_Object_Detection_ICCV_2025_paper.pdf
584,Generalizable Non-Line-of-Sight Imaging with Learnable Physical Priors,iccv,2025,https://openaccess.thecvf.com/content/ICCV2025/papers/Sun_Generalizable_Non-Line-of-Sight_Imaging_with_Learnable_Physical_Priors_ICCV_2025_paper.pdf
585,Contrastive Flow Matching,iccv,2025,https://openaccess.thecvf.com/content/ICCV2025/papers/Stoica_Contrastive_Flow_Matching_ICCV_2025_paper.pdf
586,Multi-scenario Overlapping Text Segmentation with Depth Awareness,iccv,2025,https://openaccess.thecvf.com/content/ICCV2025/papers/Liu_Multi-scenario_Overlapping_Text_Segmentation_with_Depth_Awareness_ICCV_2025_paper.pdf
587,SemiVisBooster: Boosting Semi-Supervised Learning for Fine-Grained Classification through Pseudo-Label Semantic Guidance,iccv,2025,https://openaccess.thecvf.com/content/ICCV2025/papers/Zhang_SemiVisBooster_Boosting_Semi-Supervised_Learning_for_Fine-Grained_Classification_through_Pseudo-Label_Semantic_ICCV_2025_paper.pdf
588,Backdooring Self-Supervised Contrastive Learning by Noisy Alignment,iccv,2025,https://openaccess.thecvf.com/content/ICCV2025/papers/Chen_Backdooring_Self-Supervised_Contrastive_Learning_by_Noisy_Alignment_ICCV_2025_paper.pdf
589,VisualCloze: A Universal Image Generation Framework via Visual In-Context Learning,iccv,2025,https://openaccess.thecvf.com/content/ICCV2025/papers/Li_VisualCloze_A_Universal_Image_Generation_Framework_via_Visual_In-Context_Learning_ICCV_2025_paper.pdf
590,MagicHOI: Leveraging 3D Priors for Accurate Hand-object Reconstruction from Short Monocular Video Clips,iccv,2025,https://openaccess.thecvf.com/content/ICCV2025/papers/Wang_MagicHOI_Leveraging_3D_Priors_for_Accurate_Hand-object_Reconstruction_from_Short_ICCV_2025_paper.pdf
591,ReMP-AD: Retrieval-enhanced Multi-modal Prompt Fusion for Few-Shot Industrial Visual Anomaly Detection,iccv,2025,https://openaccess.thecvf.com/content/ICCV2025/papers/Ma_ReMP-AD_Retrieval-enhanced_Multi-modal_Prompt_Fusion_for_Few-Shot_Industrial_Visual_Anomaly_ICCV_2025_paper.pdf
592,Trial-Oriented Visual Rearrangement,iccv,2025,https://openaccess.thecvf.com/content/ICCV2025/papers/Liu_Trial-Oriented_Visual_Rearrangement_ICCV_2025_paper.pdf
593,TOGA: Temporally Grounded Open-Ended Video QA with Weak Supervision,iccv,2025,https://openaccess.thecvf.com/content/ICCV2025/papers/Gupta_TOGA_Temporally_Grounded_Open-Ended_Video_QA_with_Weak_Supervision_ICCV_2025_paper.pdf
594,Multi-Object Sketch Animation by Scene Decomposition and Motion Planning,iccv,2025,https://openaccess.thecvf.com/content/ICCV2025/papers/Liu_Multi-Object_Sketch_Animation_by_Scene_Decomposition_and_Motion_Planning_ICCV_2025_paper.pdf
595,MUSE-VL: Modeling Unified VLM through Semantic Discrete Encoding,iccv,2025,https://openaccess.thecvf.com/content/ICCV2025/papers/Xie_MUSE-VL_Modeling_Unified_VLM_through_Semantic_Discrete_Encoding_ICCV_2025_paper.pdf
596,MistSense: Versatile Online Detection of Procedural and Execution Mistakes,iccv,2025,https://openaccess.thecvf.com/content/ICCV2025/papers/Patsch_MistSense_Versatile_Online_Detection_of_Procedural_and_Execution_Mistakes_ICCV_2025_paper.pdf
597,FusionPhys: A Flexible Framework for Fusing Complementary Sensing Modalities in Remote Physiological Measurement,iccv,2025,https://openaccess.thecvf.com/content/ICCV2025/papers/Ying_FusionPhys_A_Flexible_Framework_for_Fusing_Complementary_Sensing_Modalities_in_ICCV_2025_paper.pdf
598,Task Vector Quantization for Memory-Efficient Model Merging,iccv,2025,https://openaccess.thecvf.com/content/ICCV2025/papers/Kim_Task_Vector_Quantization_for_Memory-Efficient_Model_Merging_ICCV_2025_paper.pdf
599,Dirichlet-Constrained Variational Codebook Learning for Temporally Coherent Video Face Restoration,iccv,2025,https://openaccess.thecvf.com/content/ICCV2025/papers/Chen_Dirichlet-Constrained_Variational_Codebook_Learning_for_Temporally_Coherent_Video_Face_Restoration_ICCV_2025_paper.pdf
600,Dual-Expert Consistency Model for Efficient and High-Quality Video Generation,iccv,2025,https://openaccess.thecvf.com/content/ICCV2025/papers/Lv_Dual-Expert_Consistency_Model_for_Efficient_and_High-Quality_Video_Generation_ICCV_2025_paper.pdf
601,GeoFormer: Geometry Point Encoder for 3D Object Detection with Graph-based Transformer,iccv,2025,https://openaccess.thecvf.com/content/ICCV2025/papers/Jin_GeoFormer_Geometry_Point_Encoder_for_3D_Object_Detection_with_Graph-based_ICCV_2025_paper.pdf
602,Unraveling the Effects of Synthetic Data on End-to-End Autonomous Driving,iccv,2025,https://openaccess.thecvf.com/content/ICCV2025/papers/Ge_Unraveling_the_Effects_of_Synthetic_Data_on_End-to-End_Autonomous_Driving_ICCV_2025_paper.pdf
603,Dense2MoE: Restructuring Diffusion Transformer to MoE for Efficient Text-to-Image Generation,iccv,2025,https://openaccess.thecvf.com/content/ICCV2025/papers/Zheng_Dense2MoE_Restructuring_Diffusion_Transformer_to_MoE_for_Efficient_Text-to-Image_Generation_ICCV_2025_paper.pdf
604,KinMo: Kinematic-aware Human Motion Understanding and Generation,iccv,2025,https://openaccess.thecvf.com/content/ICCV2025/papers/Zhang_KinMo_Kinematic-aware_Human_Motion_Understanding_and_Generation_ICCV_2025_paper.pdf
605,NeuFrameQ: Neural Frame Fields for Scalable and Generalizable Anisotropic Quadrangulation,iccv,2025,https://openaccess.thecvf.com/content/ICCV2025/papers/Liu_NeuFrameQ_Neural_Frame_Fields_for_Scalable_and_Generalizable_Anisotropic_Quadrangulation_ICCV_2025_paper.pdf
606,Keyframe-oriented Vision Token Pruning: Enhancing Efficiency of Large Vision Language Models on Long-Form Video Processing,iccv,2025,https://openaccess.thecvf.com/content/ICCV2025/papers/Liu_Keyframe-oriented_Vision_Token_Pruning_Enhancing_Efficiency_of_Large_Vision_Language_ICCV_2025_paper.pdf
607,LongSplat: Robust Unposed 3D Gaussian Splatting for Casual Long Videos,iccv,2025,https://openaccess.thecvf.com/content/ICCV2025/papers/Lin_LongSplat_Robust_Unposed_3D_Gaussian_Splatting_for_Casual_Long_Videos_ICCV_2025_paper.pdf
608,AVAM: a Universal Training-free Adaptive Visual Anchoring Embedded into Multimodal Large Language Model for Multi-image Question Answering,iccv,2025,https://openaccess.thecvf.com/content/ICCV2025/papers/Zeng_AVAM_a_Universal_Training-free_Adaptive_Visual_Anchoring_Embedded_into_Multimodal_ICCV_2025_paper.pdf
609,WikiAutoGen: Towards Multi-Modal Wikipedia-Style Article Generation,iccv,2025,https://openaccess.thecvf.com/content/ICCV2025/papers/Yang_WikiAutoGen_Towards_Multi-Modal_Wikipedia-Style_Article_Generation_ICCV_2025_paper.pdf
610,GMMamba: Group Masking Mamba for Whole Slide Image Classification,iccv,2025,https://openaccess.thecvf.com/content/ICCV2025/papers/Zheng_GMMamba_Group_Masking_Mamba_for_Whole_Slide_Image_Classification_ICCV_2025_paper.pdf
611,S3R-GS: Streamlining the Pipeline for Large-Scale Street Scene Reconstruction,iccv,2025,https://openaccess.thecvf.com/content/ICCV2025/papers/Zheng_S3R-GS_Streamlining_the_Pipeline_for_Large-Scale_Street_Scene_Reconstruction_ICCV_2025_paper.pdf
612,LIRA: Reasoning Reconstruction via Multimodal Large Language Models,iccv,2025,https://openaccess.thecvf.com/content/ICCV2025/papers/Zhou_LIRA_Reasoning_Reconstruction_via_Multimodal_Large_Language_Models_ICCV_2025_paper.pdf
613,"Generate, Transduct, Adapt: Iterative Transduction with VLMs",iccv,2025,https://openaccess.thecvf.com/content/ICCV2025/papers/Saha_Generate_Transduct_Adapt_Iterative_Transduction_with_VLMs_ICCV_2025_paper.pdf
614,"Beyond One Shot, Beyond One Perspective: Cross-View and Long-Horizon Distillation for Better LiDAR Representations",iccv,2025,https://openaccess.thecvf.com/content/ICCV2025/papers/Xu_Beyond_One_Shot_Beyond_One_Perspective_Cross-View_and_Long-Horizon_Distillation_ICCV_2025_paper.pdf
615,Test-Time Retrieval-Augmented Adaptation for Vision-Language Models,iccv,2025,https://openaccess.thecvf.com/content/ICCV2025/papers/Fan_Test-Time_Retrieval-Augmented_Adaptation_for_Vision-Language_Models_ICCV_2025_paper.pdf
616,Causal Disentanglement and Cross-Modal Alignment for Enhanced Few-Shot Learning,iccv,2025,https://openaccess.thecvf.com/content/ICCV2025/papers/Jiang_Causal_Disentanglement_and_Cross-Modal_Alignment_for_Enhanced_Few-Shot_Learning_ICCV_2025_paper.pdf
617,Seeing and Seeing Through the Glass: Real and Synthetic Data for Multi-Layer Depth Estimation,iccv,2025,https://openaccess.thecvf.com/content/ICCV2025/papers/Wen_Seeing_and_Seeing_Through_the_Glass_Real_and_Synthetic_Data_ICCV_2025_paper.pdf
618,GaussianUpdate: Continual 3D Gaussian Splatting Update for Changing Environments,iccv,2025,https://openaccess.thecvf.com/content/ICCV2025/papers/Zeng_GaussianUpdate_Continual_3D_Gaussian_Splatting_Update_for_Changing_Environments_ICCV_2025_paper.pdf
619,NavMorph: A Self-Evolving World Model for Vision-and-Language Navigation in Continuous Environments,iccv,2025,https://openaccess.thecvf.com/content/ICCV2025/papers/Yao_NavMorph_A_Self-Evolving_World_Model_for_Vision-and-Language_Navigation_in_Continuous_ICCV_2025_paper.pdf
620,SiM3D: Single-instance Multiview Multimodal and Multisetup 3D Anomaly Detection Benchmark,iccv,2025,https://openaccess.thecvf.com/content/ICCV2025/papers/Costanzino_SiM3D_Single-instance_Multiview_Multimodal_and_Multisetup_3D_Anomaly_Detection_Benchmark_ICCV_2025_paper.pdf
621,Distilling Diffusion Models to Efficient 3D LiDAR Scene Completion,iccv,2025,https://openaccess.thecvf.com/content/ICCV2025/papers/Zhang_Distilling_Diffusion_Models_to_Efficient_3D_LiDAR_Scene_Completion_ICCV_2025_paper.pdf
622,Self-supervised Learning of Hybrid Part-aware 3D Representations of 2D Gaussians and Superquadrics,iccv,2025,https://openaccess.thecvf.com/content/ICCV2025/papers/Gao_Self-supervised_Learning_of_Hybrid_Part-aware_3D_Representations_of_2D_Gaussians_ICCV_2025_paper.pdf
623,Teaching AI the Anatomy Behind the Scan: Addressing Anatomical Flaws in Medical Image Segmentation with Learnable Prior,iccv,2025,https://openaccess.thecvf.com/content/ICCV2025/papers/Jeon_Teaching_AI_the_Anatomy_Behind_the_Scan_Addressing_Anatomical_Flaws_ICCV_2025_paper.pdf
624,OCK: Unsupervised Dynamic Video Prediction with Object-Centric Kinematics,iccv,2025,https://openaccess.thecvf.com/content/ICCV2025/papers/Song_OCK_Unsupervised_Dynamic_Video_Prediction_with_Object-Centric_Kinematics_ICCV_2025_paper.pdf
625,Holistic Unlearning Benchmark: A Multi-Faceted Evaluation for Text-to-Image Diffusion Model Unlearning,iccv,2025,https://openaccess.thecvf.com/content/ICCV2025/papers/Moon_Holistic_Unlearning_Benchmark_A_Multi-Faceted_Evaluation_for_Text-to-Image_Diffusion_Model_ICCV_2025_paper.pdf
626,AutoComPose: Automatic Generation of Pose Transition Descriptions for Composed Pose Retrieval Using Multimodal LLMs,iccv,2025,https://openaccess.thecvf.com/content/ICCV2025/papers/Shen_AutoComPose_Automatic_Generation_of_Pose_Transition_Descriptions_for_Composed_Pose_ICCV_2025_paper.pdf
627,WorldScore: A Unified Evaluation Benchmark for World Generation,iccv,2025,https://openaccess.thecvf.com/content/ICCV2025/papers/Duan_WorldScore_A_Unified_Evaluation_Benchmark_for_World_Generation_ICCV_2025_paper.pdf
628,PhysTwin: Physics-Informed Reconstruction and Simulation of Deformable Objects from Videos,iccv,2025,https://openaccess.thecvf.com/content/ICCV2025/papers/Jiang_PhysTwin_Physics-Informed_Reconstruction_and_Simulation_of_Deformable_Objects_from_Videos_ICCV_2025_paper.pdf
629,Physical Degradation Model-Guided Interferometric Hyperspectral Reconstruction with Unfolding Transformer,iccv,2025,https://openaccess.thecvf.com/content/ICCV2025/papers/Li_Physical_Degradation_Model-Guided_Interferometric_Hyperspectral_Reconstruction_with_Unfolding_Transformer_ICCV_2025_paper.pdf
630,EvaGaussians: Event Stream Assisted Gaussian Splatting from Blurry Images,iccv,2025,https://openaccess.thecvf.com/content/ICCV2025/papers/Yu_EvaGaussians_Event_Stream_Assisted_Gaussian_Splatting_from_Blurry_Images_ICCV_2025_paper.pdf
631,RainbowPrompt: Diversity-Enhanced Prompt-Evolving for Continual Learning,iccv,2025,https://openaccess.thecvf.com/content/ICCV2025/papers/Hong_RainbowPrompt_Diversity-Enhanced_Prompt-Evolving_for_Continual_Learning_ICCV_2025_paper.pdf
632,OmniHuman-1: Rethinking the Scaling-Up of One-Stage Conditioned Human Animation Models,iccv,2025,https://openaccess.thecvf.com/content/ICCV2025/papers/Lin_OmniHuman-1_Rethinking_the_Scaling-Up_of_One-Stage_Conditioned_Human_Animation_Models_ICCV_2025_paper.pdf
633,"""Principal Components"" Enable A New Language of Images",iccv,2025,https://openaccess.thecvf.com/content/ICCV2025/papers/Wen_Principal_Components_Enable_A_New_Language_of_Images_ICCV_2025_paper.pdf
634,Fair Generation without Unfair Distortions: Debiasing Text-to-Image Generation with Entanglement-Free Attention,iccv,2025,https://openaccess.thecvf.com/content/ICCV2025/papers/Park_Fair_Generation_without_Unfair_Distortions_Debiasing_Text-to-Image_Generation_with_Entanglement-Free_ICCV_2025_paper.pdf
635,GM-MoE: Low-Light Enhancement with Gated-Mechanism Mixture-of-Experts,iccv,2025,https://openaccess.thecvf.com/content/ICCV2025/papers/Liao_GM-MoE_Low-Light_Enhancement_with_Gated-Mechanism_Mixture-of-Experts_ICCV_2025_paper.pdf
636,Beyond Low-Rank Tuning: Model Prior-Guided Rank Allocation for Effective Transfer in Low-Data and Large-Gap Regimes.,iccv,2025,https://openaccess.thecvf.com/content/ICCV2025/papers/Zhang_Beyond_Low-Rank_Tuning_Model_Prior-Guided_Rank_Allocation_for_Effective_Transfer_ICCV_2025_paper.pdf
637,Reference-based Super-Resolution via Image-based Retrieval-Augmented Generation Diffusion,iccv,2025,https://openaccess.thecvf.com/content/ICCV2025/papers/Lee_Reference-based_Super-Resolution_via_Image-based_Retrieval-Augmented_Generation_Diffusion_ICCV_2025_paper.pdf
638,Backdoor Mitigation by Distance-Driven Detoxification,iccv,2025,https://openaccess.thecvf.com/content/ICCV2025/papers/Wei_Backdoor_Mitigation_by_Distance-Driven_Detoxification_ICCV_2025_paper.pdf
639,FakeRadar: Probing Forgery Outliers to Detect Unknown Deepfake Videos,iccv,2025,https://openaccess.thecvf.com/content/ICCV2025/papers/Li_FakeRadar_Probing_Forgery_Outliers_to_Detect_Unknown_Deepfake_Videos_ICCV_2025_paper.pdf
640,CuMPerLay: Learning Cubical Multiparameter Persistence Vectorizations,iccv,2025,https://openaccess.thecvf.com/content/ICCV2025/papers/Korkmaz_CuMPerLay_Learning_Cubical_Multiparameter_Persistence_Vectorizations_ICCV_2025_paper.pdf
641,Towards Privacy-preserved Pre-training of Remote Sensing Foundation Models with Federated Mutual-guidance Learning,iccv,2025,https://openaccess.thecvf.com/content/ICCV2025/papers/Tan_Towards_Privacy-preserved_Pre-training_of_Remote_Sensing_Foundation_Models_with_Federated_ICCV_2025_paper.pdf
642,SynTag: Enhancing the Geometric Robustness of Inversion-based Generative Image Watermarking,iccv,2025,https://openaccess.thecvf.com/content/ICCV2025/papers/Fang_SynTag_Enhancing_the_Geometric_Robustness_of_Inversion-based_Generative_Image_Watermarking_ICCV_2025_paper.pdf
643,Recovering Parametric Scenes from Very Few Time-of-Flight Pixels,iccv,2025,https://openaccess.thecvf.com/content/ICCV2025/papers/Sifferman_Recovering_Parametric_Scenes_from_Very_Few_Time-of-Flight_Pixels_ICCV_2025_paper.pdf
644,DIMCIM: A Quantitative Evaluation Framework for Default-mode Diversity and Generalization in Text-to-Image Generative Models,iccv,2025,https://openaccess.thecvf.com/content/ICCV2025/papers/Teotia_DIMCIM_A_Quantitative_Evaluation_Framework_for_Default-mode_Diversity_and_Generalization_ICCV_2025_paper.pdf
645,SAUCE: Selective Concept Unlearning in Vision-Language Models with Sparse Autoencoders,iccv,2025,https://openaccess.thecvf.com/content/ICCV2025/papers/Geng_SAUCE_Selective_Concept_Unlearning_in_Vision-Language_Models_with_Sparse_Autoencoders_ICCV_2025_paper.pdf
646,ForCenNet: Foreground-Centric Network for Document Image Rectification,iccv,2025,https://openaccess.thecvf.com/content/ICCV2025/papers/Cai_ForCenNet_Foreground-Centric_Network_for_Document_Image_Rectification_ICCV_2025_paper.pdf
647,Adversarial Data Augmentation for Single Domain Generalization via Lyapunov Exponent-Guided Optimization,iccv,2025,https://openaccess.thecvf.com/content/ICCV2025/papers/Zhang_Adversarial_Data_Augmentation_for_Single_Domain_Generalization_via_Lyapunov_Exponent-Guided_ICCV_2025_paper.pdf
648,Always Skip Attention,iccv,2025,https://openaccess.thecvf.com/content/ICCV2025/papers/Ji_Always_Skip_Attention_ICCV_2025_paper.pdf
649,ExCap3D: Expressive 3D Scene Understanding via Object Captioning with Varying Detail,iccv,2025,https://openaccess.thecvf.com/content/ICCV2025/papers/Yeshwanth_ExCap3D_Expressive_3D_Scene_Understanding_via_Object_Captioning_with_Varying_ICCV_2025_paper.pdf
650,CMAD: Correlation-Aware and Modalities-Aware Distillation for Multimodal Sentiment Analysis with Missing Modalities,iccv,2025,https://openaccess.thecvf.com/content/ICCV2025/papers/Zhuang_CMAD_Correlation-Aware_and_Modalities-Aware_Distillation_for_Multimodal_Sentiment_Analysis_with_ICCV_2025_paper.pdf
651,"Describe, Don't Dictate: Semantic Image Editing with Natural Language Intent",iccv,2025,https://openaccess.thecvf.com/content/ICCV2025/papers/Ci_Describe_Dont_Dictate_Semantic_Image_Editing_with_Natural_Language_Intent_ICCV_2025_paper.pdf
652,LiT: Delving into a Simple Linear Diffusion Transformer for Image Generation,iccv,2025,https://openaccess.thecvf.com/content/ICCV2025/papers/Wang_LiT_Delving_into_a_Simple_Linear_Diffusion_Transformer_for_Image_ICCV_2025_paper.pdf
653,LeGrad: An Explainability Method for Vision Transformers via Feature Formation Sensitivity,iccv,2025,https://openaccess.thecvf.com/content/ICCV2025/papers/Bousselham_LeGrad_An_Explainability_Method_for_Vision_Transformers_via_Feature_Formation_ICCV_2025_paper.pdf
654,GaussianFlowOcc: Sparse and Weakly Supervised Occupancy Estimation using Gaussian Splatting and Temporal Flow,iccv,2025,https://openaccess.thecvf.com/content/ICCV2025/papers/Boeder_GaussianFlowOcc_Sparse_and_Weakly_Supervised_Occupancy_Estimation_using_Gaussian_Splatting_ICCV_2025_paper.pdf
655,DreamLayer: Simultaneous Multi-Layer Generation via Diffusion Model,iccv,2025,https://openaccess.thecvf.com/content/ICCV2025/papers/Huang_DreamLayer_Simultaneous_Multi-Layer_Generation_via_Diffusion_Model_ICCV_2025_paper.pdf
656,OD-RASE: Ontology-Driven Risk Assessment and Safety Enhancement for Autonomous Driving,iccv,2025,https://openaccess.thecvf.com/content/ICCV2025/papers/Shimomura_OD-RASE_Ontology-Driven_Risk_Assessment_and_Safety_Enhancement_for_Autonomous_Driving_ICCV_2025_paper.pdf
657,FREE-Merging: Fourier Transform for Efficient Model Merging,iccv,2025,https://openaccess.thecvf.com/content/ICCV2025/papers/Zheng_FREE-Merging_Fourier_Transform_for_Efficient_Model_Merging_ICCV_2025_paper.pdf
658,ForgeLens: Data-Efficient Forgery Focus for Generalizable Forgery Image Detection,iccv,2025,https://openaccess.thecvf.com/content/ICCV2025/papers/Chen_ForgeLens_Data-Efficient_Forgery_Focus_for_Generalizable_Forgery_Image_Detection_ICCV_2025_paper.pdf
659,Serialization based Point Cloud Oversegmentation,iccv,2025,https://openaccess.thecvf.com/content/ICCV2025/papers/Lu_Serialization_based_Point_Cloud_Oversegmentation_ICCV_2025_paper.pdf
660,Latent Expression Generation for Referring Image Segmentation and Grounding,iccv,2025,https://openaccess.thecvf.com/content/ICCV2025/papers/Yu_Latent_Expression_Generation_for_Referring_Image_Segmentation_and_Grounding_ICCV_2025_paper.pdf
661,NoiseController: Towards Consistent Multi-view Video Generation via Noise Decomposition and Collaboration,iccv,2025,https://openaccess.thecvf.com/content/ICCV2025/papers/Dong_NoiseController_Towards_Consistent_Multi-view_Video_Generation_via_Noise_Decomposition_and_ICCV_2025_paper.pdf
662,Rethinking Cross-Modal Interaction in Multimodal Diffusion Transformers,iccv,2025,https://openaccess.thecvf.com/content/ICCV2025/papers/Lv_Rethinking_Cross-Modal_Interaction_in_Multimodal_Diffusion_Transformers_ICCV_2025_paper.pdf
663,MOERL: When Mixture-of-Experts Meet Reinforcement Learning for Adverse Weather Image Restoration,iccv,2025,https://openaccess.thecvf.com/content/ICCV2025/papers/Wang_MOERL_When_Mixture-of-Experts_Meet_Reinforcement_Learning_for_Adverse_Weather_Image_ICCV_2025_paper.pdf
664,DACoN: DINO for Anime Paint Bucket Colorization with Any Number of Reference Images,iccv,2025,https://openaccess.thecvf.com/content/ICCV2025/papers/Nagata_DACoN_DINO_for_Anime_Paint_Bucket_Colorization_with_Any_Number_ICCV_2025_paper.pdf
665,Beyond Single Images: Retrieval Self-Augmented Unsupervised Camouflaged Object Detection,iccv,2025,https://openaccess.thecvf.com/content/ICCV2025/papers/Du_Beyond_Single_Images_Retrieval_Self-Augmented_Unsupervised_Camouflaged_Object_Detection_ICCV_2025_paper.pdf
666,Multi-identity Human Image Animation with Structural Video Diffusion,iccv,2025,https://openaccess.thecvf.com/content/ICCV2025/papers/Wang_Multi-identity_Human_Image_Animation_with_Structural_Video_Diffusion_ICCV_2025_paper.pdf
667,UniVG: A Generalist Diffusion Model for Unified Image Generation and Editing,iccv,2025,https://openaccess.thecvf.com/content/ICCV2025/papers/Fu_UniVG_A_Generalist_Diffusion_Model_for_Unified_Image_Generation_and_ICCV_2025_paper.pdf
668,CLOT: Closed Loop Optimal Transport for Unsupervised Action Segmentation,iccv,2025,https://openaccess.thecvf.com/content/ICCV2025/papers/Bueno-Benito_CLOT_Closed_Loop_Optimal_Transport_for_Unsupervised_Action_Segmentation_ICCV_2025_paper.pdf
669,GeoSplatting: Towards Geometry Guided Gaussian Splatting for Physically-based Inverse Rendering,iccv,2025,https://openaccess.thecvf.com/content/ICCV2025/papers/Ye_GeoSplatting_Towards_Geometry_Guided_Gaussian_Splatting_for_Physically-based_Inverse_Rendering_ICCV_2025_paper.pdf
670,Temporal-aware Query Routing for Real-time Video Instance Segmentation,iccv,2025,https://openaccess.thecvf.com/content/ICCV2025/papers/Cheng_Temporal-aware_Query_Routing_for_Real-time_Video_Instance_Segmentation_ICCV_2025_paper.pdf
671,Accelerating Diffusion Sampling via Exploiting Local Transition Coherence,iccv,2025,https://openaccess.thecvf.com/content/ICCV2025/papers/Zhu_Accelerating_Diffusion_Sampling_via_Exploiting_Local_Transition_Coherence_ICCV_2025_paper.pdf
672,What Changed? Detecting and Evaluating Instruction-Guided Image Edits with Multimodal Large Language Models,iccv,2025,https://openaccess.thecvf.com/content/ICCV2025/papers/Baraldi_What_Changed_Detecting_and_Evaluating_Instruction-Guided_Image_Edits_with_Multimodal_ICCV_2025_paper.pdf
673,Saliency-Aware Quantized Imitation Learning for Efficient Robotic Control,iccv,2025,https://openaccess.thecvf.com/content/ICCV2025/papers/Park_Saliency-Aware_Quantized_Imitation_Learning_for_Efficient_Robotic_Control_ICCV_2025_paper.pdf
674,Where am I? Cross-View Geo-localization with Natural Language Descriptions,iccv,2025,https://openaccess.thecvf.com/content/ICCV2025/papers/Ye_Where_am_I_Cross-View_Geo-localization_with_Natural_Language_Descriptions_ICCV_2025_paper.pdf
675,Boost 3D Reconstruction using Diffusion-based Monocular Camera Calibration,iccv,2025,https://openaccess.thecvf.com/content/ICCV2025/papers/Deng_Boost_3D_Reconstruction_using_Diffusion-based_Monocular_Camera_Calibration_ICCV_2025_paper.pdf
676,GTR: Guided Thought Reinforcement Prevents Thought Collapse in RL-based VLM Agent Training,iccv,2025,https://openaccess.thecvf.com/content/ICCV2025/papers/Wei_GTR_Guided_Thought_Reinforcement_Prevents_Thought_Collapse_in_RL-based_VLM_ICCV_2025_paper.pdf
677,Multi-view Gaze Target Estimation,iccv,2025,https://openaccess.thecvf.com/content/ICCV2025/papers/Miao_Multi-view_Gaze_Target_Estimation_ICCV_2025_paper.pdf
678,Semantic Discrepancy-aware Detector for Image Forgery Identification,iccv,2025,https://openaccess.thecvf.com/content/ICCV2025/papers/Wang_Semantic_Discrepancy-aware_Detector_for_Image_Forgery_Identification_ICCV_2025_paper.pdf
679,CapeLLM: Support-Free Category-Agnostic Pose Estimation with Multimodal Large Language Models,iccv,2025,https://openaccess.thecvf.com/content/ICCV2025/papers/Kim_CapeLLM_Support-Free_Category-Agnostic_Pose_Estimation_with_Multimodal_Large_Language_Models_ICCV_2025_paper.pdf
680,VisHall3D: Monocular Semantic Scene Completion from Reconstructing the Visible Regions to Hallucinating the Invisible Regions,iccv,2025,https://openaccess.thecvf.com/content/ICCV2025/papers/Lu_VisHall3D_Monocular_Semantic_Scene_Completion_from_Reconstructing_the_Visible_Regions_ICCV_2025_paper.pdf
681,Controllable 3D Outdoor Scene Generation via Scene Graphs,iccv,2025,https://openaccess.thecvf.com/content/ICCV2025/papers/Liu_Controllable_3D_Outdoor_Scene_Generation_via_Scene_Graphs_ICCV_2025_paper.pdf
682,JPEG Processing Neural Operator for Backward-Compatible Coding,iccv,2025,https://openaccess.thecvf.com/content/ICCV2025/papers/Han_JPEG_Processing_Neural_Operator_for_Backward-Compatible_Coding_ICCV_2025_paper.pdf
683,DPoser-X: Diffusion Model as Robust 3D Whole-body Human Pose Prior,iccv,2025,https://openaccess.thecvf.com/content/ICCV2025/papers/Lu_DPoser-X_Diffusion_Model_as_Robust_3D_Whole-body_Human_Pose_Prior_ICCV_2025_paper.pdf
684,Learning 4D Embodied World Models,iccv,2025,https://openaccess.thecvf.com/content/ICCV2025/papers/Zhen_Learning_4D_Embodied_World_Models_ICCV_2025_paper.pdf
685,FlowTok: Flowing Seamlessly Across Text and Image Tokens,iccv,2025,https://openaccess.thecvf.com/content/ICCV2025/papers/He_FlowTok_Flowing_Seamlessly_Across_Text_and_Image_Tokens_ICCV_2025_paper.pdf
686,PROGRESSOR: A Perceptually Guided Reward Estimator with Self-Supervised Online Refinement,iccv,2025,https://openaccess.thecvf.com/content/ICCV2025/papers/Ayalew_PROGRESSOR_A_Perceptually_Guided_Reward_Estimator_with_Self-Supervised_Online_Refinement_ICCV_2025_paper.pdf
687,UniOcc: A Unified Benchmark for Occupancy Forecasting and Prediction in Autonomous Driving,iccv,2025,https://openaccess.thecvf.com/content/ICCV2025/papers/Wang_UniOcc_A_Unified_Benchmark_for_Occupancy_Forecasting_and_Prediction_in_ICCV_2025_paper.pdf
688,AdaHuman: Animatable Detailed 3D Human Generation with Compositional Multiview Diffusion,iccv,2025,https://openaccess.thecvf.com/content/ICCV2025/papers/Huang_AdaHuman_Animatable_Detailed_3D_Human_Generation_with_Compositional_Multiview_Diffusion_ICCV_2025_paper.pdf
689,ReCamMaster: Camera-Controlled Generative Rendering from A Single Video,iccv,2025,https://openaccess.thecvf.com/content/ICCV2025/papers/Bai_ReCamMaster_Camera-Controlled_Generative_Rendering_from_A_Single_Video_ICCV_2025_paper.pdf
690,MaskHand: Generative Masked Modeling for Robust Hand Mesh Reconstruction in the Wild,iccv,2025,https://openaccess.thecvf.com/content/ICCV2025/papers/Saleem_MaskHand_Generative_Masked_Modeling_for_Robust_Hand_Mesh_Reconstruction_in_ICCV_2025_paper.pdf
691,Image-Guided Shape-from-Template Using Mesh Inextensibility Constraints,iccv,2025,https://openaccess.thecvf.com/content/ICCV2025/papers/Tran_Image-Guided_Shape-from-Template_Using_Mesh_Inextensibility_Constraints_ICCV_2025_paper.pdf
692,"Confound from All Sides, Distill with Resilience: Multi-Objective Adversarial Paths to Zero-Shot Robustness",iccv,2025,https://openaccess.thecvf.com/content/ICCV2025/papers/Dong_Confound_from_All_Sides_Distill_with_Resilience_Multi-Objective_Adversarial_Paths_ICCV_2025_paper.pdf
693,NGD: Neural Gradient Based Deformation for Monocular Garment Reconstruction,iccv,2025,https://openaccess.thecvf.com/content/ICCV2025/papers/Dasgupta_NGD_Neural_Gradient_Based_Deformation_for_Monocular_Garment_Reconstruction_ICCV_2025_paper.pdf
694,Learned Image Compression with Hierarchical Progressive Context Modeling,iccv,2025,https://openaccess.thecvf.com/content/ICCV2025/papers/Li_Learned_Image_Compression_with_Hierarchical_Progressive_Context_Modeling_ICCV_2025_paper.pdf
695,U-ViLAR: Uncertainty-Aware Visual Localization for Autonomous Driving via Differentiable Association and Registration,iccv,2025,https://openaccess.thecvf.com/content/ICCV2025/papers/Li_U-ViLAR_Uncertainty-Aware_Visual_Localization_for_Autonomous_Driving_via_Differentiable_Association_ICCV_2025_paper.pdf
696,CF3: Compact and Fast 3D Feature Fields,iccv,2025,https://openaccess.thecvf.com/content/ICCV2025/papers/Lee_CF3_Compact_and_Fast_3D_Feature_Fields_ICCV_2025_paper.pdf
697,Joint Self-Supervised Video Alignment and Action Segmentation,iccv,2025,https://openaccess.thecvf.com/content/ICCV2025/papers/Ali_Joint_Self-Supervised_Video_Alignment_and_Action_Segmentation_ICCV_2025_paper.pdf
698,2.5 Years in Class: A Multimodal Textbook for Vision-Language Pretraining,iccv,2025,https://openaccess.thecvf.com/content/ICCV2025/papers/Zhang_2.5_Years_in_Class_A_Multimodal_Textbook_for_Vision-Language_Pretraining_ICCV_2025_paper.pdf
699,Learning 3D Scene Analogies with Neural Contextual Scene Maps,iccv,2025,https://openaccess.thecvf.com/content/ICCV2025/papers/Kim_Learning_3D_Scene_Analogies_with_Neural_Contextual_Scene_Maps_ICCV_2025_paper.pdf
700,Are They the Same? Exploring Visual Correspondence Shortcomings of Multimodal LLMs,iccv,2025,https://openaccess.thecvf.com/content/ICCV2025/papers/Zhou_Are_They_the_Same_Exploring_Visual_Correspondence_Shortcomings_of_Multimodal_ICCV_2025_paper.pdf
701,FlowSeek: Optical Flow Made Easier with Depth Foundation Models and Motion Bases,iccv,2025,https://openaccess.thecvf.com/content/ICCV2025/papers/Poggi_FlowSeek_Optical_Flow_Made_Easier_with_Depth_Foundation_Models_and_ICCV_2025_paper.pdf
702,EventUPS: Uncalibrated Photometric Stereo Using an Event Camera,iccv,2025,https://openaccess.thecvf.com/content/ICCV2025/papers/Liang_EventUPS_Uncalibrated_Photometric_Stereo_Using_an_Event_Camera_ICCV_2025_paper.pdf
703,WildSAT: Learning Satellite Image Representations from Wildlife Observations,iccv,2025,https://openaccess.thecvf.com/content/ICCV2025/papers/Daroya_WildSAT_Learning_Satellite_Image_Representations_from_Wildlife_Observations_ICCV_2025_paper.pdf
704,Flow to the Mode: Mode-Seeking Diffusion Autoencoders for State-of-the-Art Image Tokenization,iccv,2025,https://openaccess.thecvf.com/content/ICCV2025/papers/Sargent_Flow_to_the_Mode_Mode-Seeking_Diffusion_Autoencoders_for_State-of-the-Art_Image_ICCV_2025_paper.pdf
705,UniPhys: Unified Planner and Controller with Diffusion for Flexible Physics-Based Character Control,iccv,2025,https://openaccess.thecvf.com/content/ICCV2025/papers/Wu_UniPhys_Unified_Planner_and_Controller_with_Diffusion_for_Flexible_Physics-Based_ICCV_2025_paper.pdf
706,SPADE: Spatial-Aware Denoising Network for Open-vocabulary Panoptic Scene Graph Generation with Long- and Local-range Context Reasoning,iccv,2025,https://openaccess.thecvf.com/content/ICCV2025/papers/Hu_SPADE_Spatial-Aware_Denoising_Network_for_Open-vocabulary_Panoptic_Scene_Graph_Generation_ICCV_2025_paper.pdf
707,Few-Shot Pattern Detection via Template Matching and Regression,iccv,2025,https://openaccess.thecvf.com/content/ICCV2025/papers/Jo_Few-Shot_Pattern_Detection_via_Template_Matching_and_Regression_ICCV_2025_paper.pdf
708,Humans as Checkerboards: Calibrating Camera Motion Scale for World-Coordinate Human Mesh Recovery,iccv,2025,https://openaccess.thecvf.com/content/ICCV2025/papers/Yang_Humans_as_Checkerboards_Calibrating_Camera_Motion_Scale_for_World-Coordinate_Human_ICCV_2025_paper.pdf
709,Leveraging BEV Paradigm for Ground-to-Aerial Image Synthesis,iccv,2025,https://openaccess.thecvf.com/content/ICCV2025/papers/Ye_Leveraging_BEV_Paradigm_for_Ground-to-Aerial_Image_Synthesis_ICCV_2025_paper.pdf
710,Deciphering Cross-Modal Alignment in Large Vision-Language Models via Modality Integration Rate,iccv,2025,https://openaccess.thecvf.com/content/ICCV2025/papers/Huang_Deciphering_Cross-Modal_Alignment_in_Large_Vision-Language_Models_via_Modality_Integration_ICCV_2025_paper.pdf
711,FPEM: Face Prior Enhanced Facial Attractiveness Prediction for Live Videos with Face Retouching,iccv,2025,https://openaccess.thecvf.com/content/ICCV2025/papers/Li_FPEM_Face_Prior_Enhanced_Facial_Attractiveness_Prediction_for_Live_Videos_ICCV_2025_paper.pdf
712,MultiverSeg: Scalable Interactive Segmentation of Biomedical Imaging Datasets with In-Context Guidance,iccv,2025,https://openaccess.thecvf.com/content/ICCV2025/papers/Wong_MultiverSeg_Scalable_Interactive_Segmentation_of_Biomedical_Imaging_Datasets_with_In-Context_ICCV_2025_paper.pdf
713,Is Meta-Learning Out? Rethinking Unsupervised Few-Shot Classification with Limited Entropy,iccv,2025,https://openaccess.thecvf.com/content/ICCV2025/papers/Guan_Is_Meta-Learning_Out_Rethinking_Unsupervised_Few-Shot_Classification_with_Limited_Entropy_ICCV_2025_paper.pdf
714,Synergistic Prompting for Robust Visual Recognition with Missing Modalities,iccv,2025,https://openaccess.thecvf.com/content/ICCV2025/papers/Zhang_Synergistic_Prompting_for_Robust_Visual_Recognition_with_Missing_Modalities_ICCV_2025_paper.pdf
715,DAMap: Distance-aware MapNet for High Quality HD Map Construction,iccv,2025,https://openaccess.thecvf.com/content/ICCV2025/papers/Dong_DAMap_Distance-aware_MapNet_for_High_Quality_HD_Map_Construction_ICCV_2025_paper.pdf
716,Magic Insert: Style-Aware Drag-and-Drop,iccv,2025,https://openaccess.thecvf.com/content/ICCV2025/papers/Ruiz_Magic_Insert_Style-Aware_Drag-and-Drop_ICCV_2025_paper.pdf
717,ProGait: A Multi-Purpose Video Dataset and Benchmark for Transfemoral Prosthesis Users,iccv,2025,https://openaccess.thecvf.com/content/ICCV2025/papers/Yin_ProGait_A_Multi-Purpose_Video_Dataset_and_Benchmark_for_Transfemoral_Prosthesis_ICCV_2025_paper.pdf
718,MuGS: Multi-Baseline Generalizable Gaussian Splatting Reconstruction,iccv,2025,https://openaccess.thecvf.com/content/ICCV2025/papers/Lou_MuGS_Multi-Baseline_Generalizable_Gaussian_Splatting_Reconstruction_ICCV_2025_paper.pdf
719,HADES: Human Avatar with Dynamic Explicit Hair Strands,iccv,2025,https://openaccess.thecvf.com/content/ICCV2025/papers/Liao_HADES_Human_Avatar_with_Dynamic_Explicit_Hair_Strands_ICCV_2025_paper.pdf
720,Aligning Effective Tokens with Video Anomaly in Large Language Models,iccv,2025,https://openaccess.thecvf.com/content/ICCV2025/papers/Chen_Aligning_Effective_Tokens_with_Video_Anomaly_in_Large_Language_Models_ICCV_2025_paper.pdf
721,PseudoMapTrainer: Learning Online Mapping without HD Maps,iccv,2025,https://openaccess.thecvf.com/content/ICCV2025/papers/Lowens_PseudoMapTrainer_Learning_Online_Mapping_without_HD_Maps_ICCV_2025_paper.pdf
722,From Reflection to Perfection: Scaling Inference-Time Optimization for Text-to-Image Diffusion Models via Reflection Tuning,iccv,2025,https://openaccess.thecvf.com/content/ICCV2025/papers/Zhuo_From_Reflection_to_Perfection_Scaling_Inference-Time_Optimization_for_Text-to-Image_Diffusion_ICCV_2025_paper.pdf
723,FreeDance: Towards Harmonic Free-Number Group Dance Generation via a Unified Framework,iccv,2025,https://openaccess.thecvf.com/content/ICCV2025/papers/Zhao_FreeDance_Towards_Harmonic_Free-Number_Group_Dance_Generation_via_a_Unified_ICCV_2025_paper.pdf
724,Beyond the Frame: Generating 360deg Panoramic Videos from Perspective Videos,iccv,2025,https://openaccess.thecvf.com/content/ICCV2025/papers/Luo_Beyond_the_Frame_Generating_360deg_Panoramic_Videos_from_Perspective_Videos_ICCV_2025_paper.pdf
725,Multi-turn Consistent Image Editing,iccv,2025,https://openaccess.thecvf.com/content/ICCV2025/papers/Zhou_Multi-turn_Consistent_Image_Editing_ICCV_2025_paper.pdf
726,HUMOTO: A 4D Dataset of Mocap Human Object Interactions,iccv,2025,https://openaccess.thecvf.com/content/ICCV2025/papers/Lu_HUMOTO_A_4D_Dataset_of_Mocap_Human_Object_Interactions_ICCV_2025_paper.pdf
727,Learning Visual Hierarchies in Hyperbolic Space for Image Retrieval,iccv,2025,https://openaccess.thecvf.com/content/ICCV2025/papers/Wang_Learning_Visual_Hierarchies_in_Hyperbolic_Space_for_Image_Retrieval_ICCV_2025_paper.pdf
728,AutoPrompt: Automated Red-Teaming of Text-to-Image Models via LLM-Driven Adversarial Prompts,iccv,2025,https://openaccess.thecvf.com/content/ICCV2025/papers/Liu_AutoPrompt_Automated_Red-Teaming_of_Text-to-Image_Models_via_LLM-Driven_Adversarial_Prompts_ICCV_2025_paper.pdf
729,LLM-assisted Entropy-based Adaptive Distillation for Unsupervised Fine-grained Visual Representation Learning,iccv,2025,https://openaccess.thecvf.com/content/ICCV2025/papers/Dong_LLM-assisted_Entropy-based_Adaptive_Distillation_for_Unsupervised_Fine-grained_Visual_Representation_Learning_ICCV_2025_paper.pdf
730,Jailbreaking Multimodal Large Language Models via Shuffle Inconsistency,iccv,2025,https://openaccess.thecvf.com/content/ICCV2025/papers/Zhao_Jailbreaking_Multimodal_Large_Language_Models_via_Shuffle_Inconsistency_ICCV_2025_paper.pdf
731,UMDATrack: Unified Multi-Domain Adaptive Tracking Under Adverse Weather Conditions,iccv,2025,https://openaccess.thecvf.com/content/ICCV2025/papers/Yao_UMDATrack_Unified_Multi-Domain_Adaptive_Tracking_Under_Adverse_Weather_Conditions_ICCV_2025_paper.pdf
732,Boosting MLLM Reasoning with Text-Debiased Hint-GRPO,iccv,2025,https://openaccess.thecvf.com/content/ICCV2025/papers/Huang_Boosting_MLLM_Reasoning_with_Text-Debiased_Hint-GRPO_ICCV_2025_paper.pdf
733,Learning on the Go: A Meta-learning Object Navigation Model,iccv,2025,https://openaccess.thecvf.com/content/ICCV2025/papers/Qin_Learning_on_the_Go_A_Meta-learning_Object_Navigation_Model_ICCV_2025_paper.pdf
734,Visual Interestingness Decoded: How GPT-4o Mirrors Human Interests,iccv,2025,https://openaccess.thecvf.com/content/ICCV2025/papers/Abdullahu_Visual_Interestingness_Decoded_How_GPT-4o_Mirrors_Human_Interests_ICCV_2025_paper.pdf
735,PriOr-Flow: Enhancing Primitive Panoramic Optical Flow with Orthogonal View,iccv,2025,https://openaccess.thecvf.com/content/ICCV2025/papers/Liu_PriOr-Flow_Enhancing_Primitive_Panoramic_Optical_Flow_with_Orthogonal_View_ICCV_2025_paper.pdf
736,A Simple yet Mighty Hartley Diffusion Versatilist for Generalizable Dense Vision Tasks,iccv,2025,https://openaccess.thecvf.com/content/ICCV2025/papers/Bi_A_Simple_yet_Mighty_Hartley_Diffusion_Versatilist_for_Generalizable_Dense_ICCV_2025_paper.pdf
737,Separation for Better Integration: Disentangling Edge and Motion in Event-based Deblurring,iccv,2025,https://openaccess.thecvf.com/content/ICCV2025/papers/Zhu_Separation_for_Better_Integration_Disentangling_Edge_and_Motion_in_Event-based_ICCV_2025_paper.pdf
738,Bitrate-Controlled Diffusion for Disentangling Motion and Content in Video,iccv,2025,https://openaccess.thecvf.com/content/ICCV2025/papers/Li_Bitrate-Controlled_Diffusion_for_Disentangling_Motion_and_Content_in_Video_ICCV_2025_paper.pdf
739,LGA-Net: Learning Local and Global Affinities for Sparse Scribble based Image Colorization,iccv,2025,https://openaccess.thecvf.com/content/ICCV2025/papers/Lyu_LGA-Net_Learning_Local_and_Global_Affinities_for_Sparse_Scribble_based_ICCV_2025_paper.pdf
740,Benchmarking Burst Super-Resolution for Polarization Images: Noise Dataset and Analysis,iccv,2025,https://openaccess.thecvf.com/content/ICCV2025/papers/Hwang_Benchmarking_Burst_Super-Resolution_for_Polarization_Images_Noise_Dataset_and_Analysis_ICCV_2025_paper.pdf
741,JointDiT: Enhancing RGB-Depth Joint Modeling with Diffusion Transformers,iccv,2025,https://openaccess.thecvf.com/content/ICCV2025/papers/Byung-Ki_JointDiT_Enhancing_RGB-Depth_Joint_Modeling_with_Diffusion_Transformers_ICCV_2025_paper.pdf
742,Discretized Gaussian Representation for Tomographic Reconstruction,iccv,2025,https://openaccess.thecvf.com/content/ICCV2025/papers/Wu_Discretized_Gaussian_Representation_for_Tomographic_Reconstruction_ICCV_2025_paper.pdf
743,ScoreHOI: Physically Plausible Reconstruction of Human-Object Interaction via Score-Guided Diffusion,iccv,2025,https://openaccess.thecvf.com/content/ICCV2025/papers/Li_ScoreHOI_Physically_Plausible_Reconstruction_of_Human-Object_Interaction_via_Score-Guided_Diffusion_ICCV_2025_paper.pdf
744,CMB-ML: A Cosmic Microwave Background Dataset for the Oldest Possible Computer Vision Task,iccv,2025,https://openaccess.thecvf.com/content/ICCV2025/papers/Amato_CMB-ML_A_Cosmic_Microwave_Background_Dataset_for_the_Oldest_Possible_ICCV_2025_paper.pdf
745,Deeply Supervised Flow-Based Generative Models,iccv,2025,https://openaccess.thecvf.com/content/ICCV2025/papers/Shin_Deeply_Supervised_Flow-Based_Generative_Models_ICCV_2025_paper.pdf
746,Towards Efficient General Feature Prediction in Masked Skeleton Modeling,iccv,2025,https://openaccess.thecvf.com/content/ICCV2025/papers/Sun_Towards_Efficient_General_Feature_Prediction_in_Masked_Skeleton_Modeling_ICCV_2025_paper.pdf
747,Dynamic Point Maps: A Versatile Representation for Dynamic 3D Reconstruction,iccv,2025,https://openaccess.thecvf.com/content/ICCV2025/papers/Sucar_Dynamic_Point_Maps_A_Versatile_Representation_for_Dynamic_3D_Reconstruction_ICCV_2025_paper.pdf
748,Language Decoupling with Fine-grained Knowledge Guidance for Referring Multi-object Tracking,iccv,2025,https://openaccess.thecvf.com/content/ICCV2025/papers/Li_Language_Decoupling_with_Fine-grained_Knowledge_Guidance_for_Referring_Multi-object_Tracking_ICCV_2025_paper.pdf
749,Timestep-Aware Diffusion Model for Extreme Image Rescaling,iccv,2025,https://openaccess.thecvf.com/content/ICCV2025/papers/Wang_Timestep-Aware_Diffusion_Model_for_Extreme_Image_Rescaling_ICCV_2025_paper.pdf
750,COVTrack: Continuous Open-Vocabulary Tracking via Adaptive Multi-Cue Fusion,iccv,2025,https://openaccess.thecvf.com/content/ICCV2025/papers/Qian_COVTrack_Continuous_Open-Vocabulary_Tracking_via_Adaptive_Multi-Cue_Fusion_ICCV_2025_paper.pdf
751,Toward Material-Agnostic System Identification from Videos,iccv,2025,https://openaccess.thecvf.com/content/ICCV2025/papers/Zhao_Toward_Material-Agnostic_System_Identification_from_Videos_ICCV_2025_paper.pdf
752,Referring Expression Comprehension for Small Objects,iccv,2025,https://openaccess.thecvf.com/content/ICCV2025/papers/Goto_Referring_Expression_Comprehension_for_Small_Objects_ICCV_2025_paper.pdf
753,Robust 3D-Masked Part-level Editing in 3D Gaussian Splatting with Regularized Score Distillation Sampling,iccv,2025,https://openaccess.thecvf.com/content/ICCV2025/papers/Kim_Robust_3D-Masked_Part-level_Editing_in_3D_Gaussian_Splatting_with_Regularized_ICCV_2025_paper.pdf
754,InstaDrive: Instance-Aware Driving World Models for Realistic and Consistent Video Generation,iccv,2025,https://openaccess.thecvf.com/content/ICCV2025/papers/Yang_InstaDrive_Instance-Aware_Driving_World_Models_for_Realistic_and_Consistent_Video_ICCV_2025_paper.pdf
755,Effective Training Data Synthesis for Improving MLLM Chart Understanding,iccv,2025,https://openaccess.thecvf.com/content/ICCV2025/papers/Yang_Effective_Training_Data_Synthesis_for_Improving_MLLM_Chart_Understanding_ICCV_2025_paper.pdf
756,DIVE: Taming DINO for Subject-Driven Video Editing,iccv,2025,https://openaccess.thecvf.com/content/ICCV2025/papers/Huang_DIVE_Taming_DINO_for_Subject-Driven_Video_Editing_ICCV_2025_paper.pdf
757,Neural Architecture Search Driven by Locally Guided Diffusion for Personalized Federated Learning,iccv,2025,https://openaccess.thecvf.com/content/ICCV2025/papers/Liao_Neural_Architecture_Search_Driven_by_Locally_Guided_Diffusion_for_Personalized_ICCV_2025_paper.pdf
758,Global-Aware Monocular Semantic Scene Completion with State Space Models,iccv,2025,https://openaccess.thecvf.com/content/ICCV2025/papers/Li_Global-Aware_Monocular_Semantic_Scene_Completion_with_State_Space_Models_ICCV_2025_paper.pdf
759,ULTHO: Ultra-Lightweight yet Efficient Hyperparameter Optimization in Deep Reinforcement Learning,iccv,2025,https://openaccess.thecvf.com/content/ICCV2025/papers/Yuan_ULTHO_Ultra-Lightweight_yet_Efficient_Hyperparameter_Optimization_in_Deep_Reinforcement_Learning_ICCV_2025_paper.pdf
760,GReg: Geometry-Aware Region Refinement for Sign Language Video Generation,iccv,2025,https://openaccess.thecvf.com/content/ICCV2025/papers/Shi_GReg_Geometry-Aware_Region_Refinement_for_Sign_Language_Video_Generation_ICCV_2025_paper.pdf
761,CarGait: Cross-Attention based Re-ranking for Gait recognition,iccv,2025,https://openaccess.thecvf.com/content/ICCV2025/papers/Habib_CarGait_Cross-Attention_based_Re-ranking_for_Gait_recognition_ICCV_2025_paper.pdf
762,Text2VDM: Text to Vector Displacement Maps for Expressive and Interactive 3D Sculpting,iccv,2025,https://openaccess.thecvf.com/content/ICCV2025/papers/Meng_Text2VDM_Text_to_Vector_Displacement_Maps_for_Expressive_and_Interactive_ICCV_2025_paper.pdf
763,DiffVSR: Revealing an Effective Recipe for Taming Robust Video Super-Resolution Against Complex Degradations,iccv,2025,https://openaccess.thecvf.com/content/ICCV2025/papers/Li_DiffVSR_Revealing_an_Effective_Recipe_for_Taming_Robust_Video_Super-Resolution_ICCV_2025_paper.pdf
764,3D Gaussian Splatting Driven Multi-View Robust Physical Adversarial Camouflage Generation,iccv,2025,https://openaccess.thecvf.com/content/ICCV2025/papers/Lou_3D_Gaussian_Splatting_Driven_Multi-View_Robust_Physical_Adversarial_Camouflage_Generation_ICCV_2025_paper.pdf
765,GenieBlue: Integrating both Linguistic and Multimodal Capabilities for Large Language Models on Mobile Devices,iccv,2025,https://openaccess.thecvf.com/content/ICCV2025/papers/Lu_GenieBlue_Integrating_both_Linguistic_and_Multimodal_Capabilities_for_Large_Language_ICCV_2025_paper.pdf
766,MambaML: Exploring State Space Models for Multi-Label Image Classification,iccv,2025,https://openaccess.thecvf.com/content/ICCV2025/papers/Zhu_MambaML_Exploring_State_Space_Models_for_Multi-Label_Image_Classification_ICCV_2025_paper.pdf
767,SuperMat: Physically Consistent PBR Material Estimation at Interactive Rates,iccv,2025,https://openaccess.thecvf.com/content/ICCV2025/papers/Hong_SuperMat_Physically_Consistent_PBR_Material_Estimation_at_Interactive_Rates_ICCV_2025_paper.pdf
768,Deep Adaptive Unfolded Network via Spatial Morphology Stripping and Spectral Filtration for Pan-sharpening,iccv,2025,https://openaccess.thecvf.com/content/ICCV2025/papers/Wang_Deep_Adaptive_Unfolded_Network_via_Spatial_Morphology_Stripping_and_Spectral_ICCV_2025_paper.pdf
769,HiMTok: Learning Hierarchical Mask Tokens for Image Segmentation with Large Multimodal Model,iccv,2025,https://openaccess.thecvf.com/content/ICCV2025/papers/Wang_HiMTok_Learning_Hierarchical_Mask_Tokens_for_Image_Segmentation_with_Large_ICCV_2025_paper.pdf
770,MixA-Q: Revisiting Activation Sparsity for Vision Transformers from a Mixed-Precision Quantization Perspective,iccv,2025,https://openaccess.thecvf.com/content/ICCV2025/papers/Wang_MixA-Q_Revisiting_Activation_Sparsity_for_Vision_Transformers_from_a_Mixed-Precision_ICCV_2025_paper.pdf
771,A Quality-Guided Mixture of Score-Fusion Experts Framework for Human Recognition,iccv,2025,https://openaccess.thecvf.com/content/ICCV2025/papers/Zhu_A_Quality-Guided_Mixture_of_Score-Fusion_Experts_Framework_for_Human_Recognition_ICCV_2025_paper.pdf
772,EMD: Explicit Motion Modeling for High-Quality Street Gaussian Splatting,iccv,2025,https://openaccess.thecvf.com/content/ICCV2025/papers/Wei_EMD_Explicit_Motion_Modeling_for_High-Quality_Street_Gaussian_Splatting_ICCV_2025_paper.pdf
773,MOVE: Motion-Guided Few-Shot Video Object Segmentation,iccv,2025,https://openaccess.thecvf.com/content/ICCV2025/papers/Ying_MOVE_Motion-Guided_Few-Shot_Video_Object_Segmentation_ICCV_2025_paper.pdf
774,Neural Multi-View Self-Calibrated Photometric Stereo without Photometric Stereo Cues,iccv,2025,https://openaccess.thecvf.com/content/ICCV2025/papers/Cao_Neural_Multi-View_Self-Calibrated_Photometric_Stereo_without_Photometric_Stereo_Cues_ICCV_2025_paper.pdf
775,CO2-Net: A Physics-Informed Spatio-Temporal Model for Global Surface CO2 Reconstruction,iccv,2025,https://openaccess.thecvf.com/content/ICCV2025/papers/Zheng_CO2-Net_A_Physics-Informed_Spatio-Temporal_Model_for_Global_Surface_CO2_Reconstruction_ICCV_2025_paper.pdf
776,Multi-Modal Multi-Task Unified Embedding Model (M3T-UEM): A Task-Adaptive Representation Learning Framework,iccv,2025,https://openaccess.thecvf.com/content/ICCV2025/papers/Sharma_Multi-Modal_Multi-Task_Unified_Embedding_Model_M3T-UEM_A_Task-Adaptive_Representation_Learning_ICCV_2025_paper.pdf
777,Randomized Autoregressive Visual Generation,iccv,2025,https://openaccess.thecvf.com/content/ICCV2025/papers/Yu_Randomized_Autoregressive_Visual_Generation_ICCV_2025_paper.pdf
778,Towards More Diverse and Challenging Pre-training for Point Cloud Learning: Self-Supervised Cross Reconstruction with Decoupled Views,iccv,2025,https://openaccess.thecvf.com/content/ICCV2025/papers/Zhang_Towards_More_Diverse_and_Challenging_Pre-training_for_Point_Cloud_Learning_ICCV_2025_paper.pdf
779,Baking Gaussian Splatting into Diffusion Denoiser for Fast and Scalable Single-stage Image-to-3D Generation and Reconstruction,iccv,2025,https://openaccess.thecvf.com/content/ICCV2025/papers/Cai_Baking_Gaussian_Splatting_into_Diffusion_Denoiser_for_Fast_and_Scalable_ICCV_2025_paper.pdf
780,Variance-Based Pruning for Accelerating and Compressing Trained Networks,iccv,2025,https://openaccess.thecvf.com/content/ICCV2025/papers/Berisha_Variance-Based_Pruning_for_Accelerating_and_Compressing_Trained_Networks_ICCV_2025_paper.pdf
781,Learning Normal Flow Directly From Events,iccv,2025,https://openaccess.thecvf.com/content/ICCV2025/papers/Yuan_Learning_Normal_Flow_Directly_From_Events_ICCV_2025_paper.pdf
782,Federated Prompt-Tuning with Heterogeneous and Incomplete Multimodal Client Data,iccv,2025,https://openaccess.thecvf.com/content/ICCV2025/papers/Phung_Federated_Prompt-Tuning_with_Heterogeneous_and_Incomplete_Multimodal_Client_Data_ICCV_2025_paper.pdf
783,Trace3D: Consistent Segmentation Lifting via Gaussian Instance Tracing,iccv,2025,https://openaccess.thecvf.com/content/ICCV2025/papers/Shen_Trace3D_Consistent_Segmentation_Lifting_via_Gaussian_Instance_Tracing_ICCV_2025_paper.pdf
784,LMM-Det: Make Large Multimodal Models Excel in Object Detection,iccv,2025,https://openaccess.thecvf.com/content/ICCV2025/papers/Li_LMM-Det_Make_Large_Multimodal_Models_Excel_in_Object_Detection_ICCV_2025_paper.pdf
785,Bootstrap3D: Improving Multi-view Diffusion Model with Synthetic Data,iccv,2025,https://openaccess.thecvf.com/content/ICCV2025/papers/Sun_Bootstrap3D_Improving_Multi-view_Diffusion_Model_with_Synthetic_Data_ICCV_2025_paper.pdf
786,Unsupervised Imaging Inverse Problems with Diffusion Distribution Matching,iccv,2025,https://openaccess.thecvf.com/content/ICCV2025/papers/Meanti_Unsupervised_Imaging_Inverse_Problems_with_Diffusion_Distribution_Matching_ICCV_2025_paper.pdf
787,Towards Adversarial Robustness via Debiased High-Confidence Logit Alignment,iccv,2025,https://openaccess.thecvf.com/content/ICCV2025/papers/Zhang_Towards_Adversarial_Robustness_via_Debiased_High-Confidence_Logit_Alignment_ICCV_2025_paper.pdf
788,FiffDepth: Feed-forward Transformation of Diffusion-Based Generators for Detailed Depth Estimation,iccv,2025,https://openaccess.thecvf.com/content/ICCV2025/papers/Bai_FiffDepth_Feed-forward_Transformation_of_Diffusion-Based_Generators_for_Detailed_Depth_Estimation_ICCV_2025_paper.pdf
789,Reinforcement Learning-Guided Data Selection via Redundancy Assessment,iccv,2025,https://openaccess.thecvf.com/content/ICCV2025/papers/Yang_Reinforcement_Learning-Guided_Data_Selection_via_Redundancy_Assessment_ICCV_2025_paper.pdf
790,Integrating Biological Knowledge for Robust Microscopy Image Profiling on De Novo Cell Lines,iccv,2025,https://openaccess.thecvf.com/content/ICCV2025/papers/Chen_Integrating_Biological_Knowledge_for_Robust_Microscopy_Image_Profiling_on_De_ICCV_2025_paper.pdf
791,OuroMamba: A Data-Free Quantization Framework for Vision Mamba,iccv,2025,https://openaccess.thecvf.com/content/ICCV2025/papers/Ramachandran_OuroMamba_A_Data-Free_Quantization_Framework_for_Vision_Mamba_ICCV_2025_paper.pdf
792,Optical Model-Driven Sharpness Mapping for Autofocus in Small Depth-of-Field and Severe Defocus Scenarios,iccv,2025,https://openaccess.thecvf.com/content/ICCV2025/papers/Fan_Optical_Model-Driven_Sharpness_Mapping_for_Autofocus_in_Small_Depth-of-Field_and_ICCV_2025_paper.pdf
793,DICE: Staleness-Centric Optimizations for Parallel Diffusion MoE Inference,iccv,2025,https://openaccess.thecvf.com/content/ICCV2025/papers/Luo_DICE_Staleness-Centric_Optimizations_for_Parallel_Diffusion_MoE_Inference_ICCV_2025_paper.pdf
794,Safeguarding Vision-Language Models: Mitigating Vulnerabilities to Gaussian Noise in Perturbation-based Attacks,iccv,2025,https://openaccess.thecvf.com/content/ICCV2025/papers/Wang_Safeguarding_Vision-Language_Models_Mitigating_Vulnerabilities_to_Gaussian_Noise_in_Perturbation-based_ICCV_2025_paper.pdf
795,SHeaP: Self-Supervised Head Geometry Predictor Learned via 2D Gaussians,iccv,2025,https://openaccess.thecvf.com/content/ICCV2025/papers/Schoneveld_SHeaP_Self-Supervised_Head_Geometry_Predictor_Learned_via_2D_Gaussians_ICCV_2025_paper.pdf
796,Pretrained Reversible Generation as Unsupervised Visual Representation Learning,iccv,2025,https://openaccess.thecvf.com/content/ICCV2025/papers/Xue_Pretrained_Reversible_Generation_as_Unsupervised_Visual_Representation_Learning_ICCV_2025_paper.pdf
797,CompSlider: Compositional Slider for Disentangled Multiple-Attribute Image Generation,iccv,2025,https://openaccess.thecvf.com/content/ICCV2025/papers/Zhu_CompSlider_Compositional_Slider_for_Disentangled_Multiple-Attribute_Image_Generation_ICCV_2025_paper.pdf
798,MA-CIR: A Multimodal Arithmetic Benchmark for Composed Image Retrieval,iccv,2025,https://openaccess.thecvf.com/content/ICCV2025/papers/Byun_MA-CIR_A_Multimodal_Arithmetic_Benchmark_for_Composed_Image_Retrieval_ICCV_2025_paper.pdf
799,NAPPure: Adversarial Purification for Robust Image Classification under Non-Additive Perturbations,iccv,2025,https://openaccess.thecvf.com/content/ICCV2025/papers/Nan_NAPPure_Adversarial_Purification_for_Robust_Image_Classification_under_Non-Additive_Perturbations_ICCV_2025_paper.pdf
800,Large-scale Pre-training for Grounded Video Caption Generation,iccv,2025,https://openaccess.thecvf.com/content/ICCV2025/papers/Kazakos_Large-scale_Pre-training_for_Grounded_Video_Caption_Generation_ICCV_2025_paper.pdf
801,MMReason: An Open-Ended Multi-Modal Multi-Step Reasoning Benchmark for MLLMs Toward AGI,iccv,2025,https://openaccess.thecvf.com/content/ICCV2025/papers/Yao_MMReason_An_Open-Ended_Multi-Modal_Multi-Step_Reasoning_Benchmark_for_MLLMs_Toward_ICCV_2025_paper.pdf
802,SimMLM: A Simple Framework for Multi-modal Learning with Missing Modality,iccv,2025,https://openaccess.thecvf.com/content/ICCV2025/papers/Li_SimMLM_A_Simple_Framework_for_Multi-modal_Learning_with_Missing_Modality_ICCV_2025_paper.pdf
803,Dual Reciprocal Learning of Language-based Human Motion Understanding and Generation,iccv,2025,https://openaccess.thecvf.com/content/ICCV2025/papers/Liang_Dual_Reciprocal_Learning_of_Language-based_Human_Motion_Understanding_and_Generation_ICCV_2025_paper.pdf
804,InteractAvatar: Modeling Hand-Face Interaction in Photorealistic Avatars with Deformable Gaussians,iccv,2025,https://openaccess.thecvf.com/content/ICCV2025/papers/Chen_InteractAvatar_Modeling_Hand-Face_Interaction_in_Photorealistic_Avatars_with_Deformable_Gaussians_ICCV_2025_paper.pdf
805,LINR-PCGC: Lossless Implicit Neural Representations for Point Cloud Geometry Compression,iccv,2025,https://openaccess.thecvf.com/content/ICCV2025/papers/Huang_LINR-PCGC_Lossless_Implicit_Neural_Representations_for_Point_Cloud_Geometry_Compression_ICCV_2025_paper.pdf
806,RoCo-Sim: Enhancing Roadside Collaborative Perception through Foreground Simulation,iccv,2025,https://openaccess.thecvf.com/content/ICCV2025/papers/Du_RoCo-Sim_Enhancing_Roadside_Collaborative_Perception_through_Foreground_Simulation_ICCV_2025_paper.pdf
807,UKBOB: One Billion MRI Labeled Masks for Generalizable 3D Medical Image Segmentation,iccv,2025,https://openaccess.thecvf.com/content/ICCV2025/papers/Bourigault_UKBOB_One_Billion_MRI_Labeled_Masks_for_Generalizable_3D_Medical_ICCV_2025_paper.pdf
808,To Label or Not to Label: PALM - A Predictive Model for Evaluating Sample Efficiency in Active Learning Models,iccv,2025,https://openaccess.thecvf.com/content/ICCV2025/papers/Machnio_To_Label_or_Not_to_Label_PALM_-_A_Predictive_ICCV_2025_paper.pdf
809,GaussianOcc: Fully Self-supervised and Efficient 3D Occupancy Estimation with Gaussian Splatting,iccv,2025,https://openaccess.thecvf.com/content/ICCV2025/papers/Gan_GaussianOcc_Fully_Self-supervised_and_Efficient_3D_Occupancy_Estimation_with_Gaussian_ICCV_2025_paper.pdf
810,Free-MoRef: Instantly Multiplexing Context Perception Capabilities of Video-MLLMs within Single Inference,iccv,2025,https://openaccess.thecvf.com/content/ICCV2025/papers/Wang_Free-MoRef_Instantly_Multiplexing_Context_Perception_Capabilities_of_Video-MLLMs_within_Single_ICCV_2025_paper.pdf
811,DC-ControlNet: Decoupling Inter- and Intra-Element Conditions in Image Generation with Diffusion Models,iccv,2025,https://openaccess.thecvf.com/content/ICCV2025/papers/Yang_DC-ControlNet_Decoupling_Inter-_and_Intra-Element_Conditions_in_Image_Generation_with_ICCV_2025_paper.pdf
812,EfficientMT: Efficient Temporal Adaptation for Motion Transfer in Text-to-Video Diffusion Models,iccv,2025,https://openaccess.thecvf.com/content/ICCV2025/papers/Cai_EfficientMT_Efficient_Temporal_Adaptation_for_Motion_Transfer_in_Text-to-Video_Diffusion_ICCV_2025_paper.pdf
813,Dynamic Multimodal Prototype Learning in Vision-Language Models,iccv,2025,https://openaccess.thecvf.com/content/ICCV2025/papers/Zhu_Dynamic_Multimodal_Prototype_Learning_in_Vision-Language_Models_ICCV_2025_paper.pdf
814,Liberated-GS: 3D Gaussian Splatting Independent from SfM Point Clouds,iccv,2025,https://openaccess.thecvf.com/content/ICCV2025/papers/Pan_Liberated-GS_3D_Gaussian_Splatting_Independent_from_SfM_Point_Clouds_ICCV_2025_paper.pdf
815,Client2Vec: Improving Federated Learning by Distribution Shifts Aware Client Indexing,iccv,2025,https://openaccess.thecvf.com/content/ICCV2025/papers/Guo_Client2Vec_Improving_Federated_Learning_by_Distribution_Shifts_Aware_Client_Indexing_ICCV_2025_paper.pdf
816,FuXi-RTM: A Physics-Guided Prediction Framework with Radiative Transfer Modeling,iccv,2025,https://openaccess.thecvf.com/content/ICCV2025/papers/Huang_FuXi-RTM_A_Physics-Guided_Prediction_Framework_with_Radiative_Transfer_Modeling_ICCV_2025_paper.pdf
817,Enhanced Pansharpening via Quaternion Spatial-Spectral Interactions,iccv,2025,https://openaccess.thecvf.com/content/ICCV2025/papers/Li_Enhanced_Pansharpening_via_Quaternion_Spatial-Spectral_Interactions_ICCV_2025_paper.pdf
818,Loss Functions for Predictor-based Neural Architecture Search,iccv,2025,https://openaccess.thecvf.com/content/ICCV2025/papers/Ji_Loss_Functions_for_Predictor-based_Neural_Architecture_Search_ICCV_2025_paper.pdf
819,Learning to Generalize without Bias for Open-Vocabulary Action Recognition,iccv,2025,https://openaccess.thecvf.com/content/ICCV2025/papers/Yu_Learning_to_Generalize_without_Bias_for_Open-Vocabulary_Action_Recognition_ICCV_2025_paper.pdf
820,Metric Convolutions: A Unifying Theory to Adaptive Image Convolutions,iccv,2025,https://openaccess.thecvf.com/content/ICCV2025/papers/Dages_Metric_Convolutions_A_Unifying_Theory_to_Adaptive_Image_Convolutions_ICCV_2025_paper.pdf
821,SDMatte: Grafting Diffusion Models for Interactive Matting,iccv,2025,https://openaccess.thecvf.com/content/ICCV2025/papers/Huang_SDMatte_Grafting_Diffusion_Models_for_Interactive_Matting_ICCV_2025_paper.pdf
822,Scaling Inference-Time Search with Vision Value Model for Improved Visual Comprehension,iccv,2025,https://openaccess.thecvf.com/content/ICCV2025/papers/Wang_Scaling_Inference-Time_Search_with_Vision_Value_Model_for_Improved_Visual_ICCV_2025_paper.pdf
823,Cooperative Pseudo Labeling for Unsupervised Federated Classification,iccv,2025,https://openaccess.thecvf.com/content/ICCV2025/papers/Guo_Cooperative_Pseudo_Labeling_for_Unsupervised_Federated_Classification_ICCV_2025_paper.pdf
824,FreeDNA: Endowing Domain Adaptation of Diffusion-Based Dense Prediction with Training-Free Domain Noise Alignment,iccv,2025,https://openaccess.thecvf.com/content/ICCV2025/papers/Xu_FreeDNA_Endowing_Domain_Adaptation_of_Diffusion-Based_Dense_Prediction_with_Training-Free_ICCV_2025_paper.pdf
825,DOLLAR: Few-Step Video Generation via Distillation and Latent Reward Optimization,iccv,2025,https://openaccess.thecvf.com/content/ICCV2025/papers/Ding_DOLLAR_Few-Step_Video_Generation_via_Distillation_and_Latent_Reward_Optimization_ICCV_2025_paper.pdf
826,Semantic Alignment and Reinforcement for Data-Free Quantization of Vision Transformers,iccv,2025,https://openaccess.thecvf.com/content/ICCV2025/papers/Zhong_Semantic_Alignment_and_Reinforcement_for_Data-Free_Quantization_of_Vision_Transformers_ICCV_2025_paper.pdf
827,Zero-AVSR: Zero-Shot Audio-Visual Speech Recognition with LLMs by Learning Language-Agnostic Speech Representations,iccv,2025,https://openaccess.thecvf.com/content/ICCV2025/papers/Yeo_Zero-AVSR_Zero-Shot_Audio-Visual_Speech_Recognition_with_LLMs_by_Learning_Language-Agnostic_ICCV_2025_paper.pdf
828,Supervised Exploratory Learning for Long-Tailed Visual Recognition,iccv,2025,https://openaccess.thecvf.com/content/ICCV2025/papers/Jian_Supervised_Exploratory_Learning_for_Long-Tailed_Visual_Recognition_ICCV_2025_paper.pdf
829,Enhanced Event-based Dense Stereo via Cross-Sensor Knowledge Distillation,iccv,2025,https://openaccess.thecvf.com/content/ICCV2025/papers/Zhang_Enhanced_Event-based_Dense_Stereo_via_Cross-Sensor_Knowledge_Distillation_ICCV_2025_paper.pdf
830,Disentangled World Models: Learning to Transfer Semantic Knowledge from Distracting Videos for Reinforcement Learning,iccv,2025,https://openaccess.thecvf.com/content/ICCV2025/papers/Wang_Disentangled_World_Models_Learning_to_Transfer_Semantic_Knowledge_from_Distracting_ICCV_2025_paper.pdf
831,StreamDiffusion: A Pipeline-level Solution for Real-Time Interactive Generation,iccv,2025,https://openaccess.thecvf.com/content/ICCV2025/papers/Kodaira_StreamDiffusion_A_Pipeline-level_Solution_for_Real-Time_Interactive_Generation_ICCV_2025_paper.pdf
832,Toward Better Out-painting: Improving the Image Composition with Initialization Policy Model,iccv,2025,https://openaccess.thecvf.com/content/ICCV2025/papers/Han_Toward_Better_Out-painting_Improving_the_Image_Composition_with_Initialization_Policy_ICCV_2025_paper.pdf
833,When Large Vision-Language Model Meets Large Remote Sensing Imagery: Coarse-to-Fine Text-Guided Token Pruning,iccv,2025,https://openaccess.thecvf.com/content/ICCV2025/papers/Luo_When_Large_Vision-Language_Model_Meets_Large_Remote_Sensing_Imagery_Coarse-to-Fine_ICCV_2025_paper.pdf
834,StreamMind: Unlocking Full Frame Rate Streaming Video Dialogue through Event-Gated Cognition,iccv,2025,https://openaccess.thecvf.com/content/ICCV2025/papers/Ding_StreamMind_Unlocking_Full_Frame_Rate_Streaming_Video_Dialogue_through_Event-Gated_ICCV_2025_paper.pdf
835,DecAD: Decoupling Anomalies in Latent Space for Multi-Class Unsupervised Anomaly Detection,iccv,2025,https://openaccess.thecvf.com/content/ICCV2025/papers/Wang_DecAD_Decoupling_Anomalies_in_Latent_Space_for_Multi-Class_Unsupervised_Anomaly_ICCV_2025_paper.pdf
836,Discovering Divergent Representations between Text-to-Image Models,iccv,2025,https://openaccess.thecvf.com/content/ICCV2025/papers/Dunlap_Discovering_Divergent_Representations_between_Text-to-Image_Models_ICCV_2025_paper.pdf
837,Kaputt: A Large-Scale Dataset for Visual Defect Detection,iccv,2025,https://openaccess.thecvf.com/content/ICCV2025/papers/Hofer_Kaputt_A_Large-Scale_Dataset_for_Visual_Defect_Detection_ICCV_2025_paper.pdf
838,Self-Ensembling Gaussian Splatting for Few-Shot Novel View Synthesis,iccv,2025,https://openaccess.thecvf.com/content/ICCV2025/papers/Zhao_Self-Ensembling_Gaussian_Splatting_for_Few-Shot_Novel_View_Synthesis_ICCV_2025_paper.pdf
839,Spectral Image Tokenizer,iccv,2025,https://openaccess.thecvf.com/content/ICCV2025/papers/Esteves_Spectral_Image_Tokenizer_ICCV_2025_paper.pdf
840,GameFactory: Creating New Games with Generative Interactive Videos,iccv,2025,https://openaccess.thecvf.com/content/ICCV2025/papers/Yu_GameFactory_Creating_New_Games_with_Generative_Interactive_Videos_ICCV_2025_paper.pdf
841,Occupancy Learning with Spatiotemporal Memory,iccv,2025,https://openaccess.thecvf.com/content/ICCV2025/papers/Leng_Occupancy_Learning_with_Spatiotemporal_Memory_ICCV_2025_paper.pdf
842,Understanding Co-speech Gestures in-the-wild,iccv,2025,https://openaccess.thecvf.com/content/ICCV2025/papers/Hegde_Understanding_Co-speech_Gestures_in-the-wild_ICCV_2025_paper.pdf
843,CAD-Recode: Reverse Engineering CAD Code from Point Clouds,iccv,2025,https://openaccess.thecvf.com/content/ICCV2025/papers/Rukhovich_CAD-Recode_Reverse_Engineering_CAD_Code_from_Point_Clouds_ICCV_2025_paper.pdf
844,ObjectRelator: Enabling Cross-View Object Relation Understanding Across Ego-Centric and Exo-Centric Perspectives,iccv,2025,https://openaccess.thecvf.com/content/ICCV2025/papers/Fu_ObjectRelator_Enabling_Cross-View_Object_Relation_Understanding_Across_Ego-Centric_and_Exo-Centric_ICCV_2025_paper.pdf
845,Tune-Your-Style: Intensity-tunable 3D Style Transfer with Gaussian Splatting,iccv,2025,https://openaccess.thecvf.com/content/ICCV2025/papers/Zhao_Tune-Your-Style_Intensity-tunable_3D_Style_Transfer_with_Gaussian_Splatting_ICCV_2025_paper.pdf
846,Stylized-Face: A Million-level Stylized Face Dataset for Face Recognition,iccv,2025,https://openaccess.thecvf.com/content/ICCV2025/papers/Peng_Stylized-Face_A_Million-level_Stylized_Face_Dataset_for_Face_Recognition_ICCV_2025_paper.pdf
847,Bring Your Rear Cameras for Egocentric 3D Human Pose Estimation,iccv,2025,https://openaccess.thecvf.com/content/ICCV2025/papers/Akada_Bring_Your_Rear_Cameras_for_Egocentric_3D_Human_Pose_Estimation_ICCV_2025_paper.pdf
848,ReferEverything: Towards Segmenting Everything We Can Speak of in Videos,iccv,2025,https://openaccess.thecvf.com/content/ICCV2025/papers/Bagchi_ReferEverything_Towards_Segmenting_Everything_We_Can_Speak_of_in_Videos_ICCV_2025_paper.pdf
849,GestureHYDRA: Semantic Co-speech Gesture Synthesis via Hybrid Modality Diffusion Transformer and Cascaded-Synchronized Retrieval-Augmented Generation,iccv,2025,https://openaccess.thecvf.com/content/ICCV2025/papers/Yang_GestureHYDRA_Semantic_Co-speech_Gesture_Synthesis_via_Hybrid_Modality_Diffusion_Transformer_ICCV_2025_paper.pdf
850,Make Your Training Flexible: Towards Deployment-Efficient Video Models,iccv,2025,https://openaccess.thecvf.com/content/ICCV2025/papers/Wang_Make_Your_Training_Flexible_Towards_Deployment-Efficient_Video_Models_ICCV_2025_paper.pdf
851,Federated Continual Instruction Tuning,iccv,2025,https://openaccess.thecvf.com/content/ICCV2025/papers/Guo_Federated_Continual_Instruction_Tuning_ICCV_2025_paper.pdf
852,HUST: High-Fidelity Unbiased Skin Tone Estimation via Texture Quantization,iccv,2025,https://openaccess.thecvf.com/content/ICCV2025/papers/Ran_HUST_High-Fidelity_Unbiased_Skin_Tone_Estimation_via_Texture_Quantization_ICCV_2025_paper.pdf
853,DLFR-Gen: Diffusion-based Video Generation with Dynamic Latent Frame Rate,iccv,2025,https://openaccess.thecvf.com/content/ICCV2025/papers/Yuan_DLFR-Gen_Diffusion-based_Video_Generation_with_Dynamic_Latent_Frame_Rate_ICCV_2025_paper.pdf
854,What's in a Latent? Leveraging Diffusion Latent Space for Domain Generalization,iccv,2025,https://openaccess.thecvf.com/content/ICCV2025/papers/Thomas_Whats_in_a_Latent_Leveraging_Diffusion_Latent_Space_for_Domain_ICCV_2025_paper.pdf
855,DiffSim: Taming Diffusion Models for Evaluating Visual Similarity,iccv,2025,https://openaccess.thecvf.com/content/ICCV2025/papers/Song_DiffSim_Taming_Diffusion_Models_for_Evaluating_Visual_Similarity_ICCV_2025_paper.pdf
856,Controllable Feature Whitening for Hyperparameter-Free Bias Mitigation,iccv,2025,https://openaccess.thecvf.com/content/ICCV2025/papers/Cho_Controllable_Feature_Whitening_for_Hyperparameter-Free_Bias_Mitigation_ICCV_2025_paper.pdf
857,iManip: Skill-Incremental Learning for Robotic Manipulation,iccv,2025,https://openaccess.thecvf.com/content/ICCV2025/papers/Zheng_iManip_Skill-Incremental_Learning_for_Robotic_Manipulation_ICCV_2025_paper.pdf
858,RadarSplat: Radar Gaussian Splatting for High-Fidelity Data Synthesis and 3D Reconstruction of Autonomous Driving Scenes,iccv,2025,https://openaccess.thecvf.com/content/ICCV2025/papers/Kung_RadarSplat_Radar_Gaussian_Splatting_for_High-Fidelity_Data_Synthesis_and_3D_ICCV_2025_paper.pdf
859,Hierarchical 3D Scene Graphs Construction Outdoors,iccv,2025,https://openaccess.thecvf.com/content/ICCV2025/papers/Nyffeler_Hierarchical_3D_Scene_Graphs_Construction_Outdoors_ICCV_2025_paper.pdf
860,SIC: Similarity-Based Interpretable Image Classification with Neural Networks,iccv,2025,https://openaccess.thecvf.com/content/ICCV2025/papers/Wolf_SIC_Similarity-Based_Interpretable_Image_Classification_with_Neural_Networks_ICCV_2025_paper.pdf
861,Towards Cross-modal Backward-compatible Representation Learning for Vision-Language Models,iccv,2025,https://openaccess.thecvf.com/content/ICCV2025/papers/Jang_Towards_Cross-modal_Backward-compatible_Representation_Learning_for_Vision-Language_Models_ICCV_2025_paper.pdf
862,Fuse Before Transfer: Knowledge Fusion for Heterogeneous Distillation,iccv,2025,https://openaccess.thecvf.com/content/ICCV2025/papers/Li_Fuse_Before_Transfer_Knowledge_Fusion_for_Heterogeneous_Distillation_ICCV_2025_paper.pdf
863,CoLMDriver: LLM-based Negotiation Benefits Cooperative Autonomous Driving,iccv,2025,https://openaccess.thecvf.com/content/ICCV2025/papers/Liu_CoLMDriver_LLM-based_Negotiation_Benefits_Cooperative_Autonomous_Driving_ICCV_2025_paper.pdf
864,Dual Domain Control via Active Learning for Remote Sensing Domain Incremental Object Detection,iccv,2025,https://openaccess.thecvf.com/content/ICCV2025/papers/Sun_Dual_Domain_Control_via_Active_Learning_for_Remote_Sensing_Domain_ICCV_2025_paper.pdf
865,VideoSetDiff: Identifying and Reasoning Similarities and Differences in Similar Videos,iccv,2025,https://openaccess.thecvf.com/content/ICCV2025/papers/Qiu_VideoSetDiff_Identifying_and_Reasoning_Similarities_and_Differences_in_Similar_Videos_ICCV_2025_paper.pdf
866,GRAB: A Challenging GRaph Analysis Benchmark for Large Multimodal Models,iccv,2025,https://openaccess.thecvf.com/content/ICCV2025/papers/Roberts_GRAB_A_Challenging_GRaph_Analysis_Benchmark_for_Large_Multimodal_Models_ICCV_2025_paper.pdf
867,Transparent Vision: A Theory of Hierarchical Invariant Representations,iccv,2025,https://openaccess.thecvf.com/content/ICCV2025/papers/Qi_Transparent_Vision_A_Theory_of_Hierarchical_Invariant_Representations_ICCV_2025_paper.pdf
868,Multi-View 3D Point Tracking,iccv,2025,https://openaccess.thecvf.com/content/ICCV2025/papers/Rajic_Multi-View_3D_Point_Tracking_ICCV_2025_paper.pdf
869,InsideOut: Integrated RGB-Radiative Gaussian Splatting for Comprehensive 3D Object Representation,iccv,2025,https://openaccess.thecvf.com/content/ICCV2025/papers/Lee_InsideOut_Integrated_RGB-Radiative_Gaussian_Splatting_for_Comprehensive_3D_Object_Representation_ICCV_2025_paper.pdf
870,Splat-LOAM: Gaussian Splatting LiDAR Odometry and Mapping,iccv,2025,https://openaccess.thecvf.com/content/ICCV2025/papers/Giacomini_Splat-LOAM_Gaussian_Splatting_LiDAR_Odometry_and_Mapping_ICCV_2025_paper.pdf
871,LUSD: Localized Update Score Distillation for Text-Guided Image Editing,iccv,2025,https://openaccess.thecvf.com/content/ICCV2025/papers/Chinchuthakun_LUSD_Localized_Update_Score_Distillation_for_Text-Guided_Image_Editing_ICCV_2025_paper.pdf
872,ChartCap: Mitigating Hallucination of Dense Chart Captioning,iccv,2025,https://openaccess.thecvf.com/content/ICCV2025/papers/Lim_ChartCap_Mitigating_Hallucination_of_Dense_Chart_Captioning_ICCV_2025_paper.pdf
873,RTMap: Real-Time Recursive Mapping with Change Detection and Localization,iccv,2025,https://openaccess.thecvf.com/content/ICCV2025/papers/Du_RTMap_Real-Time_Recursive_Mapping_with_Change_Detection_and_Localization_ICCV_2025_paper.pdf
874,Scaling 3D Compositional Models for Robust Classification and Pose Estimation,iccv,2025,https://openaccess.thecvf.com/content/ICCV2025/papers/Yuan_Scaling_3D_Compositional_Models_for_Robust_Classification_and_Pose_Estimation_ICCV_2025_paper.pdf
875,MultiVerse: A Multi-Turn Conversation Benchmark for Evaluating Large Vision and Language Models,iccv,2025,https://openaccess.thecvf.com/content/ICCV2025/papers/Lee_MultiVerse_A_Multi-Turn_Conversation_Benchmark_for_Evaluating_Large_Vision_and_ICCV_2025_paper.pdf
876,Contact-Aware Refinement of Human Pose Pseudo-Ground Truth via Bioimpedance Sensing,iccv,2025,https://openaccess.thecvf.com/content/ICCV2025/papers/Forte_Contact-Aware_Refinement_of_Human_Pose_Pseudo-Ground_Truth_via_Bioimpedance_Sensing_ICCV_2025_paper.pdf
877,Embodied VideoAgent: Persistent Memory from Egocentric Videos and Embodied Sensors Enables Dynamic Scene Understanding,iccv,2025,https://openaccess.thecvf.com/content/ICCV2025/papers/Fan_Embodied_VideoAgent_Persistent_Memory_from_Egocentric_Videos_and_Embodied_Sensors_ICCV_2025_paper.pdf
878,CuRe: Cultural Gaps in the Long Tail of Text-to-Image Systems,iccv,2025,https://openaccess.thecvf.com/content/ICCV2025/papers/Rege_CuRe_Cultural_Gaps_in_the_Long_Tail_of_Text-to-Image_Systems_ICCV_2025_paper.pdf
879,Exploiting Domain Properties in Language-Driven Domain Generalization for Semantic Segmentation,iccv,2025,https://openaccess.thecvf.com/content/ICCV2025/papers/Jeon_Exploiting_Domain_Properties_in_Language-Driven_Domain_Generalization_for_Semantic_Segmentation_ICCV_2025_paper.pdf
880,OVG-HQ: Online Video Grounding with Hybrid-modal Queries,iccv,2025,https://openaccess.thecvf.com/content/ICCV2025/papers/Zeng_OVG-HQ_Online_Video_Grounding_with_Hybrid-modal_Queries_ICCV_2025_paper.pdf
881,ConformalSAM: Unlocking the Potential of Foundational Segmentation Models in Semi-Supervised Semantic Segmentation with Conformal Prediction,iccv,2025,https://openaccess.thecvf.com/content/ICCV2025/papers/Chen_ConformalSAM_Unlocking_the_Potential_of_Foundational_Segmentation_Models_in_Semi-Supervised_ICCV_2025_paper.pdf
882,V2PE: Improving Multimodal Long-Context Capability of Vision-Language Models with Variable Visual Position Encoding,iccv,2025,https://openaccess.thecvf.com/content/ICCV2025/papers/Ge_V2PE_Improving_Multimodal_Long-Context_Capability_of_Vision-Language_Models_with_Variable_ICCV_2025_paper.pdf
883,PRO-VPT: Distribution-Adaptive Visual Prompt Tuning via Prompt Relocation,iccv,2025,https://openaccess.thecvf.com/content/ICCV2025/papers/Shang_PRO-VPT_Distribution-Adaptive_Visual_Prompt_Tuning_via_Prompt_Relocation_ICCV_2025_paper.pdf
884,CoMPaSS: Enhancing Spatial Understanding in Text-to-Image Diffusion Models,iccv,2025,https://openaccess.thecvf.com/content/ICCV2025/papers/Zhang_CoMPaSS_Enhancing_Spatial_Understanding_in_Text-to-Image_Diffusion_Models_ICCV_2025_paper.pdf
885,AdaDrive: Self-Adaptive Slow-Fast System for Language-Grounded Autonomous Driving,iccv,2025,https://openaccess.thecvf.com/content/ICCV2025/papers/Zhang_AdaDrive_Self-Adaptive_Slow-Fast_System_for_Language-Grounded_Autonomous_Driving_ICCV_2025_paper.pdf
886,Multi-modal Segment Anything Model for Camouflaged Scene Segmentation,iccv,2025,https://openaccess.thecvf.com/content/ICCV2025/papers/Ren_Multi-modal_Segment_Anything_Model_for_Camouflaged_Scene_Segmentation_ICCV_2025_paper.pdf
887,LLaVA-PruMerge: Adaptive Token Reduction for Efficient Large Multimodal Models,iccv,2025,https://openaccess.thecvf.com/content/ICCV2025/papers/Shang_LLaVA-PruMerge_Adaptive_Token_Reduction_for_Efficient_Large_Multimodal_Models_ICCV_2025_paper.pdf
888,Event-boosted Deformable 3D Gaussians for Dynamic Scene Reconstruction,iccv,2025,https://openaccess.thecvf.com/content/ICCV2025/papers/Xu_Event-boosted_Deformable_3D_Gaussians_for_Dynamic_Scene_Reconstruction_ICCV_2025_paper.pdf
889,Gradient-Reweighted Adversarial Camouflage for Physical Object Detection Evasion,iccv,2025,https://openaccess.thecvf.com/content/ICCV2025/papers/Liang_Gradient-Reweighted_Adversarial_Camouflage_for_Physical_Object_Detection_Evasion_ICCV_2025_paper.pdf
890,Stereo Any Video: Temporally Consistent Stereo Matching,iccv,2025,https://openaccess.thecvf.com/content/ICCV2025/papers/Jing_Stereo_Any_Video_Temporally_Consistent_Stereo_Matching_ICCV_2025_paper.pdf
891,ASCENT: Annotation-free Self-supervised Contrastive Embeddings for 3D Neuron Tracking in Fluorescence Microscopy,iccv,2025,https://openaccess.thecvf.com/content/ICCV2025/papers/Han_ASCENT_Annotation-free_Self-supervised_Contrastive_Embeddings_for_3D_Neuron_Tracking_in_ICCV_2025_paper.pdf
892,ViLU: Learning Vision-Language Uncertainties for Failure Prediction,iccv,2025,https://openaccess.thecvf.com/content/ICCV2025/papers/Lafon_ViLU_Learning_Vision-Language_Uncertainties_for_Failure_Prediction_ICCV_2025_paper.pdf
893,A Linear N-Point Solver for Structure and Motion from Asynchronous Tracks,iccv,2025,https://openaccess.thecvf.com/content/ICCV2025/papers/Su_A_Linear_N-Point_Solver_for_Structure_and_Motion_from_Asynchronous_ICCV_2025_paper.pdf
894,Constraint-Aware Feature Learning for Parametric Point Cloud,iccv,2025,https://openaccess.thecvf.com/content/ICCV2025/papers/Cheng_Constraint-Aware_Feature_Learning_for_Parametric_Point_Cloud_ICCV_2025_paper.pdf
895,Unleashing Vecset Diffusion Model for Fast Shape Generation,iccv,2025,https://openaccess.thecvf.com/content/ICCV2025/papers/Lai_Unleashing_Vecset_Diffusion_Model_for_Fast_Shape_Generation_ICCV_2025_paper.pdf
896,Revisiting Point Cloud Completion: Are We Ready For The Real-World?,iccv,2025,https://openaccess.thecvf.com/content/ICCV2025/papers/Pathak_Revisiting_Point_Cloud_Completion_Are_We_Ready_For_The_Real-World_ICCV_2025_paper.pdf
897,RayZer: A Self-supervised Large View Synthesis Model,iccv,2025,https://openaccess.thecvf.com/content/ICCV2025/papers/Jiang_RayZer_A_Self-supervised_Large_View_Synthesis_Model_ICCV_2025_paper.pdf
898,Perception-as-Control: Fine-grained Controllable Image Animation with 3D-aware Motion Representation,iccv,2025,https://openaccess.thecvf.com/content/ICCV2025/papers/Chen_Perception-as-Control_Fine-grained_Controllable_Image_Animation_with_3D-aware_Motion_Representation_ICCV_2025_paper.pdf
899,Structure-aware Semantic Discrepancy and Consistency for 3D Medical Image Self-supervised Learning,iccv,2025,https://openaccess.thecvf.com/content/ICCV2025/papers/Pan_Structure-aware_Semantic_Discrepancy_and_Consistency_for_3D_Medical_Image_Self-supervised_ICCV_2025_paper.pdf
900,Do It Yourself: Learning Semantic Correspondence from Pseudo-Labels,iccv,2025,https://openaccess.thecvf.com/content/ICCV2025/papers/Dunkel_Do_It_Yourself_Learning_Semantic_Correspondence_from_Pseudo-Labels_ICCV_2025_paper.pdf
901,SA-LUT: Spatial Adaptive 4D Look-Up Table for Photorealistic Style Transfer,iccv,2025,https://openaccess.thecvf.com/content/ICCV2025/papers/Gong_SA-LUT_Spatial_Adaptive_4D_Look-Up_Table_for_Photorealistic_Style_Transfer_ICCV_2025_paper.pdf
902,DuET: Dual Incremental Object Detection via Exemplar-Free Task Arithmetic,iccv,2025,https://openaccess.thecvf.com/content/ICCV2025/papers/Monga_DuET_Dual_Incremental_Object_Detection_via_Exemplar-Free_Task_Arithmetic_ICCV_2025_paper.pdf
903,BATCLIP: Bimodal Online Test-Time Adaptation for CLIP,iccv,2025,https://openaccess.thecvf.com/content/ICCV2025/papers/Maharana_BATCLIP_Bimodal_Online_Test-Time_Adaptation_for_CLIP_ICCV_2025_paper.pdf
904,MagShield: Towards Better Robustness in Sparse Inertial Motion Capture Under Magnetic Disturbances,iccv,2025,https://openaccess.thecvf.com/content/ICCV2025/papers/Shao_MagShield_Towards_Better_Robustness_in_Sparse_Inertial_Motion_Capture_Under_ICCV_2025_paper.pdf
905,SHIFT: Smoothing Hallucinations by Information Flow Tuning for Multimodal Large Language Models,iccv,2025,https://openaccess.thecvf.com/content/ICCV2025/papers/Wang_SHIFT_Smoothing_Hallucinations_by_Information_Flow_Tuning_for_Multimodal_Large_ICCV_2025_paper.pdf
906,Bias-Resilient Weakly Supervised Semantic Segmentation Using Normalizing Flows,iccv,2025,https://openaccess.thecvf.com/content/ICCV2025/papers/Qiu_Bias-Resilient_Weakly_Supervised_Semantic_Segmentation_Using_Normalizing_Flows_ICCV_2025_paper.pdf
907,DSO: Aligning 3D Generators with Simulation Feedback for Physical Soundness,iccv,2025,https://openaccess.thecvf.com/content/ICCV2025/papers/Li_DSO_Aligning_3D_Generators_with_Simulation_Feedback_for_Physical_Soundness_ICCV_2025_paper.pdf
908,Align Your Rhythm: Generating Highly Aligned Dance Poses with Gating-Enhanced Rhythm-Aware Feature Representation,iccv,2025,https://openaccess.thecvf.com/content/ICCV2025/papers/Fan_Align_Your_Rhythm_Generating_Highly_Aligned_Dance_Poses_with_Gating-Enhanced_ICCV_2025_paper.pdf
909,Stable Score Distillation,iccv,2025,https://openaccess.thecvf.com/content/ICCV2025/papers/Zhu_Stable_Score_Distillation_ICCV_2025_paper.pdf
910,UAVScenes: A Multi-Modal Dataset for UAVs,iccv,2025,https://openaccess.thecvf.com/content/ICCV2025/papers/Wang_UAVScenes_A_Multi-Modal_Dataset_for_UAVs_ICCV_2025_paper.pdf
911,FoundIR: Unleashing Million-scale Training Data to Advance Foundation Models for Image Restoration,iccv,2025,https://openaccess.thecvf.com/content/ICCV2025/papers/Li_FoundIR_Unleashing_Million-scale_Training_Data_to_Advance_Foundation_Models_for_ICCV_2025_paper.pdf
912,LightsOut: Diffusion-based Outpainting for Enhanced Lens Flare Removal,iccv,2025,https://openaccess.thecvf.com/content/ICCV2025/papers/Tsai_LightsOut_Diffusion-based_Outpainting_for_Enhanced_Lens_Flare_Removal_ICCV_2025_paper.pdf
913,TPG-INR: Target Prior-Guided Implicit 3D CT Reconstruction for Enhanced Sparse-view Imaging,iccv,2025,https://openaccess.thecvf.com/content/ICCV2025/papers/Cao_TPG-INR_Target_Prior-Guided_Implicit_3D_CT_Reconstruction_for_Enhanced_Sparse-view_ICCV_2025_paper.pdf
914,From Holistic to Localized: Local Enhanced Adapters for Efficient Visual Instruction Fine-Tuning,iccv,2025,https://openaccess.thecvf.com/content/ICCV2025/papers/Jiao_From_Holistic_to_Localized_Local_Enhanced_Adapters_for_Efficient_Visual_ICCV_2025_paper.pdf
915,Ouroboros: Single-step Diffusion Models for Cycle-consistent Forward and Inverse Rendering,iccv,2025,https://openaccess.thecvf.com/content/ICCV2025/papers/Sun_Ouroboros_Single-step_Diffusion_Models_for_Cycle-consistent_Forward_and_Inverse_Rendering_ICCV_2025_paper.pdf
916,Photolithography Overlay Map Generation with Implicit Knowledge Distillation Diffusion Transformer,iccv,2025,https://openaccess.thecvf.com/content/ICCV2025/papers/Yang_Photolithography_Overlay_Map_Generation_with_Implicit_Knowledge_Distillation_Diffusion_Transformer_ICCV_2025_paper.pdf
917,S4M: Boosting Semi-Supervised Instance Segmentation with SAM,iccv,2025,https://openaccess.thecvf.com/content/ICCV2025/papers/Yoon_S4M_Boosting_Semi-Supervised_Instance_Segmentation_with_SAM_ICCV_2025_paper.pdf
918,Debiased Curriculum Adaptation for Safe Transfer Learning in Chest X-ray Classification,iccv,2025,https://openaccess.thecvf.com/content/ICCV2025/papers/Liu_Debiased_Curriculum_Adaptation_for_Safe_Transfer_Learning_in_Chest_X-ray_ICCV_2025_paper.pdf
919,Diorama: Unleashing Zero-shot Single-view 3D Indoor Scene Modeling,iccv,2025,https://openaccess.thecvf.com/content/ICCV2025/papers/Wu_Diorama_Unleashing_Zero-shot_Single-view_3D_Indoor_Scene_Modeling_ICCV_2025_paper.pdf
920,Boosting Multi-View Indoor 3D Object Detection via Adaptive 3D Volume Construction,iccv,2025,https://openaccess.thecvf.com/content/ICCV2025/papers/Zhang_Boosting_Multi-View_Indoor_3D_Object_Detection_via_Adaptive_3D_Volume_ICCV_2025_paper.pdf
921,VQ-VLA: Improving Vision-Language-Action Models via Scaling Vector-Quantized Action Tokenizers,iccv,2025,https://openaccess.thecvf.com/content/ICCV2025/papers/Wang_VQ-VLA_Improving_Vision-Language-Action_Models_via_Scaling_Vector-Quantized_Action_Tokenizers_ICCV_2025_paper.pdf
922,Quadratic Gaussian Splatting: High Quality Surface Reconstruction with Second-order Geometric Primitives,iccv,2025,https://openaccess.thecvf.com/content/ICCV2025/papers/Zhang_Quadratic_Gaussian_Splatting_High_Quality_Surface_Reconstruction_with_Second-order_Geometric_ICCV_2025_paper.pdf
923,UDC-VIT: A Real-World Video Dataset for Under-Display Cameras,iccv,2025,https://openaccess.thecvf.com/content/ICCV2025/papers/Ahn_UDC-VIT_A_Real-World_Video_Dataset_for_Under-Display_Cameras_ICCV_2025_paper.pdf
924,Prompt Guidance and Human Proximal Perception for HOT Prediction with Regional Joint Loss,iccv,2025,https://openaccess.thecvf.com/content/ICCV2025/papers/Wang_Prompt_Guidance_and_Human_Proximal_Perception_for_HOT_Prediction_with_ICCV_2025_paper.pdf
925,Towards Omnimodal Expressions and Reasoning in Referring Audio-Visual Segmentation,iccv,2025,https://openaccess.thecvf.com/content/ICCV2025/papers/Ying_Towards_Omnimodal_Expressions_and_Reasoning_in_Referring_Audio-Visual_Segmentation_ICCV_2025_paper.pdf
926,Gait-X: Exploring X modality for Generalized Gait Recognition,iccv,2025,https://openaccess.thecvf.com/content/ICCV2025/papers/Wang_Gait-X_Exploring_X_modality_for_Generalized_Gait_Recognition_ICCV_2025_paper.pdf
927,Learning Separable Fine-Grained Representation via Dendrogram Construction from Coarse Labels for Fine-grained Visual Recognition,iccv,2025,https://openaccess.thecvf.com/content/ICCV2025/papers/Shi_Learning_Separable_Fine-Grained_Representation_via_Dendrogram_Construction_from_Coarse_Labels_ICCV_2025_paper.pdf
928,DyGS-SLAM: Real-Time Accurate Localization and Gaussian Reconstruction for Dynamic Scenes,iccv,2025,https://openaccess.thecvf.com/content/ICCV2025/papers/Hu_DyGS-SLAM_Real-Time_Accurate_Localization_and_Gaussian_Reconstruction_for_Dynamic_Scenes_ICCV_2025_paper.pdf
929,D3QE: Learning Discrete Distribution Discrepancy-aware Quantization Error for Autoregressive-Generated Image Detection,iccv,2025,https://openaccess.thecvf.com/content/ICCV2025/papers/Zhang_D3QE_Learning_Discrete_Distribution_Discrepancy-aware_Quantization_Error_for_Autoregressive-Generated_Image_ICCV_2025_paper.pdf
930,Towards a Universal 3D Medical Multi-modality Generalization via Learning Personalized Invariant Representation,iccv,2025,https://openaccess.thecvf.com/content/ICCV2025/papers/Tan_Towards_a_Universal_3D_Medical_Multi-modality_Generalization_via_Learning_Personalized_ICCV_2025_paper.pdf
931,StrandHead: Text to Hair-Disentangled 3D Head Avatars Using Human-Centric Priors,iccv,2025,https://openaccess.thecvf.com/content/ICCV2025/papers/Sun_StrandHead_Text_to_Hair-Disentangled_3D_Head_Avatars_Using_Human-Centric_Priors_ICCV_2025_paper.pdf
932,MCAM: Multimodal Causal Analysis Model for Ego-Vehicle-Level Driving Video Understanding,iccv,2025,https://openaccess.thecvf.com/content/ICCV2025/papers/Cheng_MCAM_Multimodal_Causal_Analysis_Model_for_Ego-Vehicle-Level_Driving_Video_Understanding_ICCV_2025_paper.pdf
933,Adversarial Robust Memory-Based Continual Learner,iccv,2025,https://openaccess.thecvf.com/content/ICCV2025/papers/Mi_Adversarial_Robust_Memory-Based_Continual_Learner_ICCV_2025_paper.pdf
934,SurfaceSplat: Connecting Surface Reconstruction and Gaussian Splatting,iccv,2025,https://openaccess.thecvf.com/content/ICCV2025/papers/Gao_SurfaceSplat_Connecting_Surface_Reconstruction_and_Gaussian_Splatting_ICCV_2025_paper.pdf
935,TransiT: Transient Transformer for Non-line-of-sight Videography,iccv,2025,https://openaccess.thecvf.com/content/ICCV2025/papers/Li_TransiT_Transient_Transformer_for_Non-line-of-sight_Videography_ICCV_2025_paper.pdf
936,Penalizing Boundary Activation for Object Completeness in Diffusion Models,iccv,2025,https://openaccess.thecvf.com/content/ICCV2025/papers/Xu_Penalizing_Boundary_Activation_for_Object_Completeness_in_Diffusion_Models_ICCV_2025_paper.pdf
937,DMQ: Dissecting Outliers of Diffusion Models for Post-Training Quantization,iccv,2025,https://openaccess.thecvf.com/content/ICCV2025/papers/Lee_DMQ_Dissecting_Outliers_of_Diffusion_Models_for_Post-Training_Quantization_ICCV_2025_paper.pdf
938,QK-Edit: Revisiting Attention-based Injection in MM-DiT for Image and Video Editing,iccv,2025,https://openaccess.thecvf.com/content/ICCV2025/papers/Shen_QK-Edit_Revisiting_Attention-based_Injection_in_MM-DiT_for_Image_and_Video_ICCV_2025_paper.pdf
939,Visual Chronicles: Using Multimodal LLMs to Analyze Massive Collections of Images,iccv,2025,https://openaccess.thecvf.com/content/ICCV2025/papers/Deng_Visual_Chronicles_Using_Multimodal_LLMs_to_Analyze_Massive_Collections_of_ICCV_2025_paper.pdf
940,SAFT: Shape and Appearance of Fabrics from Template via Differentiable Physical Simulations from Monocular Video,iccv,2025,https://openaccess.thecvf.com/content/ICCV2025/papers/Stotko_SAFT_Shape_and_Appearance_of_Fabrics_from_Template_via_Differentiable_ICCV_2025_paper.pdf
941,Gradient Short-Circuit: Efficient Out-of-Distribution Detection via Feature Intervention,iccv,2025,https://openaccess.thecvf.com/content/ICCV2025/papers/Gu_Gradient_Short-Circuit_Efficient_Out-of-Distribution_Detection_via_Feature_Intervention_ICCV_2025_paper.pdf
942,AD-GS: Object-Aware B-Spline Gaussian Splatting for Self-Supervised Autonomous Driving,iccv,2025,https://openaccess.thecvf.com/content/ICCV2025/papers/Xu_AD-GS_Object-Aware_B-Spline_Gaussian_Splatting_for_Self-Supervised_Autonomous_Driving_ICCV_2025_paper.pdf
943,HRScene: How Far Are VLMs from Effective High-Resolution Image Understanding?,iccv,2025,https://openaccess.thecvf.com/content/ICCV2025/papers/Zhang_HRScene_How_Far_Are_VLMs_from_Effective_High-Resolution_Image_Understanding_ICCV_2025_paper.pdf
944,Decoding Correlation-Induced Misalignment in the Stable Diffusion Workflow for Text-to-Image Generation,iccv,2025,https://openaccess.thecvf.com/content/ICCV2025/papers/Tong_Decoding_Correlation-Induced_Misalignment_in_the_Stable_Diffusion_Workflow_for_Text-to-Image_ICCV_2025_paper.pdf
945,CityNav: A Large-Scale Dataset for Real-World Aerial Navigation,iccv,2025,https://openaccess.thecvf.com/content/ICCV2025/papers/Lee_CityNav_A_Large-Scale_Dataset_for_Real-World_Aerial_Navigation_ICCV_2025_paper.pdf
946,Neuromanifold-Regularized KANs for Shape-fair Feature Representations,iccv,2025,https://openaccess.thecvf.com/content/ICCV2025/papers/Arslan_Neuromanifold-Regularized_KANs_for_Shape-fair_Feature_Representations_ICCV_2025_paper.pdf
947,Diffusion Guided Adaptive Augmentation for Generalization in Visual Reinforcement Learning,iccv,2025,https://openaccess.thecvf.com/content/ICCV2025/papers/Lee_Diffusion_Guided_Adaptive_Augmentation_for_Generalization_in_Visual_Reinforcement_Learning_ICCV_2025_paper.pdf
948,Graph Domain Adaptation with Dual-branch Encoder and Two-level Alignment for Whole Slide Image-based Survival Prediction,iccv,2025,https://openaccess.thecvf.com/content/ICCV2025/papers/Shou_Graph_Domain_Adaptation_with_Dual-branch_Encoder_and_Two-level_Alignment_for_ICCV_2025_paper.pdf
949,Vision-Language Interactive Relation Mining for Open-Vocabulary Scene Graph Generation,iccv,2025,https://openaccess.thecvf.com/content/ICCV2025/papers/Min_Vision-Language_Interactive_Relation_Mining_for_Open-Vocabulary_Scene_Graph_Generation_ICCV_2025_paper.pdf
950,FedAGC: Federated Continual Learning with Asymmetric Gradient Correction,iccv,2025,https://openaccess.thecvf.com/content/ICCV2025/papers/Zhang_FedAGC_Federated_Continual_Learning_with_Asymmetric_Gradient_Correction_ICCV_2025_paper.pdf
951,Free-running vs Synchronous: Single-Photon Lidar for High-flux 3D Imaging,iccv,2025,https://openaccess.thecvf.com/content/ICCV2025/papers/Kitichotkul_Free-running_vs_Synchronous_Single-Photon_Lidar_for_High-flux_3D_Imaging_ICCV_2025_paper.pdf
952,Continuous-Time Human Motion Field from Event Cameras,iccv,2025,https://openaccess.thecvf.com/content/ICCV2025/papers/Wang_Continuous-Time_Human_Motion_Field_from_Event_Cameras_ICCV_2025_paper.pdf
953,MagicMirror: ID-Preserved Video Generation in Video Diffusion Transformers,iccv,2025,https://openaccess.thecvf.com/content/ICCV2025/papers/Zhang_MagicMirror_ID-Preserved_Video_Generation_in_Video_Diffusion_Transformers_ICCV_2025_paper.pdf
954,Unified Category-Level Object Detection and Pose Estimation from RGB Images using 3D Prototypes,iccv,2025,https://openaccess.thecvf.com/content/ICCV2025/papers/Fischer_Unified_Category-Level_Object_Detection_and_Pose_Estimation_from_RGB_Images_ICCV_2025_paper.pdf
955,GT-Mean Loss: A Simple Yet Effective Solution for Brightness Mismatch in Low-Light Image Enhancement,iccv,2025,https://openaccess.thecvf.com/content/ICCV2025/papers/Liao_GT-Mean_Loss_A_Simple_Yet_Effective_Solution_for_Brightness_Mismatch_ICCV_2025_paper.pdf
956,"OpenVision: A Fully-Open, Cost-Effective Family of Advanced Vision Encoders for Multimodal Learning",iccv,2025,https://openaccess.thecvf.com/content/ICCV2025/papers/Li_OpenVision_A_Fully-Open_Cost-Effective_Family_of_Advanced_Vision_Encoders_for_ICCV_2025_paper.pdf
957,Unified Multimodal Understanding via Byte-Pair Visual Encoding,iccv,2025,https://openaccess.thecvf.com/content/ICCV2025/papers/Zhang_Unified_Multimodal_Understanding_via_Byte-Pair_Visual_Encoding_ICCV_2025_paper.pdf
958,MobileIE: An Extremely Lightweight and Effective ConvNet for Real-Time Image Enhancement on Mobile Devices,iccv,2025,https://openaccess.thecvf.com/content/ICCV2025/papers/Yan_MobileIE_An_Extremely_Lightweight_and_Effective_ConvNet_for_Real-Time_Image_ICCV_2025_paper.pdf
959,Learning Pixel-adaptive Multi-layer Perceptrons for Real-time Image Enhancement,iccv,2025,https://openaccess.thecvf.com/content/ICCV2025/papers/Lou_Learning_Pixel-adaptive_Multi-layer_Perceptrons_for_Real-time_Image_Enhancement_ICCV_2025_paper.pdf
960,ACE-G: Improving Generalization of Scene Coordinate Regression Through Query Pre-Training,iccv,2025,https://openaccess.thecvf.com/content/ICCV2025/papers/Bruns_ACE-G_Improving_Generalization_of_Scene_Coordinate_Regression_Through_Query_Pre-Training_ICCV_2025_paper.pdf
961,Everything is a Video: Unifying Modalities through Next-Frame Prediction,iccv,2025,https://openaccess.thecvf.com/content/ICCV2025/papers/Hudson_Everything_is_a_Video_Unifying_Modalities_through_Next-Frame_Prediction_ICCV_2025_paper.pdf
962,ViT-EnsembleAttack: Augmenting Ensemble Models for Stronger Adversarial Transferability in Vision Transformers,iccv,2025,https://openaccess.thecvf.com/content/ICCV2025/papers/Cao_ViT-EnsembleAttack_Augmenting_Ensemble_Models_for_Stronger_Adversarial_Transferability_in_Vision_ICCV_2025_paper.pdf
963,LayerTracer: Cognitive-Aligned Layered SVG Synthesis via Diffusion Transformer,iccv,2025,https://openaccess.thecvf.com/content/ICCV2025/papers/Song_LayerTracer_Cognitive-Aligned_Layered_SVG_Synthesis_via_Diffusion_Transformer_ICCV_2025_paper.pdf
964,TopoTTA: Topology-Enhanced Test-Time Adaptation for Tubular Structure Segmentation,iccv,2025,https://openaccess.thecvf.com/content/ICCV2025/papers/Zhou_TopoTTA_Topology-Enhanced_Test-Time_Adaptation_for_Tubular_Structure_Segmentation_ICCV_2025_paper.pdf
965,Counting Stacked Objects,iccv,2025,https://openaccess.thecvf.com/content/ICCV2025/papers/Dumery_Counting_Stacked_Objects_ICCV_2025_paper.pdf
966,VOccl3D: A Video Benchmark Dataset for 3D Human Pose and Shape Estimation under real Occlusions,iccv,2025,https://openaccess.thecvf.com/content/ICCV2025/papers/Garg_VOccl3D_A_Video_Benchmark_Dataset_for_3D_Human_Pose_and_ICCV_2025_paper.pdf
967,PoseAnchor: Robust Root Position Estimation for 3D Human Pose Estimation,iccv,2025,https://openaccess.thecvf.com/content/ICCV2025/papers/Kim_PoseAnchor_Robust_Root_Position_Estimation_for_3D_Human_Pose_Estimation_ICCV_2025_paper.pdf
968,Sparfels: Fast Reconstruction from Sparse Unposed Imagery,iccv,2025,https://openaccess.thecvf.com/content/ICCV2025/papers/Jena_Sparfels_Fast_Reconstruction_from_Sparse_Unposed_Imagery_ICCV_2025_paper.pdf
969,Unsupervised Visual Chain-of-Thought Reasoning via Preference Optimization,iccv,2025,https://openaccess.thecvf.com/content/ICCV2025/papers/Zhao_Unsupervised_Visual_Chain-of-Thought_Reasoning_via_Preference_Optimization_ICCV_2025_paper.pdf
970,On the Complexity-Faithfulness Trade-off of Gradient-Based Explanations,iccv,2025,https://openaccess.thecvf.com/content/ICCV2025/papers/Mehrpanah_On_the_Complexity-Faithfulness_Trade-off_of_Gradient-Based_Explanations_ICCV_2025_paper.pdf
971,Adaptive Dual Uncertainty Optimization: Boosting Monocular 3D Object Detection under Test-Time Shifts,iccv,2025,https://openaccess.thecvf.com/content/ICCV2025/papers/Hu_Adaptive_Dual_Uncertainty_Optimization_Boosting_Monocular_3D_Object_Detection_under_ICCV_2025_paper.pdf
972,RayPose: Ray Bundling Diffusion for Template Views in Unseen 6D Object Pose Estimation,iccv,2025,https://openaccess.thecvf.com/content/ICCV2025/papers/Huang_RayPose_Ray_Bundling_Diffusion_for_Template_Views_in_Unseen_6D_ICCV_2025_paper.pdf
973,DuoLoRA : Cycle-consistent and Rank-disentangled Content-Style Personalization,iccv,2025,https://openaccess.thecvf.com/content/ICCV2025/papers/Roy_DuoLoRA__Cycle-consistent_and_Rank-disentangled_Content-Style_Personalization_ICCV_2025_paper.pdf
974,"F-Bench: Rethinking Human Preference Evaluation Metrics for Benchmarking Face Generation, Customization, and Restoration",iccv,2025,https://openaccess.thecvf.com/content/ICCV2025/papers/Liu_F-Bench_Rethinking_Human_Preference_Evaluation_Metrics_for_Benchmarking_Face_Generation_ICCV_2025_paper.pdf
975,MikuDance: Animating Character Art with Mixed Motion Dynamics,iccv,2025,https://openaccess.thecvf.com/content/ICCV2025/papers/Zhang_MikuDance_Animating_Character_Art_with_Mixed_Motion_Dynamics_ICCV_2025_paper.pdf
976,GaussRender: Learning 3D Occupancy with Gaussian Rendering,iccv,2025,https://openaccess.thecvf.com/content/ICCV2025/papers/Chambon_GaussRender_Learning_3D_Occupancy_with_Gaussian_Rendering_ICCV_2025_paper.pdf
977,UniDxMD: Towards Unified Representation for Cross-Modal Unsupervised Domain Adaptation in 3D Semantic Segmentation,iccv,2025,https://openaccess.thecvf.com/content/ICCV2025/papers/Liang_UniDxMD_Towards_Unified_Representation_for_Cross-Modal_Unsupervised_Domain_Adaptation_in_ICCV_2025_paper.pdf
978,GFPack++: Attention-Driven Gradient Fields for Optimizing 2D Irregular Packing,iccv,2025,https://openaccess.thecvf.com/content/ICCV2025/papers/Xue_GFPack_Attention-Driven_Gradient_Fields_for_Optimizing_2D_Irregular_Packing_ICCV_2025_paper.pdf
979,PLA: Prompt Learning Attack against Text-to-Image Generative Models,iccv,2025,https://openaccess.thecvf.com/content/ICCV2025/papers/Lyu_PLA_Prompt_Learning_Attack_against_Text-to-Image_Generative_Models_ICCV_2025_paper.pdf
980,HumanOLAT: A Large-Scale Dataset for Full-Body Human Relighting and Novel-View Synthesis,iccv,2025,https://openaccess.thecvf.com/content/ICCV2025/papers/Teufel_HumanOLAT_A_Large-Scale_Dataset_for_Full-Body_Human_Relighting_and_Novel-View_ICCV_2025_paper.pdf
981,Integrating Task-Specific and Universal Adapters for Pre-Trained Model-based Class-Incremental Learning,iccv,2025,https://openaccess.thecvf.com/content/ICCV2025/papers/Wang_Integrating_Task-Specific_and_Universal_Adapters_for_Pre-Trained_Model-based_Class-Incremental_Learning_ICCV_2025_paper.pdf
982,RoboFactory: Exploring Embodied Agent Collaboration with Compositional Constraints,iccv,2025,https://openaccess.thecvf.com/content/ICCV2025/papers/Qin_RoboFactory_Exploring_Embodied_Agent_Collaboration_with_Compositional_Constraints_ICCV_2025_paper.pdf
983,Momentum-GS: Momentum Gaussian Self-Distillation for High-Quality Large Scene Reconstruction,iccv,2025,https://openaccess.thecvf.com/content/ICCV2025/papers/Fan_Momentum-GS_Momentum_Gaussian_Self-Distillation_for_High-Quality_Large_Scene_Reconstruction_ICCV_2025_paper.pdf
984,SEHDR: Single-Exposure HDR Novel View Synthesis via 3D Gaussian Bracketing,iccv,2025,https://openaccess.thecvf.com/content/ICCV2025/papers/Li_SEHDR_Single-Exposure_HDR_Novel_View_Synthesis_via_3D_Gaussian_Bracketing_ICCV_2025_paper.pdf
985,"TriDi: Trilateral Diffusion of 3D Humans, Objects, and Interactions",iccv,2025,https://openaccess.thecvf.com/content/ICCV2025/papers/Petrov_TriDi_Trilateral_Diffusion_of_3D_Humans_Objects_and_Interactions_ICCV_2025_paper.pdf
986,GEOBench-VLM: Benchmarking Vision-Language Models for Geospatial Tasks,iccv,2025,https://openaccess.thecvf.com/content/ICCV2025/papers/Danish_GEOBench-VLM_Benchmarking_Vision-Language_Models_for_Geospatial_Tasks_ICCV_2025_paper.pdf
987,UPP: Unified Point-Level Prompting for Robust Point Cloud Analysis,iccv,2025,https://openaccess.thecvf.com/content/ICCV2025/papers/Ai_UPP_Unified_Point-Level_Prompting_for_Robust_Point_Cloud_Analysis_ICCV_2025_paper.pdf
988,HypDAE: Hyperbolic Diffusion Autoencoders for Hierarchical Few-shot Image Generation,iccv,2025,https://openaccess.thecvf.com/content/ICCV2025/papers/Li_HypDAE_Hyperbolic_Diffusion_Autoencoders_for_Hierarchical_Few-shot_Image_Generation_ICCV_2025_paper.pdf
989,High-Resolution Spatiotemporal Modeling with Global-Local State Space Models for Video-Based Human Pose Estimation,iccv,2025,https://openaccess.thecvf.com/content/ICCV2025/papers/Feng_High-Resolution_Spatiotemporal_Modeling_with_Global-Local_State_Space_Models_for_Video-Based_ICCV_2025_paper.pdf
990,ShadowHack: Hacking Shadows via Luminance-Color Divide and Conquer,iccv,2025,https://openaccess.thecvf.com/content/ICCV2025/papers/Hu_ShadowHack_Hacking_Shadows_via_Luminance-Color_Divide_and_Conquer_ICCV_2025_paper.pdf
991,REPA-E: Unlocking VAE for End-to-End Tuning of Latent Diffusion Transformers,iccv,2025,https://openaccess.thecvf.com/content/ICCV2025/papers/Leng_REPA-E_Unlocking_VAE_for_End-to-End_Tuning_of_Latent_Diffusion_Transformers_ICCV_2025_paper.pdf
992,"MOSAIC: Generating Consistent, Privacy-Preserving Scenes from Multiple Depth Views in Multi-Room Environments",iccv,2025,https://openaccess.thecvf.com/content/ICCV2025/papers/Liu_MOSAIC_Generating_Consistent_Privacy-Preserving_Scenes_from_Multiple_Depth_Views_in_ICCV_2025_paper.pdf
993,RoBridge: A Hierarchical Architecture Bridging Cognition and Execution for General Robotic Manipulation,iccv,2025,https://openaccess.thecvf.com/content/ICCV2025/papers/Zhang_RoBridge_A_Hierarchical_Architecture_Bridging_Cognition_and_Execution_for_General_ICCV_2025_paper.pdf
994,PersonaCraft: Personalized and Controllable Full-Body Multi-Human Scene Generation Using Occlusion-Aware 3D-Conditioned Diffusion,iccv,2025,https://openaccess.thecvf.com/content/ICCV2025/papers/Kim_PersonaCraft_Personalized_and_Controllable_Full-Body_Multi-Human_Scene_Generation_Using_Occlusion-Aware_ICCV_2025_paper.pdf
995,Controllable and Expressive One-Shot Video Head Swapping,iccv,2025,https://openaccess.thecvf.com/content/ICCV2025/papers/Ji_Controllable_and_Expressive_One-Shot_Video_Head_Swapping_ICCV_2025_paper.pdf
996,SkySense V2: A Unified Foundation Model for Multi-modal Remote Sensing,iccv,2025,https://openaccess.thecvf.com/content/ICCV2025/papers/Zhang_SkySense_V2_A_Unified_Foundation_Model_for_Multi-modal_Remote_Sensing_ICCV_2025_paper.pdf
997,Towards Video Thinking Test: A Holistic Benchmark for Advanced Video Reasoning and Understanding,iccv,2025,https://openaccess.thecvf.com/content/ICCV2025/papers/Zhang_Towards_Video_Thinking_Test_A_Holistic_Benchmark_for_Advanced_Video_ICCV_2025_paper.pdf
998,Intra-view and Inter-view Correlation Guided Multi-view Novel Class Discovery,iccv,2025,https://openaccess.thecvf.com/content/ICCV2025/papers/Wan_Intra-view_and_Inter-view_Correlation_Guided_Multi-view_Novel_Class_Discovery_ICCV_2025_paper.pdf
999,Decoupled Diffusion Sparks Adaptive Scene Generation,iccv,2025,https://openaccess.thecvf.com/content/ICCV2025/papers/Zhou_Decoupled_Diffusion_Sparks_Adaptive_Scene_Generation_ICCV_2025_paper.pdf
1000,Unsupervised Joint Learning of Optical Flow and Intensity with Event Cameras,iccv,2025,https://openaccess.thecvf.com/content/ICCV2025/papers/Guo_Unsupervised_Joint_Learning_of_Optical_Flow_and_Intensity_with_Event_ICCV_2025_paper.pdf
1001,Intra-modal and Cross-modal Synchronization for Audio-visual Deepfake Detection and Temporal Localization,iccv,2025,https://openaccess.thecvf.com/content/ICCV2025/papers/Anshul_Intra-modal_and_Cross-modal_Synchronization_for_Audio-visual_Deepfake_Detection_and_Temporal_ICCV_2025_paper.pdf
1002,YOLO-Count: Differentiable Object Counting for Text-to-Image Generation,iccv,2025,https://openaccess.thecvf.com/content/ICCV2025/papers/Zeng_YOLO-Count_Differentiable_Object_Counting_for_Text-to-Image_Generation_ICCV_2025_paper.pdf
1003,PriorMotion: Generative Class-Agnostic Motion Prediction with Raster-Vector Motion Field Priors,iccv,2025,https://openaccess.thecvf.com/content/ICCV2025/papers/Qian_PriorMotion_Generative_Class-Agnostic_Motion_Prediction_with_Raster-Vector_Motion_Field_Priors_ICCV_2025_paper.pdf
1004,Scaling Tumor Segmentation: Best Lessons from Real and Synthetic Data,iccv,2025,https://openaccess.thecvf.com/content/ICCV2025/papers/Chen_Scaling_Tumor_Segmentation_Best_Lessons_from_Real_and_Synthetic_Data_ICCV_2025_paper.pdf
1005,DCT-Shield: A Robust Frequency Domain Defense against Malicious Image Editing,iccv,2025,https://openaccess.thecvf.com/content/ICCV2025/papers/Bala_DCT-Shield_A_Robust_Frequency_Domain_Defense_against_Malicious_Image_Editing_ICCV_2025_paper.pdf
1006,MobileViCLIP: An Efficient Video-Text Model for Mobile Devices,iccv,2025,https://openaccess.thecvf.com/content/ICCV2025/papers/Yang_MobileViCLIP_An_Efficient_Video-Text_Model_for_Mobile_Devices_ICCV_2025_paper.pdf
1007,SignRep: Enhancing Self-Supervised Sign Representations,iccv,2025,https://openaccess.thecvf.com/content/ICCV2025/papers/Wong_SignRep_Enhancing_Self-Supervised_Sign_Representations_ICCV_2025_paper.pdf
1008,Towards Comprehensive Lecture Slides Understanding: Large-scale Dataset and Effective Method,iccv,2025,https://openaccess.thecvf.com/content/ICCV2025/papers/Zhang_Towards_Comprehensive_Lecture_Slides_Understanding_Large-scale_Dataset_and_Effective_Method_ICCV_2025_paper.pdf
1009,Visual Relation Diffusion for Human-Object Interaction Detection,iccv,2025,https://openaccess.thecvf.com/content/ICCV2025/papers/Cao_Visual_Relation_Diffusion_for_Human-Object_Interaction_Detection_ICCV_2025_paper.pdf
1010,Egocentric Action-aware Inertial Localization in Point Clouds with Vision-Language Guidance,iccv,2025,https://openaccess.thecvf.com/content/ICCV2025/papers/Zhang_Egocentric_Action-aware_Inertial_Localization_in_Point_Clouds_with_Vision-Language_Guidance_ICCV_2025_paper.pdf
1011,Hybrid-TTA: Continual Test-time Adaptation via Dynamic Domain Shift Detection,iccv,2025,https://openaccess.thecvf.com/content/ICCV2025/papers/Park_Hybrid-TTA_Continual_Test-time_Adaptation_via_Dynamic_Domain_Shift_Detection_ICCV_2025_paper.pdf
1012,NavQ: Learning a Q-Model for Foresighted Vision-and-Language Navigation,iccv,2025,https://openaccess.thecvf.com/content/ICCV2025/papers/Xu_NavQ_Learning_a_Q-Model_for_Foresighted_Vision-and-Language_Navigation_ICCV_2025_paper.pdf
1013,PartField: Learning 3D Feature Fields for Part Segmentation and Beyond,iccv,2025,https://openaccess.thecvf.com/content/ICCV2025/papers/Liu_PartField_Learning_3D_Feature_Fields_for_Part_Segmentation_and_Beyond_ICCV_2025_paper.pdf
1014,Anti-Tamper Protection for Unauthorized Individual Image Generation,iccv,2025,https://openaccess.thecvf.com/content/ICCV2025/papers/Li_Anti-Tamper_Protection_for_Unauthorized_Individual_Image_Generation_ICCV_2025_paper.pdf
1015,EgoAdapt: Adaptive Multisensory Distillation and Policy Learning for Efficient Egocentric Perception,iccv,2025,https://openaccess.thecvf.com/content/ICCV2025/papers/Chowdhury_EgoAdapt_Adaptive_Multisensory_Distillation_and_Policy_Learning_for_Efficient_Egocentric_ICCV_2025_paper.pdf
1016,EVT: Efficient View Transformation for Multi-Modal 3D Object Detection,iccv,2025,https://openaccess.thecvf.com/content/ICCV2025/papers/Lee_EVT_Efficient_View_Transformation_for_Multi-Modal_3D_Object_Detection_ICCV_2025_paper.pdf
1017,Mitigating Object Hallucinations via Sentence-Level Early Intervention,iccv,2025,https://openaccess.thecvf.com/content/ICCV2025/papers/Peng_Mitigating_Object_Hallucinations_via_Sentence-Level_Early_Intervention_ICCV_2025_paper.pdf
1018,RobAVA: A Large-scale Dataset and Baseline Towards Video based Robotic Arm Action Understanding,iccv,2025,https://openaccess.thecvf.com/content/ICCV2025/papers/Sun_RobAVA_A_Large-scale_Dataset_and_Baseline_Towards_Video_based_Robotic_ICCV_2025_paper.pdf
1019,DisenQ: Disentangling Q-Former for Activity-Biometrics,iccv,2025,https://openaccess.thecvf.com/content/ICCV2025/papers/Azad_DisenQ_Disentangling_Q-Former_for_Activity-Biometrics_ICCV_2025_paper.pdf
1020,Vision-Language Neural Graph Featurization for Extracting Retinal Lesions,iccv,2025,https://openaccess.thecvf.com/content/ICCV2025/papers/Hassan_Vision-Language_Neural_Graph_Featurization_for_Extracting_Retinal_Lesions_ICCV_2025_paper.pdf
1021,PhysSplat: Efficient Physics Simulation for 3D Scenes via MLLM-Guided Gaussian Splatting,iccv,2025,https://openaccess.thecvf.com/content/ICCV2025/papers/Zhao_PhysSplat_Efficient_Physics_Simulation_for_3D_Scenes_via_MLLM-Guided_Gaussian_ICCV_2025_paper.pdf
1022,Zero-Shot Depth Aware Image Editing with Diffusion Models,iccv,2025,https://openaccess.thecvf.com/content/ICCV2025/papers/Parihar_Zero-Shot_Depth_Aware_Image_Editing_with_Diffusion_Models_ICCV_2025_paper.pdf
1023,OrderChain: Towards General Instruct-Tuning for Stimulating the Ordinal Understanding Ability of MLLM,iccv,2025,https://openaccess.thecvf.com/content/ICCV2025/papers/Wang_OrderChain_Towards_General_Instruct-Tuning_for_Stimulating_the_Ordinal_Understanding_Ability_ICCV_2025_paper.pdf
1024,V2XPnP: Vehicle-to-Everything Spatio-Temporal Fusion for Multi-Agent Perception and Prediction,iccv,2025,https://openaccess.thecvf.com/content/ICCV2025/papers/Zhou_V2XPnP_Vehicle-to-Everything_Spatio-Temporal_Fusion_for_Multi-Agent_Perception_and_Prediction_ICCV_2025_paper.pdf
1025,Scaling Action Detection: AdaTAD++ with Transformer-Enhanced Temporal-Spatial Adaptation,iccv,2025,https://openaccess.thecvf.com/content/ICCV2025/papers/Agrawal_Scaling_Action_Detection_AdaTAD_with_Transformer-Enhanced_Temporal-Spatial_Adaptation_ICCV_2025_paper.pdf
1026,Fix-CLIP: Dual-Branch Hierarchical Contrastive Learning via Synthetic Captions for Better Understanding of Long Text,iccv,2025,https://openaccess.thecvf.com/content/ICCV2025/papers/Wang_Fix-CLIP_Dual-Branch_Hierarchical_Contrastive_Learning_via_Synthetic_Captions_for_Better_ICCV_2025_paper.pdf
1027,MotionCtrl: A Real-time Controllable Vision-Language-Motion Model,iccv,2025,https://openaccess.thecvf.com/content/ICCV2025/papers/Cao_MotionCtrl_A_Real-time_Controllable_Vision-Language-Motion_Model_ICCV_2025_paper.pdf
1028,Benchmarking Multimodal Large Language Models Against Image Corruptions,iccv,2025,https://openaccess.thecvf.com/content/ICCV2025/papers/Qiu_Benchmarking_Multimodal_Large_Language_Models_Against_Image_Corruptions_ICCV_2025_paper.pdf
1029,ETVA: Evaluation of Text-to-Video Alignment via Fine-grained Question Generation and Answering,iccv,2025,https://openaccess.thecvf.com/content/ICCV2025/papers/Guan_ETVA_Evaluation_of_Text-to-Video_Alignment_via_Fine-grained_Question_Generation_and_ICCV_2025_paper.pdf
1030,Adaptive Routing of Text-to-Image Generation Requests Between Large Cloud Model and Light-Weight Edge Model,iccv,2025,https://openaccess.thecvf.com/content/ICCV2025/papers/Xin_Adaptive_Routing_of_Text-to-Image_Generation_Requests_Between_Large_Cloud_Model_ICCV_2025_paper.pdf
1031,Outdoor Monocular SLAM with Global Scale-Consistent 3D Gaussian Pointmaps,iccv,2025,https://openaccess.thecvf.com/content/ICCV2025/papers/Cheng_Outdoor_Monocular_SLAM_with_Global_Scale-Consistent_3D_Gaussian_Pointmaps_ICCV_2025_paper.pdf
1032,FlowStyler: Artistic Video Stylization via Transformation Fields Transports,iccv,2025,https://openaccess.thecvf.com/content/ICCV2025/papers/Gong_FlowStyler_Artistic_Video_Stylization_via_Transformation_Fields_Transports_ICCV_2025_paper.pdf
1033,7DGS: Unified Spatial-Temporal-Angular Gaussian Splatting,iccv,2025,https://openaccess.thecvf.com/content/ICCV2025/papers/Gao_7DGS_Unified_Spatial-Temporal-Angular_Gaussian_Splatting_ICCV_2025_paper.pdf
1034,Robust and Efficient 3D Gaussian Splatting for Urban Scene Reconstruction,iccv,2025,https://openaccess.thecvf.com/content/ICCV2025/papers/Yuan_Robust_and_Efficient_3D_Gaussian_Splatting_for_Urban_Scene_Reconstruction_ICCV_2025_paper.pdf
1035,DWIM: Towards Tool-aware Visual Reasoning via Discrepancy-aware Workflow Generation & Instruct-Masking Tuning,iccv,2025,https://openaccess.thecvf.com/content/ICCV2025/papers/Ke_DWIM_Towards_Tool-aware_Visual_Reasoning_via_Discrepancy-aware_Workflow_Generation__ICCV_2025_paper.pdf
1036,Iris: Breaking GUI Complexity with Adaptive Focus and Self-Refining,iccv,2025,https://openaccess.thecvf.com/content/ICCV2025/papers/Ge_Iris_Breaking_GUI_Complexity_with_Adaptive_Focus_and_Self-Refining_ICCV_2025_paper.pdf
1037,Rethink Sparse Signals for Pose-guided Text-to-image Generation,iccv,2025,https://openaccess.thecvf.com/content/ICCV2025/papers/Xuan_Rethink_Sparse_Signals_for_Pose-guided_Text-to-image_Generation_ICCV_2025_paper.pdf
1038,"RoboTrom-Nav: A Unified Framework for Embodied Navigation Integrating Perception, Planning, and Prediction",iccv,2025,https://openaccess.thecvf.com/content/ICCV2025/papers/Zhong_RoboTrom-Nav_A_Unified_Framework_for_Embodied_Navigation_Integrating_Perception_Planning_ICCV_2025_paper.pdf
1039,PatchScaler: An Efficient Patch-Independent Diffusion Model for Image Super-Resolution,iccv,2025,https://openaccess.thecvf.com/content/ICCV2025/papers/Liu_PatchScaler_An_Efficient_Patch-Independent_Diffusion_Model_for_Image_Super-Resolution_ICCV_2025_paper.pdf
1040,RefEdit: A Benchmark and Method for Improving Instruction-based Image Editing Model on Referring Expressions,iccv,2025,https://openaccess.thecvf.com/content/ICCV2025/papers/Pathiraja_RefEdit_A_Benchmark_and_Method_for_Improving_Instruction-based_Image_Editing_ICCV_2025_paper.pdf
1041,ETA: Energy-based Test-time Adaptation for Depth Completion,iccv,2025,https://openaccess.thecvf.com/content/ICCV2025/papers/Chung_ETA_Energy-based_Test-time_Adaptation_for_Depth_Completion_ICCV_2025_paper.pdf
1042,Amodal3R: Amodal 3D Reconstruction from Occluded 2D Images,iccv,2025,https://openaccess.thecvf.com/content/ICCV2025/papers/Wu_Amodal3R_Amodal_3D_Reconstruction_from_Occluded_2D_Images_ICCV_2025_paper.pdf
1043,A Unified Framework for Motion Reasoning and Generation in Human Interaction,iccv,2025,https://openaccess.thecvf.com/content/ICCV2025/papers/Park_A_Unified_Framework_for_Motion_Reasoning_and_Generation_in_Human_ICCV_2025_paper.pdf
1044,Dynamic Group Detection using VLM-augmented Temporal Groupness Graph,iccv,2025,https://openaccess.thecvf.com/content/ICCV2025/papers/Yokoyama_Dynamic_Group_Detection_using_VLM-augmented_Temporal_Groupness_Graph_ICCV_2025_paper.pdf
1045,SciVid: Cross-Domain Evaluation of Video Models in Scientific Applications,iccv,2025,https://openaccess.thecvf.com/content/ICCV2025/papers/Hasson_SciVid_Cross-Domain_Evaluation_of_Video_Models_in_Scientific_Applications_ICCV_2025_paper.pdf
1046,RoboPearls: Editable Video Simulation for Robot Manipulation,iccv,2025,https://openaccess.thecvf.com/content/ICCV2025/papers/Tao_RoboPearls_Editable_Video_Simulation_for_Robot_Manipulation_ICCV_2025_paper.pdf
1047,FreeMorph: Tuning-Free Generalized Image Morphing with Diffusion Model,iccv,2025,https://openaccess.thecvf.com/content/ICCV2025/papers/Cao_FreeMorph_Tuning-Free_Generalized_Image_Morphing_with_Diffusion_Model_ICCV_2025_paper.pdf
1048,ConstStyle: Robust Domain Generalization with Unified Style Transformation,iccv,2025,https://openaccess.thecvf.com/content/ICCV2025/papers/Tran_ConstStyle_Robust_Domain_Generalization_with_Unified_Style_Transformation_ICCV_2025_paper.pdf
1049,Vision-Language Models Can't See the Obvious,iccv,2025,https://openaccess.thecvf.com/content/ICCV2025/papers/Huynh_Vision-Language_Models_Cant_See_the_Obvious_ICCV_2025_paper.pdf
1050,Perspective-Aware Teaching: Adapting Knowledge for Heterogeneous Distillation,iccv,2025,https://openaccess.thecvf.com/content/ICCV2025/papers/Lin_Perspective-Aware_Teaching_Adapting_Knowledge_for_Heterogeneous_Distillation_ICCV_2025_paper.pdf
1051,GazeGaussian: High-Fidelity Gaze Redirection with 3D Gaussian Splatting,iccv,2025,https://openaccess.thecvf.com/content/ICCV2025/papers/Wei_GazeGaussian_High-Fidelity_Gaze_Redirection_with_3D_Gaussian_Splatting_ICCV_2025_paper.pdf
1052,Balancing Task-invariant Interaction and Task-specific Adaptation for Unified Image Fusion,iccv,2025,https://openaccess.thecvf.com/content/ICCV2025/papers/Hu_Balancing_Task-invariant_Interaction_and_Task-specific_Adaptation_for_Unified_Image_Fusion_ICCV_2025_paper.pdf
1053,Stroke2Sketch: Harnessing Stroke Attributes for Training-Free Sketch Generation,iccv,2025,https://openaccess.thecvf.com/content/ICCV2025/papers/Yang_Stroke2Sketch_Harnessing_Stroke_Attributes_for_Training-Free_Sketch_Generation_ICCV_2025_paper.pdf
1054,Mitigating Catastrophic Overfitting in Fast Adversarial Training via Label Information Elimination,iccv,2025,https://openaccess.thecvf.com/content/ICCV2025/papers/Pan_Mitigating_Catastrophic_Overfitting_in_Fast_Adversarial_Training_via_Label_Information_ICCV_2025_paper.pdf
1055,Pi-GPS: Enhancing Geometry Problem Solving by Unleashing the Power of Diagrammatic Information,iccv,2025,https://openaccess.thecvf.com/content/ICCV2025/papers/Zhao_Pi-GPS_Enhancing_Geometry_Problem_Solving_by_Unleashing_the_Power_of_ICCV_2025_paper.pdf
1056,CountSE: Soft Exemplar Open-set Object Counting,iccv,2025,https://openaccess.thecvf.com/content/ICCV2025/papers/Liu_CountSE_Soft_Exemplar_Open-set_Object_Counting_ICCV_2025_paper.pdf
1057,Beyond Isolated Words: Diffusion Brush for Handwritten Text-Line Generation,iccv,2025,https://openaccess.thecvf.com/content/ICCV2025/papers/Dai_Beyond_Isolated_Words_Diffusion_Brush_for_Handwritten_Text-Line_Generation_ICCV_2025_paper.pdf
1058,Wasserstein Style Distribution Analysis and Transform for Stylized Image Generation,iccv,2025,https://openaccess.thecvf.com/content/ICCV2025/papers/Yu_Wasserstein_Style_Distribution_Analysis_and_Transform_for_Stylized_Image_Generation_ICCV_2025_paper.pdf
1059,PRE-Mamba: A 4D State Space Model for Ultra-High-Frequent Event Camera Deraining,iccv,2025,https://openaccess.thecvf.com/content/ICCV2025/papers/Ruan_PRE-Mamba_A_4D_State_Space_Model_for_Ultra-High-Frequent_Event_Camera_ICCV_2025_paper.pdf
1060,Future-Aware Interaction Network For Motion Forecasting,iccv,2025,https://openaccess.thecvf.com/content/ICCV2025/papers/Li_Future-Aware_Interaction_Network_For_Motion_Forecasting_ICCV_2025_paper.pdf
1061,SuMa: A Subspace Mapping Approach for Robust and Effective Concept Erasure in Text-to-Image Diffusion Models,iccv,2025,https://openaccess.thecvf.com/content/ICCV2025/papers/Nguyen_SuMa_A_Subspace_Mapping_Approach_for_Robust_and_Effective_Concept_ICCV_2025_paper.pdf
1062,Hierarchical-aware Orthogonal Disentanglement Framework for Fine-grained Skeleton-based Action Recognition,iccv,2025,https://openaccess.thecvf.com/content/ICCV2025/papers/Chang_Hierarchical-aware_Orthogonal_Disentanglement_Framework_for_Fine-grained_Skeleton-based_Action_Recognition_ICCV_2025_paper.pdf
1063,Stochastic Interpolants for Revealing Stylistic Flows across the History of Art,iccv,2025,https://openaccess.thecvf.com/content/ICCV2025/papers/Ma_Stochastic_Interpolants_for_Revealing_Stylistic_Flows_across_the_History_of_ICCV_2025_paper.pdf
1064,MIORe & VAR-MIORe: Benchmarks to Push the Boundaries of Restoration,iccv,2025,https://openaccess.thecvf.com/content/ICCV2025/papers/Ciubotariu_MIORe__VAR-MIORe_Benchmarks_to_Push_the_Boundaries_of_Restoration_ICCV_2025_paper.pdf
1065,Depth AnyEvent: A Cross-Modal Distillation Paradigm for Event-Based Monocular Depth Estimation,iccv,2025,https://openaccess.thecvf.com/content/ICCV2025/papers/Bartolomei_Depth_AnyEvent_A_Cross-Modal_Distillation_Paradigm_for_Event-Based_Monocular_Depth_ICCV_2025_paper.pdf
1066,Thermal Polarimetric Multi-view Stereo,iccv,2025,https://openaccess.thecvf.com/content/ICCV2025/papers/Kushida_Thermal_Polarimetric_Multi-view_Stereo_ICCV_2025_paper.pdf
1067,MeshMamba: State Space Models for Articulated 3D Mesh Generation and Reconstruction,iccv,2025,https://openaccess.thecvf.com/content/ICCV2025/papers/Yoshiyasu_MeshMamba_State_Space_Models_for_Articulated_3D_Mesh_Generation_and_ICCV_2025_paper.pdf
1068,MH-LVC: Multi-Hypothesis Temporal Prediction for Learned Conditional Residual Video Coding,iccv,2025,https://openaccess.thecvf.com/content/ICCV2025/papers/Phung_MH-LVC_Multi-Hypothesis_Temporal_Prediction_for_Learned_Conditional_Residual_Video_Coding_ICCV_2025_paper.pdf
1069,Image Intrinsic Scale Assessment: Bridging the Gap Between Quality and Resolution,iccv,2025,https://openaccess.thecvf.com/content/ICCV2025/papers/Hosu_Image_Intrinsic_Scale_Assessment_Bridging_the_Gap_Between_Quality_and_ICCV_2025_paper.pdf
1070,Temporal Rate Reduction Clustering for Human Motion Segmentation,iccv,2025,https://openaccess.thecvf.com/content/ICCV2025/papers/Meng_Temporal_Rate_Reduction_Clustering_for_Human_Motion_Segmentation_ICCV_2025_paper.pdf
1071,SparseVILA: Decoupling Visual Sparsity for Efficient VLM Inference,iccv,2025,https://openaccess.thecvf.com/content/ICCV2025/papers/Khaki_SparseVILA_Decoupling_Visual_Sparsity_for_Efficient_VLM_Inference_ICCV_2025_paper.pdf
1072,Trust but Verify: Programmatic VLM Evaluation in the Wild,iccv,2025,https://openaccess.thecvf.com/content/ICCV2025/papers/Prabhu_Trust_but_Verify_Programmatic_VLM_Evaluation_in_the_Wild_ICCV_2025_paper.pdf
1073,Relative Illumination Fields: Learning Medium and Light Independent Underwater Scenes,iccv,2025,https://openaccess.thecvf.com/content/ICCV2025/papers/She_Relative_Illumination_Fields_Learning_Medium_and_Light_Independent_Underwater_Scenes_ICCV_2025_paper.pdf
1074,Embodied Representation Alignment with Mirror Neurons,iccv,2025,https://openaccess.thecvf.com/content/ICCV2025/papers/Zhu_Embodied_Representation_Alignment_with_Mirror_Neurons_ICCV_2025_paper.pdf
1075,Wave-MambaAD: Wavelet-driven State Space Model for Multi-class Unsupervised Anomaly Detection,iccv,2025,https://openaccess.thecvf.com/content/ICCV2025/papers/Zhang_Wave-MambaAD_Wavelet-driven_State_Space_Model_for_Multi-class_Unsupervised_Anomaly_Detection_ICCV_2025_paper.pdf
1076,MonoSOWA: Scalable Monocular 3D Object Detector Without Human Annotations,iccv,2025,https://openaccess.thecvf.com/content/ICCV2025/papers/Skvrna_MonoSOWA_Scalable_Monocular_3D_Object_Detector_Without_Human_Annotations_ICCV_2025_paper.pdf
1077,Measuring the Impact of Rotation Equivariance on Aerial Object Detection,iccv,2025,https://openaccess.thecvf.com/content/ICCV2025/papers/Wu_Measuring_the_Impact_of_Rotation_Equivariance_on_Aerial_Object_Detection_ICCV_2025_paper.pdf
1078,Inter2Former: Dynamic Hybrid Attention for Efficient High-Precision Interactive Segmentation,iccv,2025,https://openaccess.thecvf.com/content/ICCV2025/papers/Huang_Inter2Former_Dynamic_Hybrid_Attention_for_Efficient_High-Precision_Interactive_Segmentation_ICCV_2025_paper.pdf
1079,LEGION: Learning to Ground and Explain for Synthetic Image Detection,iccv,2025,https://openaccess.thecvf.com/content/ICCV2025/papers/Kang_LEGION_Learning_to_Ground_and_Explain_for_Synthetic_Image_Detection_ICCV_2025_paper.pdf
1080,KDA: Knowledge Diffusion Alignment with Enhanced Context for Video Temporal Grounding,iccv,2025,https://openaccess.thecvf.com/content/ICCV2025/papers/Ran_KDA_Knowledge_Diffusion_Alignment_with_Enhanced_Context_for_Video_Temporal_ICCV_2025_paper.pdf
1081,NormalCrafter: Learning Temporally Consistent Normals from Video Diffusion Priors,iccv,2025,https://openaccess.thecvf.com/content/ICCV2025/papers/Bin_NormalCrafter_Learning_Temporally_Consistent_Normals_from_Video_Diffusion_Priors_ICCV_2025_paper.pdf
1082,TrackAny3D: Transferring Pretrained 3D Models for Category-unified 3D Point Cloud Tracking,iccv,2025,https://openaccess.thecvf.com/content/ICCV2025/papers/Wang_TrackAny3D_Transferring_Pretrained_3D_Models_for_Category-unified_3D_Point_Cloud_ICCV_2025_paper.pdf
1083,Color Matching Using Hypernetwork-Based Kolmogorov-Arnold Networks,iccv,2025,https://openaccess.thecvf.com/content/ICCV2025/papers/Nikonorov_Color_Matching_Using_Hypernetwork-Based_Kolmogorov-Arnold_Networks_ICCV_2025_paper.pdf
1084,S2M2: Scalable Stereo Matching Model for Reliable Depth Estimation,iccv,2025,https://openaccess.thecvf.com/content/ICCV2025/papers/Min_S2M2_Scalable_Stereo_Matching_Model_for_Reliable_Depth_Estimation_ICCV_2025_paper.pdf
1085,NETracer: A Topology-Aware Iterative Tracing Approach for Tubular Structure Extraction,iccv,2025,https://openaccess.thecvf.com/content/ICCV2025/papers/Liu_NETracer_A_Topology-Aware_Iterative_Tracing_Approach_for_Tubular_Structure_Extraction_ICCV_2025_paper.pdf
1086,MGSfM: Multi-Camera Geometry Driven Global Structure-from-Motion,iccv,2025,https://openaccess.thecvf.com/content/ICCV2025/papers/Tao_MGSfM_Multi-Camera_Geometry_Driven_Global_Structure-from-Motion_ICCV_2025_paper.pdf
1087,FaceLift: Learning Generalizable Single Image 3D Face Reconstruction from Synthetic Heads,iccv,2025,https://openaccess.thecvf.com/content/ICCV2025/papers/Lyu_FaceLift_Learning_Generalizable_Single_Image_3D_Face_Reconstruction_from_Synthetic_ICCV_2025_paper.pdf
1088,Towards Open-World Generation of Stereo Images and Unsupervised Matching,iccv,2025,https://openaccess.thecvf.com/content/ICCV2025/papers/Qiao_Towards_Open-World_Generation_of_Stereo_Images_and_Unsupervised_Matching_ICCV_2025_paper.pdf
1089,PolarAnything: Diffusion-based Polarimetric Image Synthesis,iccv,2025,https://openaccess.thecvf.com/content/ICCV2025/papers/Zhang_PolarAnything_Diffusion-based_Polarimetric_Image_Synthesis_ICCV_2025_paper.pdf
1090,What's Making That Sound Right Now? Video-centric Audio-Visual Localization,iccv,2025,https://openaccess.thecvf.com/content/ICCV2025/papers/Choi_Whats_Making_That_Sound_Right_Now_Video-centric_Audio-Visual_Localization_ICCV_2025_paper.pdf
1091,WonderPlay: Dynamic 3D Scene Generation from a Single Image and Actions,iccv,2025,https://openaccess.thecvf.com/content/ICCV2025/papers/Li_WonderPlay_Dynamic_3D_Scene_Generation_from_a_Single_Image_and_ICCV_2025_paper.pdf
1092,SRefiner: Soft-Braid Attention for Multi-Agent Trajectory Refinement,iccv,2025,https://openaccess.thecvf.com/content/ICCV2025/papers/Xiao_SRefiner_Soft-Braid_Attention_for_Multi-Agent_Trajectory_Refinement_ICCV_2025_paper.pdf
1093,Scheduling Weight Transitions for Quantization-Aware Training,iccv,2025,https://openaccess.thecvf.com/content/ICCV2025/papers/Lee_Scheduling_Weight_Transitions_for_Quantization-Aware_Training_ICCV_2025_paper.pdf
1094,Cross-Granularity Online Optimization with Masked Compensated Information for Learned Image Compression,iccv,2025,https://openaccess.thecvf.com/content/ICCV2025/papers/Kuang_Cross-Granularity_Online_Optimization_with_Masked_Compensated_Information_for_Learned_Image_ICCV_2025_paper.pdf
1095,Efficient Spiking Point Mamba for Point Cloud Analysis,iccv,2025,https://openaccess.thecvf.com/content/ICCV2025/papers/Wu_Efficient_Spiking_Point_Mamba_for_Point_Cloud_Analysis_ICCV_2025_paper.pdf
1096,VideoVAE+: Large Motion Video Autoencoding with Cross-modal Video VAE,iccv,2025,https://openaccess.thecvf.com/content/ICCV2025/papers/Xing_VideoVAE_Large_Motion_Video_Autoencoding_with_Cross-modal_Video_VAE_ICCV_2025_paper.pdf
1097,Learning 3D Object Spatial Relationships from Pre-trained 2D Diffusion Models,iccv,2025,https://openaccess.thecvf.com/content/ICCV2025/papers/Baik_Learning_3D_Object_Spatial_Relationships_from_Pre-trained_2D_Diffusion_Models_ICCV_2025_paper.pdf
1098,"Event-guided Unified Framework for Low-light Video Enhancement, Frame Interpolation, and Deblurring",iccv,2025,https://openaccess.thecvf.com/content/ICCV2025/papers/Kim_Event-guided_Unified_Framework_for_Low-light_Video_Enhancement_Frame_Interpolation_and_ICCV_2025_paper.pdf
1099,FE-CLIP: Frequency Enhanced CLIP Model for Zero-Shot Anomaly Detection and Segmentation,iccv,2025,https://openaccess.thecvf.com/content/ICCV2025/papers/Gong_FE-CLIP_Frequency_Enhanced_CLIP_Model_for_Zero-Shot_Anomaly_Detection_and_ICCV_2025_paper.pdf
1100,MotionDiff: Training-free Zero-shot Interactive Motion Editing via Flow-assisted Multi-view Diffusion,iccv,2025,https://openaccess.thecvf.com/content/ICCV2025/papers/Ma_MotionDiff_Training-free_Zero-shot_Interactive_Motion_Editing_via_Flow-assisted_Multi-view_Diffusion_ICCV_2025_paper.pdf
1101,Alleviating Textual Reliance in Medical Language-guided Segmentation via Prototype-driven Semantic Approximation,iccv,2025,https://openaccess.thecvf.com/content/ICCV2025/papers/Ye_Alleviating_Textual_Reliance_in_Medical_Language-guided_Segmentation_via_Prototype-driven_Semantic_ICCV_2025_paper.pdf
1102,CoTMR: Chain-of-Thought Multi-Scale Reasoning for Training-Free Zero-Shot Composed Image Retrieval,iccv,2025,https://openaccess.thecvf.com/content/ICCV2025/papers/Sun_CoTMR_Chain-of-Thought_Multi-Scale_Reasoning_for_Training-Free_Zero-Shot_Composed_Image_Retrieval_ICCV_2025_paper.pdf
1103,PASTA: Part-Aware Sketch-to-3D Shape Generation with Text-Aligned Prior,iccv,2025,https://openaccess.thecvf.com/content/ICCV2025/papers/Lee_PASTA_Part-Aware_Sketch-to-3D_Shape_Generation_with_Text-Aligned_Prior_ICCV_2025_paper.pdf
1104,BASIC: Boosting Visual Alignment with Intrinsic Refined Embeddings in Multimodal Large Language Models,iccv,2025,https://openaccess.thecvf.com/content/ICCV2025/papers/Tang_BASIC_Boosting_Visual_Alignment_with_Intrinsic_Refined_Embeddings_in_Multimodal_ICCV_2025_paper.pdf
1105,Long-term Traffic Simulation with Interleaved Autoregressive Motion and Scenario Generation,iccv,2025,https://openaccess.thecvf.com/content/ICCV2025/papers/Yang_Long-term_Traffic_Simulation_with_Interleaved_Autoregressive_Motion_and_Scenario_Generation_ICCV_2025_paper.pdf
1106,VMBench: A Benchmark for Perception-Aligned Video Motion Generation,iccv,2025,https://openaccess.thecvf.com/content/ICCV2025/papers/Ling_VMBench_A_Benchmark_for_Perception-Aligned_Video_Motion_Generation_ICCV_2025_paper.pdf
1107,Physics Context Builders: A Modular Framework for Physical Reasoning in Vision-Language Models,iccv,2025,https://openaccess.thecvf.com/content/ICCV2025/papers/Balazadeh_Physics_Context_Builders_A_Modular_Framework_for_Physical_Reasoning_in_ICCV_2025_paper.pdf
1108,RhythmGuassian: Repurposing Generalizable Gaussian Model For Remote Physiological Measurement,iccv,2025,https://openaccess.thecvf.com/content/ICCV2025/papers/Lu_RhythmGuassian_Repurposing_Generalizable_Gaussian_Model_For_Remote_Physiological_Measurement_ICCV_2025_paper.pdf
1109,Bridging the Sky and Ground: Towards View-Invariant Feature Learning for Aerial-Ground Person Re-Identification,iccv,2025,https://openaccess.thecvf.com/content/ICCV2025/papers/Khalid_Bridging_the_Sky_and_Ground_Towards_View-Invariant_Feature_Learning_for_ICCV_2025_paper.pdf
1110,Prototype Guided Backdoor Defense via Activation Space Manipulation,iccv,2025,https://openaccess.thecvf.com/content/ICCV2025/papers/Amula_Prototype_Guided_Backdoor_Defense_via_Activation_Space_Manipulation_ICCV_2025_paper.pdf
1111,EvolvingGrasp: Evolutionary Grasp Generation via Efficient Preference Alignment,iccv,2025,https://openaccess.thecvf.com/content/ICCV2025/papers/Zhu_EvolvingGrasp_Evolutionary_Grasp_Generation_via_Efficient_Preference_Alignment_ICCV_2025_paper.pdf
1112,HyTIP: Hybrid Temporal Information Propagation for Masked Conditional Residual Video Coding,iccv,2025,https://openaccess.thecvf.com/content/ICCV2025/papers/Chen_HyTIP_Hybrid_Temporal_Information_Propagation_for_Masked_Conditional_Residual_Video_ICCV_2025_paper.pdf
1113,Achieving More with Less: Additive Prompt Tuning for Rehearsal-Free Class-Incremental Learning,iccv,2025,https://openaccess.thecvf.com/content/ICCV2025/papers/Chen_Achieving_More_with_Less_Additive_Prompt_Tuning_for_Rehearsal-Free_Class-Incremental_ICCV_2025_paper.pdf
1114,PromptDresser: Improving the Quality and Controllability of Virtual Try-On via Generative Textual Prompt and Prompt-aware Mask,iccv,2025,https://openaccess.thecvf.com/content/ICCV2025/papers/Kim_PromptDresser_Improving_the_Quality_and_Controllability_of_Virtual_Try-On_via_ICCV_2025_paper.pdf
1115,VLRMBench: A Comprehensive and Challenging Benchmark for Vision-Language Reward Models,iccv,2025,https://openaccess.thecvf.com/content/ICCV2025/papers/Ruan_VLRMBench_A_Comprehensive_and_Challenging_Benchmark_for_Vision-Language_Reward_Models_ICCV_2025_paper.pdf
1116,SITE: towards Spatial Intelligence Thorough Evaluation,iccv,2025,https://openaccess.thecvf.com/content/ICCV2025/papers/Wang_SITE_towards_Spatial_Intelligence_Thorough_Evaluation_ICCV_2025_paper.pdf
1117,DASH: Detection and Assessment of Systematic Hallucinations of VLMs,iccv,2025,https://openaccess.thecvf.com/content/ICCV2025/papers/Augustin_DASH_Detection_and_Assessment_of_Systematic_Hallucinations_of_VLMs_ICCV_2025_paper.pdf
1118,FW-Merging: Scaling Model Merging with Frank-Wolfe Optimization,iccv,2025,https://openaccess.thecvf.com/content/ICCV2025/papers/Chen_FW-Merging_Scaling_Model_Merging_with_Frank-Wolfe_Optimization_ICCV_2025_paper.pdf
1119,On the Provable Importance of Gradients for Autonomous Language-Assisted Image Clustering,iccv,2025,https://openaccess.thecvf.com/content/ICCV2025/papers/Peng_On_the_Provable_Importance_of_Gradients_for_Autonomous_Language-Assisted_Image_ICCV_2025_paper.pdf
1120,ZipVL: Accelerating Vision-Language Models through Dynamic Token Sparsity,iccv,2025,https://openaccess.thecvf.com/content/ICCV2025/papers/He_ZipVL_Accelerating_Vision-Language_Models_through_Dynamic_Token_Sparsity_ICCV_2025_paper.pdf
1121,RayletDF: Raylet Distance Fields for Generalizable 3D Surface Reconstruction from Point Clouds or Gaussians,iccv,2025,https://openaccess.thecvf.com/content/ICCV2025/papers/Wei_RayletDF_Raylet_Distance_Fields_for_Generalizable_3D_Surface_Reconstruction_from_ICCV_2025_paper.pdf
1122,VOVTrack: Exploring the Potentiality in Raw Videos for Open-Vocabulary Multi-Object Tracking,iccv,2025,https://openaccess.thecvf.com/content/ICCV2025/papers/Qian_VOVTrack_Exploring_the_Potentiality_in_Raw_Videos_for_Open-Vocabulary_Multi-Object_ICCV_2025_paper.pdf
1123,Planar Affine Rectification from Local Change of Scale and Orientation,iccv,2025,https://openaccess.thecvf.com/content/ICCV2025/papers/Nissan_Planar_Affine_Rectification_from_Local_Change_of_Scale_and_Orientation_ICCV_2025_paper.pdf
1124,Grouped Speculative Decoding for Autoregressive Image Generation,iccv,2025,https://openaccess.thecvf.com/content/ICCV2025/papers/So_Grouped_Speculative_Decoding_for_Autoregressive_Image_Generation_ICCV_2025_paper.pdf
1125,"You Share Beliefs, I Adapt: Progressive Heterogeneous Collaborative Perception",iccv,2025,https://openaccess.thecvf.com/content/ICCV2025/papers/Si_You_Share_Beliefs_I_Adapt_Progressive_Heterogeneous_Collaborative_Perception_ICCV_2025_paper.pdf
1126,Music-Aligned Holistic 3D Dance Generation via Hierarchical Motion Modeling,iccv,2025,https://openaccess.thecvf.com/content/ICCV2025/papers/Li_Music-Aligned_Holistic_3D_Dance_Generation_via_Hierarchical_Motion_Modeling_ICCV_2025_paper.pdf
1127,Advancing Visual Large Language Model for Multi-granular Versatile Perception,iccv,2025,https://openaccess.thecvf.com/content/ICCV2025/papers/Xiang_Advancing_Visual_Large_Language_Model_for_Multi-granular_Versatile_Perception_ICCV_2025_paper.pdf
1128,Neural Solver of Dichromatic Reflection Model for Specular Highlight Removal,iccv,2025,https://openaccess.thecvf.com/content/ICCV2025/papers/Fu_Neural_Solver_of_Dichromatic_Reflection_Model_for_Specular_Highlight_Removal_ICCV_2025_paper.pdf
1129,MatchDiffusion: Training-free Generation of Match-Cuts,iccv,2025,https://openaccess.thecvf.com/content/ICCV2025/papers/Pardo_MatchDiffusion_Training-free_Generation_of_Match-Cuts_ICCV_2025_paper.pdf
1130,STD-GS: Exploring Frame-Event Interaction for SpatioTemporal-Disentangled Gaussian Splatting to Reconstruct High-Dynamic Scene,iccv,2025,https://openaccess.thecvf.com/content/ICCV2025/papers/Zhou_STD-GS_Exploring_Frame-Event_Interaction_for_SpatioTemporal-Disentangled_Gaussian_Splatting_to_Reconstruct_ICCV_2025_paper.pdf
1131,C2MIL: Synchronizing Semantic and Topological Causalities in Multiple Instance Learning for Robust and Interpretable Survival Analysis,iccv,2025,https://openaccess.thecvf.com/content/ICCV2025/papers/Cen_C2MIL_Synchronizing_Semantic_and_Topological_Causalities_in_Multiple_Instance_Learning_ICCV_2025_paper.pdf
1132,Weakly-Supervised Learning of Dense Functional Correspondences,iccv,2025,https://openaccess.thecvf.com/content/ICCV2025/papers/Stojanov_Weakly-Supervised_Learning_of_Dense_Functional_Correspondences_ICCV_2025_paper.pdf
1133,Proxy-Bridged Game Transformer for Interactive Extreme Motion Prediction,iccv,2025,https://openaccess.thecvf.com/content/ICCV2025/papers/Fang_Proxy-Bridged_Game_Transformer_for_Interactive_Extreme_Motion_Prediction_ICCV_2025_paper.pdf
1134,ReFlex: Text-Guided Editing of Real Images in Rectified Flow via Mid-Step Feature Extraction and Attention Adaptation,iccv,2025,https://openaccess.thecvf.com/content/ICCV2025/papers/Kim_ReFlex_Text-Guided_Editing_of_Real_Images_in_Rectified_Flow_via_ICCV_2025_paper.pdf
1135,Co-Painter: Fine-Grained Controllable Image Stylization via Implicit Decoupling and Adaptive Injection,iccv,2025,https://openaccess.thecvf.com/content/ICCV2025/papers/Fu_Co-Painter_Fine-Grained_Controllable_Image_Stylization_via_Implicit_Decoupling_and_Adaptive_ICCV_2025_paper.pdf
1136,Object-level Correlation for Few-Shot Segmentation,iccv,2025,https://openaccess.thecvf.com/content/ICCV2025/papers/Wen_Object-level_Correlation_for_Few-Shot_Segmentation_ICCV_2025_paper.pdf
1137,Hipandas: Hyperspectral Image Joint Denoising and Super-Resolution by Image Fusion with the Panchromatic Image,iccv,2025,https://openaccess.thecvf.com/content/ICCV2025/papers/Xu_Hipandas_Hyperspectral_Image_Joint_Denoising_and_Super-Resolution_by_Image_Fusion_ICCV_2025_paper.pdf
1138,SAMO: A Lightweight Sharpness-Aware Approach for Multi-Task Optimization with Joint Global-Local Perturbation,iccv,2025,https://openaccess.thecvf.com/content/ICCV2025/papers/Ban_SAMO_A_Lightweight_Sharpness-Aware_Approach_for_Multi-Task_Optimization_with_Joint_ICCV_2025_paper.pdf
1139,RoboTron-Mani: All-in-One Multimodal Large Model for Robotic Manipulation,iccv,2025,https://openaccess.thecvf.com/content/ICCV2025/papers/Yan_RoboTron-Mani_All-in-One_Multimodal_Large_Model_for_Robotic_Manipulation_ICCV_2025_paper.pdf
1140,FastJSMA: Accelerating Jacobian-based Saliency Map Attacks through Gradient Decoupling,iccv,2025,https://openaccess.thecvf.com/content/ICCV2025/papers/Gao_FastJSMA_Accelerating_Jacobian-based_Saliency_Map_Attacks_through_Gradient_Decoupling_ICCV_2025_paper.pdf
1141,TAR3D: Creating High-Quality 3D Assets via Next-Part Prediction,iccv,2025,https://openaccess.thecvf.com/content/ICCV2025/papers/Zhang_TAR3D_Creating_High-Quality_3D_Assets_via_Next-Part_Prediction_ICCV_2025_paper.pdf
1142,CVFusion: Cross-View Fusion of 4D Radar and Camera for 3D Object Detection,iccv,2025,https://openaccess.thecvf.com/content/ICCV2025/papers/Zhong_CVFusion_Cross-View_Fusion_of_4D_Radar_and_Camera_for_3D_ICCV_2025_paper.pdf
1143,Efficient Input-level Backdoor Defense on Text-to-Image Synthesis via Neuron Activation Variation,iccv,2025,https://openaccess.thecvf.com/content/ICCV2025/papers/Zhai_Efficient_Input-level_Backdoor_Defense_on_Text-to-Image_Synthesis_via_Neuron_Activation_ICCV_2025_paper.pdf
1144,MoMa-Kitchen: A 100K+ Benchmark for Affordance-Grounded Last-Mile Navigation in Mobile Manipulation,iccv,2025,https://openaccess.thecvf.com/content/ICCV2025/papers/Zhang_MoMa-Kitchen_A_100K_Benchmark_for_Affordance-Grounded_Last-Mile_Navigation_in_Mobile_ICCV_2025_paper.pdf
1145,ViT-Linearizer: Distilling Quadratic Knowledge into Linear-Time Vision Models,iccv,2025,https://openaccess.thecvf.com/content/ICCV2025/papers/Wei_ViT-Linearizer_Distilling_Quadratic_Knowledge_into_Linear-Time_Vision_Models_ICCV_2025_paper.pdf
1146,RobustSplat: Decoupling Densification and Dynamics for Transient-Free 3DGS,iccv,2025,https://openaccess.thecvf.com/content/ICCV2025/papers/Fu_RobustSplat_Decoupling_Densification_and_Dynamics_for_Transient-Free_3DGS_ICCV_2025_paper.pdf
1147,Generalized Deep Multi-view Clustering via Causal Learning with Partially Aligned Cross-view Correspondence,iccv,2025,https://openaccess.thecvf.com/content/ICCV2025/papers/Yang_Generalized_Deep_Multi-view_Clustering_via_Causal_Learning_with_Partially_Aligned_ICCV_2025_paper.pdf
1148,"MeasureXpert: Automatic Anthropometric Measurement Extraction from Two Unregistered, Partial, Posed, and Dressed Body Scans",iccv,2025,https://openaccess.thecvf.com/content/ICCV2025/papers/Zhao_MeasureXpert_Automatic_Anthropometric_Measurement_Extraction_from_Two_Unregistered_Partial_Posed_ICCV_2025_paper.pdf
1149,FedMeNF: Privacy-Preserving Federated Meta-Learning for Neural Fields,iccv,2025,https://openaccess.thecvf.com/content/ICCV2025/papers/Yun_FedMeNF_Privacy-Preserving_Federated_Meta-Learning_for_Neural_Fields_ICCV_2025_paper.pdf
1150,MeshLLM: Empowering Large Language Models to Progressively Understand and Generate 3D Mesh,iccv,2025,https://openaccess.thecvf.com/content/ICCV2025/papers/Fang_MeshLLM_Empowering_Large_Language_Models_to_Progressively_Understand_and_Generate_ICCV_2025_paper.pdf
1151,Split-and-Combine: Enhancing Style Augmentation for Single Domain Generalization,iccv,2025,https://openaccess.thecvf.com/content/ICCV2025/papers/Zhang_Split-and-Combine_Enhancing_Style_Augmentation_for_Single_Domain_Generalization_ICCV_2025_paper.pdf
1152,FOLDER: Accelerating Multi-Modal Large Language Models with Enhanced Performance,iccv,2025,https://openaccess.thecvf.com/content/ICCV2025/papers/Wang_FOLDER_Accelerating_Multi-Modal_Large_Language_Models_with_Enhanced_Performance_ICCV_2025_paper.pdf
1153,A Hyperdimensional One Place Signature to Represent Them All: Stackable Descriptors For Visual Place Recognition,iccv,2025,https://openaccess.thecvf.com/content/ICCV2025/papers/Malone_A_Hyperdimensional_One_Place_Signature_to_Represent_Them_All_Stackable_ICCV_2025_paper.pdf
1154,Large Multi-modal Models Can Interpret Features in Large Multi-modal Models,iccv,2025,https://openaccess.thecvf.com/content/ICCV2025/papers/Zhang_Large_Multi-modal_Models_Can_Interpret_Features_in_Large_Multi-modal_Models_ICCV_2025_paper.pdf
1155,Progressive Artwork Outpainting via Latent Diffusion Models,iccv,2025,https://openaccess.thecvf.com/content/ICCV2025/papers/Song_Progressive_Artwork_Outpainting_via_Latent_Diffusion_Models_ICCV_2025_paper.pdf
1156,"Are VLMs Ready for Autonomous Driving? An Empirical Study from the Reliability, Data and Metric Perspectives",iccv,2025,https://openaccess.thecvf.com/content/ICCV2025/papers/Xie_Are_VLMs_Ready_for_Autonomous_Driving_An_Empirical_Study_from_ICCV_2025_paper.pdf
1157,Learn2Synth: Learning Optimal Data Synthesis Using Hypergradients for Brain Image Segmentation,iccv,2025,https://openaccess.thecvf.com/content/ICCV2025/papers/Hu_Learn2Synth_Learning_Optimal_Data_Synthesis_Using_Hypergradients_for_Brain_Image_ICCV_2025_paper.pdf
1158,Deep Incomplete Multi-view Clustering with Distribution Dual-Consistency Recovery Guidance,iccv,2025,https://openaccess.thecvf.com/content/ICCV2025/papers/Jin_Deep_Incomplete_Multi-view_Clustering_with_Distribution_Dual-Consistency_Recovery_Guidance_ICCV_2025_paper.pdf
1159,3D Mesh Editing using Masked LRMs,iccv,2025,https://openaccess.thecvf.com/content/ICCV2025/papers/Gao_3D_Mesh_Editing_using_Masked_LRMs_ICCV_2025_paper.pdf
1160,Acknowledging Focus Ambiguity in Visual Questions,iccv,2025,https://openaccess.thecvf.com/content/ICCV2025/papers/Chen_Acknowledging_Focus_Ambiguity_in_Visual_Questions_ICCV_2025_paper.pdf
1161,DRaM-LHM: A Quaternion Framework for Iterative Camera Pose Estimation,iccv,2025,https://openaccess.thecvf.com/content/ICCV2025/papers/Lin_DRaM-LHM_A_Quaternion_Framework_for_Iterative_Camera_Pose_Estimation_ICCV_2025_paper.pdf
1162,Bolt3D: Generating 3D Scenes in Seconds,iccv,2025,https://openaccess.thecvf.com/content/ICCV2025/papers/Szymanowicz_Bolt3D_Generating_3D_Scenes_in_Seconds_ICCV_2025_paper.pdf
1163,Revisiting Image Fusion for Multi-Illuminant White-Balance Correction,iccv,2025,https://openaccess.thecvf.com/content/ICCV2025/papers/Serrano-Lozano_Revisiting_Image_Fusion_for_Multi-Illuminant_White-Balance_Correction_ICCV_2025_paper.pdf
1164,Combinative Matching for Geometric Shape Assembly,iccv,2025,https://openaccess.thecvf.com/content/ICCV2025/papers/Lee_Combinative_Matching_for_Geometric_Shape_Assembly_ICCV_2025_paper.pdf
1165,Know Your Attention Maps: Class-specific Token Masking for Weakly Supervised Semantic Segmentation,iccv,2025,https://openaccess.thecvf.com/content/ICCV2025/papers/Hanna_Know_Your_Attention_Maps_Class-specific_Token_Masking_for_Weakly_Supervised_ICCV_2025_paper.pdf
1166,DAViD: Data-efficient and Accurate Vision Models from Synthetic Data,iccv,2025,https://openaccess.thecvf.com/content/ICCV2025/papers/Saleh_DAViD_Data-efficient_and_Accurate_Vision_Models_from_Synthetic_Data_ICCV_2025_paper.pdf
1167,Reducing Unimodal Bias in Multi-Modal Semantic Segmentation with Multi-Scale Functional Entropy Regularization,iccv,2025,https://openaccess.thecvf.com/content/ICCV2025/papers/Zheng_Reducing_Unimodal_Bias_in_Multi-Modal_Semantic_Segmentation_with_Multi-Scale_Functional_ICCV_2025_paper.pdf
1168,"ETA: Efficiency through Thinking Ahead, A Dual Approach to Self-Driving with Large Models",iccv,2025,https://openaccess.thecvf.com/content/ICCV2025/papers/Hamdan_ETA_Efficiency_through_Thinking_Ahead_A_Dual_Approach_to_Self-Driving_ICCV_2025_paper.pdf
1169,SCORE: Scene Context Matters in Open-Vocabulary Remote Sensing Instance Segmentation,iccv,2025,https://openaccess.thecvf.com/content/ICCV2025/papers/Huang_SCORE_Scene_Context_Matters_in_Open-Vocabulary_Remote_Sensing_Instance_Segmentation_ICCV_2025_paper.pdf
1170,LEGO-Maker: A Semantic-Driven Algorithm for Text-to-3D Generation,iccv,2025,https://openaccess.thecvf.com/content/ICCV2025/papers/Zhang_LEGO-Maker_A_Semantic-Driven_Algorithm_for_Text-to-3D_Generation_ICCV_2025_paper.pdf
1171,Learning Interpretable Queries for Explainable Image Classification with Information Pursuit,iccv,2025,https://openaccess.thecvf.com/content/ICCV2025/papers/Kolek_Learning_Interpretable_Queries_for_Explainable_Image_Classification_with_Information_Pursuit_ICCV_2025_paper.pdf
1172,LoRA-FAIR: Federated LoRA Fine-Tuning with Aggregation and Initialization Refinement,iccv,2025,https://openaccess.thecvf.com/content/ICCV2025/papers/Bian_LoRA-FAIR_Federated_LoRA_Fine-Tuning_with_Aggregation_and_Initialization_Refinement_ICCV_2025_paper.pdf
1173,DiffDoctor: Diagnosing Image Diffusion Models Before Treating,iccv,2025,https://openaccess.thecvf.com/content/ICCV2025/papers/Wang_DiffDoctor_Diagnosing_Image_Diffusion_Models_Before_Treating_ICCV_2025_paper.pdf
1174,AIRA: Activation-Informed Low-Rank Adaptation for Large Models,iccv,2025,https://openaccess.thecvf.com/content/ICCV2025/papers/Li_AIRA_Activation-Informed_Low-Rank_Adaptation_for_Large_Models_ICCV_2025_paper.pdf
1175,Understanding Personal Concept in Open-Vocabulary Semantic Segmentation,iccv,2025,https://openaccess.thecvf.com/content/ICCV2025/papers/Park_Understanding_Personal_Concept_in_Open-Vocabulary_Semantic_Segmentation_ICCV_2025_paper.pdf
1176,4D Visual Pre-training for Robot Learning,iccv,2025,https://openaccess.thecvf.com/content/ICCV2025/papers/Hou_4D_Visual_Pre-training_for_Robot_Learning_ICCV_2025_paper.pdf
1177,SemTalk: Holistic Co-speech Motion Generation with Frame-level Semantic Emphasis,iccv,2025,https://openaccess.thecvf.com/content/ICCV2025/papers/Zhang_SemTalk_Holistic_Co-speech_Motion_Generation_with_Frame-level_Semantic_Emphasis_ICCV_2025_paper.pdf
1178,Textured 3D Regenerative Morphing with 3D Diffusion Prior,iccv,2025,https://openaccess.thecvf.com/content/ICCV2025/papers/Yang_Textured_3D_Regenerative_Morphing_with_3D_Diffusion_Prior_ICCV_2025_paper.pdf
1179,LONG3R: Long Sequence Streaming 3D Reconstruction,iccv,2025,https://openaccess.thecvf.com/content/ICCV2025/papers/Chen_LONG3R_Long_Sequence_Streaming_3D_Reconstruction_ICCV_2025_paper.pdf
1180,"DreamActor-M1: Holistic, Expressive and Robust Human Image Animation with Hybrid Guidance",iccv,2025,https://openaccess.thecvf.com/content/ICCV2025/papers/Luo_DreamActor-M1_Holistic_Expressive_and_Robust_Human_Image_Animation_with_Hybrid_ICCV_2025_paper.pdf
1181,Blind2Sound: Self-Supervised Image Denoising without Residual Noise,iccv,2025,https://openaccess.thecvf.com/content/ICCV2025/papers/Liu_Blind2Sound_Self-Supervised_Image_Denoising_without_Residual_Noise_ICCV_2025_paper.pdf
1182,Sparsity Outperforms Low-Rank Projections in Few-Shot Adaptation,iccv,2025,https://openaccess.thecvf.com/content/ICCV2025/papers/Mrabah_Sparsity_Outperforms_Low-Rank_Projections_in_Few-Shot_Adaptation_ICCV_2025_paper.pdf
1183,Hyper-Depth: Hypergraph-based Multi-Scale Representation Fusion for Monocular Depth Estimation,iccv,2025,https://openaccess.thecvf.com/content/ICCV2025/papers/Bie_Hyper-Depth_Hypergraph-based_Multi-Scale_Representation_Fusion_for_Monocular_Depth_Estimation_ICCV_2025_paper.pdf
1184,PVMamba: Parallelizing Vision Mamba via Dynamic State Aggregation,iccv,2025,https://openaccess.thecvf.com/content/ICCV2025/papers/Xie_PVMamba_Parallelizing_Vision_Mamba_via_Dynamic_State_Aggregation_ICCV_2025_paper.pdf
1185,Fuzzy Contrastive Decoding to Alleviate Object Hallucination in Large Vision-Language Models,iccv,2025,https://openaccess.thecvf.com/content/ICCV2025/papers/Kim_Fuzzy_Contrastive_Decoding_to_Alleviate_Object_Hallucination_in_Large_Vision-Language_ICCV_2025_paper.pdf
1186,SMARTIES: Spectrum-Aware Multi-Sensor Auto-Encoder for Remote Sensing Images,iccv,2025,https://openaccess.thecvf.com/content/ICCV2025/papers/Sumbul_SMARTIES_Spectrum-Aware_Multi-Sensor_Auto-Encoder_for_Remote_Sensing_Images_ICCV_2025_paper.pdf
1187,SynFER: Towards Boosting Facial Expression Recognition with Synthetic Data,iccv,2025,https://openaccess.thecvf.com/content/ICCV2025/papers/He_SynFER_Towards_Boosting_Facial_Expression_Recognition_with_Synthetic_Data_ICCV_2025_paper.pdf
1188,Boosting Multimodal Learning via Disentangled Gradient Learning,iccv,2025,https://openaccess.thecvf.com/content/ICCV2025/papers/Wei_Boosting_Multimodal_Learning_via_Disentangled_Gradient_Learning_ICCV_2025_paper.pdf
1189,Generating Physically Stable and Buildable Brick Structures from Text,iccv,2025,https://openaccess.thecvf.com/content/ICCV2025/papers/Pun_Generating_Physically_Stable_and_Buildable_Brick_Structures_from_Text_ICCV_2025_paper.pdf
1190,Bootstrapping Grounded Chain-of-Thought in Multimodal LLMs for Data-Efficient Model Adaptation,iccv,2025,https://openaccess.thecvf.com/content/ICCV2025/papers/Xia_Bootstrapping_Grounded_Chain-of-Thought_in_Multimodal_LLMs_for_Data-Efficient_Model_Adaptation_ICCV_2025_paper.pdf
1191,DisTime: Distribution-based Time Representation for Video Large Language Models,iccv,2025,https://openaccess.thecvf.com/content/ICCV2025/papers/Zeng_DisTime_Distribution-based_Time_Representation_for_Video_Large_Language_Models_ICCV_2025_paper.pdf
1192,Engage for All: Making Ordinary Image Descriptions Appealing Again!,iccv,2025,https://openaccess.thecvf.com/content/ICCV2025/papers/Chen_Engage_for_All_Making_Ordinary_Image_Descriptions_Appealing_Again_ICCV_2025_paper.pdf
1193,QuantCache: Adaptive Importance-Guided Quantization with Hierarchical Latent and Layer Caching for Video Generation,iccv,2025,https://openaccess.thecvf.com/content/ICCV2025/papers/Wu_QuantCache_Adaptive_Importance-Guided_Quantization_with_Hierarchical_Latent_and_Layer_Caching_ICCV_2025_paper.pdf
1194,DH-FaceVid-1K: A Large-Scale High-Quality Dataset for Face Video Generation,iccv,2025,https://openaccess.thecvf.com/content/ICCV2025/papers/Di_DH-FaceVid-1K_A_Large-Scale_High-Quality_Dataset_for_Face_Video_Generation_ICCV_2025_paper.pdf
1195,Instruction-Grounded Visual Projectors for Continual Learning of Generative Vision-Language Models,iccv,2025,https://openaccess.thecvf.com/content/ICCV2025/papers/Jin_Instruction-Grounded_Visual_Projectors_for_Continual_Learning_of_Generative_Vision-Language_Models_ICCV_2025_paper.pdf
1196,COIN: Confidence Score-Guided Distillation for Annotation-Free Cell Segmentation,iccv,2025,https://openaccess.thecvf.com/content/ICCV2025/papers/Jo_COIN_Confidence_Score-Guided_Distillation_for_Annotation-Free_Cell_Segmentation_ICCV_2025_paper.pdf
1197,Proactive Scene Decomposition and Reconstruction,iccv,2025,https://openaccess.thecvf.com/content/ICCV2025/papers/Li_Proactive_Scene_Decomposition_and_Reconstruction_ICCV_2025_paper.pdf
1198,Estimating 2D Camera Motion with Hybrid Motion Basis,iccv,2025,https://openaccess.thecvf.com/content/ICCV2025/papers/Li_Estimating_2D_Camera_Motion_with_Hybrid_Motion_Basis_ICCV_2025_paper.pdf
1199,Adaptive Articulated Object Manipulation On The Fly with Foundation Model Reasoning and Part Grounding,iccv,2025,https://openaccess.thecvf.com/content/ICCV2025/papers/Zhang_Adaptive_Articulated_Object_Manipulation_On_The_Fly_with_Foundation_Model_ICCV_2025_paper.pdf
1200,Predict-Optimize-Distill: A Self-Improving Cycle for 4D Object Understanding,iccv,2025,https://openaccess.thecvf.com/content/ICCV2025/papers/Wu_Predict-Optimize-Distill_A_Self-Improving_Cycle_for_4D_Object_Understanding_ICCV_2025_paper.pdf
1201,LHM: Large Animatable Human Reconstruction Model for Single Image to 3D in Seconds,iccv,2025,https://openaccess.thecvf.com/content/ICCV2025/papers/Qiu_LHM_Large_Animatable_Human_Reconstruction_Model_for_Single_Image_to_ICCV_2025_paper.pdf
1202,Fine-grained Spatiotemporal Grounding on Egocentric Videos,iccv,2025,https://openaccess.thecvf.com/content/ICCV2025/papers/Liang_Fine-grained_Spatiotemporal_Grounding_on_Egocentric_Videos_ICCV_2025_paper.pdf
1203,3D Test-time Adaptation via Graph Spectral Driven Point Shift,iccv,2025,https://openaccess.thecvf.com/content/ICCV2025/papers/Wei_3D_Test-time_Adaptation_via_Graph_Spectral_Driven_Point_Shift_ICCV_2025_paper.pdf
1204,An Empirical Study of Autoregressive Pre-training from Videos,iccv,2025,https://openaccess.thecvf.com/content/ICCV2025/papers/Rajasegaran_An_Empirical_Study_of_Autoregressive_Pre-training_from_Videos_ICCV_2025_paper.pdf
1205,Latent Diffusion Models with Masked AutoEncoders,iccv,2025,https://openaccess.thecvf.com/content/ICCV2025/papers/Lee_Latent_Diffusion_Models_with_Masked_AutoEncoders_ICCV_2025_paper.pdf
1206,PlaceIt3D: Language-Guided Object Placement in Real 3D Scenes,iccv,2025,https://openaccess.thecvf.com/content/ICCV2025/papers/Abdelreheem_PlaceIt3D_Language-Guided_Object_Placement_in_Real_3D_Scenes_ICCV_2025_paper.pdf
1207,TR-PTS: Task-Relevant Parameter and Token Selection for Efficient Tuning,iccv,2025,https://openaccess.thecvf.com/content/ICCV2025/papers/Luo_TR-PTS_Task-Relevant_Parameter_and_Token_Selection_for_Efficient_Tuning_ICCV_2025_paper.pdf
1208,StruMamba3D: Exploring Structural Mamba for Self-supervised Point Cloud Representation Learning,iccv,2025,https://openaccess.thecvf.com/content/ICCV2025/papers/Wang_StruMamba3D_Exploring_Structural_Mamba_for_Self-supervised_Point_Cloud_Representation_Learning_ICCV_2025_paper.pdf
1209,Open-World Skill Discovery from Unsegmented Demonstration Videos,iccv,2025,https://openaccess.thecvf.com/content/ICCV2025/papers/Deng_Open-World_Skill_Discovery_from_Unsegmented_Demonstration_Videos_ICCV_2025_paper.pdf
1210,Staining and Locking Computer Vision Models Without Retraining,iccv,2025,https://openaccess.thecvf.com/content/ICCV2025/papers/Sutton_Staining_and_Locking_Computer_Vision_Models_Without_Retraining_ICCV_2025_paper.pdf
1211,Consistent Time-of-Flight Depth Denoising via Graph-Informed Geometric Attention,iccv,2025,https://openaccess.thecvf.com/content/ICCV2025/papers/Wang_Consistent_Time-of-Flight_Depth_Denoising_via_Graph-Informed_Geometric_Attention_ICCV_2025_paper.pdf
1212,Can Generative Geospatial Diffusion Models Excel as Discriminative Geospatial Foundation Models?,iccv,2025,https://openaccess.thecvf.com/content/ICCV2025/papers/Jia_Can_Generative_Geospatial_Diffusion_Models_Excel_as_Discriminative_Geospatial_Foundation_ICCV_2025_paper.pdf
1213,End-to-End Entity-Predicate Association Reasoning for Dynamic Scene Graph Generation,iccv,2025,https://openaccess.thecvf.com/content/ICCV2025/papers/Wang_End-to-End_Entity-Predicate_Association_Reasoning_for_Dynamic_Scene_Graph_Generation_ICCV_2025_paper.pdf
1214,AJAHR: Amputated Joint Aware 3D Human Mesh Recovery,iccv,2025,https://openaccess.thecvf.com/content/ICCV2025/papers/Cho_AJAHR_Amputated_Joint_Aware_3D_Human_Mesh_Recovery_ICCV_2025_paper.pdf
1215,Bridging the Skeleton-Text Modality Gap: Diffusion-Powered Modality Alignment for Zero-shot Skeleton-based Action Recognition,iccv,2025,https://openaccess.thecvf.com/content/ICCV2025/papers/Do_Bridging_the_Skeleton-Text_Modality_Gap_Diffusion-Powered_Modality_Alignment_for_Zero-shot_ICCV_2025_paper.pdf
1216,Fish2Mesh Transformer: 3D Human Mesh Recovery from Egocentric Vision,iccv,2025,https://openaccess.thecvf.com/content/ICCV2025/papers/Shen_Fish2Mesh_Transformer_3D_Human_Mesh_Recovery_from_Egocentric_Vision_ICCV_2025_paper.pdf
1217,Easy3D: A Simple Yet Effective Method for 3D Interactive Segmentation,iccv,2025,https://openaccess.thecvf.com/content/ICCV2025/papers/Simonelli_Easy3D_A_Simple_Yet_Effective_Method_for_3D_Interactive_Segmentation_ICCV_2025_paper.pdf
1218,DynImg: Key Frames with Visual Prompts are Good Representation for Multi-Modal Video Understanding,iccv,2025,https://openaccess.thecvf.com/content/ICCV2025/papers/Bao_DynImg_Key_Frames_with_Visual_Prompts_are_Good_Representation_for_ICCV_2025_paper.pdf
1219,Interpretable Zero-Shot Learning with Locally-Aligned Vision-Language Model,iccv,2025,https://openaccess.thecvf.com/content/ICCV2025/papers/Chen_Interpretable_Zero-Shot_Learning_with_Locally-Aligned_Vision-Language_Model_ICCV_2025_paper.pdf
1220,MixANT: Observation-dependent Memory Propagation for Stochastic Dense Action Anticipation,iccv,2025,https://openaccess.thecvf.com/content/ICCV2025/papers/Wasim_MixANT_Observation-dependent_Memory_Propagation_for_Stochastic_Dense_Action_Anticipation_ICCV_2025_paper.pdf
1221,MaGS: Reconstructing and Simulating Dynamic 3D Objects with Mesh-adsorbed Gaussian Splatting,iccv,2025,https://openaccess.thecvf.com/content/ICCV2025/papers/Ma_MaGS_Reconstructing_and_Simulating_Dynamic_3D_Objects_with_Mesh-adsorbed_Gaussian_ICCV_2025_paper.pdf
1222,SceneMI: Motion In-betweening for Modeling Human-Scene Interaction,iccv,2025,https://openaccess.thecvf.com/content/ICCV2025/papers/Hwang_SceneMI_Motion_In-betweening_for_Modeling_Human-Scene_Interaction_ICCV_2025_paper.pdf
1223,SMoLoRA: Exploring and Defying Dual Catastrophic Forgetting in Continual Visual Instruction Tuning,iccv,2025,https://openaccess.thecvf.com/content/ICCV2025/papers/Wang_SMoLoRA_Exploring_and_Defying_Dual_Catastrophic_Forgetting_in_Continual_Visual_ICCV_2025_paper.pdf
1224,Self-Supervised Sparse Sensor Fusion for Long Range Perception,iccv,2025,https://openaccess.thecvf.com/content/ICCV2025/papers/Palladin_Self-Supervised_Sparse_Sensor_Fusion_for_Long_Range_Perception_ICCV_2025_paper.pdf
1225,GeoDistill: Geometry-Guided Self-Distillation for Weakly Supervised Cross-View Localization,iccv,2025,https://openaccess.thecvf.com/content/ICCV2025/papers/Tong_GeoDistill_Geometry-Guided_Self-Distillation_for_Weakly_Supervised_Cross-View_Localization_ICCV_2025_paper.pdf
1226,Leveraging 2D Priors and SDF Guidance for Urban Scene Rendering,iccv,2025,https://openaccess.thecvf.com/content/ICCV2025/papers/Tourani_Leveraging_2D_Priors_and_SDF_Guidance_for_Urban_Scene_Rendering_ICCV_2025_paper.pdf
1227,SVTRv2: CTC Beats Encoder-Decoder Models in Scene Text Recognition,iccv,2025,https://openaccess.thecvf.com/content/ICCV2025/papers/Du_SVTRv2_CTC_Beats_Encoder-Decoder_Models_in_Scene_Text_Recognition_ICCV_2025_paper.pdf
1228,Blind Noisy Image Deblurring Using Residual Guidance Strategy,iccv,2025,https://openaccess.thecvf.com/content/ICCV2025/papers/Liu_Blind_Noisy_Image_Deblurring_Using_Residual_Guidance_Strategy_ICCV_2025_paper.pdf
1229,DeGauss: Dynamic-Static Decomposition with Gaussian Splatting for Distractor-free 3D Reconstruction,iccv,2025,https://openaccess.thecvf.com/content/ICCV2025/papers/Wang_DeGauss_Dynamic-Static_Decomposition_with_Gaussian_Splatting_for_Distractor-free_3D_Reconstruction_ICCV_2025_paper.pdf
1230,Time-Aware Auto White Balance in Mobile Photography,iccv,2025,https://openaccess.thecvf.com/content/ICCV2025/papers/Afifi_Time-Aware_Auto_White_Balance_in_Mobile_Photography_ICCV_2025_paper.pdf
1231,Unlocking the Potential of Diffusion Priors in Blind Face Restoration,iccv,2025,https://openaccess.thecvf.com/content/ICCV2025/papers/Miao_Unlocking_the_Potential_of_Diffusion_Priors_in_Blind_Face_Restoration_ICCV_2025_paper.pdf
1232,InstaScene: Towards Complete 3D Instance Decomposition and Reconstruction from Cluttered Scenes,iccv,2025,https://openaccess.thecvf.com/content/ICCV2025/papers/Yang_InstaScene_Towards_Complete_3D_Instance_Decomposition_and_Reconstruction_from_Cluttered_ICCV_2025_paper.pdf
1233,Improved Noise Schedule for Diffusion Training,iccv,2025,https://openaccess.thecvf.com/content/ICCV2025/papers/Hang_Improved_Noise_Schedule_for_Diffusion_Training_ICCV_2025_paper.pdf
1234,ProbRes: Probabilistic Jump Diffusion for Open-World Egocentric Activity Recognition,iccv,2025,https://openaccess.thecvf.com/content/ICCV2025/papers/Kundu_ProbRes_Probabilistic_Jump_Diffusion_for_Open-World_Egocentric_Activity_Recognition_ICCV_2025_paper.pdf
1235,Information Density Principle for MLLM Benchmarks,iccv,2025,https://openaccess.thecvf.com/content/ICCV2025/papers/Li_Information_Density_Principle_for_MLLM_Benchmarks_ICCV_2025_paper.pdf
1236,CNS-Bench: Benchmarking Image Classifier Robustness Under Continuous Nuisance Shifts,iccv,2025,https://openaccess.thecvf.com/content/ICCV2025/papers/Dunkel_CNS-Bench_Benchmarking_Image_Classifier_Robustness_Under_Continuous_Nuisance_Shifts_ICCV_2025_paper.pdf
1237,Knowledge-Guided Part Segmentation,iccv,2025,https://openaccess.thecvf.com/content/ICCV2025/papers/Gou_Knowledge-Guided_Part_Segmentation_ICCV_2025_paper.pdf
1238,CRAM: Large Scale Video Continual Learning with Bootstrapped Compression,iccv,2025,https://openaccess.thecvf.com/content/ICCV2025/papers/Mall_CRAM_Large_Scale_Video_Continual_Learning_with_Bootstrapped_Compression_ICCV_2025_paper.pdf
1239,DeSPITE: Exploring Contrastive Deep Skeleton-Pointcloud-IMU-Text Embeddings for Advanced Point Cloud Human Activity Understanding,iccv,2025,https://openaccess.thecvf.com/content/ICCV2025/papers/Kreutz_DeSPITE_Exploring_Contrastive_Deep_Skeleton-Pointcloud-IMU-Text_Embeddings_for_Advanced_Point_Cloud_ICCV_2025_paper.pdf
1240,Leveraging Panoptic Scene Graph for Evaluating Fine-Grained Text-to-Image Generation,iccv,2025,https://openaccess.thecvf.com/content/ICCV2025/papers/Deng_Leveraging_Panoptic_Scene_Graph_for_Evaluating_Fine-Grained_Text-to-Image_Generation_ICCV_2025_paper.pdf
1241,Noise2Score3D: Tweedie's Approach for Unsupervised Point Cloud Denoising,iccv,2025,https://openaccess.thecvf.com/content/ICCV2025/papers/Wei_Noise2Score3D_Tweedies_Approach_for_Unsupervised_Point_Cloud_Denoising_ICCV_2025_paper.pdf
1242,I2-World: Intra-Inter Tokenization for Efficient Dynamic 4D Scene Forecasting,iccv,2025,https://openaccess.thecvf.com/content/ICCV2025/papers/Liao_I2-World_Intra-Inter_Tokenization_for_Efficient_Dynamic_4D_Scene_Forecasting_ICCV_2025_paper.pdf
1243,Meta-Unlearning on Diffusion Models: Preventing Relearning Unlearned Concepts,iccv,2025,https://openaccess.thecvf.com/content/ICCV2025/papers/Gao_Meta-Unlearning_on_Diffusion_Models_Preventing_Relearning_Unlearned_Concepts_ICCV_2025_paper.pdf
1244,Auto-Vocabulary Semantic Segmentation,iccv,2025,https://openaccess.thecvf.com/content/ICCV2025/papers/Ulger_Auto-Vocabulary_Semantic_Segmentation_ICCV_2025_paper.pdf
1245,SpinMeRound: Consistent Multi-View Identity Generation Using Diffusion Models,iccv,2025,https://openaccess.thecvf.com/content/ICCV2025/papers/Galanakis_SpinMeRound_Consistent_Multi-View_Identity_Generation_Using_Diffusion_Models_ICCV_2025_paper.pdf
1246,MSA2: Multi-task Framework with Structure-aware and Style-adaptive Character Representation for Open-set Chinese Text Recognition,iccv,2025,https://openaccess.thecvf.com/content/ICCV2025/papers/Li_MSA2_Multi-task_Framework_with_Structure-aware_and_Style-adaptive_Character_Representation_for_ICCV_2025_paper.pdf
1247,IGL-Nav: Incremental 3D Gaussian Localization for Image-goal Navigation,iccv,2025,https://openaccess.thecvf.com/content/ICCV2025/papers/Guo_IGL-Nav_Incremental_3D_Gaussian_Localization_for_Image-goal_Navigation_ICCV_2025_paper.pdf
1248,PCR-GS: COLMAP-Free 3D Gaussian Splatting via Pose Co-Regularizations,iccv,2025,https://openaccess.thecvf.com/content/ICCV2025/papers/Wei_PCR-GS_COLMAP-Free_3D_Gaussian_Splatting_via_Pose_Co-Regularizations_ICCV_2025_paper.pdf
1249,EA-KD: Entropy-based Adaptive Knowledge Distillation,iccv,2025,https://openaccess.thecvf.com/content/ICCV2025/papers/Su_EA-KD_Entropy-based_Adaptive_Knowledge_Distillation_ICCV_2025_paper.pdf
1250,D3: Training-Free AI-Generated Video Detection Using Second-Order Features,iccv,2025,https://openaccess.thecvf.com/content/ICCV2025/papers/Zheng_D3_Training-Free_AI-Generated_Video_Detection_Using_Second-Order_Features_ICCV_2025_paper.pdf
1251,Background Invariance Testing According to Semantic Proximity,iccv,2025,https://openaccess.thecvf.com/content/ICCV2025/papers/Liao_Background_Invariance_Testing_According_to_Semantic_Proximity_ICCV_2025_paper.pdf
1252,Resolving Token-Space Gradient Conflicts: Token Space Manipulation for Transformer-Based Multi-Task Learning,iccv,2025,https://openaccess.thecvf.com/content/ICCV2025/papers/Jeong_Resolving_Token-Space_Gradient_Conflicts_Token_Space_Manipulation_for_Transformer-Based_Multi-Task_ICCV_2025_paper.pdf
1253,ViT-Split: Unleashing the Power of Vision Foundation Models via Efficient Splitting Heads,iccv,2025,https://openaccess.thecvf.com/content/ICCV2025/papers/Li_ViT-Split_Unleashing_the_Power_of_Vision_Foundation_Models_via_Efficient_ICCV_2025_paper.pdf
1254,Fusion Meets Diverse Conditions: A High-diversity Benchmark and Baseline for UAV-based Multimodal Object Detection with Condition Cues,iccv,2025,https://openaccess.thecvf.com/content/ICCV2025/papers/Chen_Fusion_Meets_Diverse_Conditions_A_High-diversity_Benchmark_and_Baseline_for_ICCV_2025_paper.pdf
1255,Stealthy Backdoor Attack in Federated Learning via Adaptive Layer-wise Gradient Alignment,iccv,2025,https://openaccess.thecvf.com/content/ICCV2025/papers/Yang_Stealthy_Backdoor_Attack_in_Federated_Learning_via_Adaptive_Layer-wise_Gradient_ICCV_2025_paper.pdf
1256,"Hybrid Layout Control for Diffusion Transformer: Fewer Annotations, Superior Aesthetics",iccv,2025,https://openaccess.thecvf.com/content/ICCV2025/papers/Wu_Hybrid_Layout_Control_for_Diffusion_Transformer_Fewer_Annotations_Superior_Aesthetics_ICCV_2025_paper.pdf
1257,BUFFER-X: Towards Zero-Shot Point Cloud Registration in Diverse Scenes,iccv,2025,https://openaccess.thecvf.com/content/ICCV2025/papers/Seo_BUFFER-X_Towards_Zero-Shot_Point_Cloud_Registration_in_Diverse_Scenes_ICCV_2025_paper.pdf
1258,VITAL: More Understandable Feature Visualization through Distribution Alignment and Relevant Information Flow,iccv,2025,https://openaccess.thecvf.com/content/ICCV2025/papers/Gorgun_VITAL_More_Understandable_Feature_Visualization_through_Distribution_Alignment_and_Relevant_ICCV_2025_paper.pdf
1259,DisCoPatch: Taming Adversarially-driven Batch Statistics for Improved Out-of-Distribution Detection,iccv,2025,https://openaccess.thecvf.com/content/ICCV2025/papers/Caetano_DisCoPatch_Taming_Adversarially-driven_Batch_Statistics_for_Improved_Out-of-Distribution_Detection_ICCV_2025_paper.pdf
1260,EC-Flow: Enabling Versatile Robotic Manipulation from Action-Unlabeled Videos via Embodiment-Centric Flow,iccv,2025,https://openaccess.thecvf.com/content/ICCV2025/papers/Chen_EC-Flow_Enabling_Versatile_Robotic_Manipulation_from_Action-Unlabeled_Videos_via_Embodiment-Centric_ICCV_2025_paper.pdf
1261,One Look is Enough: Seamless Patchwise Refinement for Zero-Shot Monocular Depth Estimation on High-Resolution Images,iccv,2025,https://openaccess.thecvf.com/content/ICCV2025/papers/Kwon_One_Look_is_Enough_Seamless_Patchwise_Refinement_for_Zero-Shot_Monocular_ICCV_2025_paper.pdf
1262,Omegance: A Single Parameter for Various Granularities in Diffusion-Based Synthesis,iccv,2025,https://openaccess.thecvf.com/content/ICCV2025/papers/Hou_Omegance_A_Single_Parameter_for_Various_Granularities_in_Diffusion-Based_Synthesis_ICCV_2025_paper.pdf
1263,Frequency-Semantic Enhanced Variational Autoencoder for Zero-Shot Skeleton-based Action Recognition,iccv,2025,https://openaccess.thecvf.com/content/ICCV2025/papers/Wu_Frequency-Semantic_Enhanced_Variational_Autoencoder_for_Zero-Shot_Skeleton-based_Action_Recognition_ICCV_2025_paper.pdf
1264,CleanPose: Category-Level Object Pose Estimation via Causal Learning and Knowledge Distillation,iccv,2025,https://openaccess.thecvf.com/content/ICCV2025/papers/Lin_CleanPose_Category-Level_Object_Pose_Estimation_via_Causal_Learning_and_Knowledge_ICCV_2025_paper.pdf
1265,Lark: Low-Rank Updates After Knowledge Localization for Few-shot Class-Incremental Learning,iccv,2025,https://openaccess.thecvf.com/content/ICCV2025/papers/Shi_Lark_Low-Rank_Updates_After_Knowledge_Localization_for_Few-shot_Class-Incremental_Learning_ICCV_2025_paper.pdf
1266,Articulate3D: Holistic Understanding of 3D Scenes as Universal Scene Description,iccv,2025,https://openaccess.thecvf.com/content/ICCV2025/papers/Halacheva_Articulate3D_Holistic_Understanding_of_3D_Scenes_as_Universal_Scene_Description_ICCV_2025_paper.pdf
1267,DiffPCI: Large Motion Point Cloud frame Interpolation with Diffusion Model,iccv,2025,https://openaccess.thecvf.com/content/ICCV2025/papers/Zhang_DiffPCI_Large_Motion_Point_Cloud_frame_Interpolation_with_Diffusion_Model_ICCV_2025_paper.pdf
1268,TryOn-Refiner: Conditional Rectified-flow-based TryOn Refiner for More Accurate Detail Reconstruction,iccv,2025,https://openaccess.thecvf.com/content/ICCV2025/papers/Qian_TryOn-Refiner_Conditional_Rectified-flow-based_TryOn_Refiner_for_More_Accurate_Detail_Reconstruction_ICCV_2025_paper.pdf
1269,AM-Adapter: Appearance Matching Adapter for Exemplar-based Semantic Image Synthesis in-the-Wild,iccv,2025,https://openaccess.thecvf.com/content/ICCV2025/papers/Jin_AM-Adapter_Appearance_Matching_Adapter_for_Exemplar-based_Semantic_Image_Synthesis_in-the-Wild_ICCV_2025_paper.pdf
1270,Auto-Controlled Image Perception in MLLMs via Visual Perception Tokens,iccv,2025,https://openaccess.thecvf.com/content/ICCV2025/papers/Yu_Auto-Controlled_Image_Perception_in_MLLMs_via_Visual_Perception_Tokens_ICCV_2025_paper.pdf
1271,Addressing Representation Collapse in Vector Quantized Models with One Linear Layer,iccv,2025,https://openaccess.thecvf.com/content/ICCV2025/papers/Zhu_Addressing_Representation_Collapse_in_Vector_Quantized_Models_with_One_Linear_ICCV_2025_paper.pdf
1272,MosaicDiff: Training-free Structural Pruning for Diffusion Model Acceleration Reflecting Pretraining Dynamics,iccv,2025,https://openaccess.thecvf.com/content/ICCV2025/papers/Guo_MosaicDiff_Training-free_Structural_Pruning_for_Diffusion_Model_Acceleration_Reflecting_Pretraining_ICCV_2025_paper.pdf
1273,Not Only Vision: Evolve Visual Speech Recognition via Peripheral Information,iccv,2025,https://openaccess.thecvf.com/content/ICCV2025/papers/Yuan_Not_Only_Vision_Evolve_Visual_Speech_Recognition_via_Peripheral_Information_ICCV_2025_paper.pdf
1274,Borrowing Eyes for the Blind Spot: Overcoming Data Scarcity in Malicious Video Detection via Cross-Domain Retrieval Augmentation,iccv,2025,https://openaccess.thecvf.com/content/ICCV2025/papers/Hong_Borrowing_Eyes_for_the_Blind_Spot_Overcoming_Data_Scarcity_in_ICCV_2025_paper.pdf
1275,Trans-Adapter: A Plug-and-Play Framework for Transparent Image Inpainting,iccv,2025,https://openaccess.thecvf.com/content/ICCV2025/papers/Dai_Trans-Adapter_A_Plug-and-Play_Framework_for_Transparent_Image_Inpainting_ICCV_2025_paper.pdf
1276,MetaMorph: Multimodal Understanding and Generation via Instruction Tuning,iccv,2025,https://openaccess.thecvf.com/content/ICCV2025/papers/Tong_MetaMorph_Multimodal_Understanding_and_Generation_via_Instruction_Tuning_ICCV_2025_paper.pdf
1277,CHARM3R: Towards Unseen Camera Height Robust Monocular 3D Detector,iccv,2025,https://openaccess.thecvf.com/content/ICCV2025/papers/Kumar_CHARM3R_Towards_Unseen_Camera_Height_Robust_Monocular_3D_Detector_ICCV_2025_paper.pdf
1278,SuperDec: 3D Scene Decomposition with Superquadrics Primitives,iccv,2025,https://openaccess.thecvf.com/content/ICCV2025/papers/Fedele_SuperDec_3D_Scene_Decomposition_with_Superquadrics_Primitives_ICCV_2025_paper.pdf
1279,Sculpting Memory: Multi-Concept Forgetting in Diffusion Models via Dynamic Mask and Concept-Aware Optimization,iccv,2025,https://openaccess.thecvf.com/content/ICCV2025/papers/Li_Sculpting_Memory_Multi-Concept_Forgetting_in_Diffusion_Models_via_Dynamic_Mask_ICCV_2025_paper.pdf
1280,LaRender: Training-Free Occlusion Control in Image Generation via Latent Rendering,iccv,2025,https://openaccess.thecvf.com/content/ICCV2025/papers/Zhan_LaRender_Training-Free_Occlusion_Control_in_Image_Generation_via_Latent_Rendering_ICCV_2025_paper.pdf
1281,TimeFormer: Capturing Temporal Relationships of Deformable 3D Gaussians for Robust Reconstruction,iccv,2025,https://openaccess.thecvf.com/content/ICCV2025/papers/Jiang_TimeFormer_Capturing_Temporal_Relationships_of_Deformable_3D_Gaussians_for_Robust_ICCV_2025_paper.pdf
1282,LLM Thought Divergence and Convergence for Dialogue-Based Image Generation Control,iccv,2025,https://openaccess.thecvf.com/content/ICCV2025/papers/Li_LLM_Thought_Divergence_and_Convergence_for_Dialogue-Based_Image_Generation_Control_ICCV_2025_paper.pdf
1283,LATINO-PRO: LAtent consisTency INverse sOlver with PRompt Optimization,iccv,2025,https://openaccess.thecvf.com/content/ICCV2025/papers/Spagnoletti_LATINO-PRO_LAtent_consisTency_INverse_sOlver_with_PRompt_Optimization_ICCV_2025_paper.pdf
1284,Lightweight and Fast Real-time Image Enhancement via Decomposition of the Spatial-aware Lookup Tables,iccv,2025,https://openaccess.thecvf.com/content/ICCV2025/papers/Kim_Lightweight_and_Fast_Real-time_Image_Enhancement_via_Decomposition_of_the_ICCV_2025_paper.pdf
1285,Geminio: Language-Guided Gradient Inversion Attacks in Federated Learning,iccv,2025,https://openaccess.thecvf.com/content/ICCV2025/papers/Shan_Geminio_Language-Guided_Gradient_Inversion_Attacks_in_Federated_Learning_ICCV_2025_paper.pdf
1286,DONUT: A Decoder-Only Model for Trajectory Prediction,iccv,2025,https://openaccess.thecvf.com/content/ICCV2025/papers/Knoche_DONUT_A_Decoder-Only_Model_for_Trajectory_Prediction_ICCV_2025_paper.pdf
1287,Training-free Generation of Temporally Consistent Rewards from VLMs,iccv,2025,https://openaccess.thecvf.com/content/ICCV2025/papers/Zhao_Training-free_Generation_of_Temporally_Consistent_Rewards_from_VLMs_ICCV_2025_paper.pdf
1288,Compression-Aware One-Step Diffusion Model for JPEG Artifact Removal,iccv,2025,https://openaccess.thecvf.com/content/ICCV2025/papers/Guo_Compression-Aware_One-Step_Diffusion_Model_for_JPEG_Artifact_Removal_ICCV_2025_paper.pdf
1289,AnyPortal: Zero-Shot Consistent Video Background Replacement,iccv,2025,https://openaccess.thecvf.com/content/ICCV2025/papers/Gao_AnyPortal_Zero-Shot_Consistent_Video_Background_Replacement_ICCV_2025_paper.pdf
1290,Scene Coordinate Reconstruction Priors,iccv,2025,https://openaccess.thecvf.com/content/ICCV2025/papers/Bian_Scene_Coordinate_Reconstruction_Priors_ICCV_2025_paper.pdf
1291,Towards a Universal Image Degradation Model via Content-Degradation Disentanglement,iccv,2025,https://openaccess.thecvf.com/content/ICCV2025/papers/Yang_Towards_a_Universal_Image_Degradation_Model_via_Content-Degradation_Disentanglement_ICCV_2025_paper.pdf
1292,Balanced Image Stylization with Style Matching Score,iccv,2025,https://openaccess.thecvf.com/content/ICCV2025/papers/Jiang_Balanced_Image_Stylization_with_Style_Matching_Score_ICCV_2025_paper.pdf
1293,MultiModal Action Conditioned Video Simulation,iccv,2025,https://openaccess.thecvf.com/content/ICCV2025/papers/Li_MultiModal_Action_Conditioned_Video_Simulation_ICCV_2025_paper.pdf
1294,Breaking Rectangular Shackles: Cross-View Object Segmentation for Fine-Grained Object Geo-Localization,iccv,2025,https://openaccess.thecvf.com/content/ICCV2025/papers/Zhang_Breaking_Rectangular_Shackles_Cross-View_Object_Segmentation_for_Fine-Grained_Object_Geo-Localization_ICCV_2025_paper.pdf
1295,Temporal Overlapping Prediction: A Self-supervised Pre-training Method for LiDAR Moving Object Segmentation,iccv,2025,https://openaccess.thecvf.com/content/ICCV2025/papers/Miao_Temporal_Overlapping_Prediction_A_Self-supervised_Pre-training_Method_for_LiDAR_Moving_ICCV_2025_paper.pdf
1296,No More Sibling Rivalry: Debiasing Human-Object Interaction Detection,iccv,2025,https://openaccess.thecvf.com/content/ICCV2025/papers/Yang_No_More_Sibling_Rivalry_Debiasing_Human-Object_Interaction_Detection_ICCV_2025_paper.pdf
1297,Imbalance in Balance: Online Concept Balancing in Generation Models,iccv,2025,https://openaccess.thecvf.com/content/ICCV2025/papers/Shi_Imbalance_in_Balance_Online_Concept_Balancing_in_Generation_Models_ICCV_2025_paper.pdf
1298,Unleashing High-Quality Image Generation in Diffusion Sampling Using Second-Order Levenberg-Marquardt-Langevin,iccv,2025,https://openaccess.thecvf.com/content/ICCV2025/papers/Wang_Unleashing_High-Quality_Image_Generation_in_Diffusion_Sampling_Using_Second-Order_Levenberg-Marquardt-Langevin_ICCV_2025_paper.pdf
1299,Temperature in Cosine-based Softmax Loss,iccv,2025,https://openaccess.thecvf.com/content/ICCV2025/papers/Kobayashi_Temperature_in_Cosine-based_Softmax_Loss_ICCV_2025_paper.pdf
1300,SD2Actor: Continuous State Decomposition via Diffusion Embeddings for Robotic Manipulation,iccv,2025,https://openaccess.thecvf.com/content/ICCV2025/papers/Li_SD2Actor_Continuous_State_Decomposition_via_Diffusion_Embeddings_for_Robotic_Manipulation_ICCV_2025_paper.pdf
1301,Free-Form Motion Control: Controlling the 6D Poses of Camera and Objects in Video Generation,iccv,2025,https://openaccess.thecvf.com/content/ICCV2025/papers/Shuai_Free-Form_Motion_Control_Controlling_the_6D_Poses_of_Camera_and_ICCV_2025_paper.pdf
1302,GaussianProperty: Integrating Physical Properties to 3D Gaussians with LMMs,iccv,2025,https://openaccess.thecvf.com/content/ICCV2025/papers/Xu_GaussianProperty_Integrating_Physical_Properties_to_3D_Gaussians_with_LMMs_ICCV_2025_paper.pdf
1303,Exploring Probabilistic Modeling Beyond Domain Generalization for Semantic Segmentation,iccv,2025,https://openaccess.thecvf.com/content/ICCV2025/papers/Chen_Exploring_Probabilistic_Modeling_Beyond_Domain_Generalization_for_Semantic_Segmentation_ICCV_2025_paper.pdf
1304,Learning Robust Stereo Matching in the Wild with Selective Mixture-of-Experts,iccv,2025,https://openaccess.thecvf.com/content/ICCV2025/papers/Wang_Learning_Robust_Stereo_Matching_in_the_Wild_with_Selective_Mixture-of-Experts_ICCV_2025_paper.pdf
1305,Token-Efficient VLM: High-Resolution Image Understanding via Dynamic Region Proposal,iccv,2025,https://openaccess.thecvf.com/content/ICCV2025/papers/Jiang_Token-Efficient_VLM_High-Resolution_Image_Understanding_via_Dynamic_Region_Proposal_ICCV_2025_paper.pdf
1306,Controlling Multimodal LLMs via Reward-guided Decoding,iccv,2025,https://openaccess.thecvf.com/content/ICCV2025/papers/Manas_Controlling_Multimodal_LLMs_via_Reward-guided_Decoding_ICCV_2025_paper.pdf
1307,Multi-Modal Few-Shot Temporal Action Segmentation,iccv,2025,https://openaccess.thecvf.com/content/ICCV2025/papers/Lu_Multi-Modal_Few-Shot_Temporal_Action_Segmentation_ICCV_2025_paper.pdf
1308,What If: Understanding Motion Through Sparse Interactions,iccv,2025,https://openaccess.thecvf.com/content/ICCV2025/papers/Baumann_What_If_Understanding_Motion_Through_Sparse_Interactions_ICCV_2025_paper.pdf
1309,Robust 3D Object Detection using Probabilistic Point Clouds from Single-Photon LiDARs,iccv,2025,https://openaccess.thecvf.com/content/ICCV2025/papers/Goyal_Robust_3D_Object_Detection_using_Probabilistic_Point_Clouds_from_Single-Photon_ICCV_2025_paper.pdf
1310,SAMPLE: Semantic Alignment through Temporal-Adaptive Multimodal Prompt Learning for Event-Based Open-Vocabulary Action Recognition,iccv,2025,https://openaccess.thecvf.com/content/ICCV2025/papers/Wang_SAMPLE_Semantic_Alignment_through_Temporal-Adaptive_Multimodal_Prompt_Learning_for_Event-Based_ICCV_2025_paper.pdf
1311,Semantic Watermarking Reinvented: Enhancing Robustness and Generation Quality with Fourier Integrity,iccv,2025,https://openaccess.thecvf.com/content/ICCV2025/papers/Lee_Semantic_Watermarking_Reinvented_Enhancing_Robustness_and_Generation_Quality_with_Fourier_ICCV_2025_paper.pdf
1312,Auto-Regressively Generating Multi-View Consistent Images,iccv,2025,https://openaccess.thecvf.com/content/ICCV2025/papers/Hu_Auto-Regressively_Generating_Multi-View_Consistent_Images_ICCV_2025_paper.pdf
1313,TimeExpert: An Expert-Guided Video LLM for Video Temporal Grounding,iccv,2025,https://openaccess.thecvf.com/content/ICCV2025/papers/Yang_TimeExpert_An_Expert-Guided_Video_LLM_for_Video_Temporal_Grounding_ICCV_2025_paper.pdf
1314,AIM: Amending Inherent Interpretability via Self-Supervised Masking,iccv,2025,https://openaccess.thecvf.com/content/ICCV2025/papers/Alshami_AIM_Amending_Inherent_Interpretability_via_Self-Supervised_Masking_ICCV_2025_paper.pdf
1315,"I Am Big, You Are Little; I Am Right, You Are Wrong",iccv,2025,https://openaccess.thecvf.com/content/ICCV2025/papers/Kelly_I_Am_Big_You_Are_Little_I_Am_Right_You_ICCV_2025_paper.pdf
1316,Jigsaw++: Imagining Complete Shape Priors for Object Reassembly,iccv,2025,https://openaccess.thecvf.com/content/ICCV2025/papers/Lu_Jigsaw_Imagining_Complete_Shape_Priors_for_Object_Reassembly_ICCV_2025_paper.pdf
1317,GS-Occ3D: Scaling Vision-only Occupancy Reconstruction with Gaussian Splatting,iccv,2025,https://openaccess.thecvf.com/content/ICCV2025/papers/Ye_GS-Occ3D_Scaling_Vision-only_Occupancy_Reconstruction_with_Gaussian_Splatting_ICCV_2025_paper.pdf
1318,CoMatch: Dynamic Covisibility-Aware Transformer for Bilateral Subpixel-Level Semi-Dense Image Matching,iccv,2025,https://openaccess.thecvf.com/content/ICCV2025/papers/Li_CoMatch_Dynamic_Covisibility-Aware_Transformer_for_Bilateral_Subpixel-Level_Semi-Dense_Image_Matching_ICCV_2025_paper.pdf
1319,A Unified Interpretation of Training-Time Out-of-Distribution Detection,iccv,2025,https://openaccess.thecvf.com/content/ICCV2025/papers/Cheng_A_Unified_Interpretation_of_Training-Time_Out-of-Distribution_Detection_ICCV_2025_paper.pdf
1320,Memory-Efficient Generative Models via Product Quantization,iccv,2025,https://openaccess.thecvf.com/content/ICCV2025/papers/Shao_Memory-Efficient_Generative_Models_via_Product_Quantization_ICCV_2025_paper.pdf
1321,Unsupervised Visible-Infrared Person Re-identification under Unpaired Settings,iccv,2025,https://openaccess.thecvf.com/content/ICCV2025/papers/Yao_Unsupervised_Visible-Infrared_Person_Re-identification_under_Unpaired_Settings_ICCV_2025_paper.pdf
1322,Soft Separation and Distillation: Toward Global Uniformity in Federated Unsupervised Learning,iccv,2025,https://openaccess.thecvf.com/content/ICCV2025/papers/Fang_Soft_Separation_and_Distillation_Toward_Global_Uniformity_in_Federated_Unsupervised_ICCV_2025_paper.pdf
1323,TaxaDiffusion: Progressively Trained Diffusion Model for Fine-Grained Species Generation,iccv,2025,https://openaccess.thecvf.com/content/ICCV2025/papers/Monsefi_TaxaDiffusion_Progressively_Trained_Diffusion_Model_for_Fine-Grained_Species_Generation_ICCV_2025_paper.pdf
1324,Multimodal LLMs as Customized Reward Models for Text-to-Image Generation,iccv,2025,https://openaccess.thecvf.com/content/ICCV2025/papers/Zhou_Multimodal_LLMs_as_Customized_Reward_Models_for_Text-to-Image_Generation_ICCV_2025_paper.pdf
1325,MEMFOF: High-Resolution Training for Memory-Efficient Multi-Frame Optical Flow Estimation,iccv,2025,https://openaccess.thecvf.com/content/ICCV2025/papers/Bargatin_MEMFOF_High-Resolution_Training_for_Memory-Efficient_Multi-Frame_Optical_Flow_Estimation_ICCV_2025_paper.pdf
1326,Diving into the Fusion of Monocular Priors for Generalized Stereo Matching,iccv,2025,https://openaccess.thecvf.com/content/ICCV2025/papers/Yao_Diving_into_the_Fusion_of_Monocular_Priors_for_Generalized_Stereo_ICCV_2025_paper.pdf
1327,RAGNet: Large-scale Reasoning-based Affordance Segmentation Benchmark towards General Grasping,iccv,2025,https://openaccess.thecvf.com/content/ICCV2025/papers/Wu_RAGNet_Large-scale_Reasoning-based_Affordance_Segmentation_Benchmark_towards_General_Grasping_ICCV_2025_paper.pdf
1328,R-LiViT: A LiDAR-Visual-Thermal Dataset Enabling Vulnerable Road User Focused Roadside Perception,iccv,2025,https://openaccess.thecvf.com/content/ICCV2025/papers/Mirlach_R-LiViT_A_LiDAR-Visual-Thermal_Dataset_Enabling_Vulnerable_Road_User_Focused_Roadside_ICCV_2025_paper.pdf
1329,Spatially-Varying Autofocus,iccv,2025,https://openaccess.thecvf.com/content/ICCV2025/papers/Qin_Spatially-Varying_Autofocus_ICCV_2025_paper.pdf
1330,ZeroStereo: Zero-shot Stereo Matching from Single Images,iccv,2025,https://openaccess.thecvf.com/content/ICCV2025/papers/Wang_ZeroStereo_Zero-shot_Stereo_Matching_from_Single_Images_ICCV_2025_paper.pdf
1331,A3GS: Arbitrary Artistic Style into Arbitrary 3D Gaussian Splatting,iccv,2025,https://openaccess.thecvf.com/content/ICCV2025/papers/Fang_A3GS_Arbitrary_Artistic_Style_into_Arbitrary_3D_Gaussian_Splatting_ICCV_2025_paper.pdf
1332,SEREP: Semantic Facial Expression Representation for Robust In-the-Wild Capture and Retargeting,iccv,2025,https://openaccess.thecvf.com/content/ICCV2025/papers/Josi_SEREP_Semantic_Facial_Expression_Representation_for_Robust_In-the-Wild_Capture_and_ICCV_2025_paper.pdf
1333,Visual Modality Prompt for Adapting Vision-Language Object Detectors,iccv,2025,https://openaccess.thecvf.com/content/ICCV2025/papers/Medeiros_Visual_Modality_Prompt_for_Adapting_Vision-Language_Object_Detectors_ICCV_2025_paper.pdf
1334,The Silent Assistant: NoiseQuery as Implicit Guidance for Goal-Driven Image Generation,iccv,2025,https://openaccess.thecvf.com/content/ICCV2025/papers/Wang_The_Silent_Assistant_NoiseQuery_as_Implicit_Guidance_for_Goal-Driven_Image_ICCV_2025_paper.pdf
1335,AnyBimanual: Transferring Unimanual Policy for General Bimanual Manipulation,iccv,2025,https://openaccess.thecvf.com/content/ICCV2025/papers/Lu_AnyBimanual_Transferring_Unimanual_Policy_for_General_Bimanual_Manipulation_ICCV_2025_paper.pdf
1336,Training-Free Industrial Defect Generation with Diffusion Models,iccv,2025,https://openaccess.thecvf.com/content/ICCV2025/papers/Xu_Training-Free_Industrial_Defect_Generation_with_Diffusion_Models_ICCV_2025_paper.pdf
1337,Hierarchical Event Memory for Accurate and Low-latency Online Video Temporal Grounding,iccv,2025,https://openaccess.thecvf.com/content/ICCV2025/papers/Zheng_Hierarchical_Event_Memory_for_Accurate_and_Low-latency_Online_Video_Temporal_ICCV_2025_paper.pdf
1338,Spatial Preference Rewarding for MLLMs Spatial Understanding,iccv,2025,https://openaccess.thecvf.com/content/ICCV2025/papers/Qiu_Spatial_Preference_Rewarding_for_MLLMs_Spatial_Understanding_ICCV_2025_paper.pdf
1339,Correspondence as Video: Test-Time Adaption on SAM2 for Reference Segmentation in the Wild,iccv,2025,https://openaccess.thecvf.com/content/ICCV2025/papers/Wang_Correspondence_as_Video_Test-Time_Adaption_on_SAM2_for_Reference_Segmentation_ICCV_2025_paper.pdf
1340,Interaction-Merged Motion Planning: Effectively Leveraging Diverse Motion Datasets for Robust Planning,iccv,2025,https://openaccess.thecvf.com/content/ICCV2025/papers/Lee_Interaction-Merged_Motion_Planning_Effectively_Leveraging_Diverse_Motion_Datasets_for_Robust_ICCV_2025_paper.pdf
1341,FreeFlux: Understanding and Exploiting Layer-Specific Roles in RoPE-Based MMDiT for Versatile Image Editing,iccv,2025,https://openaccess.thecvf.com/content/ICCV2025/papers/Wei_FreeFlux_Understanding_and_Exploiting_Layer-Specific_Roles_in_RoPE-Based_MMDiT_for_ICCV_2025_paper.pdf
1342,WalkVLM: Aid Visually Impaired People Walking by Vision Language Model,iccv,2025,https://openaccess.thecvf.com/content/ICCV2025/papers/Yuan_WalkVLM_Aid_Visually_Impaired_People_Walking_by_Vision_Language_Model_ICCV_2025_paper.pdf
1343,WildSeg3D: Segment Any 3D Objects in the Wild from 2D Images,iccv,2025,https://openaccess.thecvf.com/content/ICCV2025/papers/Guo_WildSeg3D_Segment_Any_3D_Objects_in_the_Wild_from_2D_ICCV_2025_paper.pdf
1344,CAPTURE: Evaluating Spatial Reasoning in Vision Language Models via Occluded Object Counting,iccv,2025,https://openaccess.thecvf.com/content/ICCV2025/papers/Pothiraj_CAPTURE_Evaluating_Spatial_Reasoning_in_Vision_Language_Models_via_Occluded_ICCV_2025_paper.pdf
1345,DeRIS: Decoupling Perception and Cognition for Enhanced Referring Image Segmentation through Loopback Synergy,iccv,2025,https://openaccess.thecvf.com/content/ICCV2025/papers/Dai_DeRIS_Decoupling_Perception_and_Cognition_for_Enhanced_Referring_Image_Segmentation_ICCV_2025_paper.pdf
1346,PersPose: 3D Human Pose Estimation with Perspective Encoding and Perspective Rotation,iccv,2025,https://openaccess.thecvf.com/content/ICCV2025/papers/Hao_PersPose_3D_Human_Pose_Estimation_with_Perspective_Encoding_and_Perspective_ICCV_2025_paper.pdf
1347,Exploring Multimodal Diffusion Transformers for Enhanced Prompt-based Image Editing,iccv,2025,https://openaccess.thecvf.com/content/ICCV2025/papers/Shin_Exploring_Multimodal_Diffusion_Transformers_for_Enhanced_Prompt-based_Image_Editing_ICCV_2025_paper.pdf
1348,IM-LUT: Interpolation Mixing Look-Up Tables for Image Super-Resolution,iccv,2025,https://openaccess.thecvf.com/content/ICCV2025/papers/Park_IM-LUT_Interpolation_Mixing_Look-Up_Tables_for_Image_Super-Resolution_ICCV_2025_paper.pdf
1349,TeEFusion: Blending Text Embeddings to Distill Classifier-Free Guidance,iccv,2025,https://openaccess.thecvf.com/content/ICCV2025/papers/Fu_TeEFusion_Blending_Text_Embeddings_to_Distill_Classifier-Free_Guidance_ICCV_2025_paper.pdf
1350,Scaling Omni-modal Pretraining with Multimodal Context: Advancing Universal Representation Learning Across Modalities,iccv,2025,https://openaccess.thecvf.com/content/ICCV2025/papers/Zhang_Scaling_Omni-modal_Pretraining_with_Multimodal_Context_Advancing_Universal_Representation_Learning_ICCV_2025_paper.pdf
1351,ZIM: Zero-Shot Image Matting for Anything,iccv,2025,https://openaccess.thecvf.com/content/ICCV2025/papers/Kim_ZIM_Zero-Shot_Image_Matting_for_Anything_ICCV_2025_paper.pdf
1352,LayerD: Decomposing Raster Graphic Designs into Layers,iccv,2025,https://openaccess.thecvf.com/content/ICCV2025/papers/Suzuki_LayerD_Decomposing_Raster_Graphic_Designs_into_Layers_ICCV_2025_paper.pdf
1353,ALOcc: Adaptive Lifting-Based 3D Semantic Occupancy and Cost Volume-Based Flow Predictions,iccv,2025,https://openaccess.thecvf.com/content/ICCV2025/papers/Chen_ALOcc_Adaptive_Lifting-Based_3D_Semantic_Occupancy_and_Cost_Volume-Based_Flow_ICCV_2025_paper.pdf
1354,Heuristic-Induced Multimodal Risk Distribution Jailbreak Attack for Multimodal Large Language Models,iccv,2025,https://openaccess.thecvf.com/content/ICCV2025/papers/Ma_Heuristic-Induced_Multimodal_Risk_Distribution_Jailbreak_Attack_for_Multimodal_Large_Language_ICCV_2025_paper.pdf
1355,Skip-Vision: Efficient and Scalable Acceleration of Vision-Language Models via Adaptive Token Skipping,iccv,2025,https://openaccess.thecvf.com/content/ICCV2025/papers/Zeng_Skip-Vision_Efficient_and_Scalable_Acceleration_of_Vision-Language_Models_via_Adaptive_ICCV_2025_paper.pdf
1356,Enrich and Detect: Video Temporal Grounding with Multimodal LLMs,iccv,2025,https://openaccess.thecvf.com/content/ICCV2025/papers/Pramanick_Enrich_and_Detect_Video_Temporal_Grounding_with_Multimodal_LLMs_ICCV_2025_paper.pdf
1357,Class Token as Proxy: Optimal Transport-assisted Proxy Learning for Weakly Supervised Semantic Segmentation,iccv,2025,https://openaccess.thecvf.com/content/ICCV2025/papers/Wang_Class_Token_as_Proxy_Optimal_Transport-assisted_Proxy_Learning_for_Weakly_ICCV_2025_paper.pdf
1358,DexVLG: Dexterous Vision-Language-Grasp Model at Scale,iccv,2025,https://openaccess.thecvf.com/content/ICCV2025/papers/He_DexVLG_Dexterous_Vision-Language-Grasp_Model_at_Scale_ICCV_2025_paper.pdf
1359,FIND: Few-Shot Anomaly Inspection with Normal-Only Multi-Modal Data,iccv,2025,https://openaccess.thecvf.com/content/ICCV2025/papers/Li_FIND_Few-Shot_Anomaly_Inspection_with_Normal-Only_Multi-Modal_Data_ICCV_2025_paper.pdf
1360,MaskSAM: Auto-prompt SAM with Mask Classification for Volumetric Medical Image Segmentation,iccv,2025,https://openaccess.thecvf.com/content/ICCV2025/papers/Xie_MaskSAM_Auto-prompt_SAM_with_Mask_Classification_for_Volumetric_Medical_Image_ICCV_2025_paper.pdf
1361,Boundary Probing for Input Privacy Protection When Using LMM Services,iccv,2025,https://openaccess.thecvf.com/content/ICCV2025/papers/Hui_Boundary_Probing_for_Input_Privacy_Protection_When_Using_LMM_Services_ICCV_2025_paper.pdf
1362,Knowledge Distillation with Refined Logits,iccv,2025,https://openaccess.thecvf.com/content/ICCV2025/papers/Sun_Knowledge_Distillation_with_Refined_Logits_ICCV_2025_paper.pdf
1363,Tracking Tiny Drones against Clutter: Large-Scale Infrared Benchmark with Motion-Centric Adaptive Algorithm,iccv,2025,https://openaccess.thecvf.com/content/ICCV2025/papers/Zhang_Tracking_Tiny_Drones_against_Clutter_Large-Scale_Infrared_Benchmark_with_Motion-Centric_ICCV_2025_paper.pdf
1364,AID: Adapting Image2Video Diffusion Models for Instruction-guided Video Prediction,iccv,2025,https://openaccess.thecvf.com/content/ICCV2025/papers/Xing_AID_Adapting_Image2Video_Diffusion_Models_for_Instruction-guided_Video_Prediction_ICCV_2025_paper.pdf
1365,Enhancing Few-Shot Vision-Language Classification with Large Multimodal Model Features,iccv,2025,https://openaccess.thecvf.com/content/ICCV2025/papers/Mitra_Enhancing_Few-Shot_Vision-Language_Classification_with_Large_Multimodal_Model_Features_ICCV_2025_paper.pdf
1366,DeepShield: Fortifying Deepfake Video Detection with Local and Global Forgery Analysis,iccv,2025,https://openaccess.thecvf.com/content/ICCV2025/papers/Cai_DeepShield_Fortifying_Deepfake_Video_Detection_with_Local_and_Global_Forgery_ICCV_2025_paper.pdf
1367,Synthesizing Near-Boundary OOD Samples for Out-of-Distribution Detection,iccv,2025,https://openaccess.thecvf.com/content/ICCV2025/papers/Li_Synthesizing_Near-Boundary_OOD_Samples_for_Out-of-Distribution_Detection_ICCV_2025_paper.pdf
1368,Splat-based 3D Scene Reconstruction with Extreme Motion-blur,iccv,2025,https://openaccess.thecvf.com/content/ICCV2025/papers/Jang_Splat-based_3D_Scene_Reconstruction_with_Extreme_Motion-blur_ICCV_2025_paper.pdf
1369,Towards Robustness of Person Search against Corruptions,iccv,2025,https://openaccess.thecvf.com/content/ICCV2025/papers/Son_Towards_Robustness_of_Person_Search_against_Corruptions_ICCV_2025_paper.pdf
1370,INSTINCT: Instance-Level Interaction Architecture for Query-Based Collaborative Perception,iccv,2025,https://openaccess.thecvf.com/content/ICCV2025/papers/Xu_INSTINCT_Instance-Level_Interaction_Architecture_for_Query-Based_Collaborative_Perception_ICCV_2025_paper.pdf
1371,DriveX: Omni Scene Modeling for Learning Generalizable World Knowledge in Autonomous Driving,iccv,2025,https://openaccess.thecvf.com/content/ICCV2025/papers/Shi_DriveX_Omni_Scene_Modeling_for_Learning_Generalizable_World_Knowledge_in_ICCV_2025_paper.pdf
1372,MagicCity: Geometry-Aware 3D City Generation from Satellite Imagery with Multi-View Consistency,iccv,2025,https://openaccess.thecvf.com/content/ICCV2025/papers/Yao_MagicCity_Geometry-Aware_3D_City_Generation_from_Satellite_Imagery_with_Multi-View_ICCV_2025_paper.pdf
1373,EDFFDNet: Towards Accurate and Efficient Unsupervised Multi-Grid Image Registration,iccv,2025,https://openaccess.thecvf.com/content/ICCV2025/papers/Zhu_EDFFDNet_Towards_Accurate_and_Efficient_Unsupervised_Multi-Grid_Image_Registration_ICCV_2025_paper.pdf
1374,RadGPT: Constructing 3D Image-Text Tumor Datasets,iccv,2025,https://openaccess.thecvf.com/content/ICCV2025/papers/Bassi_RadGPT_Constructing_3D_Image-Text_Tumor_Datasets_ICCV_2025_paper.pdf
1375,Adaptive Prompt Learning via Gaussian Outlier Synthesis for Out-of-distribution Detection,iccv,2025,https://openaccess.thecvf.com/content/ICCV2025/papers/Zhang_Adaptive_Prompt_Learning_via_Gaussian_Outlier_Synthesis_for_Out-of-distribution_Detection_ICCV_2025_paper.pdf
1376,LangBridge: Interpreting Image as a Combination of Language Embeddings,iccv,2025,https://openaccess.thecvf.com/content/ICCV2025/papers/Liao_LangBridge_Interpreting_Image_as_a_Combination_of_Language_Embeddings_ICCV_2025_paper.pdf
1377,Anchor Token Matching: Implicit Structure Locking for Training-free AR Image Editing,iccv,2025,https://openaccess.thecvf.com/content/ICCV2025/papers/Hu_Anchor_Token_Matching_Implicit_Structure_Locking_for_Training-free_AR_Image_ICCV_2025_paper.pdf
1378,ArgoTweak: Towards Self-Updating HD Maps through Structured Priors,iccv,2025,https://openaccess.thecvf.com/content/ICCV2025/papers/Wild_ArgoTweak_Towards_Self-Updating_HD_Maps_through_Structured_Priors_ICCV_2025_paper.pdf
1379,FedMVP: Federated Multimodal Visual Prompt Tuning for Vision-Language Models,iccv,2025,https://openaccess.thecvf.com/content/ICCV2025/papers/Singha_FedMVP_Federated_Multimodal_Visual_Prompt_Tuning_for_Vision-Language_Models_ICCV_2025_paper.pdf
1380,Robust Dataset Condensation using Supervised Contrastive Learning,iccv,2025,https://openaccess.thecvf.com/content/ICCV2025/papers/Kim_Robust_Dataset_Condensation_using_Supervised_Contrastive_Learning_ICCV_2025_paper.pdf
1381,TIP-I2V: A Million-Scale Real Text and Image Prompt Dataset for Image-to-Video Generation,iccv,2025,https://openaccess.thecvf.com/content/ICCV2025/papers/Wang_TIP-I2V_A_Million-Scale_Real_Text_and_Image_Prompt_Dataset_for_ICCV_2025_paper.pdf
1382,From Reusing to Forecasting: Accelerating Diffusion Models with TaylorSeers,iccv,2025,https://openaccess.thecvf.com/content/ICCV2025/papers/Liu_From_Reusing_to_Forecasting_Accelerating_Diffusion_Models_with_TaylorSeers_ICCV_2025_paper.pdf
1383,VisNumBench: Evaluating Number Sense of Multimodal Large Language Models,iccv,2025,https://openaccess.thecvf.com/content/ICCV2025/papers/Weng_VisNumBench_Evaluating_Number_Sense_of_Multimodal_Large_Language_Models_ICCV_2025_paper.pdf
1384,"Invisible Watermarks, Visible Gains: Steering Machine Unlearning with Bi-Level Watermarking Design",iccv,2025,https://openaccess.thecvf.com/content/ICCV2025/papers/Sun_Invisible_Watermarks_Visible_Gains_Steering_Machine_Unlearning_with_Bi-Level_Watermarking_ICCV_2025_paper.pdf
1385,FICGen: Frequency-Inspired Contextual Disentanglement for Layout-driven Degraded Image Generation,iccv,2025,https://openaccess.thecvf.com/content/ICCV2025/papers/Wang_FICGen_Frequency-Inspired_Contextual_Disentanglement_for_Layout-driven_Degraded_Image_Generation_ICCV_2025_paper.pdf
1386,Quantifying and Narrowing the Unknown: Interactive Text-to-Video Retrieval via Uncertainty Minimization,iccv,2025,https://openaccess.thecvf.com/content/ICCV2025/papers/Zhang_Quantifying_and_Narrowing_the_Unknown_Interactive_Text-to-Video_Retrieval_via_Uncertainty_ICCV_2025_paper.pdf
1387,ShortV: Efficient Multimodal Large Language Models by Freezing Visual Tokens in Ineffective Layers,iccv,2025,https://openaccess.thecvf.com/content/ICCV2025/papers/Yuan_ShortV_Efficient_Multimodal_Large_Language_Models_by_Freezing_Visual_Tokens_ICCV_2025_paper.pdf
1388,SpikeDiff: Zero-shot High-Quality Video Reconstruction from Chromatic Spike Camera and Sub-millisecond Spike Streams,iccv,2025,https://openaccess.thecvf.com/content/ICCV2025/papers/Yang_SpikeDiff_Zero-shot_High-Quality_Video_Reconstruction_from_Chromatic_Spike_Camera_and_ICCV_2025_paper.pdf
1389,Selective Contrastive Learning for Weakly Supervised Affordance Grounding,iccv,2025,https://openaccess.thecvf.com/content/ICCV2025/papers/Moon_Selective_Contrastive_Learning_for_Weakly_Supervised_Affordance_Grounding_ICCV_2025_paper.pdf
1390,GECKO: Gigapixel Vision-Concept Contrastive Pretraining in Histopathology,iccv,2025,https://openaccess.thecvf.com/content/ICCV2025/papers/Kapse_GECKO_Gigapixel_Vision-Concept_Contrastive_Pretraining_in_Histopathology_ICCV_2025_paper.pdf
1391,Single-Scanline Relative Pose Estimation for Rolling Shutter Cameras,iccv,2025,https://openaccess.thecvf.com/content/ICCV2025/papers/Hruby_Single-Scanline_Relative_Pose_Estimation_for_Rolling_Shutter_Cameras_ICCV_2025_paper.pdf
1392,Compression of 3D Gaussian Splatting with Optimized Feature Planes and Standard Video Codecs,iccv,2025,https://openaccess.thecvf.com/content/ICCV2025/papers/Lee_Compression_of_3D_Gaussian_Splatting_with_Optimized_Feature_Planes_and_ICCV_2025_paper.pdf
1393,CULTURE3D: A Large-Scale and Diverse Dataset of Cultural Landmarks and Terrains for Gaussian-Based Scene Rendering,iccv,2025,https://openaccess.thecvf.com/content/ICCV2025/papers/Zheng_CULTURE3D_A_Large-Scale_and_Diverse_Dataset_of_Cultural_Landmarks_and_ICCV_2025_paper.pdf
1394,Real3D: Towards Scaling Large Reconstruction Models with Real Images,iccv,2025,https://openaccess.thecvf.com/content/ICCV2025/papers/Jiang_Real3D_Towards_Scaling_Large_Reconstruction_Models_with_Real_Images_ICCV_2025_paper.pdf
1395,FA: Forced Prompt Learning of Vision-Language Models for Out-of-Distribution Detection,iccv,2025,https://openaccess.thecvf.com/content/ICCV2025/papers/Lu_FA_Forced_Prompt_Learning_of_Vision-Language_Models_for_Out-of-Distribution_Detection_ICCV_2025_paper.pdf
1396,Geo4D: Leveraging Video Generators for Geometric 4D Scene Reconstruction,iccv,2025,https://openaccess.thecvf.com/content/ICCV2025/papers/Jiang_Geo4D_Leveraging_Video_Generators_for_Geometric_4D_Scene_Reconstruction_ICCV_2025_paper.pdf
1397,REPARO: Compositional 3D Assets Generation with Differentiable 3D Layout Alignment,iccv,2025,https://openaccess.thecvf.com/content/ICCV2025/papers/Han_REPARO_Compositional_3D_Assets_Generation_with_Differentiable_3D_Layout_Alignment_ICCV_2025_paper.pdf
1398,VACE: All-in-One Video Creation and Editing,iccv,2025,https://openaccess.thecvf.com/content/ICCV2025/papers/Jiang_VACE_All-in-One_Video_Creation_and_Editing_ICCV_2025_paper.pdf
1399,SparseMM: Head Sparsity Emerges from Visual Concept Responses in MLLMs,iccv,2025,https://openaccess.thecvf.com/content/ICCV2025/papers/Wang_SparseMM_Head_Sparsity_Emerges_from_Visual_Concept_Responses_in_MLLMs_ICCV_2025_paper.pdf
1400,Focal Plane Visual Feature Generation and Matching on a Pixel Processor Array,iccv,2025,https://openaccess.thecvf.com/content/ICCV2025/papers/Zhang_Focal_Plane_Visual_Feature_Generation_and_Matching_on_a_Pixel_ICCV_2025_paper.pdf
1401,Q-Frame: Query-aware Frame Selection and Multi-Resolution Adaptation for Video-LLMs,iccv,2025,https://openaccess.thecvf.com/content/ICCV2025/papers/Zhang_Q-Frame_Query-aware_Frame_Selection_and_Multi-Resolution_Adaptation_for_Video-LLMs_ICCV_2025_paper.pdf
1402,Prompt-driven Transferable Adversarial Attack on Person Re-Identification with Attribute-aware Textual Inversion,iccv,2025,https://openaccess.thecvf.com/content/ICCV2025/papers/Bian_Prompt-driven_Transferable_Adversarial_Attack_on_Person_Re-Identification_with_Attribute-aware_Textual_ICCV_2025_paper.pdf
1403,OV-SCAN: Semantically Consistent Alignment for Novel Object Discovery in Open-Vocabulary 3D Object Detection,iccv,2025,https://openaccess.thecvf.com/content/ICCV2025/papers/Chow_OV-SCAN_Semantically_Consistent_Alignment_for_Novel_Object_Discovery_in_Open-Vocabulary_ICCV_2025_paper.pdf
1404,ContextFace: Generating Facial Expressions from Emotional Contexts,iccv,2025,https://openaccess.thecvf.com/content/ICCV2025/papers/Kim_ContextFace_Generating_Facial_Expressions_from_Emotional_Contexts_ICCV_2025_paper.pdf
1405,MDP-Omni: Parameter-free Multimodal Depth Prior-based Sampling for Omnidirectional Stereo Matching,iccv,2025,https://openaccess.thecvf.com/content/ICCV2025/papers/Son_MDP-Omni_Parameter-free_Multimodal_Depth_Prior-based_Sampling_for_Omnidirectional_Stereo_Matching_ICCV_2025_paper.pdf
1406,The Inter-Intra Modal Measure: A Predictive Lens on Fine-Tuning Outcomes in Vision-Language Models,iccv,2025,https://openaccess.thecvf.com/content/ICCV2025/papers/Niss_The_Inter-Intra_Modal_Measure_A_Predictive_Lens_on_Fine-Tuning_Outcomes_ICCV_2025_paper.pdf
1407,Error Recognition in Procedural Videos using Generalized Task Graph,iccv,2025,https://openaccess.thecvf.com/content/ICCV2025/papers/Lee_Error_Recognition_in_Procedural_Videos_using_Generalized_Task_Graph_ICCV_2025_paper.pdf
1408,Reangle-A-Video: 4D Video Generation as Video-to-Video Translation,iccv,2025,https://openaccess.thecvf.com/content/ICCV2025/papers/Jeong_Reangle-A-Video_4D_Video_Generation_as_Video-to-Video_Translation_ICCV_2025_paper.pdf
1409,DualReal: Adaptive Joint Training for Lossless Identity-Motion Fusion in Video Customization,iccv,2025,https://openaccess.thecvf.com/content/ICCV2025/papers/Wang_DualReal_Adaptive_Joint_Training_for_Lossless_Identity-Motion_Fusion_in_Video_ICCV_2025_paper.pdf
1410,RoboTron-Sim: Improving Real-World Driving via Simulated Hard-Case,iccv,2025,https://openaccess.thecvf.com/content/ICCV2025/papers/Xiao_RoboTron-Sim_Improving_Real-World_Driving_via_Simulated_Hard-Case_ICCV_2025_paper.pdf
1411,Towards Scalable Spatial Intelligence via 2D-to-3D Data Lifting,iccv,2025,https://openaccess.thecvf.com/content/ICCV2025/papers/Miao_Towards_Scalable_Spatial_Intelligence_via_2D-to-3D_Data_Lifting_ICCV_2025_paper.pdf
1412,LDIP: Long Distance Information Propagation for Video Super-Resolution,iccv,2025,https://openaccess.thecvf.com/content/ICCV2025/papers/Bernasconi_LDIP_Long_Distance_Information_Propagation_for_Video_Super-Resolution_ICCV_2025_paper.pdf
1413,Cross-Architecture Distillation Made Simple with Redundancy Suppression,iccv,2025,https://openaccess.thecvf.com/content/ICCV2025/papers/Zhang_Cross-Architecture_Distillation_Made_Simple_with_Redundancy_Suppression_ICCV_2025_paper.pdf
1414,M2EIT: Multi-Domain Mixture of Experts for Robust Neural Inertial Tracking,iccv,2025,https://openaccess.thecvf.com/content/ICCV2025/papers/Li_M2EIT_Multi-Domain_Mixture_of_Experts_for_Robust_Neural_Inertial_Tracking_ICCV_2025_paper.pdf
1415,ShortFT: Diffusion Model Alignment via Shortcut-based Fine-Tuning,iccv,2025,https://openaccess.thecvf.com/content/ICCV2025/papers/Guo_ShortFT_Diffusion_Model_Alignment_via_Shortcut-based_Fine-Tuning_ICCV_2025_paper.pdf
1416,Who Controls the Authorization? Invertible Networks for Copyright Protection in Text-to-Image Synthesis,iccv,2025,https://openaccess.thecvf.com/content/ICCV2025/papers/Hu_Who_Controls_the_Authorization_Invertible_Networks_for_Copyright_Protection_in_ICCV_2025_paper.pdf
1417,Identity-aware Language Gaussian Splatting for Open-vocabulary 3D Semantic Segmentation,iccv,2025,https://openaccess.thecvf.com/content/ICCV2025/papers/Jang_Identity-aware_Language_Gaussian_Splatting_for_Open-vocabulary_3D_Semantic_Segmentation_ICCV_2025_paper.pdf
1418,IDEATOR: Jailbreaking and Benchmarking Large Vision-Language Models Using Themselves,iccv,2025,https://openaccess.thecvf.com/content/ICCV2025/papers/Wang_IDEATOR_Jailbreaking_and_Benchmarking_Large_Vision-Language_Models_Using_Themselves_ICCV_2025_paper.pdf
1419,Degradation-Modeled Multipath Diffusion for Tunable Metalens Photography,iccv,2025,https://openaccess.thecvf.com/content/ICCV2025/papers/Zhang_Degradation-Modeled_Multipath_Diffusion_for_Tunable_Metalens_Photography_ICCV_2025_paper.pdf
1420,Driving View Synthesis on Free-form Trajectories with Generative Prior,iccv,2025,https://openaccess.thecvf.com/content/ICCV2025/papers/Yang_Driving_View_Synthesis_on_Free-form_Trajectories_with_Generative_Prior_ICCV_2025_paper.pdf
1421,AnimeGamer: Infinite Anime Life Simulation with Next Game State Prediction,iccv,2025,https://openaccess.thecvf.com/content/ICCV2025/papers/Cheng_AnimeGamer_Infinite_Anime_Life_Simulation_with_Next_Game_State_Prediction_ICCV_2025_paper.pdf
1422,OmniPaint: Mastering Object-Oriented Editing via Disentangled Insertion-Removal Inpainting,iccv,2025,https://openaccess.thecvf.com/content/ICCV2025/papers/Yu_OmniPaint_Mastering_Object-Oriented_Editing_via_Disentangled_Insertion-Removal_Inpainting_ICCV_2025_paper.pdf
1423,UIPro: Unleashing Superior Interaction Capability For GUI Agents,iccv,2025,https://openaccess.thecvf.com/content/ICCV2025/papers/Li_UIPro_Unleashing_Superior_Interaction_Capability_For_GUI_Agents_ICCV_2025_paper.pdf
1424,Class-Wise Federated Averaging for Efficient Personalization,iccv,2025,https://openaccess.thecvf.com/content/ICCV2025/papers/Lee_Class-Wise_Federated_Averaging_for_Efficient_Personalization_ICCV_2025_paper.pdf
1425,StochasticSplats: Stochastic Rasterization for Sorting-Free 3D Gaussian Splatting,iccv,2025,https://openaccess.thecvf.com/content/ICCV2025/papers/Kheradmand_StochasticSplats_Stochastic_Rasterization_for_Sorting-Free_3D_Gaussian_Splatting_ICCV_2025_paper.pdf
1426,A0: An Affordance-Aware Hierarchical Model for General Robotic Manipulation,iccv,2025,https://openaccess.thecvf.com/content/ICCV2025/papers/Xu_A0_An_Affordance-Aware_Hierarchical_Model_for_General_Robotic_Manipulation_ICCV_2025_paper.pdf
1427,"FinMMR: Make Financial Numerical Reasoning More Multimodal, Comprehensive, and Challenging",iccv,2025,https://openaccess.thecvf.com/content/ICCV2025/papers/Tang_FinMMR_Make_Financial_Numerical_Reasoning_More_Multimodal_Comprehensive_and_Challenging_ICCV_2025_paper.pdf
1428,"A Tiny Change, A Giant Leap: Long-Tailed Class-Incremental Learning via Geometric Prototype Alignment",iccv,2025,https://openaccess.thecvf.com/content/ICCV2025/papers/Lai_A_Tiny_Change_A_Giant_Leap_Long-Tailed_Class-Incremental_Learning_via_ICCV_2025_paper.pdf
1429,X-Prompt: Generalizable Auto-Regressive Visual Learning with In-Context Prompting,iccv,2025,https://openaccess.thecvf.com/content/ICCV2025/papers/Sun_X-Prompt_Generalizable_Auto-Regressive_Visual_Learning_with_In-Context_Prompting_ICCV_2025_paper.pdf
1430,HORT: Monocular Hand-held Objects Reconstruction with Transformers,iccv,2025,https://openaccess.thecvf.com/content/ICCV2025/papers/Chen_HORT_Monocular_Hand-held_Objects_Reconstruction_with_Transformers_ICCV_2025_paper.pdf
1431,Early Timestep Zero-Shot Candidate Selection for Instruction-Guided Image Editing,iccv,2025,https://openaccess.thecvf.com/content/ICCV2025/papers/Kim_Early_Timestep_Zero-Shot_Candidate_Selection_for_Instruction-Guided_Image_Editing_ICCV_2025_paper.pdf
1432,Identity Preserving 3D Head Stylization with Multiview Score Distillation,iccv,2025,https://openaccess.thecvf.com/content/ICCV2025/papers/Bilecen_Identity_Preserving_3D_Head_Stylization_with_Multiview_Score_Distillation_ICCV_2025_paper.pdf
1433,Aligning Information Capacity Between Vision and Language via Dense-to-Sparse Feature Distillation for Image-Text Matching,iccv,2025,https://openaccess.thecvf.com/content/ICCV2025/papers/Liu_Aligning_Information_Capacity_Between_Vision_and_Language_via_Dense-to-Sparse_Feature_ICCV_2025_paper.pdf
1434,A Lesson in Splats: Teacher-Guided Diffusion for 3D Gaussian Splats Generation with 2D Supervision,iccv,2025,https://openaccess.thecvf.com/content/ICCV2025/papers/Peng_A_Lesson_in_Splats_Teacher-Guided_Diffusion_for_3D_Gaussian_Splats_ICCV_2025_paper.pdf
1435,Boosting Vision Semantic Density with Anatomy Normality Modeling for Medical Vision-language Pre-training,iccv,2025,https://openaccess.thecvf.com/content/ICCV2025/papers/Cao_Boosting_Vision_Semantic_Density_with_Anatomy_Normality_Modeling_for_Medical_ICCV_2025_paper.pdf
1436,GAP: Gaussianize Any Point Clouds with Text Guidance,iccv,2025,https://openaccess.thecvf.com/content/ICCV2025/papers/Zhang_GAP_Gaussianize_Any_Point_Clouds_with_Text_Guidance_ICCV_2025_paper.pdf
1437,Flow4Agent: Long-form Video Understanding via Motion Prior from Optical Flow,iccv,2025,https://openaccess.thecvf.com/content/ICCV2025/papers/Liu_Flow4Agent_Long-form_Video_Understanding_via_Motion_Prior_from_Optical_Flow_ICCV_2025_paper.pdf
1438,Moto: Latent Motion Token as the Bridging Language for Learning Robot Manipulation from Videos,iccv,2025,https://openaccess.thecvf.com/content/ICCV2025/papers/Chen_Moto_Latent_Motion_Token_as_the_Bridging_Language_for_Learning_ICCV_2025_paper.pdf
1439,Causal-Entity Reflected Egocentric Traffic Accident Video Synthesis,iccv,2025,https://openaccess.thecvf.com/content/ICCV2025/papers/Li_Causal-Entity_Reflected_Egocentric_Traffic_Accident_Video_Synthesis_ICCV_2025_paper.pdf
1440,BezierGS: Dynamic Urban Scene Reconstruction with Bezier Curve Gaussian Splatting,iccv,2025,https://openaccess.thecvf.com/content/ICCV2025/papers/Ma_BezierGS_Dynamic_Urban_Scene_Reconstruction_with_Bezier_Curve_Gaussian_Splatting_ICCV_2025_paper.pdf
1441,RealCam-I2V: Real-World Image-to-Video Generation with Interactive Complex Camera Control,iccv,2025,https://openaccess.thecvf.com/content/ICCV2025/papers/Li_RealCam-I2V_Real-World_Image-to-Video_Generation_with_Interactive_Complex_Camera_Control_ICCV_2025_paper.pdf
1442,Breaking the Encoder Barrier for Seamless Video-Language Understanding,iccv,2025,https://openaccess.thecvf.com/content/ICCV2025/papers/Li_Breaking_the_Encoder_Barrier_for_Seamless_Video-Language_Understanding_ICCV_2025_paper.pdf
1443,Simulating Dual-Pixel Images From Ray Tracing For Depth Estimation,iccv,2025,https://openaccess.thecvf.com/content/ICCV2025/papers/He_Simulating_Dual-Pixel_Images_From_Ray_Tracing_For_Depth_Estimation_ICCV_2025_paper.pdf
1444,How Would It Sound? Material-Controlled Multimodal Acoustic Profile Generation for Indoor Scenes,iccv,2025,https://openaccess.thecvf.com/content/ICCV2025/papers/Saad_How_Would_It_Sound_Material-Controlled_Multimodal_Acoustic_Profile_Generation_for_ICCV_2025_paper.pdf
1445,SplatTalk: 3D VQA with Gaussian Splatting,iccv,2025,https://openaccess.thecvf.com/content/ICCV2025/papers/Thai_SplatTalk_3D_VQA_with_Gaussian_Splatting_ICCV_2025_paper.pdf
1446,LocalDyGS: Multi-view Global Dynamic Scene Modeling via Adaptive Local Implicit Feature Decoupling,iccv,2025,https://openaccess.thecvf.com/content/ICCV2025/papers/Wu_LocalDyGS_Multi-view_Global_Dynamic_Scene_Modeling_via_Adaptive_Local_Implicit_ICCV_2025_paper.pdf
1447,Teeth Reconstruction and Performance Capture Using a Phone Camera,iccv,2025,https://openaccess.thecvf.com/content/ICCV2025/papers/Zheng_Teeth_Reconstruction_and_Performance_Capture_Using_a_Phone_Camera_ICCV_2025_paper.pdf
1448,Knowledge Distillation for Learned Image Compression,iccv,2025,https://openaccess.thecvf.com/content/ICCV2025/papers/Chen_Knowledge_Distillation_for_Learned_Image_Compression_ICCV_2025_paper.pdf
1449,Training-Free Class Purification for Open-Vocabulary Semantic Segmentation,iccv,2025,https://openaccess.thecvf.com/content/ICCV2025/papers/Chen_Training-Free_Class_Purification_for_Open-Vocabulary_Semantic_Segmentation_ICCV_2025_paper.pdf
1450,Unsupervised Identification of Protein Compositions and Conformations via Implicit Content-Transformation Disentanglement,iccv,2025,https://openaccess.thecvf.com/content/ICCV2025/papers/Uddin_Unsupervised_Identification_of_Protein_Compositions_and_Conformations_via_Implicit_Content-Transformation_ICCV_2025_paper.pdf
1451,VIGFace: Virtual Identity Generation for Privacy-Free Face Recognition Dataset,iccv,2025,https://openaccess.thecvf.com/content/ICCV2025/papers/Kim_VIGFace_Virtual_Identity_Generation_for_Privacy-Free_Face_Recognition_Dataset_ICCV_2025_paper.pdf
1452,Generalizable Object Re-Identification via Visual In-Context Prompting,iccv,2025,https://openaccess.thecvf.com/content/ICCV2025/papers/Huang_Generalizable_Object_Re-Identification_via_Visual_In-Context_Prompting_ICCV_2025_paper.pdf
1453,GenHaze: Pioneering Controllable One-Step Realistic Haze Generation for Real-World Dehazing,iccv,2025,https://openaccess.thecvf.com/content/ICCV2025/papers/Chen_GenHaze_Pioneering_Controllable_One-Step_Realistic_Haze_Generation_for_Real-World_Dehazing_ICCV_2025_paper.pdf
1454,LLaVA-CoT: Let Vision Language Models Reason Step-by-Step,iccv,2025,https://openaccess.thecvf.com/content/ICCV2025/papers/Xu_LLaVA-CoT_Let_Vision_Language_Models_Reason_Step-by-Step_ICCV_2025_paper.pdf
1455,O-MaMa: Learning Object Mask Matching between Egocentric and Exocentric Views,iccv,2025,https://openaccess.thecvf.com/content/ICCV2025/papers/Mur-Labadia_O-MaMa_Learning_Object_Mask_Matching_between_Egocentric_and_Exocentric_Views_ICCV_2025_paper.pdf
1456,Rethinking the Embodied Gap in Vision-and-Language Navigation: A Holistic Study of Physical and Visual Disparities,iccv,2025,https://openaccess.thecvf.com/content/ICCV2025/papers/Wang_Rethinking_the_Embodied_Gap_in_Vision-and-Language_Navigation_A_Holistic_Study_ICCV_2025_paper.pdf
1457,Pseudo-SD: Pseudo Controlled Stable Diffusion for Semi-Supervised and Cross-Domain Semantic Segmentation,iccv,2025,https://openaccess.thecvf.com/content/ICCV2025/papers/Zhao_Pseudo-SD_Pseudo_Controlled_Stable_Diffusion_for_Semi-Supervised_and_Cross-Domain_Semantic_ICCV_2025_paper.pdf
1458,MaTVLM: Hybrid Mamba-Transformer for Efficient Vision-Language Modeling,iccv,2025,https://openaccess.thecvf.com/content/ICCV2025/papers/Li_MaTVLM_Hybrid_Mamba-Transformer_for_Efficient_Vision-Language_Modeling_ICCV_2025_paper.pdf
1459,ETCH: Generalizing Body Fitting to Clothed Humans via Equivariant Tightness,iccv,2025,https://openaccess.thecvf.com/content/ICCV2025/papers/Li_ETCH_Generalizing_Body_Fitting_to_Clothed_Humans_via_Equivariant_Tightness_ICCV_2025_paper.pdf
1460,SVIP: Semantically Contextualized Visual Patches for Zero-Shot Learning,iccv,2025,https://openaccess.thecvf.com/content/ICCV2025/papers/Chen_SVIP_Semantically_Contextualized_Visual_Patches_for_Zero-Shot_Learning_ICCV_2025_paper.pdf
1461,MamTiff-CAD: Multi-Scale Latent Diffusion with Mamba+ for Complex Parametric Sequence,iccv,2025,https://openaccess.thecvf.com/content/ICCV2025/papers/Deng_MamTiff-CAD_Multi-Scale_Latent_Diffusion_with_Mamba_for_Complex_Parametric_Sequence_ICCV_2025_paper.pdf
1462,Forgetting Through Transforming: Enabling Federated Unlearning via Class-Aware Representation Transformation,iccv,2025,https://openaccess.thecvf.com/content/ICCV2025/papers/Guo_Forgetting_Through_Transforming_Enabling_Federated_Unlearning_via_Class-Aware_Representation_Transformation_ICCV_2025_paper.pdf
1463,ReasonVQA: A Multi-hop Reasoning Benchmark with Structural Knowledge for Visual Question Answering,iccv,2025,https://openaccess.thecvf.com/content/ICCV2025/papers/Tran_ReasonVQA_A_Multi-hop_Reasoning_Benchmark_with_Structural_Knowledge_for_Visual_ICCV_2025_paper.pdf
1464,HiNeuS: High-fidelity Neural Surface Mitigating Low-texture and Reflective Ambiguity,iccv,2025,https://openaccess.thecvf.com/content/ICCV2025/papers/Wang_HiNeuS_High-fidelity_Neural_Surface_Mitigating_Low-texture_and_Reflective_Ambiguity_ICCV_2025_paper.pdf
1465,Rethinking DPO-style Diffusion Aligning Frameworks,iccv,2025,https://openaccess.thecvf.com/content/ICCV2025/papers/Wu_Rethinking_DPO-style_Diffusion_Aligning_Frameworks_ICCV_2025_paper.pdf
1466,VSC: Visual Search Compositional Text-to-Image Diffusion Model,iccv,2025,https://openaccess.thecvf.com/content/ICCV2025/papers/Dat_VSC_Visual_Search_Compositional_Text-to-Image_Diffusion_Model_ICCV_2025_paper.pdf
1467,FRET: Feature Redundancy Elimination for Test Time Adaptation,iccv,2025,https://openaccess.thecvf.com/content/ICCV2025/papers/You_FRET_Feature_Redundancy_Elimination_for_Test_Time_Adaptation_ICCV_2025_paper.pdf
1468,From One to More: Contextual Part Latents for 3D Generation,iccv,2025,https://openaccess.thecvf.com/content/ICCV2025/papers/Dong_From_One_to_More_Contextual_Part_Latents_for_3D_Generation_ICCV_2025_paper.pdf
1469,CaptionSmiths: Flexibly Controlling Language Pattern in Image Captioning,iccv,2025,https://openaccess.thecvf.com/content/ICCV2025/papers/Saito_CaptionSmiths_Flexibly_Controlling_Language_Pattern_in_Image_Captioning_ICCV_2025_paper.pdf
1470,CoHD: A Counting-Aware Hierarchical Decoding Framework for Generalized Referring Expression Segmentation,iccv,2025,https://openaccess.thecvf.com/content/ICCV2025/papers/Luo_CoHD_A_Counting-Aware_Hierarchical_Decoding_Framework_for_Generalized_Referring_Expression_ICCV_2025_paper.pdf
1471,PersonalVideo: High ID-Fidelity Video Customization without Dynamic and Semantic Degradation,iccv,2025,https://openaccess.thecvf.com/content/ICCV2025/papers/Li_PersonalVideo_High_ID-Fidelity_Video_Customization_without_Dynamic_and_Semantic_Degradation_ICCV_2025_paper.pdf
1472,MP-HSIR: A Multi-Prompt Framework for Universal Hyperspectral Image Restoration,iccv,2025,https://openaccess.thecvf.com/content/ICCV2025/papers/Wu_MP-HSIR_A_Multi-Prompt_Framework_for_Universal_Hyperspectral_Image_Restoration_ICCV_2025_paper.pdf
1473,Learning A Unified Template for Gait Recognition,iccv,2025,https://openaccess.thecvf.com/content/ICCV2025/papers/Huang_Learning_A_Unified_Template_for_Gait_Recognition_ICCV_2025_paper.pdf
1474,LANGTRAJ: Diffusion Model and Dataset for Language-Conditioned Trajectory Simulation,iccv,2025,https://openaccess.thecvf.com/content/ICCV2025/papers/Chang_LANGTRAJ_Diffusion_Model_and_Dataset_for_Language-Conditioned_Trajectory_Simulation_ICCV_2025_paper.pdf
1475,Generative Active Learning for Long-tail Trajectory Prediction via Controllable Diffusion Model,iccv,2025,https://openaccess.thecvf.com/content/ICCV2025/papers/Park_Generative_Active_Learning_for_Long-tail_Trajectory_Prediction_via_Controllable_Diffusion_ICCV_2025_paper.pdf
1476,REGEN: Learning Compact Video Embedding with (Re-)Generative Decoder,iccv,2025,https://openaccess.thecvf.com/content/ICCV2025/papers/Zhang_REGEN_Learning_Compact_Video_Embedding_with_Re-Generative_Decoder_ICCV_2025_paper.pdf
1477,DADet: Safeguarding Image Conditional Diffusion Models against Adversarial and Backdoor Attacks via Diffusion Anomaly Detection,iccv,2025,https://openaccess.thecvf.com/content/ICCV2025/papers/Yu_DADet_Safeguarding_Image_Conditional_Diffusion_Models_against_Adversarial_and_Backdoor_ICCV_2025_paper.pdf
1478,CL-Splats: Continual Learning of Gaussian Splatting with Local Optimization,iccv,2025,https://openaccess.thecvf.com/content/ICCV2025/papers/Ackermann_CL-Splats_Continual_Learning_of_Gaussian_Splatting_with_Local_Optimization_ICCV_2025_paper.pdf
1479,Bridging Local Inductive Bias and Long-Range Dependencies with Pixel-Mamba for End-to-end Whole Slide Image Analysis,iccv,2025,https://openaccess.thecvf.com/content/ICCV2025/papers/Qiu_Bridging_Local_Inductive_Bias_and_Long-Range_Dependencies_with_Pixel-Mamba_for_ICCV_2025_paper.pdf
1480,Inpaint4Drag: Repurposing Inpainting Models for Drag-Based Image Editing via Bidirectional Warping,iccv,2025,https://openaccess.thecvf.com/content/ICCV2025/papers/Lu_Inpaint4Drag_Repurposing_Inpainting_Models_for_Drag-Based_Image_Editing_via_Bidirectional_ICCV_2025_paper.pdf
1481,Transformed Low-rank Adaptation via Tensor Decomposition and Its Applications to Text-to-image Models,iccv,2025,https://openaccess.thecvf.com/content/ICCV2025/papers/Tao_Transformed_Low-rank_Adaptation_via_Tensor_Decomposition_and_Its_Applications_to_ICCV_2025_paper.pdf
1482,PlaneRAS: Learning Planar Primitives for 3D Plane Recovery,iccv,2025,https://openaccess.thecvf.com/content/ICCV2025/papers/Zhang_PlaneRAS_Learning_Planar_Primitives_for_3D_Plane_Recovery_ICCV_2025_paper.pdf
1483,TARS: Traffic-Aware Radar Scene Flow Estimation,iccv,2025,https://openaccess.thecvf.com/content/ICCV2025/papers/Wu_TARS_Traffic-Aware_Radar_Scene_Flow_Estimation_ICCV_2025_paper.pdf
1484,Multi-Cache Enhanced Prototype Learning for Test-Time Generalization of Vision-Language Models,iccv,2025,https://openaccess.thecvf.com/content/ICCV2025/papers/Chen_Multi-Cache_Enhanced_Prototype_Learning_for_Test-Time_Generalization_of_Vision-Language_Models_ICCV_2025_paper.pdf
1485,MotionFollower: Editing Video Motion via Score-Guided Diffusion,iccv,2025,https://openaccess.thecvf.com/content/ICCV2025/papers/Tu_MotionFollower_Editing_Video_Motion_via_Score-Guided_Diffusion_ICCV_2025_paper.pdf
1486,Learning Few-Step Diffusion Models by Trajectory Distribution Matching,iccv,2025,https://openaccess.thecvf.com/content/ICCV2025/papers/Luo_Learning_Few-Step_Diffusion_Models_by_Trajectory_Distribution_Matching_ICCV_2025_paper.pdf
1487,Unified Multi-Agent Trajectory Modeling with Masked Trajectory Diffusion,iccv,2025,https://openaccess.thecvf.com/content/ICCV2025/papers/Yang_Unified_Multi-Agent_Trajectory_Modeling_with_Masked_Trajectory_Diffusion_ICCV_2025_paper.pdf
1488,Certifiably Optimal Anisotropic Rotation Averaging,iccv,2025,https://openaccess.thecvf.com/content/ICCV2025/papers/Olsson_Certifiably_Optimal_Anisotropic_Rotation_Averaging_ICCV_2025_paper.pdf
1489,TeRA: Rethinking Text-guided Realistic 3D Avatar Generation,iccv,2025,https://openaccess.thecvf.com/content/ICCV2025/papers/Wang_TeRA_Rethinking_Text-guided_Realistic_3D_Avatar_Generation_ICCV_2025_paper.pdf
1490,Understanding Flatness in Generative Models: Its Role and Benefits,iccv,2025,https://openaccess.thecvf.com/content/ICCV2025/papers/Lee_Understanding_Flatness_in_Generative_Models_Its_Role_and_Benefits_ICCV_2025_paper.pdf
1491,UniGlyph: Unified Segmentation-Conditioned Diffusion for Precise Visual Text Synthesis,iccv,2025,https://openaccess.thecvf.com/content/ICCV2025/papers/Wang_UniGlyph_Unified_Segmentation-Conditioned_Diffusion_for_Precise_Visual_Text_Synthesis_ICCV_2025_paper.pdf
1492,DCHM: Depth-Consistent Human Modeling for Multiview Detection,iccv,2025,https://openaccess.thecvf.com/content/ICCV2025/papers/Ma_DCHM_Depth-Consistent_Human_Modeling_for_Multiview_Detection_ICCV_2025_paper.pdf
1493,ChatReID: Open-ended Interactive Person Retrieval via Hierarchical Progressive Tuning for Vision Language Models,iccv,2025,https://openaccess.thecvf.com/content/ICCV2025/papers/Niu_ChatReID_Open-ended_Interactive_Person_Retrieval_via_Hierarchical_Progressive_Tuning_for_ICCV_2025_paper.pdf
1494,TAViS: Text-bridged Audio-Visual Segmentation with Foundation Models,iccv,2025,https://openaccess.thecvf.com/content/ICCV2025/papers/Luo_TAViS_Text-bridged_Audio-Visual_Segmentation_with_Foundation_Models_ICCV_2025_paper.pdf
1495,ORION: A Holistic End-to-End Autonomous Driving Framework by Vision-Language Instructed Action Generation,iccv,2025,https://openaccess.thecvf.com/content/ICCV2025/papers/Fu_ORION_A_Holistic_End-to-End_Autonomous_Driving_Framework_by_Vision-Language_Instructed_ICCV_2025_paper.pdf
1496,GeoExplorer: Active Geo-localization with Curiosity-Driven Exploration,iccv,2025,https://openaccess.thecvf.com/content/ICCV2025/papers/Mi_GeoExplorer_Active_Geo-localization_with_Curiosity-Driven_Exploration_ICCV_2025_paper.pdf
1497,LaCoOT: Layer Collapse through Optimal Transport,iccv,2025,https://openaccess.thecvf.com/content/ICCV2025/papers/Quetu_LaCoOT_Layer_Collapse_through_Optimal_Transport_ICCV_2025_paper.pdf
1498,Back on Track: Bundle Adjustment for Dynamic Scene Reconstruction,iccv,2025,https://openaccess.thecvf.com/content/ICCV2025/papers/Chen_Back_on_Track_Bundle_Adjustment_for_Dynamic_Scene_Reconstruction_ICCV_2025_paper.pdf
1499,ReferDINO: Referring Video Object Segmentation with Visual Grounding Foundations,iccv,2025,https://openaccess.thecvf.com/content/ICCV2025/papers/Liang_ReferDINO_Referring_Video_Object_Segmentation_with_Visual_Grounding_Foundations_ICCV_2025_paper.pdf
1500,LA-MOTR: End-to-End Multi-Object Tracking by Learnable Association,iccv,2025,https://openaccess.thecvf.com/content/ICCV2025/papers/Wang_LA-MOTR_End-to-End_Multi-Object_Tracking_by_Learnable_Association_ICCV_2025_paper.pdf
1501,NuiScene: Exploring Efficient Generation of Unbounded Outdoor Scenes,iccv,2025,https://openaccess.thecvf.com/content/ICCV2025/papers/Lee_NuiScene_Exploring_Efficient_Generation_of_Unbounded_Outdoor_Scenes_ICCV_2025_paper.pdf
1502,NegRefine: Refining Negative Label-Based Zero-Shot OOD Detection,iccv,2025,https://openaccess.thecvf.com/content/ICCV2025/papers/Ansari_NegRefine_Refining_Negative_Label-Based_Zero-Shot_OOD_Detection_ICCV_2025_paper.pdf
1503,DM-EFS: Dynamically Multiplexed Expanded Features Set Form for Robust and Efficient Small Object Detection,iccv,2025,https://openaccess.thecvf.com/content/ICCV2025/papers/Sharma_DM-EFS_Dynamically_Multiplexed_Expanded_Features_Set_Form_for_Robust_and_ICCV_2025_paper.pdf
1504,OmniVTON: Training-Free Universal Virtual Try-On,iccv,2025,https://openaccess.thecvf.com/content/ICCV2025/papers/Yang_OmniVTON_Training-Free_Universal_Virtual_Try-On_ICCV_2025_paper.pdf
1505,ACAM-KD: Adaptive and Cooperative Attention Masking for Knowledge Distillation,iccv,2025,https://openaccess.thecvf.com/content/ICCV2025/papers/Lan_ACAM-KD_Adaptive_and_Cooperative_Attention_Masking_for_Knowledge_Distillation_ICCV_2025_paper.pdf
1506,InfGen: A Resolution-Agnostic Paradigm for Scalable Image Synthesis,iccv,2025,https://openaccess.thecvf.com/content/ICCV2025/papers/Han_InfGen_A_Resolution-Agnostic_Paradigm_for_Scalable_Image_Synthesis_ICCV_2025_paper.pdf
1507,PlanGen: Towards Unified Layout Planning and Image Generation in Auto-Regressive Vision Language Models,iccv,2025,https://openaccess.thecvf.com/content/ICCV2025/papers/He_PlanGen_Towards_Unified_Layout_Planning_and_Image_Generation_in_Auto-Regressive_ICCV_2025_paper.pdf
1508,AirCache: Activating Inter-modal Relevancy KV Cache Compression for Efficient Large Vision-Language Model Inference,iccv,2025,https://openaccess.thecvf.com/content/ICCV2025/papers/Huang_AirCache_Activating_Inter-modal_Relevancy_KV_Cache_Compression_for_Efficient_Large_ICCV_2025_paper.pdf
1509,Completing 3D Partial Assemblies with View-Consistent 2D-3D Correspondence,iccv,2025,https://openaccess.thecvf.com/content/ICCV2025/papers/Wang_Completing_3D_Partial_Assemblies_with_View-Consistent_2D-3D_Correspondence_ICCV_2025_paper.pdf
1510,Latte: Collaborative Test-Time Adaptation of Vision-Language Models in Federated Learning,iccv,2025,https://openaccess.thecvf.com/content/ICCV2025/papers/Bao_Latte_Collaborative_Test-Time_Adaptation_of_Vision-Language_Models_in_Federated_Learning_ICCV_2025_paper.pdf
1511,SSVQ: Unleashing the Potential of Vector Quantization with Sign-Splitting,iccv,2025,https://openaccess.thecvf.com/content/ICCV2025/papers/Li_SSVQ_Unleashing_the_Potential_of_Vector_Quantization_with_Sign-Splitting_ICCV_2025_paper.pdf
1512,From Linearity to Non-Linearity: How Masked Autoencoders Capture Spatial Correlations,iccv,2025,https://openaccess.thecvf.com/content/ICCV2025/papers/Bisulco_From_Linearity_to_Non-Linearity_How_Masked_Autoencoders_Capture_Spatial_Correlations_ICCV_2025_paper.pdf
1513,SliderSpace: Decomposing the Visual Capabilities of Diffusion Models,iccv,2025,https://openaccess.thecvf.com/content/ICCV2025/papers/Gandikota_SliderSpace_Decomposing_the_Visual_Capabilities_of_Diffusion_Models_ICCV_2025_paper.pdf
1514,TrustMark: Robust Watermarking and Watermark Removal for Arbitrary Resolution Images,iccv,2025,https://openaccess.thecvf.com/content/ICCV2025/papers/Bui_TrustMark_Robust_Watermarking_and_Watermark_Removal_for_Arbitrary_Resolution_Images_ICCV_2025_paper.pdf
1515,TikZero: Zero-Shot Text-Guided Graphics Program Synthesis,iccv,2025,https://openaccess.thecvf.com/content/ICCV2025/papers/Belouadi_TikZero_Zero-Shot_Text-Guided_Graphics_Program_Synthesis_ICCV_2025_paper.pdf
1516,DrivingGPT: Unifying Driving World Modeling and Planning with Multi-modal Autoregressive Transformers,iccv,2025,https://openaccess.thecvf.com/content/ICCV2025/papers/Chen_DrivingGPT_Unifying_Driving_World_Modeling_and_Planning_with_Multi-modal_Autoregressive_ICCV_2025_paper.pdf
1517,One-Shot Knowledge Transfer for Scalable Person Re-Identification,iccv,2025,https://openaccess.thecvf.com/content/ICCV2025/papers/Li_One-Shot_Knowledge_Transfer_for_Scalable_Person_Re-Identification_ICCV_2025_paper.pdf
1518,GS-ID: Illumination Decomposition on Gaussian Splatting via Adaptive Light Aggregation and Diffusion-Guided Material Priors,iccv,2025,https://openaccess.thecvf.com/content/ICCV2025/papers/Du_GS-ID_Illumination_Decomposition_on_Gaussian_Splatting_via_Adaptive_Light_Aggregation_ICCV_2025_paper.pdf
1519,FreeScale: Unleashing the Resolution of Diffusion Models via Tuning-Free Scale Fusion,iccv,2025,https://openaccess.thecvf.com/content/ICCV2025/papers/Qiu_FreeScale_Unleashing_the_Resolution_of_Diffusion_Models_via_Tuning-Free_Scale_ICCV_2025_paper.pdf
1520,TokenUnify: Scaling Up Autoregressive Pretraining for Neuron Segmentation,iccv,2025,https://openaccess.thecvf.com/content/ICCV2025/papers/Chen_TokenUnify_Scaling_Up_Autoregressive_Pretraining_for_Neuron_Segmentation_ICCV_2025_paper.pdf
1521,SAS: Segment Any 3D Scene with Integrated 2D Priors,iccv,2025,https://openaccess.thecvf.com/content/ICCV2025/papers/Li_SAS_Segment_Any_3D_Scene_with_Integrated_2D_Priors_ICCV_2025_paper.pdf
1522,OMNI-DC: Highly Robust Depth Completion with Multiresolution Depth Integration,iccv,2025,https://openaccess.thecvf.com/content/ICCV2025/papers/Zuo_OMNI-DC_Highly_Robust_Depth_Completion_with_Multiresolution_Depth_Integration_ICCV_2025_paper.pdf
1523,4D Gaussian Splatting SLAM,iccv,2025,https://openaccess.thecvf.com/content/ICCV2025/papers/Li_4D_Gaussian_Splatting_SLAM_ICCV_2025_paper.pdf
1524,PHD: Personalized 3D Human Body Fitting with Point Diffusion,iccv,2025,https://openaccess.thecvf.com/content/ICCV2025/papers/Ho_PHD_Personalized_3D_Human_Body_Fitting_with_Point_Diffusion_ICCV_2025_paper.pdf
1525,SteerX: Creating Any Camera-Free 3D and 4D Scenes with Geometric Steering,iccv,2025,https://openaccess.thecvf.com/content/ICCV2025/papers/Park_SteerX_Creating_Any_Camera-Free_3D_and_4D_Scenes_with_Geometric_ICCV_2025_paper.pdf
1526,Hierarchical Material Recognition from Local Appearance,iccv,2025,https://openaccess.thecvf.com/content/ICCV2025/papers/Beveridge_Hierarchical_Material_Recognition_from_Local_Appearance_ICCV_2025_paper.pdf
1527,Unleashing the Temporal Potential of Stereo Event Cameras for Continuous-Time 3D Object Detection,iccv,2025,https://openaccess.thecvf.com/content/ICCV2025/papers/Kang_Unleashing_the_Temporal_Potential_of_Stereo_Event_Cameras_for_Continuous-Time_ICCV_2025_paper.pdf
1528,SweetTok: Semantic-Aware Spatial-Temporal Tokenizer for Compact Video Discretization,iccv,2025,https://openaccess.thecvf.com/content/ICCV2025/papers/Tan_SweetTok_Semantic-Aware_Spatial-Temporal_Tokenizer_for_Compact_Video_Discretization_ICCV_2025_paper.pdf
1529,D-Attn: Decomposed Attention for Large Vision-and-Language Model,iccv,2025,https://openaccess.thecvf.com/content/ICCV2025/papers/Kuo_D-Attn_Decomposed_Attention_for_Large_Vision-and-Language_Model_ICCV_2025_paper.pdf
1530,R1-VL: Learning to Reason with Multimodal Large Language Models via Step-wise Group Relative Policy Optimization,iccv,2025,https://openaccess.thecvf.com/content/ICCV2025/papers/Zhang_R1-VL_Learning_to_Reason_with_Multimodal_Large_Language_Models_via_ICCV_2025_paper.pdf
1531,Not All Degradations Are Equal: A Targeted Feature Denoising Framework for Generalizable Image Super-Resolution,iccv,2025,https://openaccess.thecvf.com/content/ICCV2025/papers/Wang_Not_All_Degradations_Are_Equal_A_Targeted_Feature_Denoising_Framework_ICCV_2025_paper.pdf
1532,Rep-MTL: Unleashing the Power of Representation-level Task Saliency for Multi-Task Learning,iccv,2025,https://openaccess.thecvf.com/content/ICCV2025/papers/Wang_Rep-MTL_Unleashing_the_Power_of_Representation-level_Task_Saliency_for_Multi-Task_ICCV_2025_paper.pdf
1533,TLB-VFI: Temporal-Aware Latent Brownian Bridge Diffusion for Video Frame Interpolation,iccv,2025,https://openaccess.thecvf.com/content/ICCV2025/papers/Lyu_TLB-VFI_Temporal-Aware_Latent_Brownian_Bridge_Diffusion_for_Video_Frame_Interpolation_ICCV_2025_paper.pdf
1534,Gaussian Splatting with Discretized SDF for Relightable Assets,iccv,2025,https://openaccess.thecvf.com/content/ICCV2025/papers/Zhu_Gaussian_Splatting_with_Discretized_SDF_for_Relightable_Assets_ICCV_2025_paper.pdf
1535,Region-based Cluster Discrimination for Visual Representation Learning,iccv,2025,https://openaccess.thecvf.com/content/ICCV2025/papers/Xie_Region-based_Cluster_Discrimination_for_Visual_Representation_Learning_ICCV_2025_paper.pdf
1536,AAA-Gaussians: Anti-Aliased and Artifact-Free 3D Gaussian Rendering,iccv,2025,https://openaccess.thecvf.com/content/ICCV2025/papers/Steiner_AAA-Gaussians_Anti-Aliased_and_Artifact-Free_3D_Gaussian_Rendering_ICCV_2025_paper.pdf
1537,EvRT-DETR: Latent Space Adaptation of Image Detectors for Event-based Vision,iccv,2025,https://openaccess.thecvf.com/content/ICCV2025/papers/Torbunov_EvRT-DETR_Latent_Space_Adaptation_of_Image_Detectors_for_Event-based_Vision_ICCV_2025_paper.pdf
1538,MeshPad: Interactive Sketch-Conditioned Artist-Reminiscent Mesh Generation and Editing,iccv,2025,https://openaccess.thecvf.com/content/ICCV2025/papers/Li_MeshPad_Interactive_Sketch-Conditioned_Artist-Reminiscent_Mesh_Generation_and_Editing_ICCV_2025_paper.pdf
1539,ResidualViT for Efficient Temporally Dense Video Encoding,iccv,2025,https://openaccess.thecvf.com/content/ICCV2025/papers/Soldan_ResidualViT_for_Efficient_Temporally_Dense_Video_Encoding_ICCV_2025_paper.pdf
1540,UniCombine: Unified Multi-Conditional Combination with Diffusion Transformer,iccv,2025,https://openaccess.thecvf.com/content/ICCV2025/papers/Wang_UniCombine_Unified_Multi-Conditional_Combination_with_Diffusion_Transformer_ICCV_2025_paper.pdf
1541,Easi3R: Estimating Disentangled Motion from DUSt3R Without Training,iccv,2025,https://openaccess.thecvf.com/content/ICCV2025/papers/Chen_Easi3R_Estimating_Disentangled_Motion_from_DUSt3R_Without_Training_ICCV_2025_paper.pdf
1542,Addressing Text Embedding Leakage in Diffusion-based Image Editing,iccv,2025,https://openaccess.thecvf.com/content/ICCV2025/papers/Mun_Addressing_Text_Embedding_Leakage_in_Diffusion-based_Image_Editing_ICCV_2025_paper.pdf
1543,CaO2: Rectifying Inconsistencies in Diffusion-Based Dataset Distillation,iccv,2025,https://openaccess.thecvf.com/content/ICCV2025/papers/Wang_CaO2_Rectifying_Inconsistencies_in_Diffusion-Based_Dataset_Distillation_ICCV_2025_paper.pdf
1544,HQ-CLIP: Leveraging Large Vision-Language Models to Create High-Quality Image-Text Datasets and CLIP Models,iccv,2025,https://openaccess.thecvf.com/content/ICCV2025/papers/Wei_HQ-CLIP_Leveraging_Large_Vision-Language_Models_to_Create_High-Quality_Image-Text_Datasets_ICCV_2025_paper.pdf
1545,Bridging the Gap Between Ideal and Real-world Evaluation: Benchmarking AI-Generated Image Detection in Challenging Scenarios,iccv,2025,https://openaccess.thecvf.com/content/ICCV2025/papers/Li_Bridging_the_Gap_Between_Ideal_and_Real-world_Evaluation_Benchmarking_AI-Generated_ICCV_2025_paper.pdf
1546,Progressive Test Time Energy Adaptation for Medical Image Segmentation,iccv,2025,https://openaccess.thecvf.com/content/ICCV2025/papers/Zhang_Progressive_Test_Time_Energy_Adaptation_for_Medical_Image_Segmentation_ICCV_2025_paper.pdf
1547,Sequential Gaussian Avatars with Hierarchical Motion Context,iccv,2025,https://openaccess.thecvf.com/content/ICCV2025/papers/Xu_Sequential_Gaussian_Avatars_with_Hierarchical_Motion_Context_ICCV_2025_paper.pdf
1548,Beyond Losses Reweighting: Empowering Multi-Task Learning via the Generalization Perspective,iccv,2025,https://openaccess.thecvf.com/content/ICCV2025/papers/Phan_Beyond_Losses_Reweighting_Empowering_Multi-Task_Learning_via_the_Generalization_Perspective_ICCV_2025_paper.pdf
1549,Zero-shot Inexact CAD Model Alignment from a Single Image,iccv,2025,https://openaccess.thecvf.com/content/ICCV2025/papers/Arsomngern_Zero-shot_Inexact_CAD_Model_Alignment_from_a_Single_Image_ICCV_2025_paper.pdf
1550,Vulnerability-Aware Spatio-Temporal Learning for Generalizable Deepfake Video Detection,iccv,2025,https://openaccess.thecvf.com/content/ICCV2025/papers/Nguyen_Vulnerability-Aware_Spatio-Temporal_Learning_for_Generalizable_Deepfake_Video_Detection_ICCV_2025_paper.pdf
1551,Efficient Autoregressive Shape Generation via Octree-Based Adaptive Tokenization,iccv,2025,https://openaccess.thecvf.com/content/ICCV2025/papers/Deng_Efficient_Autoregressive_Shape_Generation_via_Octree-Based_Adaptive_Tokenization_ICCV_2025_paper.pdf
1552,Cycle-Consistent Learning for Joint Layout-to-Image Generation and Object Detection,iccv,2025,https://openaccess.thecvf.com/content/ICCV2025/papers/Cai_Cycle-Consistent_Learning_for_Joint_Layout-to-Image_Generation_and_Object_Detection_ICCV_2025_paper.pdf
1553,MUG: Pseudo Labeling Augmented Audio-Visual Mamba Network for Audio-Visual Video Parsing,iccv,2025,https://openaccess.thecvf.com/content/ICCV2025/papers/Wang_MUG_Pseudo_Labeling_Augmented_Audio-Visual_Mamba_Network_for_Audio-Visual_Video_ICCV_2025_paper.pdf
1554,LIFT: Latent Implicit Functions for Task- and Data-Agnostic Encoding,iccv,2025,https://openaccess.thecvf.com/content/ICCV2025/papers/Kazerouni_LIFT_Latent_Implicit_Functions_for_Task-_and_Data-Agnostic_Encoding_ICCV_2025_paper.pdf
1555,Long-Context State-Space Video World Models,iccv,2025,https://openaccess.thecvf.com/content/ICCV2025/papers/Po_Long-Context_State-Space_Video_World_Models_ICCV_2025_paper.pdf
1556,Dataset Distillation via the Wasserstein Metric,iccv,2025,https://openaccess.thecvf.com/content/ICCV2025/papers/Liu_Dataset_Distillation_via_the_Wasserstein_Metric_ICCV_2025_paper.pdf
1557,IRGPT: Understanding Real-world Infrared Image with Bi-cross-modal Curriculum on Large-scale Benchmark,iccv,2025,https://openaccess.thecvf.com/content/ICCV2025/papers/Cao_IRGPT_Understanding_Real-world_Infrared_Image_with_Bi-cross-modal_Curriculum_on_Large-scale_ICCV_2025_paper.pdf
1558,Mixed Signals: A Diverse Point Cloud Dataset for Heterogeneous LiDAR V2X Collaboration,iccv,2025,https://openaccess.thecvf.com/content/ICCV2025/papers/Luo_Mixed_Signals_A_Diverse_Point_Cloud_Dataset_for_Heterogeneous_LiDAR_ICCV_2025_paper.pdf
1559,Exploring Weather-aware Aggregation and Adaptation for Semantic Segmentation under Adverse Conditions,iccv,2025,https://openaccess.thecvf.com/content/ICCV2025/papers/Pan_Exploring_Weather-aware_Aggregation_and_Adaptation_for_Semantic_Segmentation_under_Adverse_ICCV_2025_paper.pdf
1560,OracleFusion: Assisting the Decipherment of Oracle Bone Script with Structurally Constrained Semantic Typography,iccv,2025,https://openaccess.thecvf.com/content/ICCV2025/papers/Li_OracleFusion_Assisting_the_Decipherment_of_Oracle_Bone_Script_with_Structurally_ICCV_2025_paper.pdf
1561,Streaming VideoLLMs for Real-Time Procedural Video Understanding,iccv,2025,https://openaccess.thecvf.com/content/ICCV2025/papers/Chatterjee_Streaming_VideoLLMs_for_Real-Time_Procedural_Video_Understanding_ICCV_2025_paper.pdf
1562,Efficient Visual Place Recognition Through Multimodal Semantic Knowledge Integration,iccv,2025,https://openaccess.thecvf.com/content/ICCV2025/papers/Zhang_Efficient_Visual_Place_Recognition_Through_Multimodal_Semantic_Knowledge_Integration_ICCV_2025_paper.pdf
1563,Rethinking Multi-modal Object Detection from the Perspective of Mono-Modality Feature Learning,iccv,2025,https://openaccess.thecvf.com/content/ICCV2025/papers/Zhao_Rethinking_Multi-modal_Object_Detection_from_the_Perspective_of_Mono-Modality_Feature_ICCV_2025_paper.pdf
1564,VEGGIE: Instructional Editing and Reasoning Video Concepts with Grounded Generation,iccv,2025,https://openaccess.thecvf.com/content/ICCV2025/papers/Yu_VEGGIE_Instructional_Editing_and_Reasoning_Video_Concepts_with_Grounded_Generation_ICCV_2025_paper.pdf
1565,Task-Aware Prompt Gradient Projection for Parameter-Efficient Tuning Federated Class-Incremental Learning,iccv,2025,https://openaccess.thecvf.com/content/ICCV2025/papers/Ke_Task-Aware_Prompt_Gradient_Projection_for_Parameter-Efficient_Tuning_Federated_Class-Incremental_Learning_ICCV_2025_paper.pdf
1566,Mixture-of-Scores: Robust Image-Text Data Valuation via Three Lines of Code,iccv,2025,https://openaccess.thecvf.com/content/ICCV2025/papers/Wu_Mixture-of-Scores_Robust_Image-Text_Data_Valuation_via_Three_Lines_of_Code_ICCV_2025_paper.pdf
1567,DMesh++: An Efficient Differentiable Mesh for Complex Shapes,iccv,2025,https://openaccess.thecvf.com/content/ICCV2025/papers/Son_DMesh_An_Efficient_Differentiable_Mesh_for_Complex_Shapes_ICCV_2025_paper.pdf
1568,From Imitation to Innovation: The Emergence of AI's Unique Artistic Styles and the Challenge of Copyright Protection,iccv,2025,https://openaccess.thecvf.com/content/ICCV2025/papers/Jia_From_Imitation_to_Innovation_The_Emergence_of_AIs_Unique_Artistic_ICCV_2025_paper.pdf
1569,VPO: Aligning Text-to-Video Generation Models with Prompt Optimization,iccv,2025,https://openaccess.thecvf.com/content/ICCV2025/papers/Cheng_VPO_Aligning_Text-to-Video_Generation_Models_with_Prompt_Optimization_ICCV_2025_paper.pdf
1570,Intervening in Black Box: Concept Bottleneck Model for Enhancing Human Neural Network Mutual Understanding,iccv,2025,https://openaccess.thecvf.com/content/ICCV2025/papers/Xiong_Intervening_in_Black_Box_Concept_Bottleneck_Model_for_Enhancing_Human_ICCV_2025_paper.pdf
1571,Versatile Transition Generation with Image-to-Video Diffusion,iccv,2025,https://openaccess.thecvf.com/content/ICCV2025/papers/Yang_Versatile_Transition_Generation_with_Image-to-Video_Diffusion_ICCV_2025_paper.pdf
1572,SMGDiff: Soccer Motion Generation using Diffusion Probabilistic Models,iccv,2025,https://openaccess.thecvf.com/content/ICCV2025/papers/Yang_SMGDiff_Soccer_Motion_Generation_using_Diffusion_Probabilistic_Models_ICCV_2025_paper.pdf
1573,Extrapolated Urban View Synthesis Benchmark,iccv,2025,https://openaccess.thecvf.com/content/ICCV2025/papers/Han_Extrapolated_Urban_View_Synthesis_Benchmark_ICCV_2025_paper.pdf
1574,Emulating Self-attention with Convolution for Efficient Image Super-Resolution,iccv,2025,https://openaccess.thecvf.com/content/ICCV2025/papers/Lee_Emulating_Self-attention_with_Convolution_for_Efficient_Image_Super-Resolution_ICCV_2025_paper.pdf
1575,CoDa-4DGS: Dynamic Gaussian Splatting with Context and Deformation Awareness for Autonomous Driving,iccv,2025,https://openaccess.thecvf.com/content/ICCV2025/papers/Song_CoDa-4DGS_Dynamic_Gaussian_Splatting_with_Context_and_Deformation_Awareness_for_ICCV_2025_paper.pdf
1576,RI3D: Few-Shot Gaussian Splatting With Repair and Inpainting Diffusion Priors,iccv,2025,https://openaccess.thecvf.com/content/ICCV2025/papers/Paliwal_RI3D_Few-Shot_Gaussian_Splatting_With_Repair_and_Inpainting_Diffusion_Priors_ICCV_2025_paper.pdf
1577,Text Embedding Knows How to Quantize Text-Guided Diffusion Models,iccv,2025,https://openaccess.thecvf.com/content/ICCV2025/papers/Lee_Text_Embedding_Knows_How_to_Quantize_Text-Guided_Diffusion_Models_ICCV_2025_paper.pdf
1578,UniVerse: Unleashing the Scene Prior of Video Diffusion Models for Robust Radiance Field Reconstruction,iccv,2025,https://openaccess.thecvf.com/content/ICCV2025/papers/Cao_UniVerse_Unleashing_the_Scene_Prior_of_Video_Diffusion_Models_for_ICCV_2025_paper.pdf
1579,Shape of Motion: 4D Reconstruction from a Single Video,iccv,2025,https://openaccess.thecvf.com/content/ICCV2025/papers/Wang_Shape_of_Motion_4D_Reconstruction_from_a_Single_Video_ICCV_2025_paper.pdf
1580,From Gallery to Wrist: Realistic 3D Bracelet Insertion in Videos,iccv,2025,https://openaccess.thecvf.com/content/ICCV2025/papers/Gao_From_Gallery_to_Wrist_Realistic_3D_Bracelet_Insertion_in_Videos_ICCV_2025_paper.pdf
1581,Representing 3D Shapes with 64 Latent Vectors for 3D Diffusion Models,iccv,2025,https://openaccess.thecvf.com/content/ICCV2025/papers/Cho_Representing_3D_Shapes_with_64_Latent_Vectors_for_3D_Diffusion_ICCV_2025_paper.pdf
1582,Backdoor Defense via Enhanced Splitting and Trap Isolation,iccv,2025,https://openaccess.thecvf.com/content/ICCV2025/papers/Yu_Backdoor_Defense_via_Enhanced_Splitting_and_Trap_Isolation_ICCV_2025_paper.pdf
1583,FedVLA: Federated Vision-Language-Action Learning with Dual Gating Mixture-of-Experts for Robotic Manipulation,iccv,2025,https://openaccess.thecvf.com/content/ICCV2025/papers/Miao_FedVLA_Federated_Vision-Language-Action_Learning_with_Dual_Gating_Mixture-of-Experts_for_Robotic_ICCV_2025_paper.pdf
1584,BokehDiff: Neural Lens Blur with One-Step Diffusion,iccv,2025,https://openaccess.thecvf.com/content/ICCV2025/papers/Zhu_BokehDiff_Neural_Lens_Blur_with_One-Step_Diffusion_ICCV_2025_paper.pdf
1585,CutS3D: Cutting Semantics in 3D for 2D Unsupervised Instance Segmentation,iccv,2025,https://openaccess.thecvf.com/content/ICCV2025/papers/Sick_CutS3D_Cutting_Semantics_in_3D_for_2D_Unsupervised_Instance_Segmentation_ICCV_2025_paper.pdf
1586,Perspective-Aware Reasoning in Vision-Language Models via Mental Imagery Simulation,iccv,2025,https://openaccess.thecvf.com/content/ICCV2025/papers/Lee_Perspective-Aware_Reasoning_in_Vision-Language_Models_via_Mental_Imagery_Simulation_ICCV_2025_paper.pdf
1587,Salvaging the Overlooked: Leveraging Class-Aware Contrastive Learning for Multi-Class Anomaly Detection,iccv,2025,https://openaccess.thecvf.com/content/ICCV2025/papers/Fan_Salvaging_the_Overlooked_Leveraging_Class-Aware_Contrastive_Learning_for_Multi-Class_Anomaly_ICCV_2025_paper.pdf
1588,GUAVA: Generalizable Upper Body 3D Gaussian Avatar,iccv,2025,https://openaccess.thecvf.com/content/ICCV2025/papers/Zhang_GUAVA_Generalizable_Upper_Body_3D_Gaussian_Avatar_ICCV_2025_paper.pdf
1589,PASG: A Closed-Loop Framework for Automated Geometric Primitive Extraction and Semantic Anchoring in Robotic Manipulation,iccv,2025,https://openaccess.thecvf.com/content/ICCV2025/papers/Zhu_PASG_A_Closed-Loop_Framework_for_Automated_Geometric_Primitive_Extraction_and_ICCV_2025_paper.pdf
1590,FastVAR: Linear Visual Autoregressive Modeling via Cached Token Pruning,iccv,2025,https://openaccess.thecvf.com/content/ICCV2025/papers/Guo_FastVAR_Linear_Visual_Autoregressive_Modeling_via_Cached_Token_Pruning_ICCV_2025_paper.pdf
1591,Online Generic Event Boundary Detection,iccv,2025,https://openaccess.thecvf.com/content/ICCV2025/papers/Jung_Online_Generic_Event_Boundary_Detection_ICCV_2025_paper.pdf
1592,Registration beyond Points: General Affine Subspace Alignment via Geodesic Distance on Grassmann Manifold,iccv,2025,https://openaccess.thecvf.com/content/ICCV2025/papers/Shin_Registration_beyond_Points_General_Affine_Subspace_Alignment_via_Geodesic_Distance_ICCV_2025_paper.pdf
1593,Disentangling Instance and Scene Contexts for 3D Semantic Scene Completion,iccv,2025,https://openaccess.thecvf.com/content/ICCV2025/papers/Liu_Disentangling_Instance_and_Scene_Contexts_for_3D_Semantic_Scene_Completion_ICCV_2025_paper.pdf
1594,World4Drive: End-to-End Autonomous Driving via Intention-aware Physical Latent World Model,iccv,2025,https://openaccess.thecvf.com/content/ICCV2025/papers/Zheng_World4Drive_End-to-End_Autonomous_Driving_via_Intention-aware_Physical_Latent_World_Model_ICCV_2025_paper.pdf
1595,Online Language Splatting,iccv,2025,https://openaccess.thecvf.com/content/ICCV2025/papers/Katragadda_Online_Language_Splatting_ICCV_2025_paper.pdf
1596,Amodal Depth Anything: Amodal Depth Estimation in the Wild,iccv,2025,https://openaccess.thecvf.com/content/ICCV2025/papers/Li_Amodal_Depth_Anything_Amodal_Depth_Estimation_in_the_Wild_ICCV_2025_paper.pdf
1597,Hierarchical Variational Test-Time Prompt Generation for Zero-Shot Generalization,iccv,2025,https://openaccess.thecvf.com/content/ICCV2025/papers/Wu_Hierarchical_Variational_Test-Time_Prompt_Generation_for_Zero-Shot_Generalization_ICCV_2025_paper.pdf
1598,VTimeCoT: Thinking by Drawing for Video Temporal Grounding and Reasoning,iccv,2025,https://openaccess.thecvf.com/content/ICCV2025/papers/Zhang_VTimeCoT_Thinking_by_Drawing_for_Video_Temporal_Grounding_and_Reasoning_ICCV_2025_paper.pdf
1599,RA-BUSSeg: Relation-aware Semi-supervised Breast Ultrasound Image Segmentation via Adjacent Propagation and Cross-layer Alignment,iccv,2025,https://openaccess.thecvf.com/content/ICCV2025/papers/Zhang_RA-BUSSeg_Relation-aware_Semi-supervised_Breast_Ultrasound_Image_Segmentation_via_Adjacent_Propagation_ICCV_2025_paper.pdf
1600,Factorized Learning for Temporally Grounded Video-Language Models,iccv,2025,https://openaccess.thecvf.com/content/ICCV2025/papers/Zeng_Factorized_Learning_for_Temporally_Grounded_Video-Language_Models_ICCV_2025_paper.pdf
1601,Decouple to Reconstruct: High Quality UHD Restoration via Active Feature Disentanglement and Reversible Fusion,iccv,2025,https://openaccess.thecvf.com/content/ICCV2025/papers/Liu_Decouple_to_Reconstruct_High_Quality_UHD_Restoration_via_Active_Feature_ICCV_2025_paper.pdf
1602,Generating Multi-Image Synthetic Data for Text-to-Image Customization,iccv,2025,https://openaccess.thecvf.com/content/ICCV2025/papers/Kumari_Generating_Multi-Image_Synthetic_Data_for_Text-to-Image_Customization_ICCV_2025_paper.pdf
1603,WeaveSeg: Iterative Contrast-weaving and Spectral Feature-refining for Nuclei Instance Segmentation,iccv,2025,https://openaccess.thecvf.com/content/ICCV2025/papers/Li_WeaveSeg_Iterative_Contrast-weaving_and_Spectral_Feature-refining_for_Nuclei_Instance_Segmentation_ICCV_2025_paper.pdf
1604,"Towards Long-Horizon Vision-Language-Action System: Reasoning, Acting and Memory",iccv,2025,https://openaccess.thecvf.com/content/ICCV2025/papers/Li_Towards_Long-Horizon_Vision-Language-Action_System_Reasoning_Acting_and_Memory_ICCV_2025_paper.pdf
1605,MR-FIQA: Face Image Quality Assessment with Multi-Reference Representations from Synthetic Data Generation,iccv,2025,https://openaccess.thecvf.com/content/ICCV2025/papers/Ou_MR-FIQA_Face_Image_Quality_Assessment_with_Multi-Reference_Representations_from_Synthetic_ICCV_2025_paper.pdf
1606,IDFace: Face Template Protection for Efficient and Secure Identification,iccv,2025,https://openaccess.thecvf.com/content/ICCV2025/papers/Kim_IDFace_Face_Template_Protection_for_Efficient_and_Secure_Identification_ICCV_2025_paper.pdf
1607,A Real-world Display Inverse Rendering Dataset,iccv,2025,https://openaccess.thecvf.com/content/ICCV2025/papers/Choi_A_Real-world_Display_Inverse_Rendering_Dataset_ICCV_2025_paper.pdf
1608,Lyra: An Efficient and Speech-Centric Framework for Omni-Cognition,iccv,2025,https://openaccess.thecvf.com/content/ICCV2025/papers/Zhong_Lyra_An_Efficient_and_Speech-Centric_Framework_for_Omni-Cognition_ICCV_2025_paper.pdf
1609,MEH: A Multi-Style Dataset and Toolkit for Advancing Egyptian Hieroglyph Recognition,iccv,2025,https://openaccess.thecvf.com/content/ICCV2025/papers/Golyadkin_MEH_A_Multi-Style_Dataset_and_Toolkit_for_Advancing_Egyptian_Hieroglyph_ICCV_2025_paper.pdf
1610,D2ST-Adapter: Disentangled-and-Deformable Spatio-Temporal Adapter for Few-shot Action Recognition,iccv,2025,https://openaccess.thecvf.com/content/ICCV2025/papers/Pei_D2ST-Adapter_Disentangled-and-Deformable_Spatio-Temporal_Adapter_for_Few-shot_Action_Recognition_ICCV_2025_paper.pdf
1611,Synchronization of Multiple Videos,iccv,2025,https://openaccess.thecvf.com/content/ICCV2025/papers/Naaman_Synchronization_of_Multiple_Videos_ICCV_2025_paper.pdf
1612,Hi-Gaussian: Hierarchical Gaussians under Normalized Spherical Projection for Single-View 3D Reconstruction,iccv,2025,https://openaccess.thecvf.com/content/ICCV2025/papers/Xie_Hi-Gaussian_Hierarchical_Gaussians_under_Normalized_Spherical_Projection_for_Single-View_3D_ICCV_2025_paper.pdf
1613,MotionAgent: Fine-grained Controllable Video Generation via Motion Field Agent,iccv,2025,https://openaccess.thecvf.com/content/ICCV2025/papers/Liao_MotionAgent_Fine-grained_Controllable_Video_Generation_via_Motion_Field_Agent_ICCV_2025_paper.pdf
1614,The Scalability of Simplicity: Empirical Analysis of Vision-Language Learning with a Single Transformer,iccv,2025,https://openaccess.thecvf.com/content/ICCV2025/papers/Lei_The_Scalability_of_Simplicity_Empirical_Analysis_of_Vision-Language_Learning_with_ICCV_2025_paper.pdf
1615,PacGDC: Label-Efficient Generalizable Depth Completion with Projection Ambiguity and Consistency,iccv,2025,https://openaccess.thecvf.com/content/ICCV2025/papers/Wang_PacGDC_Label-Efficient_Generalizable_Depth_Completion_with_Projection_Ambiguity_and_Consistency_ICCV_2025_paper.pdf
1616,GSV3D: Gaussian Splatting-based Geometric Distillation with Stable Video Diffusion for Single-Image 3D Object Generation,iccv,2025,https://openaccess.thecvf.com/content/ICCV2025/papers/Tao_GSV3D_Gaussian_Splatting-based_Geometric_Distillation_with_Stable_Video_Diffusion_for_ICCV_2025_paper.pdf
1617,OpenAnimals: Revisiting Person Re-Identification for Animals Towards Better Generalization,iccv,2025,https://openaccess.thecvf.com/content/ICCV2025/papers/Hou_OpenAnimals_Revisiting_Person_Re-Identification_for_Animals_Towards_Better_Generalization_ICCV_2025_paper.pdf
1618,VSRM: A Robust Mamba-Based Framework for Video Super-Resolution,iccv,2025,https://openaccess.thecvf.com/content/ICCV2025/papers/Tran_VSRM_A_Robust_Mamba-Based_Framework_for_Video_Super-Resolution_ICCV_2025_paper.pdf
1619,End-to-End Multi-Modal Diffusion Mamba,iccv,2025,https://openaccess.thecvf.com/content/ICCV2025/papers/Lu_End-to-End_Multi-Modal_Diffusion_Mamba_ICCV_2025_paper.pdf
1620,Guiding Diffusion-Based Articulated Object Generation by Partial Point Cloud Alignment and Physical Plausibility Constraints,iccv,2025,https://openaccess.thecvf.com/content/ICCV2025/papers/Kreber_Guiding_Diffusion-Based_Articulated_Object_Generation_by_Partial_Point_Cloud_Alignment_ICCV_2025_paper.pdf
1621,PoseSyn: Synthesizing Diverse 3D Pose Data from In-the-Wild 2D Data,iccv,2025,https://openaccess.thecvf.com/content/ICCV2025/papers/Yang_PoseSyn_Synthesizing_Diverse_3D_Pose_Data_from_In-the-Wild_2D_Data_ICCV_2025_paper.pdf
1622,Backdoor Attacks on Neural Networks via One-Bit Flip,iccv,2025,https://openaccess.thecvf.com/content/ICCV2025/papers/Li_Backdoor_Attacks_on_Neural_Networks_via_One-Bit_Flip_ICCV_2025_paper.pdf
1623,Vector Contrastive Learning For Pixel-Wise Pretraining In Medical Vision,iccv,2025,https://openaccess.thecvf.com/content/ICCV2025/papers/He_Vector_Contrastive_Learning_For_Pixel-Wise_Pretraining_In_Medical_Vision_ICCV_2025_paper.pdf
1624,Benefit From Seen: Enhancing Open-Vocabulary Object Detection by Bridging Visual and Textual Co-Occurrence Knowledge,iccv,2025,https://openaccess.thecvf.com/content/ICCV2025/papers/Li_Benefit_From_Seen_Enhancing_Open-Vocabulary_Object_Detection_by_Bridging_Visual_ICCV_2025_paper.pdf
1625,EEdit : Rethinking the Spatial and Temporal Redundancy for Efficient Image Editing,iccv,2025,https://openaccess.thecvf.com/content/ICCV2025/papers/Yan_EEdit__Rethinking_the_Spatial_and_Temporal_Redundancy_for_Efficient_ICCV_2025_paper.pdf
1626,Enhancing Adversarial Transferability by Balancing Exploration and Exploitation with Gradient-Guided Sampling,iccv,2025,https://openaccess.thecvf.com/content/ICCV2025/papers/Niu_Enhancing_Adversarial_Transferability_by_Balancing_Exploration_and_Exploitation_with_Gradient-Guided_ICCV_2025_paper.pdf
1627,SuperEdit: Rectifying and Facilitating Supervision for Instruction-Based Image Editing,iccv,2025,https://openaccess.thecvf.com/content/ICCV2025/papers/Li_SuperEdit_Rectifying_and_Facilitating_Supervision_for_Instruction-Based_Image_Editing_ICCV_2025_paper.pdf
1628,HPSv3: Towards Wide-Spectrum Human Preference Score,iccv,2025,https://openaccess.thecvf.com/content/ICCV2025/papers/Ma_HPSv3_Towards_Wide-Spectrum_Human_Preference_Score_ICCV_2025_paper.pdf
1629,NullSwap: Proactive Identity Cloaking Against Deepfake Face Swapping,iccv,2025,https://openaccess.thecvf.com/content/ICCV2025/papers/Wang_NullSwap_Proactive_Identity_Cloaking_Against_Deepfake_Face_Swapping_ICCV_2025_paper.pdf
1630,SynAD: Enhancing Real-World End-to-End Autonomous Driving Models through Synthetic Data Integration,iccv,2025,https://openaccess.thecvf.com/content/ICCV2025/papers/Kim_SynAD_Enhancing_Real-World_End-to-End_Autonomous_Driving_Models_through_Synthetic_Data_ICCV_2025_paper.pdf
1631,Purge-Gate: Backpropagation-Free Test-Time Adaptation for Point Clouds Classification via Token purging,iccv,2025,https://openaccess.thecvf.com/content/ICCV2025/papers/Yazdanpanah_Purge-Gate_Backpropagation-Free_Test-Time_Adaptation_for_Point_Clouds_Classification_via_Token_ICCV_2025_paper.pdf
1632,External Knowledge Injection for CLIP-Based Class-Incremental Learning,iccv,2025,https://openaccess.thecvf.com/content/ICCV2025/papers/Zhou_External_Knowledge_Injection_for_CLIP-Based_Class-Incremental_Learning_ICCV_2025_paper.pdf
1633,GeoProg3D: Compositional Visual Reasoning for City-Scale 3D Language Fields,iccv,2025,https://openaccess.thecvf.com/content/ICCV2025/papers/Yasuki_GeoProg3D_Compositional_Visual_Reasoning_for_City-Scale_3D_Language_Fields_ICCV_2025_paper.pdf
1634,Geometry Distributions,iccv,2025,https://openaccess.thecvf.com/content/ICCV2025/papers/Zhang_Geometry_Distributions_ICCV_2025_paper.pdf
1635,PVChat: Personalized Video Chat with One-Shot Learning,iccv,2025,https://openaccess.thecvf.com/content/ICCV2025/papers/Shi_PVChat_Personalized_Video_Chat_with_One-Shot_Learning_ICCV_2025_paper.pdf
1636,VertexRegen: Mesh Generation with Continuous Level of Detail,iccv,2025,https://openaccess.thecvf.com/content/ICCV2025/papers/Zhang_VertexRegen_Mesh_Generation_with_Continuous_Level_of_Detail_ICCV_2025_paper.pdf
1637,Low-Light Image Enhancement Using Event-Based Illumination Estimation,iccv,2025,https://openaccess.thecvf.com/content/ICCV2025/papers/Sun_Low-Light_Image_Enhancement_Using_Event-Based_Illumination_Estimation_ICCV_2025_paper.pdf
1638,FontAnimate: High Quality Few-shot Font Generation via Animating Font Transfer Process,iccv,2025,https://openaccess.thecvf.com/content/ICCV2025/papers/Fu_FontAnimate_High_Quality_Few-shot_Font_Generation_via_Animating_Font_Transfer_ICCV_2025_paper.pdf
1639,A Good Teacher Adapts Their Knowledge for Distillation,iccv,2025,https://openaccess.thecvf.com/content/ICCV2025/papers/Qian_A_Good_Teacher_Adapts_Their_Knowledge_for_Distillation_ICCV_2025_paper.pdf
1640,GenFlowRL: Shaping Rewards with Generative Object-Centric Flow in Visual Reinforcement Learning,iccv,2025,https://openaccess.thecvf.com/content/ICCV2025/papers/Yu_GenFlowRL_Shaping_Rewards_with_Generative_Object-Centric_Flow_in_Visual_Reinforcement_ICCV_2025_paper.pdf
1641,MAVFlow: Preserving Paralinguistic Elements with Conditional Flow Matching for Zero-Shot AV2AV Multilingual Translation,iccv,2025,https://openaccess.thecvf.com/content/ICCV2025/papers/Cho_MAVFlow_Preserving_Paralinguistic_Elements_with_Conditional_Flow_Matching_for_Zero-Shot_ICCV_2025_paper.pdf
1642,Video Color Grading via Look-Up Table Generation,iccv,2025,https://openaccess.thecvf.com/content/ICCV2025/papers/Shin_Video_Color_Grading_via_Look-Up_Table_Generation_ICCV_2025_paper.pdf
1643,NeuraLeaf: Neural Parametric Leaf Models with Shape and Deformation Disentanglement,iccv,2025,https://openaccess.thecvf.com/content/ICCV2025/papers/Yang_NeuraLeaf_Neural_Parametric_Leaf_Models_with_Shape_and_Deformation_Disentanglement_ICCV_2025_paper.pdf
1644,DC-AR: Efficient Masked Autoregressive Image Generation with Deep Compression Hybrid Tokenizer,iccv,2025,https://openaccess.thecvf.com/content/ICCV2025/papers/Wu_DC-AR_Efficient_Masked_Autoregressive_Image_Generation_with_Deep_Compression_Hybrid_ICCV_2025_paper.pdf
1645,BVINet: Unlocking Blind Video Inpainting with Zero Annotations,iccv,2025,https://openaccess.thecvf.com/content/ICCV2025/papers/Wu_BVINet_Unlocking_Blind_Video_Inpainting_with_Zero_Annotations_ICCV_2025_paper.pdf
1646,Semi-supervised Deep Transfer for Regression without Domain Alignment,iccv,2025,https://openaccess.thecvf.com/content/ICCV2025/papers/Biswas_Semi-supervised_Deep_Transfer_for_Regression_without_Domain_Alignment_ICCV_2025_paper.pdf
1647,Evading Data Provenance in Deep Neural Networks,iccv,2025,https://openaccess.thecvf.com/content/ICCV2025/papers/Zhu_Evading_Data_Provenance_in_Deep_Neural_Networks_ICCV_2025_paper.pdf
1648,Vamba: Understanding Hour-Long Videos with Hybrid Mamba-Transformers,iccv,2025,https://openaccess.thecvf.com/content/ICCV2025/papers/Ren_Vamba_Understanding_Hour-Long_Videos_with_Hybrid_Mamba-Transformers_ICCV_2025_paper.pdf
1649,Manual-PA: Learning 3D Part Assembly from Instruction Diagrams,iccv,2025,https://openaccess.thecvf.com/content/ICCV2025/papers/Zhang_Manual-PA_Learning_3D_Part_Assembly_from_Instruction_Diagrams_ICCV_2025_paper.pdf
1650,RMultiplex200K: Toward Reliable Multimodal Process Supervision for Visual Language Models on Telecommunications,iccv,2025,https://openaccess.thecvf.com/content/ICCV2025/papers/Chen_RMultiplex200K_Toward_Reliable_Multimodal_Process_Supervision_for_Visual_Language_Models_ICCV_2025_paper.pdf
1651,Video-T1: Test-time Scaling for Video Generation,iccv,2025,https://openaccess.thecvf.com/content/ICCV2025/papers/Liu_Video-T1_Test-time_Scaling_for_Video_Generation_ICCV_2025_paper.pdf
1652,MemoryTalker: Personalized Speech-Driven 3D Facial Animation via Audio-Guided Stylization,iccv,2025,https://openaccess.thecvf.com/content/ICCV2025/papers/Kim_MemoryTalker_Personalized_Speech-Driven_3D_Facial_Animation_via_Audio-Guided_Stylization_ICCV_2025_paper.pdf
1653,Text2Outfit: Controllable Outfit Generation with Multimodal Language Models,iccv,2025,https://openaccess.thecvf.com/content/ICCV2025/papers/Zhai_Text2Outfit_Controllable_Outfit_Generation_with_Multimodal_Language_Models_ICCV_2025_paper.pdf
1654,From Trial to Triumph: Advancing Long Video Understanding via Visual Context Sample Scaling and Self-reward Alignment,iccv,2025,https://openaccess.thecvf.com/content/ICCV2025/papers/Suo_From_Trial_to_Triumph_Advancing_Long_Video_Understanding_via_Visual_ICCV_2025_paper.pdf
1655,CA2C: A Prior-Knowledge-Free Approach for Robust Label Noise Learning via Asymmetric Co-learning and Co-training,iccv,2025,https://openaccess.thecvf.com/content/ICCV2025/papers/Sheng_CA2C_A_Prior-Knowledge-Free_Approach_for_Robust_Label_Noise_Learning_via_ICCV_2025_paper.pdf
1656,HairCUP: Hair Compositional Universal Prior for 3D Gaussian Avatars,iccv,2025,https://openaccess.thecvf.com/content/ICCV2025/papers/Kim_HairCUP_Hair_Compositional_Universal_Prior_for_3D_Gaussian_Avatars_ICCV_2025_paper.pdf
1657,Prototype-based Contrastive Learning with Stage-wise Progressive Augmentation for Self-Supervised Fine-Grained Learning,iccv,2025,https://openaccess.thecvf.com/content/ICCV2025/papers/Tan_Prototype-based_Contrastive_Learning_with_Stage-wise_Progressive_Augmentation_for_Self-Supervised_Fine-Grained_ICCV_2025_paper.pdf
1658,4DSegStreamer: Streaming 4D Panoptic Segmentation via Dual Threads,iccv,2025,https://openaccess.thecvf.com/content/ICCV2025/papers/Liu_4DSegStreamer_Streaming_4D_Panoptic_Segmentation_via_Dual_Threads_ICCV_2025_paper.pdf
1659,GS-LIVM: Real-Time Photo-Realistic LiDAR-Inertial-Visual Mapping with Gaussian Splatting,iccv,2025,https://openaccess.thecvf.com/content/ICCV2025/papers/Xie_GS-LIVM_Real-Time_Photo-Realistic_LiDAR-Inertial-Visual_Mapping_with_Gaussian_Splatting_ICCV_2025_paper.pdf
1660,Temporal Unlearnable Examples: Preventing Personal Video Data from Unauthorized Exploitation by Object Tracking,iccv,2025,https://openaccess.thecvf.com/content/ICCV2025/papers/Wu_Temporal_Unlearnable_Examples_Preventing_Personal_Video_Data_from_Unauthorized_Exploitation_ICCV_2025_paper.pdf
1661,Self-Calibrating Gaussian Splatting for Large Field-of-View Reconstruction,iccv,2025,https://openaccess.thecvf.com/content/ICCV2025/papers/Deng_Self-Calibrating_Gaussian_Splatting_for_Large_Field-of-View_Reconstruction_ICCV_2025_paper.pdf
1662,TWIST & SCOUT: Grounding Multimodal LLM-Experts by Forget-Free Tuning,iccv,2025,https://openaccess.thecvf.com/content/ICCV2025/papers/Bhowmik_TWIST__SCOUT_Grounding_Multimodal_LLM-Experts_by_Forget-Free_Tuning_ICCV_2025_paper.pdf
1663,Automated Model Evaluation for Object Detection via Prediction Consistency and Reliability,iccv,2025,https://openaccess.thecvf.com/content/ICCV2025/papers/Yoo_Automated_Model_Evaluation_for_Object_Detection_via_Prediction_Consistency_and_ICCV_2025_paper.pdf
1664,VSP: Diagnosing the Dual Challenges of Perception and Reasoning in Spatial Planning Tasks for MLLMs,iccv,2025,https://openaccess.thecvf.com/content/ICCV2025/papers/Wu_VSP_Diagnosing_the_Dual_Challenges_of_Perception_and_Reasoning_in_ICCV_2025_paper.pdf
1665,Instance-Level Video Depth in Groups Beyond Occlusions,iccv,2025,https://openaccess.thecvf.com/content/ICCV2025/papers/Liang_Instance-Level_Video_Depth_in_Groups_Beyond_Occlusions_ICCV_2025_paper.pdf
1666,ODP-Bench: Benchmarking Out-of-Distribution Performance Prediction,iccv,2025,https://openaccess.thecvf.com/content/ICCV2025/papers/Yu_ODP-Bench_Benchmarking_Out-of-Distribution_Performance_Prediction_ICCV_2025_paper.pdf
1667,Stepping Out of Similar Semantic Space for Open-Vocabulary Segmentation,iccv,2025,https://openaccess.thecvf.com/content/ICCV2025/papers/Liu_Stepping_Out_of_Similar_Semantic_Space_for_Open-Vocabulary_Segmentation_ICCV_2025_paper.pdf
1668,Sibai: A Few-Shot Meta-Classifier for Poisoning Detection in Federated Learning,iccv,2025,https://openaccess.thecvf.com/content/ICCV2025/papers/Gotz_Sibai_A_Few-Shot_Meta-Classifier_for_Poisoning_Detection_in_Federated_Learning_ICCV_2025_paper.pdf
1669,StyleKeeper: Prevent Content Leakage using Negative Visual Query Guidance,iccv,2025,https://openaccess.thecvf.com/content/ICCV2025/papers/Jeong_StyleKeeper_Prevent_Content_Leakage_using_Negative_Visual_Query_Guidance_ICCV_2025_paper.pdf
1670,Generative Modeling of Shape-Dependent Self-Contact Human Poses,iccv,2025,https://openaccess.thecvf.com/content/ICCV2025/papers/Ohkawa_Generative_Modeling_of_Shape-Dependent_Self-Contact_Human_Poses_ICCV_2025_paper.pdf
1671,Frequency-Guided Diffusion for Training-Free Text-Driven Image Translation,iccv,2025,https://openaccess.thecvf.com/content/ICCV2025/papers/Gao_Frequency-Guided_Diffusion_for_Training-Free_Text-Driven_Image_Translation_ICCV_2025_paper.pdf
1672,DictAS: A Framework for Class-Generalizable Few-Shot Anomaly Segmentation via Dictionary Lookup,iccv,2025,https://openaccess.thecvf.com/content/ICCV2025/papers/Qu_DictAS_A_Framework_for_Class-Generalizable_Few-Shot_Anomaly_Segmentation_via_Dictionary_ICCV_2025_paper.pdf
1673,DAP-MAE: Domain-Adaptive Point Cloud Masked Autoencoder for Effective Cross-Domain Learning,iccv,2025,https://openaccess.thecvf.com/content/ICCV2025/papers/Gao_DAP-MAE_Domain-Adaptive_Point_Cloud_Masked_Autoencoder_for_Effective_Cross-Domain_Learning_ICCV_2025_paper.pdf
1674,6DOPE-GS: Online 6D Object Pose Estimation using Gaussian Splatting,iccv,2025,https://openaccess.thecvf.com/content/ICCV2025/papers/Jin_6DOPE-GS_Online_6D_Object_Pose_Estimation_using_Gaussian_Splatting_ICCV_2025_paper.pdf
1675,Incremental Few-Shot Semantic Segmentation via Multi-Level Switchable Visual Prompts,iccv,2025,https://openaccess.thecvf.com/content/ICCV2025/papers/Wan_Incremental_Few-Shot_Semantic_Segmentation_via_Multi-Level_Switchable_Visual_Prompts_ICCV_2025_paper.pdf
1676,Faster and Better 3D Splatting via Group Training,iccv,2025,https://openaccess.thecvf.com/content/ICCV2025/papers/Wang_Faster_and_Better_3D_Splatting_via_Group_Training_ICCV_2025_paper.pdf
1677,PLMP - Point-Line Minimal Problems for Projective SfM,iccv,2025,https://openaccess.thecvf.com/content/ICCV2025/papers/Kiehn_PLMP_-_Point-Line_Minimal_Problems_for_Projective_SfM_ICCV_2025_paper.pdf
1678,Flow-MIL: Constructing Highly-expressive Latent Feature Space For Whole Slide Image Classification Using Normalizing Flow,iccv,2025,https://openaccess.thecvf.com/content/ICCV2025/papers/Ma_Flow-MIL_Constructing_Highly-expressive_Latent_Feature_Space_For_Whole_Slide_Image_ICCV_2025_paper.pdf
1679,3DRealCar: An In-the-wild RGB-D Car Dataset with 360-degree Views,iccv,2025,https://openaccess.thecvf.com/content/ICCV2025/papers/Du_3DRealCar_An_In-the-wild_RGB-D_Car_Dataset_with_360-degree_Views_ICCV_2025_paper.pdf
1680,Enhancing Transferability of Targeted Adversarial Examples via Inverse Target Gradient Competition and Spatial Distance Stretching,iccv,2025,https://openaccess.thecvf.com/content/ICCV2025/papers/Li_Enhancing_Transferability_of_Targeted_Adversarial_Examples_via_Inverse_Target_Gradient_ICCV_2025_paper.pdf
1681,MotionShot: Adaptive Motion Transfer across Arbitrary Objects for Text-to-Video Generation,iccv,2025,https://openaccess.thecvf.com/content/ICCV2025/papers/Liu_MotionShot_Adaptive_Motion_Transfer_across_Arbitrary_Objects_for_Text-to-Video_Generation_ICCV_2025_paper.pdf
1682,STIV: Scalable Text and Image Conditioned Video Generation,iccv,2025,https://openaccess.thecvf.com/content/ICCV2025/papers/Lin_STIV_Scalable_Text_and_Image_Conditioned_Video_Generation_ICCV_2025_paper.pdf
1683,Repurposing 2D Diffusion Models with Gaussian Atlas for 3D Generation,iccv,2025,https://openaccess.thecvf.com/content/ICCV2025/papers/Xiang_Repurposing_2D_Diffusion_Models_with_Gaussian_Atlas_for_3D_Generation_ICCV_2025_paper.pdf
1684,"Generating, Fast and Slow: Scalable Parallel Video Generation with Video Interface Networks",iccv,2025,https://openaccess.thecvf.com/content/ICCV2025/papers/Dedhia_Generating_Fast_and_Slow_Scalable_Parallel_Video_Generation_with_Video_ICCV_2025_paper.pdf
1685,The Devil is in the Spurious Correlations: Boosting Moment Retrieval with Dynamic Learning,iccv,2025,https://openaccess.thecvf.com/content/ICCV2025/papers/Zhou_The_Devil_is_in_the_Spurious_Correlations_Boosting_Moment_Retrieval_ICCV_2025_paper.pdf
1686,Guiding Noisy Label Conditional Diffusion Models with Score-based Discriminator Correction,iccv,2025,https://openaccess.thecvf.com/content/ICCV2025/papers/Cong_Guiding_Noisy_Label_Conditional_Diffusion_Models_with_Score-based_Discriminator_Correction_ICCV_2025_paper.pdf
1687,A Conditional Probability Framework for Compositional Zero-shot Learning,iccv,2025,https://openaccess.thecvf.com/content/ICCV2025/papers/Wu_A_Conditional_Probability_Framework_for_Compositional_Zero-shot_Learning_ICCV_2025_paper.pdf
1688,IAP: Invisible Adversarial Patch Attack through Perceptibility-Aware Localization and Perturbation Optimization,iccv,2025,https://openaccess.thecvf.com/content/ICCV2025/papers/Dutta_IAP_Invisible_Adversarial_Patch_Attack_through_Perceptibility-Aware_Localization_and_Perturbation_ICCV_2025_paper.pdf
1689,Advancing Textual Prompt Learning with Anchored Attributes,iccv,2025,https://openaccess.thecvf.com/content/ICCV2025/papers/Li_Advancing_Textual_Prompt_Learning_with_Anchored_Attributes_ICCV_2025_paper.pdf
1690,Event-based Visual Vibrometry,iccv,2025,https://openaccess.thecvf.com/content/ICCV2025/papers/Zhou_Event-based_Visual_Vibrometry_ICCV_2025_paper.pdf
1691,"Keep Your Friends Close, and Your Enemies Farther: Distance-aware Voxel-wise Contrastive Learning for Semi-supervised Multi-organ Segmentation",iccv,2025,https://openaccess.thecvf.com/content/ICCV2025/papers/Zhao_Keep_Your_Friends_Close_and_Your_Enemies_Farther_Distance-aware_Voxel-wise_ICCV_2025_paper.pdf
1692,Online Reasoning Video Segmentation with Just-in-Time Digital Twins,iccv,2025,https://openaccess.thecvf.com/content/ICCV2025/papers/Shen_Online_Reasoning_Video_Segmentation_with_Just-in-Time_Digital_Twins_ICCV_2025_paper.pdf
1693,Robust Multi-View Learning via Representation Fusion of Sample-Level Attention and Alignment of Simulated Perturbation,iccv,2025,https://openaccess.thecvf.com/content/ICCV2025/papers/Xu_Robust_Multi-View_Learning_via_Representation_Fusion_of_Sample-Level_Attention_and_ICCV_2025_paper.pdf
1694,InterSyn: Interleaved Learning for Dynamic Motion Synthesis in the Wild,iccv,2025,https://openaccess.thecvf.com/content/ICCV2025/papers/Ma_InterSyn_Interleaved_Learning_for_Dynamic_Motion_Synthesis_in_the_Wild_ICCV_2025_paper.pdf
1695,SegmentDreamer: Towards High-fidelity Text-to-3D Synthesis with Segmented Consistency Trajectory Distillation,iccv,2025,https://openaccess.thecvf.com/content/ICCV2025/papers/Zhu_SegmentDreamer_Towards_High-fidelity_Text-to-3D_Synthesis_with_Segmented_Consistency_Trajectory_Distillation_ICCV_2025_paper.pdf
1696,InterGSEdit: Interactive 3D Gaussian Splatting Editing with 3D Geometry-Consistent Attention Prior,iccv,2025,https://openaccess.thecvf.com/content/ICCV2025/papers/Wen_InterGSEdit_Interactive_3D_Gaussian_Splatting_Editing_with_3D_Geometry-Consistent_Attention_ICCV_2025_paper.pdf
1697,Fine-Grained Evaluation of Large Vision-Language Models in Autonomous Driving,iccv,2025,https://openaccess.thecvf.com/content/ICCV2025/papers/Li_Fine-Grained_Evaluation_of_Large_Vision-Language_Models_in_Autonomous_Driving_ICCV_2025_paper.pdf
1698,MaTe: Images Are All You Need for Material Transfer via Diffusion Transformer,iccv,2025,https://openaccess.thecvf.com/content/ICCV2025/papers/Huang_MaTe_Images_Are_All_You_Need_for_Material_Transfer_via_ICCV_2025_paper.pdf
1699,Ph-GAN: Physics-Inspired GAN for Generating SAR Images Under Limited Data,iccv,2025,https://openaccess.thecvf.com/content/ICCV2025/papers/Zhang_Ph-GAN_Physics-Inspired_GAN_for_Generating_SAR_Images_Under_Limited_Data_ICCV_2025_paper.pdf
1700,Interpretable point cloud classification using multiple instance learning,iccv,2025,https://openaccess.thecvf.com/content/ICCV2025/papers/De_Vries_Interpretable_point_cloud_classification_using_multiple_instance_learning_ICCV_2025_paper.pdf
1701,Efficient Fine-Tuning of Large Models via Nested Low-Rank Adaptation,iccv,2025,https://openaccess.thecvf.com/content/ICCV2025/papers/Li_Efficient_Fine-Tuning_of_Large_Models_via_Nested_Low-Rank_Adaptation_ICCV_2025_paper.pdf
1702,CoSMIC: Continual Self-supervised Learning for Multi-Domain Medical Imaging via Conditional Mutual Information Maximization,iccv,2025,https://openaccess.thecvf.com/content/ICCV2025/papers/Liu_CoSMIC_Continual_Self-supervised_Learning_for_Multi-Domain_Medical_Imaging_via_Conditional_ICCV_2025_paper.pdf
1703,STAR: Spatial-Temporal Augmentation with Text-to-Video Models for Real-World Video Super-Resolution,iccv,2025,https://openaccess.thecvf.com/content/ICCV2025/papers/Xie_STAR_Spatial-Temporal_Augmentation_with_Text-to-Video_Models_for_Real-World_Video_Super-Resolution_ICCV_2025_paper.pdf
1704,SCAN: Bootstrapping Contrastive Pre-training for Data Efficiency,iccv,2025,https://openaccess.thecvf.com/content/ICCV2025/papers/Guo_SCAN_Bootstrapping_Contrastive_Pre-training_for_Data_Efficiency_ICCV_2025_paper.pdf
1705,Learnable Retrieval Enhanced Visual-Text Alignment and Fusion for Radiology Report Generation,iccv,2025,https://openaccess.thecvf.com/content/ICCV2025/papers/Zhou_Learnable_Retrieval_Enhanced_Visual-Text_Alignment_and_Fusion_for_Radiology_Report_ICCV_2025_paper.pdf
1706,"Revisiting Adversarial Patch Defenses on Object Detectors: Unified Evaluation, Large-Scale Dataset, and New Insights",iccv,2025,https://openaccess.thecvf.com/content/ICCV2025/papers/Zheng_Revisiting_Adversarial_Patch_Defenses_on_Object_Detectors_Unified_Evaluation_Large-Scale_ICCV_2025_paper.pdf
1707,V.I.P. : Iterative Online Preference Distillation for Efficient Video Diffusion Models,iccv,2025,https://openaccess.thecvf.com/content/ICCV2025/papers/Kim_V.I.P.__Iterative_Online_Preference_Distillation_for_Efficient_Video_Diffusion_ICCV_2025_paper.pdf
1708,Diffusion-based Source-biased Model for Single Domain Generalized Object Detection,iccv,2025,https://openaccess.thecvf.com/content/ICCV2025/papers/Jiang_Diffusion-based_Source-biased_Model_for_Single_Domain_Generalized_Object_Detection_ICCV_2025_paper.pdf
1709,Domain Generalizable Portrait Style Transfer,iccv,2025,https://openaccess.thecvf.com/content/ICCV2025/papers/Wang_Domain_Generalizable_Portrait_Style_Transfer_ICCV_2025_paper.pdf
1710,4D-Bench: Benchmarking Multi-modal Large Language Models for 4D Object Understanding,iccv,2025,https://openaccess.thecvf.com/content/ICCV2025/papers/Zhu_4D-Bench_Benchmarking_Multi-modal_Large_Language_Models_for_4D_Object_Understanding_ICCV_2025_paper.pdf
1711,How Do Optical Flow and Textual Prompts Collaborate to Assist in Audio-Visual Semantic Segmentation?,iccv,2025,https://openaccess.thecvf.com/content/ICCV2025/papers/Lee_How_Do_Optical_Flow_and_Textual_Prompts_Collaborate_to_Assist_ICCV_2025_paper.pdf
1712,Devil is in the Uniformity: Exploring Diverse Learners within Transformer for Image Restoration,iccv,2025,https://openaccess.thecvf.com/content/ICCV2025/papers/Zhou_Devil_is_in_the_Uniformity_Exploring_Diverse_Learners_within_Transformer_ICCV_2025_paper.pdf
1713,Epona: Autoregressive Diffusion World Model for Autonomous Driving,iccv,2025,https://openaccess.thecvf.com/content/ICCV2025/papers/Zhang_Epona_Autoregressive_Diffusion_World_Model_for_Autonomous_Driving_ICCV_2025_paper.pdf
1714,Diffusion-based 3D Hand Motion Recovery with Intuitive Physics,iccv,2025,https://openaccess.thecvf.com/content/ICCV2025/papers/Zhang_Diffusion-based_3D_Hand_Motion_Recovery_with_Intuitive_Physics_ICCV_2025_paper.pdf
1715,Visual Surface Wave Elastography: Revealing Subsurface Physical Properties via Visible Surface Waves,iccv,2025,https://openaccess.thecvf.com/content/ICCV2025/papers/Ogren_Visual_Surface_Wave_Elastography_Revealing_Subsurface_Physical_Properties_via_Visible_ICCV_2025_paper.pdf
1716,Leveraging Spatial Invariance to Boost Adversarial Transferability,iccv,2025,https://openaccess.thecvf.com/content/ICCV2025/papers/Zhou_Leveraging_Spatial_Invariance_to_Boost_Adversarial_Transferability_ICCV_2025_paper.pdf
1717,MoSiC: Optimal-Transport Motion Trajectory for Dense Self-Supervised Learning,iccv,2025,https://openaccess.thecvf.com/content/ICCV2025/papers/Salehi_MoSiC_Optimal-Transport_Motion_Trajectory_for_Dense_Self-Supervised_Learning_ICCV_2025_paper.pdf
1718,GDKVM: Echocardiography Video Segmentation via Spatiotemporal Key-Value Memory with Gated Delta Rule,iccv,2025,https://openaccess.thecvf.com/content/ICCV2025/papers/Wang_GDKVM_Echocardiography_Video_Segmentation_via_Spatiotemporal_Key-Value_Memory_with_Gated_ICCV_2025_paper.pdf
1719,ViCTr: Vital Consistency Transfer for Pathology Aware Image Synthesis,iccv,2025,https://openaccess.thecvf.com/content/ICCV2025/papers/Susladkar_ViCTr_Vital_Consistency_Transfer_for_Pathology_Aware_Image_Synthesis_ICCV_2025_paper.pdf
1720,DanceEditor: Towards Iterative Editable Music-driven Dance Generation with Open-Vocabulary Descriptions,iccv,2025,https://openaccess.thecvf.com/content/ICCV2025/papers/Zhang_DanceEditor_Towards_Iterative_Editable_Music-driven_Dance_Generation_with_Open-Vocabulary_Descriptions_ICCV_2025_paper.pdf
1721,When Pixel Difference Patterns Meet ViT: PiDiViT for Few-Shot Object Detection,iccv,2025,https://openaccess.thecvf.com/content/ICCV2025/papers/Zhou_When_Pixel_Difference_Patterns_Meet_ViT_PiDiViT_for_Few-Shot_Object_ICCV_2025_paper.pdf
1722,AnimalClue: Recognizing Animals by their Traces,iccv,2025,https://openaccess.thecvf.com/content/ICCV2025/papers/Shinoda_AnimalClue_Recognizing_Animals_by_their_Traces_ICCV_2025_paper.pdf
1723,From Objects to Events: Unlocking Complex Visual Understanding in Object Detectors via LLM-guided Symbolic Reasoning,iccv,2025,https://openaccess.thecvf.com/content/ICCV2025/papers/Zeng_From_Objects_to_Events_Unlocking_Complex_Visual_Understanding_in_Object_ICCV_2025_paper.pdf
1724,Pruning All-Rounder: Rethinking and Improving Inference Efficiency for Large Vision Language Models,iccv,2025,https://openaccess.thecvf.com/content/ICCV2025/papers/Suo_Pruning_All-Rounder_Rethinking_and_Improving_Inference_Efficiency_for_Large_Vision_ICCV_2025_paper.pdf
1725,Discontinuity-aware Normal Integration for Generic Central Camera Models,iccv,2025,https://openaccess.thecvf.com/content/ICCV2025/papers/Milano_Discontinuity-aware_Normal_Integration_for_Generic_Central_Camera_Models_ICCV_2025_paper.pdf
1726,LazyMAR: Accelerating Masked Autoregressive Models via Feature Caching,iccv,2025,https://openaccess.thecvf.com/content/ICCV2025/papers/Yan_LazyMAR_Accelerating_Masked_Autoregressive_Models_via_Feature_Caching_ICCV_2025_paper.pdf
1727,OmniDiff: A Comprehensive Benchmark for Fine-grained Image Difference Captioning,iccv,2025,https://openaccess.thecvf.com/content/ICCV2025/papers/Liu_OmniDiff_A_Comprehensive_Benchmark_for_Fine-grained_Image_Difference_Captioning_ICCV_2025_paper.pdf
1728,MAESTRO: Task-Relevant Optimization via Adaptive Feature Enhancement and Suppression for Multi-task 3D Perception,iccv,2025,https://openaccess.thecvf.com/content/ICCV2025/papers/Kang_MAESTRO_Task-Relevant_Optimization_via_Adaptive_Feature_Enhancement_and_Suppression_for_ICCV_2025_paper.pdf
1729,MM-Spatial: Exploring 3D Spatial Understanding in Multimodal LLMs,iccv,2025,https://openaccess.thecvf.com/content/ICCV2025/papers/Daxberger_MM-Spatial_Exploring_3D_Spatial_Understanding_in_Multimodal_LLMs_ICCV_2025_paper.pdf
1730,CasP: Improving Semi-Dense Feature Matching Pipeline Leveraging Cascaded Correspondence Priors for Guidance,iccv,2025,https://openaccess.thecvf.com/content/ICCV2025/papers/Chen_CasP_Improving_Semi-Dense_Feature_Matching_Pipeline_Leveraging_Cascaded_Correspondence_Priors_ICCV_2025_paper.pdf
1731,Multimodal Latent Diffusion Model for Complex Sewing Pattern Generation,iccv,2025,https://openaccess.thecvf.com/content/ICCV2025/papers/Liu_Multimodal_Latent_Diffusion_Model_for_Complex_Sewing_Pattern_Generation_ICCV_2025_paper.pdf
1732,CObL: Toward Zero-Shot Ordinal Layering without User Prompting,iccv,2025,https://openaccess.thecvf.com/content/ICCV2025/papers/Damaraju_CObL_Toward_Zero-Shot_Ordinal_Layering_without_User_Prompting_ICCV_2025_paper.pdf
1733,Rethinking the Upsampling Process in Light Field Super-Resolution with Spatial-Epipolar Implicit Image Function,iccv,2025,https://openaccess.thecvf.com/content/ICCV2025/papers/Cong_Rethinking_the_Upsampling_Process_in_Light_Field_Super-Resolution_with_Spatial-Epipolar_ICCV_2025_paper.pdf
1734,GGTalker: Talking Head Systhesis with Generalizable Gaussian Priors and Identity-Specific Adaptation,iccv,2025,https://openaccess.thecvf.com/content/ICCV2025/papers/Hu_GGTalker_Talking_Head_Systhesis_with_Generalizable_Gaussian_Priors_and_Identity-Specific_ICCV_2025_paper.pdf
1735,SAC-GNC: SAmple Consensus for adaptive Graduated Non-Convexity,iccv,2025,https://openaccess.thecvf.com/content/ICCV2025/papers/Piedade_SAC-GNC_SAmple_Consensus_for_adaptive_Graduated_Non-Convexity_ICCV_2025_paper.pdf
1736,VGGSounder: Audio-Visual Evaluations for Foundation Models,iccv,2025,https://openaccess.thecvf.com/content/ICCV2025/papers/Zverev_VGGSounder_Audio-Visual_Evaluations_for_Foundation_Models_ICCV_2025_paper.pdf
1737,ResQ: A Novel Framework to Implement Residual Neural Networks on Analog Rydberg Atom Quantum Computers,iccv,2025,https://openaccess.thecvf.com/content/ICCV2025/papers/DiBrita_ResQ_A_Novel_Framework_to_Implement_Residual_Neural_Networks_on_ICCV_2025_paper.pdf
1738,Make Me Happier: Evoking Emotions Through Image Diffusion Models,iccv,2025,https://openaccess.thecvf.com/content/ICCV2025/papers/Lin_Make_Me_Happier_Evoking_Emotions_Through_Image_Diffusion_Models_ICCV_2025_paper.pdf
1739,SimpleVQA: Multimodal Factuality Evaluation for Multimodal Large Language Models,iccv,2025,https://openaccess.thecvf.com/content/ICCV2025/papers/Cheng_SimpleVQA_Multimodal_Factuality_Evaluation_for_Multimodal_Large_Language_Models_ICCV_2025_paper.pdf
1740,DiTFastAttnV2: Head-wise Attention Compression for Multi-Modality Diffusion Transformers,iccv,2025,https://openaccess.thecvf.com/content/ICCV2025/papers/Zhang_DiTFastAttnV2_Head-wise_Attention_Compression_for_Multi-Modality_Diffusion_Transformers_ICCV_2025_paper.pdf
1741,Find a Scapegoat: Poisoning Membership Inference Attack and Defense to Federated Learning,iccv,2025,https://openaccess.thecvf.com/content/ICCV2025/papers/Mo_Find_a_Scapegoat_Poisoning_Membership_Inference_Attack_and_Defense_to_ICCV_2025_paper.pdf
1742,Generalized Tensor-based Parameter-Efficient Fine-Tuning via Lie Group Transformations,iccv,2025,https://openaccess.thecvf.com/content/ICCV2025/papers/Si_Generalized_Tensor-based_Parameter-Efficient_Fine-Tuning_via_Lie_Group_Transformations_ICCV_2025_paper.pdf
1743,GAS: Generative Avatar Synthesis from a Single Image,iccv,2025,https://openaccess.thecvf.com/content/ICCV2025/papers/Lu_GAS_Generative_Avatar_Synthesis_from_a_Single_Image_ICCV_2025_paper.pdf
1744,GenM3: Generative Pretrained Multi-path Motion Model for Text Conditional Human Motion Generation,iccv,2025,https://openaccess.thecvf.com/content/ICCV2025/papers/Shi_GenM3_Generative_Pretrained_Multi-path_Motion_Model_for_Text_Conditional_Human_ICCV_2025_paper.pdf
1745,Coordinate-based Speed of Sound Recovery for Aberration-Corrected Photoacoustic Computed Tomography,iccv,2025,https://openaccess.thecvf.com/content/ICCV2025/papers/Li_Coordinate-based_Speed_of_Sound_Recovery_for_Aberration-Corrected_Photoacoustic_Computed_Tomography_ICCV_2025_paper.pdf
1746,Granular Concept Circuits: Toward a Fine-Grained Circuit Discovery for Concept Representations,iccv,2025,https://openaccess.thecvf.com/content/ICCV2025/papers/Kwon_Granular_Concept_Circuits_Toward_a_Fine-Grained_Circuit_Discovery_for_Concept_ICCV_2025_paper.pdf
1747,Diversity-Enhanced Distribution Alignment for Dataset Distillation,iccv,2025,https://openaccess.thecvf.com/content/ICCV2025/papers/Li_Diversity-Enhanced_Distribution_Alignment_for_Dataset_Distillation_ICCV_2025_paper.pdf
1748,OCR Hinders RAG: Evaluating the Cascading Impact of OCR on Retrieval-Augmented Generation,iccv,2025,https://openaccess.thecvf.com/content/ICCV2025/papers/Zhang_OCR_Hinders_RAG_Evaluating_the_Cascading_Impact_of_OCR_on_ICCV_2025_paper.pdf
1749,HarmonySeg: Tubular Structure Segmentation with Deep-Shallow Feature Fusion and Growth-Suppression Balanced Loss,iccv,2025,https://openaccess.thecvf.com/content/ICCV2025/papers/Huang_HarmonySeg_Tubular_Structure_Segmentation_with_Deep-Shallow_Feature_Fusion_and_Growth-Suppression_ICCV_2025_paper.pdf
1750,Semi-supervised Concept Bottleneck Models,iccv,2025,https://openaccess.thecvf.com/content/ICCV2025/papers/Hu_Semi-supervised_Concept_Bottleneck_Models_ICCV_2025_paper.pdf
1751,Can Knowledge be Transferred from Unimodal to Multimodal? Investigating the Transitivity of Multimodal Knowledge Editing,iccv,2025,https://openaccess.thecvf.com/content/ICCV2025/papers/Fang_Can_Knowledge_be_Transferred_from_Unimodal_to_Multimodal_Investigating_the_ICCV_2025_paper.pdf
1752,Beyond Training: Dynamic Token Merging for Zero-Shot Video Understanding,iccv,2025,https://openaccess.thecvf.com/content/ICCV2025/papers/Zhang_Beyond_Training_Dynamic_Token_Merging_for_Zero-Shot_Video_Understanding_ICCV_2025_paper.pdf
1753,CounterPC: Counterfactual Feature Realignment for Unsupervised Domain Adaptation on Point Clouds,iccv,2025,https://openaccess.thecvf.com/content/ICCV2025/papers/Yang_CounterPC_Counterfactual_Feature_Realignment_for_Unsupervised_Domain_Adaptation_on_Point_ICCV_2025_paper.pdf
1754,MPG-SAM 2: Adapting SAM 2 with Mask Priors and Global Context for Referring Video Object Segmentation,iccv,2025,https://openaccess.thecvf.com/content/ICCV2025/papers/Rong_MPG-SAM_2_Adapting_SAM_2_with_Mask_Priors_and_Global_ICCV_2025_paper.pdf
1755,FreeSplatter: Pose-free Gaussian Splatting for Sparse-view 3D Reconstruction,iccv,2025,https://openaccess.thecvf.com/content/ICCV2025/papers/Xu_FreeSplatter_Pose-free_Gaussian_Splatting_for_Sparse-view_3D_Reconstruction_ICCV_2025_paper.pdf
1756,FreqPDE: Rethinking Positional Depth Embedding for Multi-View 3D Object Detection Transformers,iccv,2025,https://openaccess.thecvf.com/content/ICCV2025/papers/Su_FreqPDE_Rethinking_Positional_Depth_Embedding_for_Multi-View_3D_Object_Detection_ICCV_2025_paper.pdf
1757,Hierarchy-Aware Pseudo Word Learning with Text Adaptation for Zero-Shot Composed Image Retrieval,iccv,2025,https://openaccess.thecvf.com/content/ICCV2025/papers/Li_Hierarchy-Aware_Pseudo_Word_Learning_with_Text_Adaptation_for_Zero-Shot_Composed_ICCV_2025_paper.pdf
1758,WSI-LLaVA: A Multimodal Large Language Model for Whole Slide Image,iccv,2025,https://openaccess.thecvf.com/content/ICCV2025/papers/Liang_WSI-LLaVA_A_Multimodal_Large_Language_Model_for_Whole_Slide_Image_ICCV_2025_paper.pdf
1759,GLEAM: Learning Generalizable Exploration Policy for Active Mapping in Complex 3D Indoor Scene,iccv,2025,https://openaccess.thecvf.com/content/ICCV2025/papers/Chen_GLEAM_Learning_Generalizable_Exploration_Policy_for_Active_Mapping_in_Complex_ICCV_2025_paper.pdf
1760,DialNav: Multi-turn Dialog Navigation with a Remote Guide,iccv,2025,https://openaccess.thecvf.com/content/ICCV2025/papers/Han_DialNav_Multi-turn_Dialog_Navigation_with_a_Remote_Guide_ICCV_2025_paper.pdf
1761,VLDrive: Vision-Augmented Lightweight MLLMs for Efficient Language-grounded Autonomous Driving,iccv,2025,https://openaccess.thecvf.com/content/ICCV2025/papers/Zhang_VLDrive_Vision-Augmented_Lightweight_MLLMs_for_Efficient_Language-grounded_Autonomous_Driving_ICCV_2025_paper.pdf
1762,Ponimator: Unfolding Interactive Pose for Versatile Human-human Interaction Animation,iccv,2025,https://openaccess.thecvf.com/content/ICCV2025/papers/Liu_Ponimator_Unfolding_Interactive_Pose_for_Versatile_Human-human_Interaction_Animation_ICCV_2025_paper.pdf
1763,Streamlining Image Editing with Layered Diffusion Brushes,iccv,2025,https://openaccess.thecvf.com/content/ICCV2025/papers/Gholami_Streamlining_Image_Editing_with_Layered_Diffusion_Brushes_ICCV_2025_paper.pdf
1764,ObjectMate: A Recurrence Prior for Object Insertion and Subject-Driven Generation,iccv,2025,https://openaccess.thecvf.com/content/ICCV2025/papers/Winter_ObjectMate_A_Recurrence_Prior_for_Object_Insertion_and_Subject-Driven_Generation_ICCV_2025_paper.pdf
1765,CycleVAR: Repurposing Autoregressive Model for Unsupervised One-Step Image Translation,iccv,2025,https://openaccess.thecvf.com/content/ICCV2025/papers/Liu_CycleVAR_Repurposing_Autoregressive_Model_for_Unsupervised_One-Step_Image_Translation_ICCV_2025_paper.pdf
1766,Synthetic Video Enhances Physical Fidelity in Video Synthesis,iccv,2025,https://openaccess.thecvf.com/content/ICCV2025/papers/Zhao_Synthetic_Video_Enhances_Physical_Fidelity_in_Video_Synthesis_ICCV_2025_paper.pdf
1767,Enhancing Partially Relevant Video Retrieval with Hyperbolic Learning,iccv,2025,https://openaccess.thecvf.com/content/ICCV2025/papers/Li_Enhancing_Partially_Relevant_Video_Retrieval_with_Hyperbolic_Learning_ICCV_2025_paper.pdf
1768,Ultra High-Resolution Image Inpainting with Patch-Based Content Consistency Adapter,iccv,2025,https://openaccess.thecvf.com/content/ICCV2025/papers/Zhang_Ultra_High-Resolution_Image_Inpainting_with_Patch-Based_Content_Consistency_Adapter_ICCV_2025_paper.pdf
1769,OURO: A Self-Bootstrapped Framework for Enhancing Multimodal Scene Understanding,iccv,2025,https://openaccess.thecvf.com/content/ICCV2025/papers/Xu_OURO_A_Self-Bootstrapped_Framework_for_Enhancing_Multimodal_Scene_Understanding_ICCV_2025_paper.pdf
1770,DiGA3D: Coarse-to-Fine Diffusional Propagation of Geometry and Appearance for Versatile 3D Inpainting,iccv,2025,https://openaccess.thecvf.com/content/ICCV2025/papers/Pan_DiGA3D_Coarse-to-Fine_Diffusional_Propagation_of_Geometry_and_Appearance_for_Versatile_ICCV_2025_paper.pdf
1771,Text-to-Any-Skeleton Motion Generation Without Retargeting,iccv,2025,https://openaccess.thecvf.com/content/ICCV2025/papers/Liu_Text-to-Any-Skeleton_Motion_Generation_Without_Retargeting_ICCV_2025_paper.pdf
1772,EVDM: Event-based Real-world Video Deblurring with Mamba,iccv,2025,https://openaccess.thecvf.com/content/ICCV2025/papers/Sun_EVDM_Event-based_Real-world_Video_Deblurring_with_Mamba_ICCV_2025_paper.pdf
1773,Learning Yourself: Class-Incremental Semantic Segmentation with Language-Inspired Bootstrapped Disentanglement,iccv,2025,https://openaccess.thecvf.com/content/ICCV2025/papers/Wu_Learning_Yourself_Class-Incremental_Semantic_Segmentation_with_Language-Inspired_Bootstrapped_Disentanglement_ICCV_2025_paper.pdf
1774,Towards Fine-grained Interactive Segmentation in Images and Videos,iccv,2025,https://openaccess.thecvf.com/content/ICCV2025/papers/Yao_Towards_Fine-grained_Interactive_Segmentation_in_Images_and_Videos_ICCV_2025_paper.pdf
1775,FaceXFormer: A Unified Transformer for Facial Analysis,iccv,2025,https://openaccess.thecvf.com/content/ICCV2025/papers/Narayan_FaceXFormer_A_Unified_Transformer_for_Facial_Analysis_ICCV_2025_paper.pdf
1776,Puzzle Similarity: A Perceptually-guided Cross-Reference Metric for Artifact Detection in 3D Scene Reconstructions,iccv,2025,https://openaccess.thecvf.com/content/ICCV2025/papers/Hermann_Puzzle_Similarity_A_Perceptually-guided_Cross-Reference_Metric_for_Artifact_Detection_in_ICCV_2025_paper.pdf
1777,InstantEdit: Text-Guided Few-Step Image Editing with Piecewise Rectified Flow,iccv,2025,https://openaccess.thecvf.com/content/ICCV2025/papers/Gong_InstantEdit_Text-Guided_Few-Step_Image_Editing_with_Piecewise_Rectified_Flow_ICCV_2025_paper.pdf
1778,The Source Image is the Best Attention for Infrared and Visible Image Fusion,iccv,2025,https://openaccess.thecvf.com/content/ICCV2025/papers/Wang_The_Source_Image_is_the_Best_Attention_for_Infrared_and_ICCV_2025_paper.pdf
1779,Princeton365: A Diverse Dataset with Accurate Camera Pose,iccv,2025,https://openaccess.thecvf.com/content/ICCV2025/papers/Kayan_Princeton365_A_Diverse_Dataset_with_Accurate_Camera_Pose_ICCV_2025_paper.pdf
1780,Towards Immersive Human-X Interaction: A Real-Time Framework for Physically Plausible Motion Synthesis,iccv,2025,https://openaccess.thecvf.com/content/ICCV2025/papers/Ji_Towards_Immersive_Human-X_Interaction_A_Real-Time_Framework_for_Physically_Plausible_ICCV_2025_paper.pdf
1781,Generative Video Bi-flow,iccv,2025,https://openaccess.thecvf.com/content/ICCV2025/papers/Liu_Generative_Video_Bi-flow_ICCV_2025_paper.pdf
1782,AlignDiff: Learning Physically-Grounded Camera Alignment via Diffusion,iccv,2025,https://openaccess.thecvf.com/content/ICCV2025/papers/Xie_AlignDiff_Learning_Physically-Grounded_Camera_Alignment_via_Diffusion_ICCV_2025_paper.pdf
1783,EFTViT: Efficient Federated Training of Vision Transformers with Masked Images on Resource-Constrained Clients,iccv,2025,https://openaccess.thecvf.com/content/ICCV2025/papers/Wu_EFTViT_Efficient_Federated_Training_of_Vision_Transformers_with_Masked_Images_ICCV_2025_paper.pdf
1784,A Structure-aware and Motion-adaptive Framework for 3D Human Pose Estimation with Mamba,iccv,2025,https://openaccess.thecvf.com/content/ICCV2025/papers/Lu_A_Structure-aware_and_Motion-adaptive_Framework_for_3D_Human_Pose_Estimation_ICCV_2025_paper.pdf
1785,Toward Fair and Accurate Cross-Domain Medical Image Segmentation: A VLM-Driven Active Domain Adaptation Paradigm,iccv,2025,https://openaccess.thecvf.com/content/ICCV2025/papers/Wang_Toward_Fair_and_Accurate_Cross-Domain_Medical_Image_Segmentation_A_VLM-Driven_ICCV_2025_paper.pdf
1786,Scaling Transformer-Based Novel View Synthesis with Models Token Disentanglement and Synthetic Data,iccv,2025,https://openaccess.thecvf.com/content/ICCV2025/papers/Nair_Scaling_Transformer-Based_Novel_View_Synthesis_with_Models_Token_Disentanglement_and_ICCV_2025_paper.pdf
1787,FED-PsyAU: Privacy-Preserving Micro-Expression Recognition via Psychological AU Coordination and Dynamic Facial Motion Modeling,iccv,2025,https://openaccess.thecvf.com/content/ICCV2025/papers/Li_FED-PsyAU_Privacy-Preserving_Micro-Expression_Recognition_via_Psychological_AU_Coordination_and_Dynamic_ICCV_2025_paper.pdf
1788,SAFER: Sharpness Aware layer-selective Finetuning for Enhanced Robustness in vision transformers,iccv,2025,https://openaccess.thecvf.com/content/ICCV2025/papers/Gopal_SAFER_Sharpness_Aware_layer-selective_Finetuning_for_Enhanced_Robustness_in_vision_ICCV_2025_paper.pdf
1789,ClearSight: Human Vision-Inspired Solutions for Event-Based Motion Deblurring,iccv,2025,https://openaccess.thecvf.com/content/ICCV2025/papers/Lin_ClearSight_Human_Vision-Inspired_Solutions_for_Event-Based_Motion_Deblurring_ICCV_2025_paper.pdf
1790,Event-aided Dense and Continuous Point Tracking: Everywhere and Anytime,iccv,2025,https://openaccess.thecvf.com/content/ICCV2025/papers/Wan_Event-aided_Dense_and_Continuous_Point_Tracking_Everywhere_and_Anytime_ICCV_2025_paper.pdf
1791,Stable-Sim2Real: Exploring Simulation of Real-Captured 3D Data with Two-Stage Depth Diffusion,iccv,2025,https://openaccess.thecvf.com/content/ICCV2025/papers/Xu_Stable-Sim2Real_Exploring_Simulation_of_Real-Captured_3D_Data_with_Two-Stage_Depth_ICCV_2025_paper.pdf
1792,Towards Real Unsupervised Anomaly Detection Via Confident Meta-Learning,iccv,2025,https://openaccess.thecvf.com/content/ICCV2025/papers/Aqeel_Towards_Real_Unsupervised_Anomaly_Detection_Via_Confident_Meta-Learning_ICCV_2025_paper.pdf
1793,Multi-Schema Proximity Network for Composed Image Retrieval,iccv,2025,https://openaccess.thecvf.com/content/ICCV2025/papers/Shi_Multi-Schema_Proximity_Network_for_Composed_Image_Retrieval_ICCV_2025_paper.pdf
1794,Unified Video Generation via Next-Set Prediction in Continuous Domain,iccv,2025,https://openaccess.thecvf.com/content/ICCV2025/papers/Feng_Unified_Video_Generation_via_Next-Set_Prediction_in_Continuous_Domain_ICCV_2025_paper.pdf
1795,Latent-Reframe: Enabling Camera Control for Video Diffusion Models without Training,iccv,2025,https://openaccess.thecvf.com/content/ICCV2025/papers/Zhou_Latent-Reframe_Enabling_Camera_Control_for_Video_Diffusion_Models_without_Training_ICCV_2025_paper.pdf
1796,EditCLIP: Representation Learning for Image Editing,iccv,2025,https://openaccess.thecvf.com/content/ICCV2025/papers/Wang_EditCLIP_Representation_Learning_for_Image_Editing_ICCV_2025_paper.pdf
1797,Efficient Event Camera Data Pretraining with Adaptive Prompt Fusion,iccv,2025,https://openaccess.thecvf.com/content/ICCV2025/papers/Liang_Efficient_Event_Camera_Data_Pretraining_with_Adaptive_Prompt_Fusion_ICCV_2025_paper.pdf
1798,Tiling artifacts and trade-offs of feature normalization in the segmentation of large biological images,iccv,2025,https://openaccess.thecvf.com/content/ICCV2025/papers/Buglakova_Tiling_artifacts_and_trade-offs_of_feature_normalization_in_the_segmentation_ICCV_2025_paper.pdf
1799,Harnessing Text-to-Image Diffusion Models for Point Cloud Self-Supervised Learning,iccv,2025,https://openaccess.thecvf.com/content/ICCV2025/papers/Chen_Harnessing_Text-to-Image_Diffusion_Models_for_Point_Cloud_Self-Supervised_Learning_ICCV_2025_paper.pdf
1800,Bridging the Gap between Brain and Machine in Interpreting Visual Semantics: Towards Self-adaptive Brain-to-Text Decoding,iccv,2025,https://openaccess.thecvf.com/content/ICCV2025/papers/Chen_Bridging_the_Gap_between_Brain_and_Machine_in_Interpreting_Visual_ICCV_2025_paper.pdf
1801,Doppler-Aware LiDAR-RADAR Fusion for Weather-Robust 3D Detection,iccv,2025,https://openaccess.thecvf.com/content/ICCV2025/papers/Chae_Doppler-Aware_LiDAR-RADAR_Fusion_for_Weather-Robust_3D_Detection_ICCV_2025_paper.pdf
1802,RoboAnnotatorX: A Comprehensive and Universal Annotation Framework for Accurate Understanding of Long-horizon Robot Demonstration,iccv,2025,https://openaccess.thecvf.com/content/ICCV2025/papers/Kou_RoboAnnotatorX_A_Comprehensive_and_Universal_Annotation_Framework_for_Accurate_Understanding_ICCV_2025_paper.pdf
1803,On-Device Diffusion Transformer Policy for Efficient Robot Manipulation,iccv,2025,https://openaccess.thecvf.com/content/ICCV2025/papers/Wu_On-Device_Diffusion_Transformer_Policy_for_Efficient_Robot_Manipulation_ICCV_2025_paper.pdf
1804,Unsupervised Part Discovery via Descriptor-Based Masked Image Restoration with Optimized Constraints,iccv,2025,https://openaccess.thecvf.com/content/ICCV2025/papers/Xia_Unsupervised_Part_Discovery_via_Descriptor-Based_Masked_Image_Restoration_with_Optimized_ICCV_2025_paper.pdf
1805,VideoOrion: Tokenizing Object Dynamics in Videos,iccv,2025,https://openaccess.thecvf.com/content/ICCV2025/papers/Feng_VideoOrion_Tokenizing_Object_Dynamics_in_Videos_ICCV_2025_paper.pdf
1806,Training-Free Text-Guided Image Editing with Visual Autoregressive Model,iccv,2025,https://openaccess.thecvf.com/content/ICCV2025/papers/Wang_Training-Free_Text-Guided_Image_Editing_with_Visual_Autoregressive_Model_ICCV_2025_paper.pdf
1807,Cracking Instance Jigsaw Puzzles: An Alternative to Multiple Instance Learning for Whole Slide Image Analysis,iccv,2025,https://openaccess.thecvf.com/content/ICCV2025/papers/Chen_Cracking_Instance_Jigsaw_Puzzles_An_Alternative_to_Multiple_Instance_Learning_ICCV_2025_paper.pdf
1808,SPD: Shallow Backdoor Protecting Deep Backdoor Against Backdoor Detection,iccv,2025,https://openaccess.thecvf.com/content/ICCV2025/papers/Yuan_SPD_Shallow_Backdoor_Protecting_Deep_Backdoor_Against_Backdoor_Detection_ICCV_2025_paper.pdf
1809,RealGeneral: Unifying Visual Generation via Temporal In-Context Learning with Video Models,iccv,2025,https://openaccess.thecvf.com/content/ICCV2025/papers/Lin_RealGeneral_Unifying_Visual_Generation_via_Temporal_In-Context_Learning_with_Video_ICCV_2025_paper.pdf
1810,Mamba-3VL: Taming State Space Model for 3D Vision Language Learning,iccv,2025,https://openaccess.thecvf.com/content/ICCV2025/papers/Wang_Mamba-3VL_Taming_State_Space_Model_for_3D_Vision_Language_Learning_ICCV_2025_paper.pdf
1811,Fine-structure Preserved Real-world Image Super-resolution via Transfer VAE Training,iccv,2025,https://openaccess.thecvf.com/content/ICCV2025/papers/Yi_Fine-structure_Preserved_Real-world_Image_Super-resolution_via_Transfer_VAE_Training_ICCV_2025_paper.pdf
1812,FlowR: Flowing from Sparse to Dense 3D Reconstructions,iccv,2025,https://openaccess.thecvf.com/content/ICCV2025/papers/Fischer_FlowR_Flowing_from_Sparse_to_Dense_3D_Reconstructions_ICCV_2025_paper.pdf
1813,Augmented Mass-Spring Model for Real-Time Dense Hair Simulation,iccv,2025,https://openaccess.thecvf.com/content/ICCV2025/papers/H._Augmented_Mass-Spring_Model_for_Real-Time_Dense_Hair_Simulation_ICCV_2025_paper.pdf
1814,IQA-Adapter: Exploring Knowledge Transfer from Image Quality Assessment to Diffusion-based Generative Models,iccv,2025,https://openaccess.thecvf.com/content/ICCV2025/papers/Abud_IQA-Adapter_Exploring_Knowledge_Transfer_from_Image_Quality_Assessment_to_Diffusion-based_ICCV_2025_paper.pdf
1815,SPA: Efficient User-Preference Alignment against Uncertainty in Medical Image Segmentation,iccv,2025,https://openaccess.thecvf.com/content/ICCV2025/papers/Zhu_SPA_Efficient_User-Preference_Alignment_against_Uncertainty_in_Medical_Image_Segmentation_ICCV_2025_paper.pdf
1816,GaussianReg: Rapid 2D/3D Registration for Emergency Surgery via Explicit 3D Modeling with Gaussian Primitives,iccv,2025,https://openaccess.thecvf.com/content/ICCV2025/papers/Yu_GaussianReg_Rapid_2D3D_Registration_for_Emergency_Surgery_via_Explicit_3D_ICCV_2025_paper.pdf
1817,Robustifying Zero-Shot Vision Language Models by Subspaces Alignment,iccv,2025,https://openaccess.thecvf.com/content/ICCV2025/papers/Dong_Robustifying_Zero-Shot_Vision_Language_Models_by_Subspaces_Alignment_ICCV_2025_paper.pdf
1818,Performing Defocus Deblurring by Modeling its Formation Process,iccv,2025,https://openaccess.thecvf.com/content/ICCV2025/papers/Zhang_Performing_Defocus_Deblurring_by_Modeling_its_Formation_Process_ICCV_2025_paper.pdf
1819,Towards Effective Foundation Model Adaptation for Extreme Cross-Domain Few-Shot Learning,iccv,2025,https://openaccess.thecvf.com/content/ICCV2025/papers/Zhou_Towards_Effective_Foundation_Model_Adaptation_for_Extreme_Cross-Domain_Few-Shot_Learning_ICCV_2025_paper.pdf
1820,GaRe: Relightable 3D Gaussian Splatting for Outdoor Scenes from Unconstrained Photo Collections,iccv,2025,https://openaccess.thecvf.com/content/ICCV2025/papers/Bai_GaRe_Relightable_3D_Gaussian_Splatting_for_Outdoor_Scenes_from_Unconstrained_ICCV_2025_paper.pdf
1821,LoD-Loc v2: Aerial Visual Localization over Low Level-of-Detail City Models using Explicit Silhouette Alignment,iccv,2025,https://openaccess.thecvf.com/content/ICCV2025/papers/Zhu_LoD-Loc_v2_Aerial_Visual_Localization_over_Low_Level-of-Detail_City_Models_ICCV_2025_paper.pdf
1822,RomanTex: Decoupling 3D-aware Rotary Positional Embedded Multi-Attention Network for Texture Synthesis,iccv,2025,https://openaccess.thecvf.com/content/ICCV2025/papers/Feng_RomanTex_Decoupling_3D-aware_Rotary_Positional_Embedded_Multi-Attention_Network_for_Texture_ICCV_2025_paper.pdf
1823,Phantom: Subject-Consistent Video Generation via Cross-Modal Alignment,iccv,2025,https://openaccess.thecvf.com/content/ICCV2025/papers/Liu_Phantom_Subject-Consistent_Video_Generation_via_Cross-Modal_Alignment_ICCV_2025_paper.pdf
1824,EYE3:Turn Anything into Naked-eye 3D,iccv,2025,https://openaccess.thecvf.com/content/ICCV2025/papers/Song_EYE3Turn_Anything_into_Naked-eye_3D_ICCV_2025_paper.pdf
1825,Boosting Class Representation via Semantically Related Instances for Robust Long-Tailed Learning with Noisy Labels,iccv,2025,https://openaccess.thecvf.com/content/ICCV2025/papers/Li_Boosting_Class_Representation_via_Semantically_Related_Instances_for_Robust_Long-Tailed_ICCV_2025_paper.pdf
1826,You Are Your Own Best Teacher: Achieving Centralized-level Performance in Federated Learning under Heterogeneous and Long-tailed Data,iccv,2025,https://openaccess.thecvf.com/content/ICCV2025/papers/Yan_You_Are_Your_Own_Best_Teacher_Achieving_Centralized-level_Performance_in_ICCV_2025_paper.pdf
1827,IFAdapter: Instance Feature Control for Grounded Text-to-Image Generation,iccv,2025,https://openaccess.thecvf.com/content/ICCV2025/papers/Wu_IFAdapter_Instance_Feature_Control_for_Grounded_Text-to-Image_Generation_ICCV_2025_paper.pdf
1828,StableDepth: Scene-Consistent and Scale-Invariant Monocular Depth,iccv,2025,https://openaccess.thecvf.com/content/ICCV2025/papers/Zhang_StableDepth_Scene-Consistent_and_Scale-Invariant_Monocular_Depth_ICCV_2025_paper.pdf
1829,LV-MAE: Learning Long Video Representations through Masked-Embedding Autoencoders,iccv,2025,https://openaccess.thecvf.com/content/ICCV2025/papers/Naiman_LV-MAE_Learning_Long_Video_Representations_through_Masked-Embedding_Autoencoders_ICCV_2025_paper.pdf
1830,Personalized Federated Learning under Local Supervision,iccv,2025,https://openaccess.thecvf.com/content/ICCV2025/papers/Liu_Personalized_Federated_Learning_under_Local_Supervision_ICCV_2025_paper.pdf
1831,STDDNet: Harnessing Mamba for Video Polyp Segmentation via Spatial-aligned Temporal Modeling and Discriminative Dynamic Representation Learning,iccv,2025,https://openaccess.thecvf.com/content/ICCV2025/papers/Chen_STDDNet_Harnessing_Mamba_for_Video_Polyp_Segmentation_via_Spatial-aligned_Temporal_ICCV_2025_paper.pdf
1832,DIMO: Diverse 3D Motion Generation for Arbitrary Objects,iccv,2025,https://openaccess.thecvf.com/content/ICCV2025/papers/Mou_DIMO_Diverse_3D_Motion_Generation_for_Arbitrary_Objects_ICCV_2025_paper.pdf
1833,Enhancing Spatial Reasoning in Multimodal Large Language Models through Reasoning-based Segmentation,iccv,2025,https://openaccess.thecvf.com/content/ICCV2025/papers/Ning_Enhancing_Spatial_Reasoning_in_Multimodal_Large_Language_Models_through_Reasoning-based_ICCV_2025_paper.pdf
1834,MMAD: Multi-label Micro-Action Detection in Videos,iccv,2025,https://openaccess.thecvf.com/content/ICCV2025/papers/Li_MMAD_Multi-label_Micro-Action_Detection_in_Videos_ICCV_2025_paper.pdf
1835,Human-in-the-Loop Local Corrections of 3D Scene Layouts via Infilling,iccv,2025,https://openaccess.thecvf.com/content/ICCV2025/papers/Xie_Human-in-the-Loop_Local_Corrections_of_3D_Scene_Layouts_via_Infilling_ICCV_2025_paper.pdf
1836,2D Gaussian Splatting-based Sparse-view Transparent Object Depth Reconstruction via Physics Simulation for Scene Update,iccv,2025,https://openaccess.thecvf.com/content/ICCV2025/papers/Kim_2D_Gaussian_Splatting-based_Sparse-view_Transparent_Object_Depth_Reconstruction_via_Physics_ICCV_2025_paper.pdf
1837,HouseCrafter: Lifting Floorplans to 3D Scenes with 2D Diffusion Models,iccv,2025,https://openaccess.thecvf.com/content/ICCV2025/papers/Chen_HouseCrafter_Lifting_Floorplans_to_3D_Scenes_with_2D_Diffusion_Models_ICCV_2025_paper.pdf
1838,Fast Globally Optimal and Geometrically Consistent 3D Shape Matching,iccv,2025,https://openaccess.thecvf.com/content/ICCV2025/papers/Roetzer_Fast_Globally_Optimal_and_Geometrically_Consistent_3D_Shape_Matching_ICCV_2025_paper.pdf
1839,Guiding Diffusion Models with Adaptive Negative Sampling Without External Resources,iccv,2025,https://openaccess.thecvf.com/content/ICCV2025/papers/Desai_Guiding_Diffusion_Models_with_Adaptive_Negative_Sampling_Without_External_Resources_ICCV_2025_paper.pdf
1840,AlignGuard: Scalable Safety Alignment for Text-to-Image Generation,iccv,2025,https://openaccess.thecvf.com/content/ICCV2025/papers/Liu_AlignGuard_Scalable_Safety_Alignment_for_Text-to-Image_Generation_ICCV_2025_paper.pdf
1841,Function-centric Bayesian Network for Zero-Shot Object Goal Navigation,iccv,2025,https://openaccess.thecvf.com/content/ICCV2025/papers/Zhang_Function-centric_Bayesian_Network_for_Zero-Shot_Object_Goal_Navigation_ICCV_2025_paper.pdf
1842,Preserve Anything: Controllable Image Synthesis with Object Preservation,iccv,2025,https://openaccess.thecvf.com/content/ICCV2025/papers/Sharma_Preserve_Anything_Controllable_Image_Synthesis_with_Object_Preservation_ICCV_2025_paper.pdf
1843,Leveraging Local Patch Alignment to Seam-cutting for Large Parallax Image Stitching,iccv,2025,https://openaccess.thecvf.com/content/ICCV2025/papers/Liao_Leveraging_Local_Patch_Alignment_to_Seam-cutting_for_Large_Parallax_Image_ICCV_2025_paper.pdf
1844,Revisiting Efficient Semantic Segmentation: Learning Offsets for Better Spatial and Class Feature Alignment,iccv,2025,https://openaccess.thecvf.com/content/ICCV2025/papers/Zhang_Revisiting_Efficient_Semantic_Segmentation_Learning_Offsets_for_Better_Spatial_and_ICCV_2025_paper.pdf
1845,GIViC: Generative Implicit Video Compression,iccv,2025,https://openaccess.thecvf.com/content/ICCV2025/papers/Gao_GIViC_Generative_Implicit_Video_Compression_ICCV_2025_paper.pdf
1846,TAD-E2E: A Large-scale End-to-end Autonomous Driving Dataset,iccv,2025,https://openaccess.thecvf.com/content/ICCV2025/papers/Liu_TAD-E2E_A_Large-scale_End-to-end_Autonomous_Driving_Dataset_ICCV_2025_paper.pdf
1847,Rethinking Bimanual Robotic Manipulation: Learning with Decoupled Interaction Framework,iccv,2025,https://openaccess.thecvf.com/content/ICCV2025/papers/Jiang_Rethinking_Bimanual_Robotic_Manipulation_Learning_with_Decoupled_Interaction_Framework_ICCV_2025_paper.pdf
1848,LVAgent: Long Video Understanding by Multi-Round Dynamical Collaboration of MLLM Agents,iccv,2025,https://openaccess.thecvf.com/content/ICCV2025/papers/Chen_LVAgent_Long_Video_Understanding_by_Multi-Round_Dynamical_Collaboration_of_MLLM_ICCV_2025_paper.pdf
1849,Avat3r: Large Animatable Gaussian Reconstruction Model for High-fidelity 3D Head Avatars,iccv,2025,https://openaccess.thecvf.com/content/ICCV2025/papers/Kirschstein_Avat3r_Large_Animatable_Gaussian_Reconstruction_Model_for_High-fidelity_3D_Head_ICCV_2025_paper.pdf
1850,EVER: Exact Volumetric Ellipsoid Rendering for Real-time View Synthesis,iccv,2025,https://openaccess.thecvf.com/content/ICCV2025/papers/Mai_EVER_Exact_Volumetric_Ellipsoid_Rendering_for_Real-time_View_Synthesis_ICCV_2025_paper.pdf
1851,Democratizing High-Fidelity Co-Speech Gesture Video Generation,iccv,2025,https://openaccess.thecvf.com/content/ICCV2025/papers/Yang_Democratizing_High-Fidelity_Co-Speech_Gesture_Video_Generation_ICCV_2025_paper.pdf
1852,Dissecting Generalized Category Discovery: Multiplex Consensus under Self-Deconstruction,iccv,2025,https://openaccess.thecvf.com/content/ICCV2025/papers/Tang_Dissecting_Generalized_Category_Discovery_Multiplex_Consensus_under_Self-Deconstruction_ICCV_2025_paper.pdf
1853,DiffIP: Representation Fingerprints for Robust IP Protection of Diffusion Models,iccv,2025,https://openaccess.thecvf.com/content/ICCV2025/papers/Li_DiffIP_Representation_Fingerprints_for_Robust_IP_Protection_of_Diffusion_Models_ICCV_2025_paper.pdf
1854,"Divide-and-Conquer for Enhancing Unlabeled Learning, Stability, and Plasticity in Semi-supervised Continual Learning",iccv,2025,https://openaccess.thecvf.com/content/ICCV2025/papers/Duan_Divide-and-Conquer_for_Enhancing_Unlabeled_Learning_Stability_and_Plasticity_in_Semi-supervised_ICCV_2025_paper.pdf
1855,All Parts Matter: A Unified Mask-Free Virtual Try-On Framework,iccv,2025,https://openaccess.thecvf.com/content/ICCV2025/papers/Du_All_Parts_Matter_A_Unified_Mask-Free_Virtual_Try-On_Framework_ICCV_2025_paper.pdf
1856,CogNav: Cognitive Process Modeling for Object Goal Navigation with LLMs,iccv,2025,https://openaccess.thecvf.com/content/ICCV2025/papers/Cao_CogNav_Cognitive_Process_Modeling_for_Object_Goal_Navigation_with_LLMs_ICCV_2025_paper.pdf
1857,Spatio-Spectral Pattern Illumination for Direct and Indirect Separation from a Single Hyperspectral Image,iccv,2025,https://openaccess.thecvf.com/content/ICCV2025/papers/Ishihara_Spatio-Spectral_Pattern_Illumination_for_Direct_and_Indirect_Separation_from_a_ICCV_2025_paper.pdf
1858,Explaining Human Preferences via Metrics for Structured 3D Reconstruction,iccv,2025,https://openaccess.thecvf.com/content/ICCV2025/papers/Langerman_Explaining_Human_Preferences_via_Metrics_for_Structured_3D_Reconstruction_ICCV_2025_paper.pdf
1859,LOCATEdit: Graph Laplacian Optimized Cross Attention for Localized Text-Guided Image Editing,iccv,2025,https://openaccess.thecvf.com/content/ICCV2025/papers/Soni_LOCATEdit_Graph_Laplacian_Optimized_Cross_Attention_for_Localized_Text-Guided_Image_ICCV_2025_paper.pdf
1860,VistaDream: Sampling multiview consistent images for single-view scene reconstruction,iccv,2025,https://openaccess.thecvf.com/content/ICCV2025/papers/Wang_VistaDream_Sampling_multiview_consistent_images_for_single-view_scene_reconstruction_ICCV_2025_paper.pdf
1861,LangScene-X: Reconstruct Generalizable 3D Language-Embedded Scenes with TriMap Video Diffusion,iccv,2025,https://openaccess.thecvf.com/content/ICCV2025/papers/Liu_LangScene-X_Reconstruct_Generalizable_3D_Language-Embedded_Scenes_with_TriMap_Video_Diffusion_ICCV_2025_paper.pdf
1862,Orchid: Image Latent Diffusion for Joint Appearance and Geometry Generation,iccv,2025,https://openaccess.thecvf.com/content/ICCV2025/papers/Krishnan_Orchid_Image_Latent_Diffusion_for_Joint_Appearance_and_Geometry_Generation_ICCV_2025_paper.pdf
1863,MonoMVSNet: Monocular Priors Guided Multi-View Stereo Network,iccv,2025,https://openaccess.thecvf.com/content/ICCV2025/papers/Jiang_MonoMVSNet_Monocular_Priors_Guided_Multi-View_Stereo_Network_ICCV_2025_paper.pdf
1864,Top2Pano: Learning to Generate Indoor Panoramas from Top-Down View,iccv,2025,https://openaccess.thecvf.com/content/ICCV2025/papers/Zhang_Top2Pano_Learning_to_Generate_Indoor_Panoramas_from_Top-Down_View_ICCV_2025_paper.pdf
1865,Highlight What You Want: Weakly-Supervised Instance-Level Controllable Infrared-Visible Image Fusion,iccv,2025,https://openaccess.thecvf.com/content/ICCV2025/papers/Wang_Highlight_What_You_Want_Weakly-Supervised_Instance-Level_Controllable_Infrared-Visible_Image_Fusion_ICCV_2025_paper.pdf
1866,Unbiased Missing-modality Multimodal Learning,iccv,2025,https://openaccess.thecvf.com/content/ICCV2025/papers/Dai_Unbiased_Missing-modality_Multimodal_Learning_ICCV_2025_paper.pdf
1867,"You Think, You ACT: The New Task of Arbitrary Text to Motion Generation",iccv,2025,https://openaccess.thecvf.com/content/ICCV2025/papers/Wang_You_Think_You_ACT_The_New_Task_of_Arbitrary_Text_ICCV_2025_paper.pdf
1868,Intermediate Connectors and Geometric Priors for Language-Guided Affordance Segmentation on Unseen Object Categories,iccv,2025,https://openaccess.thecvf.com/content/ICCV2025/papers/Li_Intermediate_Connectors_and_Geometric_Priors_for_Language-Guided_Affordance_Segmentation_on_ICCV_2025_paper.pdf
1869,FALCON: Resolving Visual Redundancy and Fragmentation in High-resolution Multimodal Large Language Models via Visual Registers,iccv,2025,https://openaccess.thecvf.com/content/ICCV2025/papers/Zhang_FALCON_Resolving_Visual_Redundancy_and_Fragmentation_in_High-resolution_Multimodal_Large_ICCV_2025_paper.pdf
1870,Verbalized Representation Learning for Interpretable Few-Shot Generalization,iccv,2025,https://openaccess.thecvf.com/content/ICCV2025/papers/Yang_Verbalized_Representation_Learning_for_Interpretable_Few-Shot_Generalization_ICCV_2025_paper.pdf
1871,HERO: Human Reaction Generation from Videos,iccv,2025,https://openaccess.thecvf.com/content/ICCV2025/papers/Yu_HERO_Human_Reaction_Generation_from_Videos_ICCV_2025_paper.pdf
1872,Transformer-based Tooth Alignment Prediction with Occlusion and Collision Constraints,iccv,2025,https://openaccess.thecvf.com/content/ICCV2025/papers/Dong_Transformer-based_Tooth_Alignment_Prediction_with_Occlusion_and_Collision_Constraints_ICCV_2025_paper.pdf
1873,Frequency-Guided Posterior Sampling for Diffusion-Based Image Restoration,iccv,2025,https://openaccess.thecvf.com/content/ICCV2025/papers/Thaker_Frequency-Guided_Posterior_Sampling_for_Diffusion-Based_Image_Restoration_ICCV_2025_paper.pdf
1874,Beyond Walking: A Large-Scale Image-Text Benchmark for Text-based Person Anomaly Search,iccv,2025,https://openaccess.thecvf.com/content/ICCV2025/papers/Yang_Beyond_Walking_A_Large-Scale_Image-Text_Benchmark_for_Text-based_Person_Anomaly_ICCV_2025_paper.pdf
1875,GigaTok: Scaling Visual Tokenizers to 3 Billion Parameters for Autoregressive Image Generation,iccv,2025,https://openaccess.thecvf.com/content/ICCV2025/papers/Xiong_GigaTok_Scaling_Visual_Tokenizers_to_3_Billion_Parameters_for_Autoregressive_ICCV_2025_paper.pdf
1876,Perspective-aware 3D Gaussian Inpainting with Multi-view Consistency,iccv,2025,https://openaccess.thecvf.com/content/ICCV2025/papers/Cheng_Perspective-aware_3D_Gaussian_Inpainting_with_Multi-view_Consistency_ICCV_2025_paper.pdf
1877,DistillDrive: End-to-End Multi-Mode Autonomous Driving Distillation by Isomorphic Hetero-Source Planning Model,iccv,2025,https://openaccess.thecvf.com/content/ICCV2025/papers/Yu_DistillDrive_End-to-End_Multi-Mode_Autonomous_Driving_Distillation_by_Isomorphic_Hetero-Source_Planning_ICCV_2025_paper.pdf
1878,TESPEC: Temporally-Enhanced Self-Supervised Pretraining for Event Cameras,iccv,2025,https://openaccess.thecvf.com/content/ICCV2025/papers/Mohammadi_TESPEC_Temporally-Enhanced_Self-Supervised_Pretraining_for_Event_Cameras_ICCV_2025_paper.pdf
1879,Wide2Long: Learning Lens Compression and Perspective Adjustment for Wide-Angle to Telephoto Translation,iccv,2025,https://openaccess.thecvf.com/content/ICCV2025/papers/Banerjee_Wide2Long_Learning_Lens_Compression_and_Perspective_Adjustment_for_Wide-Angle_to_ICCV_2025_paper.pdf
1880,FullDiT: Video Generative Foundation Models with Multimodal Control via Full Attention,iccv,2025,https://openaccess.thecvf.com/content/ICCV2025/papers/Ju_FullDiT_Video_Generative_Foundation_Models_with_Multimodal_Control_via_Full_ICCV_2025_paper.pdf
1881,Feed-Forward SceneDINO for Unsupervised Semantic Scene Completion,iccv,2025,https://openaccess.thecvf.com/content/ICCV2025/papers/Jevtic_Feed-Forward_SceneDINO_for_Unsupervised_Semantic_Scene_Completion_ICCV_2025_paper.pdf
1882,V2XScenes: A Multiple Challenging Traffic Conditions Dataset for Large-Range Vehicle-Infrastructure Collaborative Perception,iccv,2025,https://openaccess.thecvf.com/content/ICCV2025/papers/Wang_V2XScenes_A_Multiple_Challenging_Traffic_Conditions_Dataset_for_Large-Range_Vehicle-Infrastructure_ICCV_2025_paper.pdf
1883,VideoAuteur: Towards Long Narrative Video Generation,iccv,2025,https://openaccess.thecvf.com/content/ICCV2025/papers/Xiao_VideoAuteur_Towards_Long_Narrative_Video_Generation_ICCV_2025_paper.pdf
1884,Is CLIP ideal? No. Can we fix it? Yes!,iccv,2025,https://openaccess.thecvf.com/content/ICCV2025/papers/Kang_Is_CLIP_ideal_No._Can_we_fix_it_Yes_ICCV_2025_paper.pdf
1885,LaneDiffusion: Improving Centerline Graph Learning via Prior Injected BEV Feature Generation,iccv,2025,https://openaccess.thecvf.com/content/ICCV2025/papers/Wang_LaneDiffusion_Improving_Centerline_Graph_Learning_via_Prior_Injected_BEV_Feature_ICCV_2025_paper.pdf
1886,Federated Domain Generalization with Domain-specific Soft Prompts Generation,iccv,2025,https://openaccess.thecvf.com/content/ICCV2025/papers/Wu_Federated_Domain_Generalization_with_Domain-specific_Soft_Prompts_Generation_ICCV_2025_paper.pdf
1887,Multi-modal Identity Extraction,iccv,2025,https://openaccess.thecvf.com/content/ICCV2025/papers/Webster_Multi-modal_Identity_Extraction_ICCV_2025_paper.pdf
1888,Height-Fidelity Dense Global Fusion for Multi-modal 3D Object Detection,iccv,2025,https://openaccess.thecvf.com/content/ICCV2025/papers/Wang_Height-Fidelity_Dense_Global_Fusion_for_Multi-modal_3D_Object_Detection_ICCV_2025_paper.pdf
1889,DIH-CLIP: Unleashing the Diversity of Multi-Head Self-Attention for Training-Free Open-Vocabulary Semantic Segmentation,iccv,2025,https://openaccess.thecvf.com/content/ICCV2025/papers/Duan_DIH-CLIP_Unleashing_the_Diversity_of_Multi-Head_Self-Attention_for_Training-Free_Open-Vocabulary_ICCV_2025_paper.pdf
1890,ExploreGS: Explorable 3D Scene Reconstruction with Virtual Camera Samplings and Diffusion Priors,iccv,2025,https://openaccess.thecvf.com/content/ICCV2025/papers/Kim_ExploreGS_Explorable_3D_Scene_Reconstruction_with_Virtual_Camera_Samplings_and_ICCV_2025_paper.pdf
1891,Prototypes are Balanced Units for Efficient and Effective Partially Relevant Video Retrieval,iccv,2025,https://openaccess.thecvf.com/content/ICCV2025/papers/Moon_Prototypes_are_Balanced_Units_for_Efficient_and_Effective_Partially_Relevant_ICCV_2025_paper.pdf
1892,Diffusion Epistemic Uncertainty with Asymmetric Learning for Diffusion-Generated Image Detection,iccv,2025,https://openaccess.thecvf.com/content/ICCV2025/papers/Huang_Diffusion_Epistemic_Uncertainty_with_Asymmetric_Learning_for_Diffusion-Generated_Image_Detection_ICCV_2025_paper.pdf
1893,SpiLiFormer: Enhancing Spiking Transformers with Lateral Inhibition,iccv,2025,https://openaccess.thecvf.com/content/ICCV2025/papers/Zheng_SpiLiFormer_Enhancing_Spiking_Transformers_with_Lateral_Inhibition_ICCV_2025_paper.pdf
1894,PS-Mamba: Spatial-Temporal Graph Mamba for Pose Sequence Refinement,iccv,2025,https://openaccess.thecvf.com/content/ICCV2025/papers/Dong_PS-Mamba_Spatial-Temporal_Graph_Mamba_for_Pose_Sequence_Refinement_ICCV_2025_paper.pdf
1895,Model Reveals What to Cache: Profiling-Based Feature Reuse for Video Diffusion Models,iccv,2025,https://openaccess.thecvf.com/content/ICCV2025/papers/Ma_Model_Reveals_What_to_Cache_Profiling-Based_Feature_Reuse_for_Video_ICCV_2025_paper.pdf
1896,IRASim: A Fine-Grained World Model for Robot Manipulation,iccv,2025,https://openaccess.thecvf.com/content/ICCV2025/papers/Zhu_IRASim_A_Fine-Grained_World_Model_for_Robot_Manipulation_ICCV_2025_paper.pdf
1897,Diffusion-Based Imaginative Coordination for Bimanual Manipulation,iccv,2025,https://openaccess.thecvf.com/content/ICCV2025/papers/Xu_Diffusion-Based_Imaginative_Coordination_for_Bimanual_Manipulation_ICCV_2025_paper.pdf
1898,Seeing the Trees for the Forest: Rethinking Weakly-Supervised Medical Visual Grounding,iccv,2025,https://openaccess.thecvf.com/content/ICCV2025/papers/Huy_Seeing_the_Trees_for_the_Forest_Rethinking_Weakly-Supervised_Medical_Visual_ICCV_2025_paper.pdf
1899,Dataset Distillation as Data Compression: A Rate-Utility Perspective,iccv,2025,https://openaccess.thecvf.com/content/ICCV2025/papers/Bao_Dataset_Distillation_as_Data_Compression_A_Rate-Utility_Perspective_ICCV_2025_paper.pdf
1900,GroundingSuite: Measuring Complex Multi-Granular Pixel Grounding,iccv,2025,https://openaccess.thecvf.com/content/ICCV2025/papers/Hu_GroundingSuite_Measuring_Complex_Multi-Granular_Pixel_Grounding_ICCV_2025_paper.pdf
1901,Consensus-Driven Active Model Selection,iccv,2025,https://openaccess.thecvf.com/content/ICCV2025/papers/Kay_Consensus-Driven_Active_Model_Selection_ICCV_2025_paper.pdf
1902,Learning an Implicit Physics Model for Image-based Fluid Simulation,iccv,2025,https://openaccess.thecvf.com/content/ICCV2025/papers/Jia_Learning_an_Implicit_Physics_Model_for_Image-based_Fluid_Simulation_ICCV_2025_paper.pdf
1903,Task-Decoupled Bezier Surface Constraint for Uneven Low-Light Image Enhancement,iccv,2025,https://openaccess.thecvf.com/content/ICCV2025/papers/Zhou_Task-Decoupled_Bezier_Surface_Constraint_for_Uneven_Low-Light_Image_Enhancement_ICCV_2025_paper.pdf
1904,VideoRFSplat: Direct Scene-Level Text-to-3D Gaussian Splatting Generation with Flexible Pose and Multi-View Joint Modeling,iccv,2025,https://openaccess.thecvf.com/content/ICCV2025/papers/Go_VideoRFSplat_Direct_Scene-Level_Text-to-3D_Gaussian_Splatting_Generation_with_Flexible_Pose_ICCV_2025_paper.pdf
1905,PRISM: Reducing Spurious Implicit Biases in Vision-Language Models with LLM-Guided Embedding Projection,iccv,2025,https://openaccess.thecvf.com/content/ICCV2025/papers/Molahasani_PRISM_Reducing_Spurious_Implicit_Biases_in_Vision-Language_Models_with_LLM-Guided_ICCV_2025_paper.pdf
1906,Animate Anyone 2: High-Fidelity Character Image Animation with Environment Affordance,iccv,2025,https://openaccess.thecvf.com/content/ICCV2025/papers/Hu_Animate_Anyone_2_High-Fidelity_Character_Image_Animation_with_Environment_Affordance_ICCV_2025_paper.pdf
1907,DATA: Domain-And-Time Alignment for High-Quality Feature Fusion in Collaborative Perception,iccv,2025,https://openaccess.thecvf.com/content/ICCV2025/papers/Tian_DATA_Domain-And-Time_Alignment_for_High-Quality_Feature_Fusion_in_Collaborative_Perception_ICCV_2025_paper.pdf
1908,LongAnimation: Long Animation Generation with Dynamic Global-Local Memory,iccv,2025,https://openaccess.thecvf.com/content/ICCV2025/papers/Chen_LongAnimation_Long_Animation_Generation_with_Dynamic_Global-Local_Memory_ICCV_2025_paper.pdf
1909,Is Tracking Really More Challenging in First Person Egocentric Vision?,iccv,2025,https://openaccess.thecvf.com/content/ICCV2025/papers/Dunnhofer_Is_Tracking_Really_More_Challenging_in_First_Person_Egocentric_Vision_ICCV_2025_paper.pdf
1910,Bringing RNNs Back to Efficient Open-Ended Video Understanding,iccv,2025,https://openaccess.thecvf.com/content/ICCV2025/papers/Xu_Bringing_RNNs_Back_to_Efficient_Open-Ended_Video_Understanding_ICCV_2025_paper.pdf
1911,ViM-VQ: Efficient Post-Training Vector Quantization for Visual Mamba,iccv,2025,https://openaccess.thecvf.com/content/ICCV2025/papers/Deng_ViM-VQ_Efficient_Post-Training_Vector_Quantization_for_Visual_Mamba_ICCV_2025_paper.pdf
1912,TorchAdapt: Towards Light-Agnostic Real-Time Visual Perception,iccv,2025,https://openaccess.thecvf.com/content/ICCV2025/papers/Hashmi_TorchAdapt_Towards_Light-Agnostic_Real-Time_Visual_Perception_ICCV_2025_paper.pdf
1913,UniversalBooth: Model-Agnostic Personalized Text-to-Image Generation,iccv,2025,https://openaccess.thecvf.com/content/ICCV2025/papers/Liu_UniversalBooth_Model-Agnostic_Personalized_Text-to-Image_Generation_ICCV_2025_paper.pdf
1914,EVEv2: Improved Baselines for Encoder-Free Vision-Language Models,iccv,2025,https://openaccess.thecvf.com/content/ICCV2025/papers/Diao_EVEv2_Improved_Baselines_for_Encoder-Free_Vision-Language_Models_ICCV_2025_paper.pdf
1915,End-to-End Driving with Online Trajectory Evaluation via BEV World Model,iccv,2025,https://openaccess.thecvf.com/content/ICCV2025/papers/Li_End-to-End_Driving_with_Online_Trajectory_Evaluation_via_BEV_World_Model_ICCV_2025_paper.pdf
1916,EEGMirror: Leveraging EEG Data in the Wild via Montage-Agnostic Self-Supervision for EEG to Video Decoding,iccv,2025,https://openaccess.thecvf.com/content/ICCV2025/papers/Liu_EEGMirror_Leveraging_EEG_Data_in_the_Wild_via_Montage-Agnostic_Self-Supervision_ICCV_2025_paper.pdf
1917,Edit360: 2D Image Edits to 3D Assets from Any Angle,iccv,2025,https://openaccess.thecvf.com/content/ICCV2025/papers/Huang_Edit360_2D_Image_Edits_to_3D_Assets_from_Any_Angle_ICCV_2025_paper.pdf
1918,VehicleMAE: View-asymmetry Mutual Learning for Vehicle Re-identification Pre-training via Masked AutoEncoders,iccv,2025,https://openaccess.thecvf.com/content/ICCV2025/papers/Wang_VehicleMAE_View-asymmetry_Mutual_Learning_for_Vehicle_Re-identification_Pre-training_via_Masked_ICCV_2025_paper.pdf
1919,MiDSummer: Multi-Guidance Diffusion for Controllable Zero-Shot Immersive Gaussian Splatting Scene Generation,iccv,2025,https://openaccess.thecvf.com/content/ICCV2025/papers/Hu_MiDSummer_Multi-Guidance_Diffusion_for_Controllable_Zero-Shot_Immersive_Gaussian_Splatting_Scene_ICCV_2025_paper.pdf
1920,AV-Link: Temporally-Aligned Diffusion Features for Cross-Modal Audio-Video Generation,iccv,2025,https://openaccess.thecvf.com/content/ICCV2025/papers/Haji-Ali_AV-Link_Temporally-Aligned_Diffusion_Features_for_Cross-Modal_Audio-Video_Generation_ICCV_2025_paper.pdf
1921,RANKCLIP: Ranking-Consistent Language-Image Pretraining,iccv,2025,https://openaccess.thecvf.com/content/ICCV2025/papers/Zhang_RANKCLIP_Ranking-Consistent_Language-Image_Pretraining_ICCV_2025_paper.pdf
1922,Is Visual in-Context Learning for Compositional Medical Tasks within Reach?,iccv,2025,https://openaccess.thecvf.com/content/ICCV2025/papers/Reiss_Is_Visual_in-Context_Learning_for_Compositional_Medical_Tasks_within_Reach_ICCV_2025_paper.pdf
1923,Details Matter for Indoor Open-vocabulary 3D Instance Segmentation,iccv,2025,https://openaccess.thecvf.com/content/ICCV2025/papers/Jung_Details_Matter_for_Indoor_Open-vocabulary_3D_Instance_Segmentation_ICCV_2025_paper.pdf
1924,Differentially Private Fine-Tuning of Diffusion Models,iccv,2025,https://openaccess.thecvf.com/content/ICCV2025/papers/Tsai_Differentially_Private_Fine-Tuning_of_Diffusion_Models_ICCV_2025_paper.pdf
1925,Large Learning Rates Simultaneously Achieve Robustness to Spurious Correlations and Compressibility,iccv,2025,https://openaccess.thecvf.com/content/ICCV2025/papers/Barsbey_Large_Learning_Rates_Simultaneously_Achieve_Robustness_to_Spurious_Correlations_and_ICCV_2025_paper.pdf
1926,Global Regulation and Excitation via Attention Tuning for Stereo Matching,iccv,2025,https://openaccess.thecvf.com/content/ICCV2025/papers/Li_Global_Regulation_and_Excitation_via_Attention_Tuning_for_Stereo_Matching_ICCV_2025_paper.pdf
1927,TruthPrInt: Mitigating Large Vision-Language Models Object Hallucination Via Latent Truthful-Guided Pre-Intervention,iccv,2025,https://openaccess.thecvf.com/content/ICCV2025/papers/Duan_TruthPrInt_Mitigating_Large_Vision-Language_Models_Object_Hallucination_Via_Latent_Truthful-Guided_ICCV_2025_paper.pdf
1928,Customizing Domain Adapters for Domain Generalization,iccv,2025,https://openaccess.thecvf.com/content/ICCV2025/papers/Ji_Customizing_Domain_Adapters_for_Domain_Generalization_ICCV_2025_paper.pdf
1929,ADCD-Net: Robust Document Image Forgery Localization via Adaptive DCT Feature and Hierarchical Content Disentanglement,iccv,2025,https://openaccess.thecvf.com/content/ICCV2025/papers/Wong_ADCD-Net_Robust_Document_Image_Forgery_Localization_via_Adaptive_DCT_Feature_ICCV_2025_paper.pdf
1930,STaR: Seamless Spatial-Temporal Aware Motion Retargeting with Penetration and Consistency Constraints,iccv,2025,https://openaccess.thecvf.com/content/ICCV2025/papers/Yang_STaR_Seamless_Spatial-Temporal_Aware_Motion_Retargeting_with_Penetration_and_Consistency_ICCV_2025_paper.pdf
1931,Structured Policy Optimization: Enhance Large Vision-Language Model via Self-referenced Dialogue,iccv,2025,https://openaccess.thecvf.com/content/ICCV2025/papers/Sun_Structured_Policy_Optimization_Enhance_Large_Vision-Language_Model_via_Self-referenced_Dialogue_ICCV_2025_paper.pdf
1932,UnrealZoo: Enriching Photo-realistic Virtual Worlds for Embodied AI,iccv,2025,https://openaccess.thecvf.com/content/ICCV2025/papers/Zhong_UnrealZoo_Enriching_Photo-realistic_Virtual_Worlds_for_Embodied_AI_ICCV_2025_paper.pdf
1933,Visual Test-time Scaling for GUI Agent Grounding,iccv,2025,https://openaccess.thecvf.com/content/ICCV2025/papers/Luo_Visual_Test-time_Scaling_for_GUI_Agent_Grounding_ICCV_2025_paper.pdf
1934,One-Step Specular Highlight Removal with Adapted Diffusion Models,iccv,2025,https://openaccess.thecvf.com/content/ICCV2025/papers/Atmis_One-Step_Specular_Highlight_Removal_with_Adapted_Diffusion_Models_ICCV_2025_paper.pdf
1935,GraspCoT: Integrating Physical Property Reasoning for 6-DoF Grasping under Flexible Language Instructions,iccv,2025,https://openaccess.thecvf.com/content/ICCV2025/papers/Chu_GraspCoT_Integrating_Physical_Property_Reasoning_for_6-DoF_Grasping_under_Flexible_ICCV_2025_paper.pdf
1936,Deep Space Weather Model: Long-Range Solar Flare Prediction from Multi-Wavelength Images,iccv,2025,https://openaccess.thecvf.com/content/ICCV2025/papers/Nagashima_Deep_Space_Weather_Model_Long-Range_Solar_Flare_Prediction_from_Multi-Wavelength_ICCV_2025_paper.pdf
1937,Hydra-NeXt: Robust Closed-Loop Driving with Open-Loop Training,iccv,2025,https://openaccess.thecvf.com/content/ICCV2025/papers/Li_Hydra-NeXt_Robust_Closed-Loop_Driving_with_Open-Loop_Training_ICCV_2025_paper.pdf
1938,Zero-Shot Vision Encoder Grafting via LLM Surrogates,iccv,2025,https://openaccess.thecvf.com/content/ICCV2025/papers/Yue_Zero-Shot_Vision_Encoder_Grafting_via_LLM_Surrogates_ICCV_2025_paper.pdf
1939,Depth Any Event Stream: Enhancing Event-based Monocular Depth Estimation via Dense-to-Sparse Distillation,iccv,2025,https://openaccess.thecvf.com/content/ICCV2025/papers/Zhu_Depth_Any_Event_Stream_Enhancing_Event-based_Monocular_Depth_Estimation_via_ICCV_2025_paper.pdf
1940,Uncover Treasures in DCT: Advancing JPEG Quality Enhancement by Exploiting Latent Correlations,iccv,2025,https://openaccess.thecvf.com/content/ICCV2025/papers/Yang_Uncover_Treasures_in_DCT_Advancing_JPEG_Quality_Enhancement_by_Exploiting_ICCV_2025_paper.pdf
1941,Layer-wise Vision Injection with Disentangled Attention for Efficient LVLMs,iccv,2025,https://openaccess.thecvf.com/content/ICCV2025/papers/Zhang_Layer-wise_Vision_Injection_with_Disentangled_Attention_for_Efficient_LVLMs_ICCV_2025_paper.pdf
1942,Heatmap Regression without Soft-Argmax for Facial Landmark Detection,iccv,2025,https://openaccess.thecvf.com/content/ICCV2025/papers/Yang_Heatmap_Regression_without_Soft-Argmax_for_Facial_Landmark_Detection_ICCV_2025_paper.pdf
1943,ICE-Bench: A Unified and Comprehensive Benchmark for Image Creating and Editing,iccv,2025,https://openaccess.thecvf.com/content/ICCV2025/papers/Pan_ICE-Bench_A_Unified_and_Comprehensive_Benchmark_for_Image_Creating_and_ICCV_2025_paper.pdf
1944,Unified Adversarial Augmentation for Improving Palmprint Recognition,iccv,2025,https://openaccess.thecvf.com/content/ICCV2025/papers/Jin_Unified_Adversarial_Augmentation_for_Improving_Palmprint_Recognition_ICCV_2025_paper.pdf
1945,PlugMark: A Plug-in Zero-Watermarking Framework for Diffusion Models,iccv,2025,https://openaccess.thecvf.com/content/ICCV2025/papers/Chen_PlugMark_A_Plug-in_Zero-Watermarking_Framework_for_Diffusion_Models_ICCV_2025_paper.pdf
1946,FLSeg: Enhancing Privacy and Robustness in Federated Learning under Heterogeneous Data via Model Segmentation,iccv,2025,https://openaccess.thecvf.com/content/ICCV2025/papers/Su_FLSeg_Enhancing_Privacy_and_Robustness_in_Federated_Learning_under_Heterogeneous_ICCV_2025_paper.pdf
1947,Partially Matching Submap Helps: Uncertainty Modeling and Propagation for Text to Point Cloud Localization,iccv,2025,https://openaccess.thecvf.com/content/ICCV2025/papers/Feng_Partially_Matching_Submap_Helps_Uncertainty_Modeling_and_Propagation_for_Text_ICCV_2025_paper.pdf
1948,Human-Object Interaction from Human-Level Instructions,iccv,2025,https://openaccess.thecvf.com/content/ICCV2025/papers/Wu_Human-Object_Interaction_from_Human-Level_Instructions_ICCV_2025_paper.pdf
1949,SAM2Long: Enhancing SAM 2 for Long Video Segmentation with a Training-Free Memory Tree,iccv,2025,https://openaccess.thecvf.com/content/ICCV2025/papers/Ding_SAM2Long_Enhancing_SAM_2_for_Long_Video_Segmentation_with_a_ICCV_2025_paper.pdf
1950,Adapting Vehicle Detectors for Aerial Imagery to Unseen Domains with Weak Supervision,iccv,2025,https://openaccess.thecvf.com/content/ICCV2025/papers/Fang_Adapting_Vehicle_Detectors_for_Aerial_Imagery_to_Unseen_Domains_with_ICCV_2025_paper.pdf
1951,Neural Shell Texture Splatting: More Details and Fewer Primitives,iccv,2025,https://openaccess.thecvf.com/content/ICCV2025/papers/Zhang_Neural_Shell_Texture_Splatting_More_Details_and_Fewer_Primitives_ICCV_2025_paper.pdf
1952,3DSRBench: A Comprehensive 3D Spatial Reasoning Benchmark,iccv,2025,https://openaccess.thecvf.com/content/ICCV2025/papers/Ma_3DSRBench_A_Comprehensive_3D_Spatial_Reasoning_Benchmark_ICCV_2025_paper.pdf
1953,Causality-guided Prompt Learning for Vision-language Models via Visual Granulation,iccv,2025,https://openaccess.thecvf.com/content/ICCV2025/papers/Gao_Causality-guided_Prompt_Learning_for_Vision-language_Models_via_Visual_Granulation_ICCV_2025_paper.pdf
1954,Arti-PG: A Toolbox for Procedurally Synthesizing Large-Scale and Diverse Articulated Objects with Rich Annotations,iccv,2025,https://openaccess.thecvf.com/content/ICCV2025/papers/Sun_Arti-PG_A_Toolbox_for_Procedurally_Synthesizing_Large-Scale_and_Diverse_Articulated_ICCV_2025_paper.pdf
1955,X2I: Seamless Integration of Multimodal Understanding into Diffusion Transformer via Attention Distillation,iccv,2025,https://openaccess.thecvf.com/content/ICCV2025/papers/Ma_X2I_Seamless_Integration_of_Multimodal_Understanding_into_Diffusion_Transformer_via_ICCV_2025_paper.pdf
1956,One Last Attention for Your Vision-Language Model,iccv,2025,https://openaccess.thecvf.com/content/ICCV2025/papers/Chen_One_Last_Attention_for_Your_Vision-Language_Model_ICCV_2025_paper.pdf
1957,MMCR: Benchmarking Cross-Source Reasoning in Scientific Papers,iccv,2025,https://openaccess.thecvf.com/content/ICCV2025/papers/Tian_MMCR_Benchmarking_Cross-Source_Reasoning_in_Scientific_Papers_ICCV_2025_paper.pdf
1958,ZeroKey: Point-Level Reasoning and Zero-Shot 3D Keypoint Detection from Large Language Models,iccv,2025,https://openaccess.thecvf.com/content/ICCV2025/papers/Gong_ZeroKey_Point-Level_Reasoning_and_Zero-Shot_3D_Keypoint_Detection_from_Large_ICCV_2025_paper.pdf
1959,Audio-visual Controlled Video Diffusion with Masked Selective State Spaces Modeling for Natural Talking Head Generation,iccv,2025,https://openaccess.thecvf.com/content/ICCV2025/papers/Hong_Audio-visual_Controlled_Video_Diffusion_with_Masked_Selective_State_Spaces_Modeling_ICCV_2025_paper.pdf
1960,DreamCube: RGB-D Panorama Generation via Multi-plane Synchronization,iccv,2025,https://openaccess.thecvf.com/content/ICCV2025/papers/Huang_DreamCube_RGB-D_Panorama_Generation_via_Multi-plane_Synchronization_ICCV_2025_paper.pdf
1961,SILO: Solving Inverse Problems with Latent Operators,iccv,2025,https://openaccess.thecvf.com/content/ICCV2025/papers/Raphaeli_SILO_Solving_Inverse_Problems_with_Latent_Operators_ICCV_2025_paper.pdf
1962,Entropy-Adaptive Diffusion Policy Optimization with Dynamic Step Alignment,iccv,2025,https://openaccess.thecvf.com/content/ICCV2025/papers/Yan_Entropy-Adaptive_Diffusion_Policy_Optimization_with_Dynamic_Step_Alignment_ICCV_2025_paper.pdf
1963,ScanEdit: Hierarchically-Guided Functional 3D Scan Editing,iccv,2025,https://openaccess.thecvf.com/content/ICCV2025/papers/Boudjoghra_ScanEdit_Hierarchically-Guided_Functional_3D_Scan_Editing_ICCV_2025_paper.pdf
1964,DeFSS: Image-to-Mask Denoising Learning for Few-shot Segmentation,iccv,2025,https://openaccess.thecvf.com/content/ICCV2025/papers/Qin_DeFSS_Image-to-Mask_Denoising_Learning_for_Few-shot_Segmentation_ICCV_2025_paper.pdf
1965,Bokehlicious: Photorealistic Bokeh Rendering with Controllable Apertures,iccv,2025,https://openaccess.thecvf.com/content/ICCV2025/papers/Seizinger_Bokehlicious_Photorealistic_Bokeh_Rendering_with_Controllable_Apertures_ICCV_2025_paper.pdf
1966,Turbo2K: Towards Ultra-Efficient and High-Quality 2K Video Synthesis,iccv,2025,https://openaccess.thecvf.com/content/ICCV2025/papers/Ren_Turbo2K_Towards_Ultra-Efficient_and_High-Quality_2K_Video_Synthesis_ICCV_2025_paper.pdf
1967,Video2BEV: Transforming Drone Videos to BEVs for Video-based Geo-localization,iccv,2025,https://openaccess.thecvf.com/content/ICCV2025/papers/Ju_Video2BEV_Transforming_Drone_Videos_to_BEVs_for_Video-based_Geo-localization_ICCV_2025_paper.pdf
1968,Puppet-Master: Scaling Interactive Video Generation as a Motion Prior for Part-Level Dynamics,iccv,2025,https://openaccess.thecvf.com/content/ICCV2025/papers/Li_Puppet-Master_Scaling_Interactive_Video_Generation_as_a_Motion_Prior_for_ICCV_2025_paper.pdf
1969,MMAT-1M: A Large Reasoning Dataset for Multimodal Agent Tuning,iccv,2025,https://openaccess.thecvf.com/content/ICCV2025/papers/Gao_MMAT-1M_A_Large_Reasoning_Dataset_for_Multimodal_Agent_Tuning_ICCV_2025_paper.pdf
1970,FlowChef: Steering of Rectified Flow Models for Controlled Generations,iccv,2025,https://openaccess.thecvf.com/content/ICCV2025/papers/Patel_FlowChef_Steering_of_Rectified_Flow_Models_for_Controlled_Generations_ICCV_2025_paper.pdf
1971,Teaching VLMs to Localize Specific Objects from In-context Examples,iccv,2025,https://openaccess.thecvf.com/content/ICCV2025/papers/Doveh_Teaching_VLMs_to_Localize_Specific_Objects_from_In-context_Examples_ICCV_2025_paper.pdf
1972,A Hidden Stumbling Block in Generalized Category Discovery: Distracted Attention,iccv,2025,https://openaccess.thecvf.com/content/ICCV2025/papers/Xu_A_Hidden_Stumbling_Block_in_Generalized_Category_Discovery_Distracted_Attention_ICCV_2025_paper.pdf
1973,High-Precision 3D Measurement of Complex Textured Surfaces Using Multiple Filtering Approach,iccv,2025,https://openaccess.thecvf.com/content/ICCV2025/papers/Chen_High-Precision_3D_Measurement_of_Complex_Textured_Surfaces_Using_Multiple_Filtering_ICCV_2025_paper.pdf
1974,Efficient Unsupervised Shortcut Learning Detection and Mitigation in Transformers,iccv,2025,https://openaccess.thecvf.com/content/ICCV2025/papers/Kuhn_Efficient_Unsupervised_Shortcut_Learning_Detection_and_Mitigation_in_Transformers_ICCV_2025_paper.pdf
1975,Adaptive Caching for Faster Video Generation with Diffusion Transformers,iccv,2025,https://openaccess.thecvf.com/content/ICCV2025/papers/Kahatapitiya_Adaptive_Caching_for_Faster_Video_Generation_with_Diffusion_Transformers_ICCV_2025_paper.pdf
1976,RGE-GS: Reward-Guided Expansive Driving Scene Reconstruction via Diffusion Priors,iccv,2025,https://openaccess.thecvf.com/content/ICCV2025/papers/Du_RGE-GS_Reward-Guided_Expansive_Driving_Scene_Reconstruction_via_Diffusion_Priors_ICCV_2025_paper.pdf
1977,EgoMusic-driven Human Dance Motion Estimation with Skeleton Mamba,iccv,2025,https://openaccess.thecvf.com/content/ICCV2025/papers/Nguyen_EgoMusic-driven_Human_Dance_Motion_Estimation_with_Skeleton_Mamba_ICCV_2025_paper.pdf
1978,OmniCache: A Trajectory-Oriented Global Perspective on Training-Free Cache Reuse for Diffusion Transformer Models,iccv,2025,https://openaccess.thecvf.com/content/ICCV2025/papers/Chu_OmniCache_A_Trajectory-Oriented_Global_Perspective_on_Training-Free_Cache_Reuse_for_ICCV_2025_paper.pdf
1979,VIPerson: Flexibly Generating Virtual Identity for Person Re-Identification,iccv,2025,https://openaccess.thecvf.com/content/ICCV2025/papers/Zhang_VIPerson_Flexibly_Generating_Virtual_Identity_for_Person_Re-Identification_ICCV_2025_paper.pdf
1980,St4RTrack: Simultaneous 4D Reconstruction and Tracking in the World,iccv,2025,https://openaccess.thecvf.com/content/ICCV2025/papers/Feng_St4RTrack_Simultaneous_4D_Reconstruction_and_Tracking_in_the_World_ICCV_2025_paper.pdf
1981,PRM: Photometric Stereo based Large Reconstruction Model,iccv,2025,https://openaccess.thecvf.com/content/ICCV2025/papers/Ge_PRM_Photometric_Stereo_based_Large_Reconstruction_Model_ICCV_2025_paper.pdf
1982,Exploiting Frequency Dynamics for Enhanced Multimodal Event-based Action Recognition,iccv,2025,https://openaccess.thecvf.com/content/ICCV2025/papers/Cao_Exploiting_Frequency_Dynamics_for_Enhanced_Multimodal_Event-based_Action_Recognition_ICCV_2025_paper.pdf
1983,AerialVG: A Challenging Benchmark for Aerial Visual Grounding by Exploring Positional Relations,iccv,2025,https://openaccess.thecvf.com/content/ICCV2025/papers/Liu_AerialVG_A_Challenging_Benchmark_for_Aerial_Visual_Grounding_by_Exploring_ICCV_2025_paper.pdf
1984,DriveArena: A Closed-loop Generative Simulation Platform for Autonomous Driving,iccv,2025,https://openaccess.thecvf.com/content/ICCV2025/papers/Yang_DriveArena_A_Closed-loop_Generative_Simulation_Platform_for_Autonomous_Driving_ICCV_2025_paper.pdf
1985,InvRGB+L: Inverse Rendering of Complex Scenes with Unified Color and LiDAR Reflectance Modeling,iccv,2025,https://openaccess.thecvf.com/content/ICCV2025/papers/Chen_InvRGBL_Inverse_Rendering_of_Complex_Scenes_with_Unified_Color_and_ICCV_2025_paper.pdf
1986,DreamFuse: Adaptive Image Fusion with Diffusion Transformer,iccv,2025,https://openaccess.thecvf.com/content/ICCV2025/papers/Huang_DreamFuse_Adaptive_Image_Fusion_with_Diffusion_Transformer_ICCV_2025_paper.pdf
1987,DALIP: Distribution Alignment-based Language-Image Pre-Training for Domain-Specific Data,iccv,2025,https://openaccess.thecvf.com/content/ICCV2025/papers/Wu_DALIP_Distribution_Alignment-based_Language-Image_Pre-Training_for_Domain-Specific_Data_ICCV_2025_paper.pdf
1988,Joint Semantic and Rendering Enhancements in 3D Gaussian Modeling with Anisotropic Local Encoding,iccv,2025,https://openaccess.thecvf.com/content/ICCV2025/papers/He_Joint_Semantic_and_Rendering_Enhancements_in_3D_Gaussian_Modeling_with_ICCV_2025_paper.pdf
1989,Unveiling the Invisible: Reasoning Complex Occlusions Amodally with AURA,iccv,2025,https://openaccess.thecvf.com/content/ICCV2025/papers/Li_Unveiling_the_Invisible_Reasoning_Complex_Occlusions_Amodally_with_AURA_ICCV_2025_paper.pdf
1990,AGO: Adaptive Grounding for Open World 3D Occupancy Prediction,iccv,2025,https://openaccess.thecvf.com/content/ICCV2025/papers/Li_AGO_Adaptive_Grounding_for_Open_World_3D_Occupancy_Prediction_ICCV_2025_paper.pdf
1991,Free2Guide: Training-Free Text-to-Video Alignment using Image LVLM,iccv,2025,https://openaccess.thecvf.com/content/ICCV2025/papers/Kim_Free2Guide_Training-Free_Text-to-Video_Alignment_using_Image_LVLM_ICCV_2025_paper.pdf
1992,T2I-Copilot: A Training-Free Multi-Agent Text-to-Image System for Enhanced Prompt Interpretation and Interactive Generation,iccv,2025,https://openaccess.thecvf.com/content/ICCV2025/papers/Chen_T2I-Copilot_A_Training-Free_Multi-Agent_Text-to-Image_System_for_Enhanced_Prompt_Interpretation_ICCV_2025_paper.pdf
1993,Lumina-Image 2.0: A Unified and Efficient Image Generative Framework,iccv,2025,https://openaccess.thecvf.com/content/ICCV2025/papers/Qin_Lumina-Image_2.0_A_Unified_and_Efficient_Image_Generative_Framework_ICCV_2025_paper.pdf
1994,mmCooper: A Multi-agent Multi-stage Communication-efficient and Collaboration-robust Cooperative Perception Framework,iccv,2025,https://openaccess.thecvf.com/content/ICCV2025/papers/Liu_mmCooper_A_Multi-agent_Multi-stage_Communication-efficient_and_Collaboration-robust_Cooperative_Perception_Framework_ICCV_2025_paper.pdf
1995,LightBSR: Towards Lightweight Blind Super-Resolution via Discriminative Implicit Degradation Representation Learning,iccv,2025,https://openaccess.thecvf.com/content/ICCV2025/papers/Yuan_LightBSR_Towards_Lightweight_Blind_Super-Resolution_via_Discriminative_Implicit_Degradation_Representation_ICCV_2025_paper.pdf
1996,Harnessing Uncertainty-aware Bounding Boxes for Unsupervised 3D Object Detection,iccv,2025,https://openaccess.thecvf.com/content/ICCV2025/papers/Zhang_Harnessing_Uncertainty-aware_Bounding_Boxes_for_Unsupervised_3D_Object_Detection_ICCV_2025_paper.pdf
1997,OCSplats: Observation Completeness Quantification and Label Noise Separation in 3DGS,iccv,2025,https://openaccess.thecvf.com/content/ICCV2025/papers/Ling_OCSplats_Observation_Completeness_Quantification_and_Label_Noise_Separation_in_3DGS_ICCV_2025_paper.pdf
1998,One Encoder to Rule them All: Representation Learning for Model-free Visual Reinforcement Learning using Fourier Neural Operators,iccv,2025,https://openaccess.thecvf.com/content/ICCV2025/papers/Dutta_One_Encoder_to_Rule_them_All_Representation_Learning_for_Model-free_ICCV_2025_paper.pdf
1999,LOMM: Latest Object Memory Management for Temporally Consistent Video Instance Segmentation,iccv,2025,https://openaccess.thecvf.com/content/ICCV2025/papers/Lee_LOMM_Latest_Object_Memory_Management_for_Temporally_Consistent_Video_Instance_ICCV_2025_paper.pdf
2000,Open-Vocabulary HOI Detection with Interaction-aware Prompt and Concept Calibration,iccv,2025,https://openaccess.thecvf.com/content/ICCV2025/papers/Lei_Open-Vocabulary_HOI_Detection_with_Interaction-aware_Prompt_and_Concept_Calibration_ICCV_2025_paper.pdf
2001,DuCos: Duality Constrained Depth Super-Resolution via Foundation Model,iccv,2025,https://openaccess.thecvf.com/content/ICCV2025/papers/Yan_DuCos_Duality_Constrained_Depth_Super-Resolution_via_Foundation_Model_ICCV_2025_paper.pdf
2002,ROVI: A VLM-LLM Re-Captioned Dataset for Open-Vocabulary Instance-Grounded Text-to-Image Generation,iccv,2025,https://openaccess.thecvf.com/content/ICCV2025/papers/Peng_ROVI_A_VLM-LLM_Re-Captioned_Dataset_for_Open-Vocabulary_Instance-Grounded_Text-to-Image_Generation_ICCV_2025_paper.pdf
2003,PBFG: A New Physically-Based Dataset and Removal of Lens Flares and Glares,iccv,2025,https://openaccess.thecvf.com/content/ICCV2025/papers/Zhu_PBFG_A_New_Physically-Based_Dataset_and_Removal_of_Lens_Flares_ICCV_2025_paper.pdf
2004,Active Perception Meets Rule-Guided RL: A Two-Phase Approach for Precise Object Navigation in Complex Environments,iccv,2025,https://openaccess.thecvf.com/content/ICCV2025/papers/Qin_Active_Perception_Meets_Rule-Guided_RL_A_Two-Phase_Approach_for_Precise_ICCV_2025_paper.pdf
2005,CAT: A Unified Click-and-Track Framework for Realistic Tracking,iccv,2025,https://openaccess.thecvf.com/content/ICCV2025/papers/Yuan_CAT_A_Unified_Click-and-Track_Framework_for_Realistic_Tracking_ICCV_2025_paper.pdf
2006,Differential-informed Sample Selection Accelerates Multimodal Contrastive Learning,iccv,2025,https://openaccess.thecvf.com/content/ICCV2025/papers/Zhao_Differential-informed_Sample_Selection_Accelerates_Multimodal_Contrastive_Learning_ICCV_2025_paper.pdf
2007,A View-consistent Sampling Method for Regularized Training of Neural Radiance Fields,iccv,2025,https://openaccess.thecvf.com/content/ICCV2025/papers/Fan_A_View-consistent_Sampling_Method_for_Regularized_Training_of_Neural_Radiance_ICCV_2025_paper.pdf
2008,LUT-Fuse: Towards Extremely Fast Infrared and Visible Image Fusion via Distillation to Learnable Look-Up Tables,iccv,2025,https://openaccess.thecvf.com/content/ICCV2025/papers/Yi_LUT-Fuse_Towards_Extremely_Fast_Infrared_and_Visible_Image_Fusion_via_ICCV_2025_paper.pdf
2009,AdsQA: Towards Advertisement Video Understanding,iccv,2025,https://openaccess.thecvf.com/content/ICCV2025/papers/Long_AdsQA_Towards_Advertisement_Video_Understanding_ICCV_2025_paper.pdf
2010,Fine-grained Abnormality Prompt Learning for Zero-shot Anomaly Detection,iccv,2025,https://openaccess.thecvf.com/content/ICCV2025/papers/Zhu_Fine-grained_Abnormality_Prompt_Learning_for_Zero-shot_Anomaly_Detection_ICCV_2025_paper.pdf
2011,Learning Dense Feature Matching via Lifting Single 2D Image to 3D Space,iccv,2025,https://openaccess.thecvf.com/content/ICCV2025/papers/Liang_Learning_Dense_Feature_Matching_via_Lifting_Single_2D_Image_to_ICCV_2025_paper.pdf
2012,DNF-Intrinsic: Deterministic Noise-Free Diffusion for Indoor Inverse Rendering,iccv,2025,https://openaccess.thecvf.com/content/ICCV2025/papers/Zheng_DNF-Intrinsic_Deterministic_Noise-Free_Diffusion_for_Indoor_Inverse_Rendering_ICCV_2025_paper.pdf
2013,Unified Open-World Segmentation with Multi-Modal Prompts,iccv,2025,https://openaccess.thecvf.com/content/ICCV2025/papers/Liu_Unified_Open-World_Segmentation_with_Multi-Modal_Prompts_ICCV_2025_paper.pdf
2014,GausSim: Foreseeing Reality by Gaussian Simulator for Elastic Objects,iccv,2025,https://openaccess.thecvf.com/content/ICCV2025/papers/Shao_GausSim_Foreseeing_Reality_by_Gaussian_Simulator_for_Elastic_Objects_ICCV_2025_paper.pdf
2015,ClaraVid: A Holistic Scene Reconstruction Benchmark From Aerial Perspective With Delentropy-Based Complexity Profiling,iccv,2025,https://openaccess.thecvf.com/content/ICCV2025/papers/Beche_ClaraVid_A_Holistic_Scene_Reconstruction_Benchmark_From_Aerial_Perspective_With_ICCV_2025_paper.pdf
2016,TextMaster: A Unified Framework for Realistic Text Editing via Glyph-Style Dual-Control,iccv,2025,https://openaccess.thecvf.com/content/ICCV2025/papers/Yan_TextMaster_A_Unified_Framework_for_Realistic_Text_Editing_via_Glyph-Style_ICCV_2025_paper.pdf
2017,X2-Gaussian: 4D Radiative Gaussian Splatting for Continuous-time Tomographic Reconstruction,iccv,2025,https://openaccess.thecvf.com/content/ICCV2025/papers/Yu_X2-Gaussian_4D_Radiative_Gaussian_Splatting_for_Continuous-time_Tomographic_Reconstruction_ICCV_2025_paper.pdf
2018,FrameFusion: Combining Similarity and Importance for Video Token Reduction on Large Vision Language Models,iccv,2025,https://openaccess.thecvf.com/content/ICCV2025/papers/Fu_FrameFusion_Combining_Similarity_and_Importance_for_Video_Token_Reduction_on_ICCV_2025_paper.pdf
2019,AURELIA: Test-time Reasoning Distillation in Audio-Visual LLMs,iccv,2025,https://openaccess.thecvf.com/content/ICCV2025/papers/Chowdhury_AURELIA_Test-time_Reasoning_Distillation_in_Audio-Visual_LLMs_ICCV_2025_paper.pdf
2020,Unraveling the Smoothness Properties of Diffusion Models: A Gaussian Mixture Perspective,iccv,2025,https://openaccess.thecvf.com/content/ICCV2025/papers/Liang_Unraveling_the_Smoothness_Properties_of_Diffusion_Models_A_Gaussian_Mixture_ICCV_2025_paper.pdf
2021,FB-Diff: Fourier Basis-guided Diffusion for Temporal Interpolation of 4D Medical Imaging,iccv,2025,https://openaccess.thecvf.com/content/ICCV2025/papers/You_FB-Diff_Fourier_Basis-guided_Diffusion_for_Temporal_Interpolation_of_4D_Medical_ICCV_2025_paper.pdf
2022,UNIS: A Unified Framework for Achieving Unbiased Neural Implicit Surfaces in Volume Rendering,iccv,2025,https://openaccess.thecvf.com/content/ICCV2025/papers/Deng_UNIS_A_Unified_Framework_for_Achieving_Unbiased_Neural_Implicit_Surfaces_ICCV_2025_paper.pdf
2023,Scendi Score: Prompt-Aware Diversity Evaluation via Schur Complement of CLIP Embeddings,iccv,2025,https://openaccess.thecvf.com/content/ICCV2025/papers/Ospanov_Scendi_Score_Prompt-Aware_Diversity_Evaluation_via_Schur_Complement_of_CLIP_ICCV_2025_paper.pdf
2024,Seeing the Unseen: A Semantic Alignment and Context-Aware Prompt Framework for Open-Vocabulary Camouflaged Object Segmentation,iccv,2025,https://openaccess.thecvf.com/content/ICCV2025/papers/Ren_Seeing_the_Unseen_A_Semantic_Alignment_and_Context-Aware_Prompt_Framework_ICCV_2025_paper.pdf
2025,HOLa: Zero-Shot HOI Detection with Low-Rank Decomposed VLM Feature Adaptation,iccv,2025,https://openaccess.thecvf.com/content/ICCV2025/papers/Lei_HOLa_Zero-Shot_HOI_Detection_with_Low-Rank_Decomposed_VLM_Feature_Adaptation_ICCV_2025_paper.pdf
2026,Context-Aware Academic Emotion Dataset and Benchmark,iccv,2025,https://openaccess.thecvf.com/content/ICCV2025/papers/Zhao_Context-Aware_Academic_Emotion_Dataset_and_Benchmark_ICCV_2025_paper.pdf
2027,Contrastive Test-Time Composition of Multiple LoRA Models for Image Generation,iccv,2025,https://openaccess.thecvf.com/content/ICCV2025/papers/Meral_Contrastive_Test-Time_Composition_of_Multiple_LoRA_Models_for_Image_Generation_ICCV_2025_paper.pdf
2028,DiffRefine: Diffusion-based Proposal Specific Point Cloud Densification for Cross-Domain Object Detection,iccv,2025,https://openaccess.thecvf.com/content/ICCV2025/papers/Shin_DiffRefine_Diffusion-based_Proposal_Specific_Point_Cloud_Densification_for_Cross-Domain_Object_ICCV_2025_paper.pdf
2029,Seeing Through Deepfakes: A Human-Inspired Framework for Multi-Face Detection,iccv,2025,https://openaccess.thecvf.com/content/ICCV2025/papers/Hu_Seeing_Through_Deepfakes_A_Human-Inspired_Framework_for_Multi-Face_Detection_ICCV_2025_paper.pdf
2030,Test-time Adaptation for Foundation Medical Segmentation Model Without Parametric Updates,iccv,2025,https://openaccess.thecvf.com/content/ICCV2025/papers/Chen_Test-time_Adaptation_for_Foundation_Medical_Segmentation_Model_Without_Parametric_Updates_ICCV_2025_paper.pdf
2031,Hierarchy UGP: Hierarchy Unified Gaussian Primitive for Large-Scale Dynamic Scene Reconstruction,iccv,2025,https://openaccess.thecvf.com/content/ICCV2025/papers/Sun_Hierarchy_UGP_Hierarchy_Unified_Gaussian_Primitive_for_Large-Scale_Dynamic_Scene_ICCV_2025_paper.pdf
2032,SMSTracker: Tri-path Score Mask Sigma Fusion for Multi-Modal Tracking,iccv,2025,https://openaccess.thecvf.com/content/ICCV2025/papers/Chan_SMSTracker_Tri-path_Score_Mask_Sigma_Fusion_for_Multi-Modal_Tracking_ICCV_2025_paper.pdf
2033,Distilling Parallel Gradients for Fast ODE Solvers of Diffusion Models,iccv,2025,https://openaccess.thecvf.com/content/ICCV2025/papers/Zhu_Distilling_Parallel_Gradients_for_Fast_ODE_Solvers_of_Diffusion_Models_ICCV_2025_paper.pdf
2034,Aligning Constraint Generation with Design Intent in Parametric CAD,iccv,2025,https://openaccess.thecvf.com/content/ICCV2025/papers/Casey_Aligning_Constraint_Generation_with_Design_Intent_in_Parametric_CAD_ICCV_2025_paper.pdf
2035,DisCo: Towards Distinct and Coherent Visual Encapsulation in Video MLLMs,iccv,2025,https://openaccess.thecvf.com/content/ICCV2025/papers/Zhao_DisCo_Towards_Distinct_and_Coherent_Visual_Encapsulation_in_Video_MLLMs_ICCV_2025_paper.pdf
2036,PUMA: Empowering Unified MLLM with Multi-granular Visual Generation,iccv,2025,https://openaccess.thecvf.com/content/ICCV2025/papers/Fang_PUMA_Empowering_Unified_MLLM_with_Multi-granular_Visual_Generation_ICCV_2025_paper.pdf
2037,Axis-level Symmetry Detection with Group-Equivariant Representation,iccv,2025,https://openaccess.thecvf.com/content/ICCV2025/papers/Yu_Axis-level_Symmetry_Detection_with_Group-Equivariant_Representation_ICCV_2025_paper.pdf
2038,SMP-Attack: Boosting the Transferability of Feature Importance-based Adversarial Attack with Semantics-aware Multi-granularity Patchout,iccv,2025,https://openaccess.thecvf.com/content/ICCV2025/papers/Yang_SMP-Attack_Boosting_the_Transferability_of_Feature_Importance-based_Adversarial_Attack_with_ICCV_2025_paper.pdf
2039,Referring to Any Person,iccv,2025,https://openaccess.thecvf.com/content/ICCV2025/papers/Jiang_Referring_to_Any_Person_ICCV_2025_paper.pdf
2040,GWM: Towards Scalable Gaussian World Models for Robotic Manipulation,iccv,2025,https://openaccess.thecvf.com/content/ICCV2025/papers/Lu_GWM_Towards_Scalable_Gaussian_World_Models_for_Robotic_Manipulation_ICCV_2025_paper.pdf
2041,Statistical Confidence Rescoring for Robust 3D Scene Graph Generation from Multi-View Images,iccv,2025,https://openaccess.thecvf.com/content/ICCV2025/papers/Yeo_Statistical_Confidence_Rescoring_for_Robust_3D_Scene_Graph_Generation_from_ICCV_2025_paper.pdf
2042,Draw Your Mind: Personalized Generation via Condition-Level Modeling in Text-to-Image Diffusion Models,iccv,2025,https://openaccess.thecvf.com/content/ICCV2025/papers/Kim_Draw_Your_Mind_Personalized_Generation_via_Condition-Level_Modeling_in_Text-to-Image_ICCV_2025_paper.pdf
2043,CopyrightShield: Enhancing Diffusion Model Security Against Copyright Infringement Attacks,iccv,2025,https://openaccess.thecvf.com/content/ICCV2025/papers/Guo_CopyrightShield_Enhancing_Diffusion_Model_Security_Against_Copyright_Infringement_Attacks_ICCV_2025_paper.pdf
2044,PixTalk: Controlling Photorealistic Image Processing and Editing with Language,iccv,2025,https://openaccess.thecvf.com/content/ICCV2025/papers/Conde_PixTalk_Controlling_Photorealistic_Image_Processing_and_Editing_with_Language_ICCV_2025_paper.pdf
2045,Learning Streaming Video Representation via Multitask Training,iccv,2025,https://openaccess.thecvf.com/content/ICCV2025/papers/Yan_Learning_Streaming_Video_Representation_via_Multitask_Training_ICCV_2025_paper.pdf
2046,DASH: 4D Hash Encoding with Self-Supervised Decomposition for Real-Time Dynamic Scene Rendering,iccv,2025,https://openaccess.thecvf.com/content/ICCV2025/papers/Chen_DASH_4D_Hash_Encoding_with_Self-Supervised_Decomposition_for_Real-Time_Dynamic_ICCV_2025_paper.pdf
2047,Pose-Star: Anatomy-Aware Editing for Open-World Fashion Images,iccv,2025,https://openaccess.thecvf.com/content/ICCV2025/papers/Dong_Pose-Star_Anatomy-Aware_Editing_for_Open-World_Fashion_Images_ICCV_2025_paper.pdf
2048,MamV2XCalib: V2X-based Target-less Infrastructure Camera Calibration with State Space Model,iccv,2025,https://openaccess.thecvf.com/content/ICCV2025/papers/Zhu_MamV2XCalib_V2X-based_Target-less_Infrastructure_Camera_Calibration_with_State_Space_Model_ICCV_2025_paper.pdf
2049,Beyond the Destination: A Novel Benchmark for Exploration-Aware Embodied Question Answering,iccv,2025,https://openaccess.thecvf.com/content/ICCV2025/papers/Jiang_Beyond_the_Destination_A_Novel_Benchmark_for_Exploration-Aware_Embodied_Question_ICCV_2025_paper.pdf
2050,Semantic Equitable Clustering: A Simple and Effective Strategy for Clustering Vision Tokens,iccv,2025,https://openaccess.thecvf.com/content/ICCV2025/papers/Fan_Semantic_Equitable_Clustering_A_Simple_and_Effective_Strategy_for_Clustering_ICCV_2025_paper.pdf
2051,HiP-AD: Hierarchical and Multi-Granularity Planning with Deformable Attention for Autonomous Driving in a Single Decoder,iccv,2025,https://openaccess.thecvf.com/content/ICCV2025/papers/Tang_HiP-AD_Hierarchical_and_Multi-Granularity_Planning_with_Deformable_Attention_for_Autonomous_ICCV_2025_paper.pdf
2052,Visual Textualization for Image Prompted Object Detection,iccv,2025,https://openaccess.thecvf.com/content/ICCV2025/papers/Wu_Visual_Textualization_for_Image_Prompted_Object_Detection_ICCV_2025_paper.pdf
2053,Sliced Wasserstein Bridge for Open-Vocabulary Video Instance Segmentation,iccv,2025,https://openaccess.thecvf.com/content/ICCV2025/papers/Qin_Sliced_Wasserstein_Bridge_for_Open-Vocabulary_Video_Instance_Segmentation_ICCV_2025_paper.pdf
2054,Moderating the Generalization of Score-based Generative Model,iccv,2025,https://openaccess.thecvf.com/content/ICCV2025/papers/Jiang_Moderating_the_Generalization_of_Score-based_Generative_Model_ICCV_2025_paper.pdf
2055,A Token-level Text Image Foundation Model for Document Understanding,iccv,2025,https://openaccess.thecvf.com/content/ICCV2025/papers/Guan_A_Token-level_Text_Image_Foundation_Model_for_Document_Understanding_ICCV_2025_paper.pdf
2056,Riemannian-Geometric Fingerprints of Generative Models,iccv,2025,https://openaccess.thecvf.com/content/ICCV2025/papers/Song_Riemannian-Geometric_Fingerprints_of_Generative_Models_ICCV_2025_paper.pdf
2057,NeRF Is a Valuable Assistant for 3D Gaussian Splatting,iccv,2025,https://openaccess.thecvf.com/content/ICCV2025/papers/Fang_NeRF_Is_a_Valuable_Assistant_for_3D_Gaussian_Splatting_ICCV_2025_paper.pdf
2058,Towards Visual Localization Interoperability: Cross-Feature for Collaborative Visual Localization and Mapping,iccv,2025,https://openaccess.thecvf.com/content/ICCV2025/papers/Jaenal_Towards_Visual_Localization_Interoperability_Cross-Feature_for_Collaborative_Visual_Localization_and_ICCV_2025_paper.pdf
2059,EasyControl: Adding Efficient and Flexible Control for Diffusion Transformer,iccv,2025,https://openaccess.thecvf.com/content/ICCV2025/papers/Zhang_EasyControl_Adding_Efficient_and_Flexible_Control_for_Diffusion_Transformer_ICCV_2025_paper.pdf
2060,PerLDiff: Controllable Street View Synthesis Using Perspective-Layout Diffusion Model,iccv,2025,https://openaccess.thecvf.com/content/ICCV2025/papers/Zhang_PerLDiff_Controllable_Street_View_Synthesis_Using_Perspective-Layout_Diffusion_Model_ICCV_2025_paper.pdf
2061,DocThinker: Explainable Multimodal Large Language Models with Rule-based Reinforcement Learning for Document Understanding,iccv,2025,https://openaccess.thecvf.com/content/ICCV2025/papers/Yu_DocThinker_Explainable_Multimodal_Large_Language_Models_with_Rule-based_Reinforcement_Learning_ICCV_2025_paper.pdf
2062,I2VControl: Disentangled and Unified Video Motion Synthesis Control,iccv,2025,https://openaccess.thecvf.com/content/ICCV2025/papers/Feng_I2VControl_Disentangled_and_Unified_Video_Motion_Synthesis_Control_ICCV_2025_paper.pdf
2063,Democratizing Text-to-Image Masked Generative Models with Compact Text-Aware One-Dimensional Tokens,iccv,2025,https://openaccess.thecvf.com/content/ICCV2025/papers/Kim_Democratizing_Text-to-Image_Masked_Generative_Models_with_Compact_Text-Aware_One-Dimensional_Tokens_ICCV_2025_paper.pdf
2064,Aligning Global Semantics and Local Textures in Generative Video Enhancement,iccv,2025,https://openaccess.thecvf.com/content/ICCV2025/papers/Chen_Aligning_Global_Semantics_and_Local_Textures_in_Generative_Video_Enhancement_ICCV_2025_paper.pdf
2065,VISO: Accelerating In-orbit Object Detection with Language-Guided Mask Learning and Sparse Inference,iccv,2025,https://openaccess.thecvf.com/content/ICCV2025/papers/Wang_VISO_Accelerating_In-orbit_Object_Detection_with_Language-Guided_Mask_Learning_and_ICCV_2025_paper.pdf
2066,Reverse Convolution and Its Applications to Image Restoration,iccv,2025,https://openaccess.thecvf.com/content/ICCV2025/papers/Huang_Reverse_Convolution_and_Its_Applications_to_Image_Restoration_ICCV_2025_paper.pdf
2067,ATCTrack: Aligning Target-Context Cues with Dynamic Target States for Robust Vision-Language Tracking,iccv,2025,https://openaccess.thecvf.com/content/ICCV2025/papers/Feng_ATCTrack_Aligning_Target-Context_Cues_with_Dynamic_Target_States_for_Robust_ICCV_2025_paper.pdf
2068,Reminiscence Attack on Residuals: Exploiting Approximate Machine Unlearning for Privacy,iccv,2025,https://openaccess.thecvf.com/content/ICCV2025/papers/Xiao_Reminiscence_Attack_on_Residuals_Exploiting_Approximate_Machine_Unlearning_for_Privacy_ICCV_2025_paper.pdf
2069,SeaS: Few-shot Industrial Anomaly Image Generation with Separation and Sharing Fine-tuning,iccv,2025,https://openaccess.thecvf.com/content/ICCV2025/papers/Dai_SeaS_Few-shot_Industrial_Anomaly_Image_Generation_with_Separation_and_Sharing_ICCV_2025_paper.pdf
2070,CreatiLayout: Siamese Multimodal Diffusion Transformer for Creative Layout-to-Image Generation,iccv,2025,https://openaccess.thecvf.com/content/ICCV2025/papers/Zhang_CreatiLayout_Siamese_Multimodal_Diffusion_Transformer_for_Creative_Layout-to-Image_Generation_ICCV_2025_paper.pdf
2071,AMD: Adaptive Momentum and Decoupled Contrastive Learning Framework for Robust Long-Tail Trajectory Prediction,iccv,2025,https://openaccess.thecvf.com/content/ICCV2025/papers/Rao_AMD_Adaptive_Momentum_and_Decoupled_Contrastive_Learning_Framework_for_Robust_ICCV_2025_paper.pdf
2072,Music Grounding by Short Video,iccv,2025,https://openaccess.thecvf.com/content/ICCV2025/papers/Xin_Music_Grounding_by_Short_Video_ICCV_2025_paper.pdf
2073,DyWA: Dynamics-adaptive World Action Model for Generalizable Non-prehensile Manipulation,iccv,2025,https://openaccess.thecvf.com/content/ICCV2025/papers/Lyu_DyWA_Dynamics-adaptive_World_Action_Model_for_Generalizable_Non-prehensile_Manipulation_ICCV_2025_paper.pdf
2074,POMATO: Marrying Pointmap Matching with Temporal Motions for Dynamic 3D Reconstruction,iccv,2025,https://openaccess.thecvf.com/content/ICCV2025/papers/Zhang_POMATO_Marrying_Pointmap_Matching_with_Temporal_Motions_for_Dynamic_3D_ICCV_2025_paper.pdf
2075,Flow Stochastic Segmentation Networks,iccv,2025,https://openaccess.thecvf.com/content/ICCV2025/papers/De_Sousa_Ribeiro_Flow_Stochastic_Segmentation_Networks_ICCV_2025_paper.pdf
2076,Learning Large Motion Estimation from Intermediate Representations with a High-Resolution Optical Flow Dataset Featuring Long-Range Dynamic Motion,iccv,2025,https://openaccess.thecvf.com/content/ICCV2025/papers/Cho_Learning_Large_Motion_Estimation_from_Intermediate_Representations_with_a_High-Resolution_ICCV_2025_paper.pdf
2077,Towards Higher Effective Rank in Parameter-Efficient Fine-tuning using Khatri-Rao Product,iccv,2025,https://openaccess.thecvf.com/content/ICCV2025/papers/Albert_Towards_Higher_Effective_Rank_in_Parameter-Efficient_Fine-tuning_using_Khatri-Rao_Product_ICCV_2025_paper.pdf
2078,USP: Unified Self-Supervised Pretraining for Image Generation and Understanding,iccv,2025,https://openaccess.thecvf.com/content/ICCV2025/papers/Chu_USP_Unified_Self-Supervised_Pretraining_for_Image_Generation_and_Understanding_ICCV_2025_paper.pdf
2079,Go to Zero: Towards Zero-shot Motion Generation with Million-scale Data,iccv,2025,https://openaccess.thecvf.com/content/ICCV2025/papers/Fan_Go_to_Zero_Towards_Zero-shot_Motion_Generation_with_Million-scale_Data_ICCV_2025_paper.pdf
2080,Beyond Brain Decoding: Visual-Semantic Reconstructions to Mental Creation Extension Based on fMRI,iccv,2025,https://openaccess.thecvf.com/content/ICCV2025/papers/Jing_Beyond_Brain_Decoding_Visual-Semantic_Reconstructions_to_Mental_Creation_Extension_Based_ICCV_2025_paper.pdf
2081,DAViD: Modeling Dynamic Affordance of 3D Objects Using Pre-trained Video Diffusion Models,iccv,2025,https://openaccess.thecvf.com/content/ICCV2025/papers/Kim_DAViD_Modeling_Dynamic_Affordance_of_3D_Objects_Using_Pre-trained_Video_ICCV_2025_paper.pdf
2082,SKALD: Learning-Based Shot Assembly for Coherent Multi-Shot Video Creation,iccv,2025,https://openaccess.thecvf.com/content/ICCV2025/papers/Lu_SKALD_Learning-Based_Shot_Assembly_for_Coherent_Multi-Shot_Video_Creation_ICCV_2025_paper.pdf
2083,When Confidence Fails: Revisiting Pseudo-Label Selection in Semi-supervised Semantic Segmentation,iccv,2025,https://openaccess.thecvf.com/content/ICCV2025/papers/Liu_When_Confidence_Fails_Revisiting_Pseudo-Label_Selection_in_Semi-supervised_Semantic_Segmentation_ICCV_2025_paper.pdf
2084,Preacher: Paper-to-Video Agentic System,iccv,2025,https://openaccess.thecvf.com/content/ICCV2025/papers/Liu_Preacher_Paper-to-Video_Agentic_System_ICCV_2025_paper.pdf
2085,"More Reliable Pseudo-labels, Better Performance: A Generalized Approach to Single Positive Multi-label Learning",iccv,2025,https://openaccess.thecvf.com/content/ICCV2025/papers/Tran_More_Reliable_Pseudo-labels_Better_Performance_A_Generalized_Approach_to_Single_ICCV_2025_paper.pdf
2086,"Detection, Pose Estimation and Segmentation for Multiple Bodies: Closing the Virtuous Circle",iccv,2025,https://openaccess.thecvf.com/content/ICCV2025/papers/Purkrabek_Detection_Pose_Estimation_and_Segmentation_for_Multiple_Bodies_Closing_the_ICCV_2025_paper.pdf
2087,CalliReader: Contextualizing Chinese Calligraphy via an Embedding-Aligned Vision-Language Model,iccv,2025,https://openaccess.thecvf.com/content/ICCV2025/papers/Luo_CalliReader_Contextualizing_Chinese_Calligraphy_via_an_Embedding-Aligned_Vision-Language_Model_ICCV_2025_paper.pdf
2088,NeuralSVG: An Implicit Representation for Text-to-Vector Generation,iccv,2025,https://openaccess.thecvf.com/content/ICCV2025/papers/Polaczek_NeuralSVG_An_Implicit_Representation_for_Text-to-Vector_Generation_ICCV_2025_paper.pdf
2089,Hierarchical Cross-modal Prompt Learning for Vision-Language Models,iccv,2025,https://openaccess.thecvf.com/content/ICCV2025/papers/Zheng_Hierarchical_Cross-modal_Prompt_Learning_for_Vision-Language_Models_ICCV_2025_paper.pdf
2090,RIPE: Reinforcement Learning on Unlabeled Image Pairs for Robust Keypoint Extraction,iccv,2025,https://openaccess.thecvf.com/content/ICCV2025/papers/Kunzel_RIPE_Reinforcement_Learning_on_Unlabeled_Image_Pairs_for_Robust_Keypoint_ICCV_2025_paper.pdf
2091,Can We Achieve Efficient Diffusion Without Self-Attention? Distilling Self-Attention into Convolutions,iccv,2025,https://openaccess.thecvf.com/content/ICCV2025/papers/Dong_Can_We_Achieve_Efficient_Diffusion_Without_Self-Attention_Distilling_Self-Attention_into_ICCV_2025_paper.pdf
2092,Activation Subspaces for Out-of-Distribution Detection,iccv,2025,https://openaccess.thecvf.com/content/ICCV2025/papers/Zongur_Activation_Subspaces_for_Out-of-Distribution_Detection_ICCV_2025_paper.pdf
2093,SIMS: Simulating Stylized Human-Scene Interactions with Retrieval-Augmented Script Generation,iccv,2025,https://openaccess.thecvf.com/content/ICCV2025/papers/Wang_SIMS_Simulating_Stylized_Human-Scene_Interactions_with_Retrieval-Augmented_Script_Generation_ICCV_2025_paper.pdf
2094,LOTS of Fashion! Multi-Conditioning for Image Generation via Sketch-Text Pairing,iccv,2025,https://openaccess.thecvf.com/content/ICCV2025/papers/Girella_LOTS_of_Fashion_Multi-Conditioning_for_Image_Generation_via_Sketch-Text_Pairing_ICCV_2025_paper.pdf
2095,DuoCLR: Dual-Surrogate Contrastive Learning for Skeleton-based Human Action Segmentation,iccv,2025,https://openaccess.thecvf.com/content/ICCV2025/papers/Tian_DuoCLR_Dual-Surrogate_Contrastive_Learning_for_Skeleton-based_Human_Action_Segmentation_ICCV_2025_paper.pdf
2096,Plug-in Feedback Self-adaptive Attention in CLIP for Training-free Open-Vocabulary Segmentation,iccv,2025,https://openaccess.thecvf.com/content/ICCV2025/papers/Chi_Plug-in_Feedback_Self-adaptive_Attention_in_CLIP_for_Training-free_Open-Vocabulary_Segmentation_ICCV_2025_paper.pdf
2097,Street Gaussians without 3D Object Tracker,iccv,2025,https://openaccess.thecvf.com/content/ICCV2025/papers/Zhang_Street_Gaussians_without_3D_Object_Tracker_ICCV_2025_paper.pdf
2098,AllGCD: Leveraging All Unlabeled Data for Generalized Category Discovery,iccv,2025,https://openaccess.thecvf.com/content/ICCV2025/papers/Cao_AllGCD_Leveraging_All_Unlabeled_Data_for_Generalized_Category_Discovery_ICCV_2025_paper.pdf
2099,Principles of Visual Tokens for Efficient Video Understanding,iccv,2025,https://openaccess.thecvf.com/content/ICCV2025/papers/Hao_Principles_of_Visual_Tokens_for_Efficient_Video_Understanding_ICCV_2025_paper.pdf
2100,"Boosting Domain Generalized and Adaptive Detection with Diffusion Models: Fitness, Generalization, and Transferability",iccv,2025,https://openaccess.thecvf.com/content/ICCV2025/papers/He_Boosting_Domain_Generalized_and_Adaptive_Detection_with_Diffusion_Models_Fitness_ICCV_2025_paper.pdf
2101,Power of Cooperative Supervision: Multiple Teachers Framework for Advanced 3D Semi-Supervised Object Detection,iccv,2025,https://openaccess.thecvf.com/content/ICCV2025/papers/Lee_Power_of_Cooperative_Supervision_Multiple_Teachers_Framework_for_Advanced_3D_ICCV_2025_paper.pdf
2102,SAM Encoder Breach by Adversarial Simplicial Complex Triggers Downstream Model Failures,iccv,2025,https://openaccess.thecvf.com/content/ICCV2025/papers/Qin_SAM_Encoder_Breach_by_Adversarial_Simplicial_Complex_Triggers_Downstream_Model_ICCV_2025_paper.pdf
2103,ReassembleNet: Learnable Keypoints and Diffusion for 2D Fresco Reconstruction,iccv,2025,https://openaccess.thecvf.com/content/ICCV2025/papers/Islam_ReassembleNet_Learnable_Keypoints_and_Diffusion_for_2D_Fresco_Reconstruction_ICCV_2025_paper.pdf
2104,Similarity Memory Prior is All You Need for Medical Image Segmentation,iccv,2025,https://openaccess.thecvf.com/content/ICCV2025/papers/Tang_Similarity_Memory_Prior_is_All_You_Need_for_Medical_Image_ICCV_2025_paper.pdf
2105,MMGeo: Multimodal Compositional Geo-Localization for UAVs,iccv,2025,https://openaccess.thecvf.com/content/ICCV2025/papers/Ji_MMGeo_Multimodal_Compositional_Geo-Localization_for_UAVs_ICCV_2025_paper.pdf
2106,Tracing Copied Pixels and Regularizing Patch Affinity in Copy Detection,iccv,2025,https://openaccess.thecvf.com/content/ICCV2025/papers/Lu_Tracing_Copied_Pixels_and_Regularizing_Patch_Affinity_in_Copy_Detection_ICCV_2025_paper.pdf
2107,InstructSeg: Unifying Instructed Visual Segmentation with Multi-modal Large Language Models,iccv,2025,https://openaccess.thecvf.com/content/ICCV2025/papers/Wei_InstructSeg_Unifying_Instructed_Visual_Segmentation_with_Multi-modal_Large_Language_Models_ICCV_2025_paper.pdf
2108,Multispectral Demosaicing via Dual Cameras,iccv,2025,https://openaccess.thecvf.com/content/ICCV2025/papers/Tedla_Multispectral_Demosaicing_via_Dual_Cameras_ICCV_2025_paper.pdf
2109,Reflect-DiT: Inference-Time Scaling for Text-to-Image Diffusion Transformers via In-Context Reflection,iccv,2025,https://openaccess.thecvf.com/content/ICCV2025/papers/Li_Reflect-DiT_Inference-Time_Scaling_for_Text-to-Image_Diffusion_Transformers_via_In-Context_Reflection_ICCV_2025_paper.pdf
2110,HAMoBE: Hierarchical and Adaptive Mixture of Biometric Experts for Video-based Person ReID,iccv,2025,https://openaccess.thecvf.com/content/ICCV2025/papers/Su_HAMoBE_Hierarchical_and_Adaptive_Mixture_of_Biometric_Experts_for_Video-based_ICCV_2025_paper.pdf
2111,TopicGeo: An Efficient Unified Framework for Geolocation,iccv,2025,https://openaccess.thecvf.com/content/ICCV2025/papers/Wang_TopicGeo_An_Efficient_Unified_Framework_for_Geolocation_ICCV_2025_paper.pdf
2112,Neighboring Autoregressive Modeling for Efficient Visual Generation,iccv,2025,https://openaccess.thecvf.com/content/ICCV2025/papers/He_Neighboring_Autoregressive_Modeling_for_Efficient_Visual_Generation_ICCV_2025_paper.pdf
2113,Beyond Simple Edits: Composed Video Retrieval with Dense Modifications,iccv,2025,https://openaccess.thecvf.com/content/ICCV2025/papers/Thawakar_Beyond_Simple_Edits_Composed_Video_Retrieval_with_Dense_Modifications_ICCV_2025_paper.pdf
2114,MagicColor: Multi-Instance Sketch Colorization,iccv,2025,https://openaccess.thecvf.com/content/ICCV2025/papers/Zhang_MagicColor_Multi-Instance_Sketch_Colorization_ICCV_2025_paper.pdf
2115,Active Learning Meets Foundation Models: Fast Remote Sensing Data Annotation for Object Detection,iccv,2025,https://openaccess.thecvf.com/content/ICCV2025/papers/Burges_Active_Learning_Meets_Foundation_Models_Fast_Remote_Sensing_Data_Annotation_ICCV_2025_paper.pdf
2116,Im2Haircut: Single-view Strand-based Hair Reconstruction for Human Avatars,iccv,2025,https://openaccess.thecvf.com/content/ICCV2025/papers/Sklyarova_Im2Haircut_Single-view_Strand-based_Hair_Reconstruction_for_Human_Avatars_ICCV_2025_paper.pdf
2117,Leveraging Prior Knowledge of Diffusion Model for Person Search,iccv,2025,https://openaccess.thecvf.com/content/ICCV2025/papers/Kim_Leveraging_Prior_Knowledge_of_Diffusion_Model_for_Person_Search_ICCV_2025_paper.pdf
2118,PS3: A Multimodal Transformer Integrating Pathology Reports with Histology Images and Biological Pathways for Cancer Survival Prediction,iccv,2025,https://openaccess.thecvf.com/content/ICCV2025/papers/Raza_PS3_A_Multimodal_Transformer_Integrating_Pathology_Reports_with_Histology_Images_ICCV_2025_paper.pdf
2119,Debiasing Trace Guidance: Top-down Trace Distillation and Bottom-up Velocity Alignment for Unsupervised Anomaly Detection,iccv,2025,https://openaccess.thecvf.com/content/ICCV2025/papers/Wang_Debiasing_Trace_Guidance_Top-down_Trace_Distillation_and_Bottom-up_Velocity_Alignment_ICCV_2025_paper.pdf
2120,EDM: Efficient Deep Feature Matching,iccv,2025,https://openaccess.thecvf.com/content/ICCV2025/papers/Li_EDM_Efficient_Deep_Feature_Matching_ICCV_2025_paper.pdf
2121,Progressive Growing of Video Tokenizers for Temporally Compact Latent Spaces,iccv,2025,https://openaccess.thecvf.com/content/ICCV2025/papers/Mahapatra_Progressive_Growing_of_Video_Tokenizers_for_Temporally_Compact_Latent_Spaces_ICCV_2025_paper.pdf
2122,"Stronger, Steadier & Superior: Geometric Consistency in Depth VFM Forges Domain Generalized Semantic Segmentation",iccv,2025,https://openaccess.thecvf.com/content/ICCV2025/papers/Chen_Stronger_Steadier__Superior_Geometric_Consistency_in_Depth_VFM_Forges_ICCV_2025_paper.pdf
2123,CorrCLIP: Reconstructing Patch Correlations in CLIP for Open-Vocabulary Semantic Segmentation,iccv,2025,https://openaccess.thecvf.com/content/ICCV2025/papers/Zhang_CorrCLIP_Reconstructing_Patch_Correlations_in_CLIP_for_Open-Vocabulary_Semantic_Segmentation_ICCV_2025_paper.pdf
2124,LBM: Latent Bridge Matching for Fast Image-to-Image Translation,iccv,2025,https://openaccess.thecvf.com/content/ICCV2025/papers/Chadebec_LBM_Latent_Bridge_Matching_for_Fast_Image-to-Image_Translation_ICCV_2025_paper.pdf
2125,DreamRenderer: Taming Multi-Instance Attribute Control in Large-Scale Text-to-Image Models,iccv,2025,https://openaccess.thecvf.com/content/ICCV2025/papers/Zhou_DreamRenderer_Taming_Multi-Instance_Attribute_Control_in_Large-Scale_Text-to-Image_Models_ICCV_2025_paper.pdf
2126,Towards a 3D Transfer-based Black-box Attack via Critical Feature Guidance,iccv,2025,https://openaccess.thecvf.com/content/ICCV2025/papers/Pang_Towards_a_3D_Transfer-based_Black-box_Attack_via_Critical_Feature_Guidance_ICCV_2025_paper.pdf
2127,TurboVSR: Fantastic Video Upscalers and Where to Find Them,iccv,2025,https://openaccess.thecvf.com/content/ICCV2025/papers/Wang_TurboVSR_Fantastic_Video_Upscalers_and_Where_to_Find_Them_ICCV_2025_paper.pdf
2128,LLM-Assisted Semantic Guidance for Sparsely Annotated Remote Sensing Object Detection,iccv,2025,https://openaccess.thecvf.com/content/ICCV2025/papers/Liao_LLM-Assisted_Semantic_Guidance_for_Sparsely_Annotated_Remote_Sensing_Object_Detection_ICCV_2025_paper.pdf
2129,NuPlanQA: A Large-Scale Dataset and Benchmark for Multi-View Driving Scene Understanding in Multi-Modal Large Language Models,iccv,2025,https://openaccess.thecvf.com/content/ICCV2025/papers/Park_NuPlanQA_A_Large-Scale_Dataset_and_Benchmark_for_Multi-View_Driving_Scene_ICCV_2025_paper.pdf
2130,Geometric Alignment and Prior Modulation for View-Guided Point Cloud Completion on Unseen Categories,iccv,2025,https://openaccess.thecvf.com/content/ICCV2025/papers/Xiu_Geometric_Alignment_and_Prior_Modulation_for_View-Guided_Point_Cloud_Completion_ICCV_2025_paper.pdf
2131,ODDR: Outlier Detection & Dimension Reduction Based Defense Against Adversarial Patches,iccv,2025,https://openaccess.thecvf.com/content/ICCV2025/papers/Chattopadhyay_ODDR_Outlier_Detection__Dimension_Reduction_Based_Defense_Against_Adversarial_ICCV_2025_paper.pdf
2132,Mind the Gap: Preserving and Compensating for the Modality Gap in CLIP-Based Continual Learning,iccv,2025,https://openaccess.thecvf.com/content/ICCV2025/papers/Huang_Mind_the_Gap_Preserving_and_Compensating_for_the_Modality_Gap_ICCV_2025_paper.pdf
2133,Stochastic Gradient Estimation for Higher-Order Differentiable Rendering,iccv,2025,https://openaccess.thecvf.com/content/ICCV2025/papers/Wang_Stochastic_Gradient_Estimation_for_Higher-Order_Differentiable_Rendering_ICCV_2025_paper.pdf
2134,PolGS: Polarimetric Gaussian Splatting for Fast Reflective Surface Reconstruction,iccv,2025,https://openaccess.thecvf.com/content/ICCV2025/papers/Han_PolGS_Polarimetric_Gaussian_Splatting_for_Fast_Reflective_Surface_Reconstruction_ICCV_2025_paper.pdf
2135,AdvDreamer Unveils: Are Vision-Language Models Truly Ready for Real-World 3D Variations?,iccv,2025,https://openaccess.thecvf.com/content/ICCV2025/papers/Ruan_AdvDreamer_Unveils_Are_Vision-Language_Models_Truly_Ready_for_Real-World_3D_ICCV_2025_paper.pdf
2136,ERNet: Efficient Non-Rigid Registration Network for Point Sequences,iccv,2025,https://openaccess.thecvf.com/content/ICCV2025/papers/He_ERNet_Efficient_Non-Rigid_Registration_Network_for_Point_Sequences_ICCV_2025_paper.pdf
2137,Does Your Vision-Language Model Get Lost in the Long Video Sampling Dilemma?,iccv,2025,https://openaccess.thecvf.com/content/ICCV2025/papers/Qu_Does_Your_Vision-Language_Model_Get_Lost_in_the_Long_Video_ICCV_2025_paper.pdf
2138,Not all Views are Created Equal: Analyzing Viewpoint Instabilities in Vision Foundation Models,iccv,2025,https://openaccess.thecvf.com/content/ICCV2025/papers/Michalkiewicz_Not_all_Views_are_Created_Equal_Analyzing_Viewpoint_Instabilities_in_ICCV_2025_paper.pdf
2139,HumorDB: Can AI understand graphical humor?,iccv,2025,https://openaccess.thecvf.com/content/ICCV2025/papers/Jain_HumorDB_Can_AI_understand_graphical_humor_ICCV_2025_paper.pdf
2140,Towards Safer and Understandable Driver Intention Prediction,iccv,2025,https://openaccess.thecvf.com/content/ICCV2025/papers/Karuppasamy_Towards_Safer_and_Understandable_Driver_Intention_Prediction_ICCV_2025_paper.pdf
2141,Generative Gaussian Splatting: Generating 3D Scenes with Video Diffusion Priors,iccv,2025,https://openaccess.thecvf.com/content/ICCV2025/papers/Schwarz_Generative_Gaussian_Splatting_Generating_3D_Scenes_with_Video_Diffusion_Priors_ICCV_2025_paper.pdf
2142,AffordDexGrasp: Open-set Language-guided Dexterous Grasp with Generalizable-Instructive Affordance,iccv,2025,https://openaccess.thecvf.com/content/ICCV2025/papers/Wei_AffordDexGrasp_Open-set_Language-guided_Dexterous_Grasp_with_Generalizable-Instructive_Affordance_ICCV_2025_paper.pdf
2143,AR-1-to-3: Single Image to Consistent 3D Object via Next-View Prediction,iccv,2025,https://openaccess.thecvf.com/content/ICCV2025/papers/Zhang_AR-1-to-3_Single_Image_to_Consistent_3D_Object_via_Next-View_Prediction_ICCV_2025_paper.pdf
2144,Inverse 3D Microscopy Rendering for Cell Shape Inference with Active Mesh,iccv,2025,https://openaccess.thecvf.com/content/ICCV2025/papers/Ichbiah_Inverse_3D_Microscopy_Rendering_for_Cell_Shape_Inference_with_Active_ICCV_2025_paper.pdf
2145,NeurOp-Diff: Continuous Remote Sensing Image Super-Resolution via Neural Operator Diffusion,iccv,2025,https://openaccess.thecvf.com/content/ICCV2025/papers/Xu_NeurOp-Diff_Continuous_Remote_Sensing_Image_Super-Resolution_via_Neural_Operator_Diffusion_ICCV_2025_paper.pdf
2146,DC-TTA: Divide-and-Conquer Framework for Test-Time Adaptation of Interactive Segmentation,iccv,2025,https://openaccess.thecvf.com/content/ICCV2025/papers/Kim_DC-TTA_Divide-and-Conquer_Framework_for_Test-Time_Adaptation_of_Interactive_Segmentation_ICCV_2025_paper.pdf
2147,PROL : Rehearsal Free Continual Learning in Streaming Data via Prompt Online Learning,iccv,2025,https://openaccess.thecvf.com/content/ICCV2025/papers/Masum_PROL__Rehearsal_Free_Continual_Learning_in_Streaming_Data_via_ICCV_2025_paper.pdf
2148,Generalization-Preserved Learning: Closing the Backdoor to Catastrophic Forgetting in Continual Deepfake Detection,iccv,2025,https://openaccess.thecvf.com/content/ICCV2025/papers/Zhang_Generalization-Preserved_Learning_Closing_the_Backdoor_to_Catastrophic_Forgetting_in_Continual_ICCV_2025_paper.pdf
2149,JailbreakDiffBench: A Comprehensive Benchmark for Jailbreaking Diffusion Models,iccv,2025,https://openaccess.thecvf.com/content/ICCV2025/papers/Jin_JailbreakDiffBench_A_Comprehensive_Benchmark_for_Jailbreaking_Diffusion_Models_ICCV_2025_paper.pdf
2150,InfiniteYou: Flexible Photo Recrafting While Preserving Your Identity,iccv,2025,https://openaccess.thecvf.com/content/ICCV2025/papers/Jiang_InfiniteYou_Flexible_Photo_Recrafting_While_Preserving_Your_Identity_ICCV_2025_paper.pdf
2151,GeoMan: Temporally Consistent Human Geometry Estimation using Image-to-Video Diffusion,iccv,2025,https://openaccess.thecvf.com/content/ICCV2025/papers/Kim_GeoMan_Temporally_Consistent_Human_Geometry_Estimation_using_Image-to-Video_Diffusion_ICCV_2025_paper.pdf
2152,NAVER: A Neuro-Symbolic Compositional Automaton for Visual Grounding with Explicit Logic Reasoning,iccv,2025,https://openaccess.thecvf.com/content/ICCV2025/papers/Cai_NAVER_A_Neuro-Symbolic_Compositional_Automaton_for_Visual_Grounding_with_Explicit_ICCV_2025_paper.pdf
2153,Generative Adversarial Diffusion,iccv,2025,https://openaccess.thecvf.com/content/ICCV2025/papers/Jun_Generative_Adversarial_Diffusion_ICCV_2025_paper.pdf
2154,GaussianVideo: Efficient Video Representation via Hierarchical Gaussian Splatting,iccv,2025,https://openaccess.thecvf.com/content/ICCV2025/papers/Bond_GaussianVideo_Efficient_Video_Representation_via_Hierarchical_Gaussian_Splatting_ICCV_2025_paper.pdf
2155,MergeOcc: Bridge the Domain Gap between Different LiDARs for Robust Occupancy Prediction,iccv,2025,https://openaccess.thecvf.com/content/ICCV2025/papers/Xu_MergeOcc_Bridge_the_Domain_Gap_between_Different_LiDARs_for_Robust_ICCV_2025_paper.pdf
2156,AutoScape: Geometry-Consistent Long-Horizon Scene Generation,iccv,2025,https://openaccess.thecvf.com/content/ICCV2025/papers/Chen_AutoScape_Geometry-Consistent_Long-Horizon_Scene_Generation_ICCV_2025_paper.pdf
2157,Few-Shot Image Quality Assessment via Adaptation of Vision-Language Models,iccv,2025,https://openaccess.thecvf.com/content/ICCV2025/papers/Li_Few-Shot_Image_Quality_Assessment_via_Adaptation_of_Vision-Language_Models_ICCV_2025_paper.pdf
2158,UIP2P: Unsupervised Instruction-based Image Editing via Edit Reversibility Constraint,iccv,2025,https://openaccess.thecvf.com/content/ICCV2025/papers/Simsar_UIP2P_Unsupervised_Instruction-based_Image_Editing_via_Edit_Reversibility_Constraint_ICCV_2025_paper.pdf
2159,Beyond Spatial Frequency: Pixel-wise Temporal Frequency-based Deepfake Video Detection,iccv,2025,https://openaccess.thecvf.com/content/ICCV2025/papers/Kim_Beyond_Spatial_Frequency_Pixel-wise_Temporal_Frequency-based_Deepfake_Video_Detection_ICCV_2025_paper.pdf
2160,Synchronizing Task Behavior: Aligning Multiple Tasks during Test-Time Training,iccv,2025,https://openaccess.thecvf.com/content/ICCV2025/papers/Jeong_Synchronizing_Task_Behavior_Aligning_Multiple_Tasks_during_Test-Time_Training_ICCV_2025_paper.pdf
2161,FLOSS: Free Lunch in Open-vocabulary Semantic Segmentation,iccv,2025,https://openaccess.thecvf.com/content/ICCV2025/papers/Benigmim_FLOSS_Free_Lunch_in_Open-vocabulary_Semantic_Segmentation_ICCV_2025_paper.pdf
2162,p-MoD: Building Mixture-of-Depths MLLMs via Progressive Ratio Decay,iccv,2025,https://openaccess.thecvf.com/content/ICCV2025/papers/Zhang_p-MoD_Building_Mixture-of-Depths_MLLMs_via_Progressive_Ratio_Decay_ICCV_2025_paper.pdf
2163,SAME: Learning Generic Language-Guided Visual Navigation with State-Adaptive Mixture of Experts,iccv,2025,https://openaccess.thecvf.com/content/ICCV2025/papers/Zhou_SAME_Learning_Generic_Language-Guided_Visual_Navigation_with_State-Adaptive_Mixture_of_ICCV_2025_paper.pdf
2164,ToF-Splatting: Dense SLAM using Sparse Time-of-Flight Depth and Multi-Frame Integration,iccv,2025,https://openaccess.thecvf.com/content/ICCV2025/papers/Conti_ToF-Splatting_Dense_SLAM_using_Sparse_Time-of-Flight_Depth_and_Multi-Frame_Integration_ICCV_2025_paper.pdf
2165,PASD: A Pixel-Adaptive Swarm Dynamics Approach for Unsupervised Low-Light Image Enhancement,iccv,2025,https://openaccess.thecvf.com/content/ICCV2025/papers/Jin_PASD_A_Pixel-Adaptive_Swarm_Dynamics_Approach_for_Unsupervised_Low-Light_Image_ICCV_2025_paper.pdf
2166,ConsNoTrainLoRA: Data-driven Weight Initialization of Low-rank Adapters using Constraints,iccv,2025,https://openaccess.thecvf.com/content/ICCV2025/papers/Das_ConsNoTrainLoRA_Data-driven_Weight_Initialization_of_Low-rank_Adapters_using_Constraints_ICCV_2025_paper.pdf
2167,Correspondence-Free Fast and Robust Spherical Point Pattern Registration,iccv,2025,https://openaccess.thecvf.com/content/ICCV2025/papers/Sarker_Correspondence-Free_Fast_and_Robust_Spherical_Point_Pattern_Registration_ICCV_2025_paper.pdf
2168,Adversarial Robustness of Discriminative Self-Supervised Learning in Vision,iccv,2025,https://openaccess.thecvf.com/content/ICCV2025/papers/Cagatan_Adversarial_Robustness_of_Discriminative_Self-Supervised_Learning_in_Vision_ICCV_2025_paper.pdf
2169,CT-ScanGaze: A Dataset and Baselines for 3D Volumetric Scanpath Modeling,iccv,2025,https://openaccess.thecvf.com/content/ICCV2025/papers/Pham_CT-ScanGaze_A_Dataset_and_Baselines_for_3D_Volumetric_Scanpath_Modeling_ICCV_2025_paper.pdf
2170,MOBIUS: Big-to-Mobile Universal Instance Segmentation via Multi-modal Bottleneck Fusion and Calibrated Decoder Pruning,iccv,2025,https://openaccess.thecvf.com/content/ICCV2025/papers/Segu_MOBIUS_Big-to-Mobile_Universal_Instance_Segmentation_via_Multi-modal_Bottleneck_Fusion_and_ICCV_2025_paper.pdf
2171,VoxelKP: A Voxel-based Network Architecture for Human Keypoint Estimation in LiDAR Data,iccv,2025,https://openaccess.thecvf.com/content/ICCV2025/papers/Shi_VoxelKP_A_Voxel-based_Network_Architecture_for_Human_Keypoint_Estimation_in_ICCV_2025_paper.pdf
2172,TemCoCo: Temporally Consistent Multi-modal Video Fusion with Visual-Semantic Collaboration,iccv,2025,https://openaccess.thecvf.com/content/ICCV2025/papers/Gong_TemCoCo_Temporally_Consistent_Multi-modal_Video_Fusion_with_Visual-Semantic_Collaboration_ICCV_2025_paper.pdf
2173,Normal and Abnormal Pathology Knowledge-Augmented Vision-Language Model for Anomaly Detection in Pathology Images,iccv,2025,https://openaccess.thecvf.com/content/ICCV2025/papers/Song_Normal_and_Abnormal_Pathology_Knowledge-Augmented_Vision-Language_Model_for_Anomaly_Detection_ICCV_2025_paper.pdf
2174,COME: Dual Structure-Semantic Learning with Collaborative MoE for Universal Lesion Detection Across Heterogeneous Ultrasound Datasets,iccv,2025,https://openaccess.thecvf.com/content/ICCV2025/papers/Chen_COME_Dual_Structure-Semantic_Learning_with_Collaborative_MoE_for_Universal_Lesion_ICCV_2025_paper.pdf
2175,Fine-Tuning Visual Autogressive Models for Subject-Driven Generation,iccv,2025,https://openaccess.thecvf.com/content/ICCV2025/papers/Chung_Fine-Tuning_Visual_Autogressive_Models_for_Subject-Driven_Generation_ICCV_2025_paper.pdf
2176,Voyaging into Perpetual Dynamic Scenes from a Single View,iccv,2025,https://openaccess.thecvf.com/content/ICCV2025/papers/Tian_Voyaging_into_Perpetual_Dynamic_Scenes_from_a_Single_View_ICCV_2025_paper.pdf
2177,Accelerating Diffusion Transformer via Gradient-Optimized Cache,iccv,2025,https://openaccess.thecvf.com/content/ICCV2025/papers/Qiu_Accelerating_Diffusion_Transformer_via_Gradient-Optimized_Cache_ICCV_2025_paper.pdf
2178,SceneSplat: Gaussian Splatting-based Scene Understanding with Vision-Language Pretraining,iccv,2025,https://openaccess.thecvf.com/content/ICCV2025/papers/Li_SceneSplat_Gaussian_Splatting-based_Scene_Understanding_with_Vision-Language_Pretraining_ICCV_2025_paper.pdf
2179,Beyond the Limits: Overcoming Negative Correlation of Activation-Based Training-Free NAS,iccv,2025,https://openaccess.thecvf.com/content/ICCV2025/papers/Kang_Beyond_the_Limits_Overcoming_Negative_Correlation_of_Activation-Based_Training-Free_NAS_ICCV_2025_paper.pdf
2180,Unknown Text Learning for CLIP-based Few-Shot Open-set Recognition,iccv,2025,https://openaccess.thecvf.com/content/ICCV2025/papers/Ma_Unknown_Text_Learning_for_CLIP-based_Few-Shot_Open-set_Recognition_ICCV_2025_paper.pdf
2181,VoteSplat: Hough Voting Gaussian Splatting for 3D Scene Understanding,iccv,2025,https://openaccess.thecvf.com/content/ICCV2025/papers/Jiang_VoteSplat_Hough_Voting_Gaussian_Splatting_for_3D_Scene_Understanding_ICCV_2025_paper.pdf
2182,C4D: 4D Made from 3D through Dual Correspondences,iccv,2025,https://openaccess.thecvf.com/content/ICCV2025/papers/Wang_C4D_4D_Made_from_3D_through_Dual_Correspondences_ICCV_2025_paper.pdf
2183,An Efficient Hybrid Vision Transformer for TinyML Applications,iccv,2025,https://openaccess.thecvf.com/content/ICCV2025/papers/Zeng_An_Efficient_Hybrid_Vision_Transformer_for_TinyML_Applications_ICCV_2025_paper.pdf
2184,Object-centric Video Question Answering with Visual Grounding and Referring,iccv,2025,https://openaccess.thecvf.com/content/ICCV2025/papers/Wang_Object-centric_Video_Question_Answering_with_Visual_Grounding_and_Referring_ICCV_2025_paper.pdf
2185,Face Retouching with Diffusion Data Generation and Spectral Restorement,iccv,2025,https://openaccess.thecvf.com/content/ICCV2025/papers/Xu_Face_Retouching_with_Diffusion_Data_Generation_and_Spectral_Restorement_ICCV_2025_paper.pdf
2186,AG2aussian: Anchor-Graph Structured Gaussian Splatting for Instance-Level 3D Scene Understanding and Editing,iccv,2025,https://openaccess.thecvf.com/content/ICCV2025/papers/Wang_AG2aussian_Anchor-Graph_Structured_Gaussian_Splatting_for_Instance-Level_3D_Scene_Understanding_ICCV_2025_paper.pdf
2187,Beyond Blur: A Fluid Perspective on Generative Diffusion Models,iccv,2025,https://openaccess.thecvf.com/content/ICCV2025/papers/Gruszczynski_Beyond_Blur_A_Fluid_Perspective_on_Generative_Diffusion_Models_ICCV_2025_paper.pdf
2188,CanonSwap: High-Fidelity and Consistent Video Face Swapping via Canonical Space Modulation,iccv,2025,https://openaccess.thecvf.com/content/ICCV2025/papers/Luo_CanonSwap_High-Fidelity_and_Consistent_Video_Face_Swapping_via_Canonical_Space_ICCV_2025_paper.pdf
2189,Soft Local Completeness: Rethinking Completeness in XAI,iccv,2025,https://openaccess.thecvf.com/content/ICCV2025/papers/Haddad_Soft_Local_Completeness_Rethinking_Completeness_in_XAI_ICCV_2025_paper.pdf
2190,Perceiving and Acting in First-Person: A Dataset and Benchmark for Egocentric Human-Object-Human Interactions,iccv,2025,https://openaccess.thecvf.com/content/ICCV2025/papers/Xu_Perceiving_and_Acting_in_First-Person_A_Dataset_and_Benchmark_for_ICCV_2025_paper.pdf
2191,Open-ended Hierarchical Streaming Video Understanding with Vision Language Models,iccv,2025,https://openaccess.thecvf.com/content/ICCV2025/papers/Kang_Open-ended_Hierarchical_Streaming_Video_Understanding_with_Vision_Language_Models_ICCV_2025_paper.pdf
2192,SUB: Benchmarking CBM Generalization via Synthetic Attribute Substitutions,iccv,2025,https://openaccess.thecvf.com/content/ICCV2025/papers/Bader_SUB_Benchmarking_CBM_Generalization_via_Synthetic_Attribute_Substitutions_ICCV_2025_paper.pdf
2193,G-DexGrasp: Generalizable Dexterous Grasping Synthesis Via Part-Aware Prior Retrieval and Prior-Assisted Generation,iccv,2025,https://openaccess.thecvf.com/content/ICCV2025/papers/Jian_G-DexGrasp_Generalizable_Dexterous_Grasping_Synthesis_Via_Part-Aware_Prior_Retrieval_and_ICCV_2025_paper.pdf
2194,Autoregressive Denoising Score Matching is a Good Video Anomaly Detector,iccv,2025,https://openaccess.thecvf.com/content/ICCV2025/papers/Zhang_Autoregressive_Denoising_Score_Matching_is_a_Good_Video_Anomaly_Detector_ICCV_2025_paper.pdf
2195,LUDVIG: Learning-Free Uplifting of 2D Visual Features to Gaussian Splatting Scenes,iccv,2025,https://openaccess.thecvf.com/content/ICCV2025/papers/Marrie_LUDVIG_Learning-Free_Uplifting_of_2D_Visual_Features_to_Gaussian_Splatting_ICCV_2025_paper.pdf
2196,PARTE: Part-Guided Texturing for 3D Human Reconstruction from a Single Image,iccv,2025,https://openaccess.thecvf.com/content/ICCV2025/papers/Nam_PARTE_Part-Guided_Texturing_for_3D_Human_Reconstruction_from_a_Single_ICCV_2025_paper.pdf
2197,LLaVA-SP: Enhancing Visual Representation with Visual Spatial Tokens for MLLMs,iccv,2025,https://openaccess.thecvf.com/content/ICCV2025/papers/Lou_LLaVA-SP_Enhancing_Visual_Representation_with_Visual_Spatial_Tokens_for_MLLMs_ICCV_2025_paper.pdf
2198,3D-MOOD: Lifting 2D to 3D for Monocular Open-Set Object Detection,iccv,2025,https://openaccess.thecvf.com/content/ICCV2025/papers/Yang_3D-MOOD_Lifting_2D_to_3D_for_Monocular_Open-Set_Object_Detection_ICCV_2025_paper.pdf
2199,LLM-enhanced Action-aware Multi-modal Prompt Tuning for Image-Text Matching,iccv,2025,https://openaccess.thecvf.com/content/ICCV2025/papers/Tian_LLM-enhanced_Action-aware_Multi-modal_Prompt_Tuning_for_Image-Text_Matching_ICCV_2025_paper.pdf
2200,PointGAC: Geometric-Aware Codebook for Masked Point Modeling,iccv,2025,https://openaccess.thecvf.com/content/ICCV2025/papers/Li_PointGAC_Geometric-Aware_Codebook_for_Masked_Point_Modeling_ICCV_2025_paper.pdf
2201,Unbiased Region-Language Alignment for Open-Vocabulary Dense Prediction,iccv,2025,https://openaccess.thecvf.com/content/ICCV2025/papers/Li_Unbiased_Region-Language_Alignment_for_Open-Vocabulary_Dense_Prediction_ICCV_2025_paper.pdf
2202,CLIPer: Hierarchically Improving Spatial Representation of CLIP for Open-Vocabulary Semantic Segmentation,iccv,2025,https://openaccess.thecvf.com/content/ICCV2025/papers/Sun_CLIPer_Hierarchically_Improving_Spatial_Representation_of_CLIP_for_Open-Vocabulary_Semantic_ICCV_2025_paper.pdf
2203,Adversarial Reconstruction Feedback for Robust Fine-grained Generalization,iccv,2025,https://openaccess.thecvf.com/content/ICCV2025/papers/Wang_Adversarial_Reconstruction_Feedback_for_Robust_Fine-grained_Generalization_ICCV_2025_paper.pdf
2204,ConceptSplit: Decoupled Multi-Concept Personalization of Diffusion Models via Token-wise Adaptation and Attention Disentanglement,iccv,2025,https://openaccess.thecvf.com/content/ICCV2025/papers/Lim_ConceptSplit_Decoupled_Multi-Concept_Personalization_of_Diffusion_Models_via_Token-wise_Adaptation_ICCV_2025_paper.pdf
2205,Consistency Trajectory Matching for One-Step Generative Super-Resolution,iccv,2025,https://openaccess.thecvf.com/content/ICCV2025/papers/You_Consistency_Trajectory_Matching_for_One-Step_Generative_Super-Resolution_ICCV_2025_paper.pdf
2206,SGAD: Semantic and Geometric-aware Descriptor for Local Feature Matching,iccv,2025,https://openaccess.thecvf.com/content/ICCV2025/papers/Liu_SGAD_Semantic_and_Geometric-aware_Descriptor_for_Local_Feature_Matching_ICCV_2025_paper.pdf
2207,SpectralAR: Spectral Autoregressive Visual Generation,iccv,2025,https://openaccess.thecvf.com/content/ICCV2025/papers/Huang_SpectralAR_Spectral_Autoregressive_Visual_Generation_ICCV_2025_paper.pdf
2208,RogSplat: Robust Gaussian Splatting via Generative Priors,iccv,2025,https://openaccess.thecvf.com/content/ICCV2025/papers/Kong_RogSplat_Robust_Gaussian_Splatting_via_Generative_Priors_ICCV_2025_paper.pdf
2209,When Schrodinger Bridge Meets Real-World Image Dehazing with Unpaired Training,iccv,2025,https://openaccess.thecvf.com/content/ICCV2025/papers/Lan_When_Schrodinger_Bridge_Meets_Real-World_Image_Dehazing_with_Unpaired_Training_ICCV_2025_paper.pdf
2210,CARIM: Caption-Based Autonomous Driving Scene Retrieval via Inclusive Text Matching,iccv,2025,https://openaccess.thecvf.com/content/ICCV2025/papers/Ki_CARIM_Caption-Based_Autonomous_Driving_Scene_Retrieval_via_Inclusive_Text_Matching_ICCV_2025_paper.pdf
2211,Punching Bag vs. Punching Person: Motion Transferability in Videos,iccv,2025,https://openaccess.thecvf.com/content/ICCV2025/papers/Abdullah_Punching_Bag_vs._Punching_Person_Motion_Transferability_in_Videos_ICCV_2025_paper.pdf
2212,CODE-CL: Conceptor-Based Gradient Projection for Deep Continual Learning,iccv,2025,https://openaccess.thecvf.com/content/ICCV2025/papers/Apolinario_CODE-CL_Conceptor-Based_Gradient_Projection_for_Deep_Continual_Learning_ICCV_2025_paper.pdf
2213,Boosting Generative Adversarial Transferability with Self-supervised Vision Transformer Features,iccv,2025,https://openaccess.thecvf.com/content/ICCV2025/papers/Wu_Boosting_Generative_Adversarial_Transferability_with_Self-supervised_Vision_Transformer_Features_ICCV_2025_paper.pdf
2214,Zero-Shot Compositional Video Learning with Coding Rate Reduction,iccv,2025,https://openaccess.thecvf.com/content/ICCV2025/papers/Jung_Zero-Shot_Compositional_Video_Learning_with_Coding_Rate_Reduction_ICCV_2025_paper.pdf
2215,AVTrustBench: Assessing and Enhancing Reliability and Robustness in Audio-Visual LLMs,iccv,2025,https://openaccess.thecvf.com/content/ICCV2025/papers/Chowdhury_AVTrustBench_Assessing_and_Enhancing_Reliability_and_Robustness_in_Audio-Visual_LLMs_ICCV_2025_paper.pdf
2216,LOTA: Bit-Planes Guided AI-Generated Image Detection,iccv,2025,https://openaccess.thecvf.com/content/ICCV2025/papers/Wang_LOTA_Bit-Planes_Guided_AI-Generated_Image_Detection_ICCV_2025_paper.pdf
2217,Benchmarking Egocentric Visual-Inertial SLAM at City Scale,iccv,2025,https://openaccess.thecvf.com/content/ICCV2025/papers/Krishnan_Benchmarking_Egocentric_Visual-Inertial_SLAM_at_City_Scale_ICCV_2025_paper.pdf
2218,CATSplat: Context-Aware Transformer with Spatial Guidance for Generalizable 3D Gaussian Splatting from A Single-View Image,iccv,2025,https://openaccess.thecvf.com/content/ICCV2025/papers/Roh_CATSplat_Context-Aware_Transformer_with_Spatial_Guidance_for_Generalizable_3D_Gaussian_ICCV_2025_paper.pdf
2219,Supercharged One-step Text-to-Image Diffusion Models with Negative Prompts,iccv,2025,https://openaccess.thecvf.com/content/ICCV2025/papers/Nguyen_Supercharged_One-step_Text-to-Image_Diffusion_Models_with_Negative_Prompts_ICCV_2025_paper.pdf
2220,Learning Normals of Noisy Points by Local Gradient-Aware Surface Filtering,iccv,2025,https://openaccess.thecvf.com/content/ICCV2025/papers/Li_Learning_Normals_of_Noisy_Points_by_Local_Gradient-Aware_Surface_Filtering_ICCV_2025_paper.pdf
2221,CoTracker3: Simpler and Better Point Tracking by Pseudo-Labelling Real Videos,iccv,2025,https://openaccess.thecvf.com/content/ICCV2025/papers/Karaev_CoTracker3_Simpler_and_Better_Point_Tracking_by_Pseudo-Labelling_Real_Videos_ICCV_2025_paper.pdf
2222,IMG: Calibrating Diffusion Models via Implicit Multimodal Guidance,iccv,2025,https://openaccess.thecvf.com/content/ICCV2025/papers/Guo_IMG_Calibrating_Diffusion_Models_via_Implicit_Multimodal_Guidance_ICCV_2025_paper.pdf
2223,VRBench: A Benchmark for Multi-Step Reasoning in Long Narrative Videos,iccv,2025,https://openaccess.thecvf.com/content/ICCV2025/papers/Yu_VRBench_A_Benchmark_for_Multi-Step_Reasoning_in_Long_Narrative_Videos_ICCV_2025_paper.pdf
2224,PUMPS: Skeleton-Agnostic Point-based Universal Motion Pre-Training for Synthesis in Human Motion Tasks,iccv,2025,https://openaccess.thecvf.com/content/ICCV2025/papers/Mo_PUMPS_Skeleton-Agnostic_Point-based_Universal_Motion_Pre-Training_for_Synthesis_in_Human_ICCV_2025_paper.pdf
2225,When and Where do Data Poisons Attack Textual Inversion?,iccv,2025,https://openaccess.thecvf.com/content/ICCV2025/papers/Styborski_When_and_Where_do_Data_Poisons_Attack_Textual_Inversion_ICCV_2025_paper.pdf
2226,RAGD: Regional-Aware Diffusion Model for Text-to-Image Generation,iccv,2025,https://openaccess.thecvf.com/content/ICCV2025/papers/Chen_RAGD_Regional-Aware_Diffusion_Model_for_Text-to-Image_Generation_ICCV_2025_paper.pdf
2227,OpenM3D: Open Vocabulary Multi-view Indoor 3D Object Detection without Human Annotations,iccv,2025,https://openaccess.thecvf.com/content/ICCV2025/papers/Hsu_OpenM3D_Open_Vocabulary_Multi-view_Indoor_3D_Object_Detection_without_Human_ICCV_2025_paper.pdf
2228,From Prompt to Progression: Taming Video Diffusion Models for Seamless Attribute Transition,iccv,2025,https://openaccess.thecvf.com/content/ICCV2025/papers/Lo_From_Prompt_to_Progression_Taming_Video_Diffusion_Models_for_Seamless_ICCV_2025_paper.pdf
2229,Benchmarking Multimodal CoT Reward Model Stepwise by Visual Program,iccv,2025,https://openaccess.thecvf.com/content/ICCV2025/papers/Gao_Benchmarking_Multimodal_CoT_Reward_Model_Stepwise_by_Visual_Program_ICCV_2025_paper.pdf
2230,Web Artifact Attacks Disrupt Vision Language Models,iccv,2025,https://openaccess.thecvf.com/content/ICCV2025/papers/Qraitem_Web_Artifact_Attacks_Disrupt_Vision_Language_Models_ICCV_2025_paper.pdf
2231,GlassWizard: Harvesting Diffusion Priors for Glass Surface Detection,iccv,2025,https://openaccess.thecvf.com/content/ICCV2025/papers/Li_GlassWizard_Harvesting_Diffusion_Priors_for_Glass_Surface_Detection_ICCV_2025_paper.pdf
2232,Quanta Neural Networks: From Photons to Perception,iccv,2025,https://openaccess.thecvf.com/content/ICCV2025/papers/Sundar_Quanta_Neural_Networks_From_Photons_to_Perception_ICCV_2025_paper.pdf
2233,Cross-Subject Mind Decoding from Inaccurate Representations,iccv,2025,https://openaccess.thecvf.com/content/ICCV2025/papers/Xu_Cross-Subject_Mind_Decoding_from_Inaccurate_Representations_ICCV_2025_paper.pdf
2234,How Can Objects Help Video-Language Understanding?,iccv,2025,https://openaccess.thecvf.com/content/ICCV2025/papers/Tang_How_Can_Objects_Help_Video-Language_Understanding_ICCV_2025_paper.pdf
2235,ImageGen-CoT: Enhancing Text-to-Image In-context Learning with Chain-of-Thought Reasoning,iccv,2025,https://openaccess.thecvf.com/content/ICCV2025/papers/Liao_ImageGen-CoT_Enhancing_Text-to-Image_In-context_Learning_with_Chain-of-Thought_Reasoning_ICCV_2025_paper.pdf
2236,Auto-Regressive Transformation for Image Alignment,iccv,2025,https://openaccess.thecvf.com/content/ICCV2025/papers/Lee_Auto-Regressive_Transformation_for_Image_Alignment_ICCV_2025_paper.pdf
2237,Beyond RGB: Adaptive Parallel Processing for RAW Object Detection,iccv,2025,https://openaccess.thecvf.com/content/ICCV2025/papers/Gamrian_Beyond_RGB_Adaptive_Parallel_Processing_for_RAW_Object_Detection_ICCV_2025_paper.pdf
2238,Stable Virtual Camera: Generative View Synthesis with Diffusion Models,iccv,2025,https://openaccess.thecvf.com/content/ICCV2025/papers/Zhou_Stable_Virtual_Camera_Generative_View_Synthesis_with_Diffusion_Models_ICCV_2025_paper.pdf
2239,Conditional Latent Diffusion Models for Zero-Shot Instance Segmentation,iccv,2025,https://openaccess.thecvf.com/content/ICCV2025/papers/Ulmer_Conditional_Latent_Diffusion_Models_for_Zero-Shot_Instance_Segmentation_ICCV_2025_paper.pdf
2240,Learning Counterfactually Decoupled Attention for Open-World Model Attribution,iccv,2025,https://openaccess.thecvf.com/content/ICCV2025/papers/Zheng_Learning_Counterfactually_Decoupled_Attention_for_Open-World_Model_Attribution_ICCV_2025_paper.pdf
2241,DepR: Depth Guided Single-view Scene Reconstruction with Instance-level Diffusion,iccv,2025,https://openaccess.thecvf.com/content/ICCV2025/papers/Zhao_DepR_Depth_Guided_Single-view_Scene_Reconstruction_with_Instance-level_Diffusion_ICCV_2025_paper.pdf
2242,Edicho: Consistent Image Editing in the Wild,iccv,2025,https://openaccess.thecvf.com/content/ICCV2025/papers/Bai_Edicho_Consistent_Image_Editing_in_the_Wild_ICCV_2025_paper.pdf
2243,Stable Diffusion Models are Secretly Good at Visual In-Context Learning,iccv,2025,https://openaccess.thecvf.com/content/ICCV2025/papers/Oorloff_Stable_Diffusion_Models_are_Secretly_Good_at_Visual_In-Context_Learning_ICCV_2025_paper.pdf
2244,T2Bs: Text-to-Character Blendshapes via Video Generation,iccv,2025,https://openaccess.thecvf.com/content/ICCV2025/papers/Luo_T2Bs_Text-to-Character_Blendshapes_via_Video_Generation_ICCV_2025_paper.pdf
2245,QuEST: Low-bit Diffusion Model Quantization via Efficient Selective Finetuning,iccv,2025,https://openaccess.thecvf.com/content/ICCV2025/papers/Wang_QuEST_Low-bit_Diffusion_Model_Quantization_via_Efficient_Selective_Finetuning_ICCV_2025_paper.pdf
2246,Task-Specific Zero-shot Quantization-Aware Training for Object Detection,iccv,2025,https://openaccess.thecvf.com/content/ICCV2025/papers/Li_Task-Specific_Zero-shot_Quantization-Aware_Training_for_Object_Detection_ICCV_2025_paper.pdf
2247,Shot-by-Shot: Film-Grammar-Aware Training-Free Audio Description Generation,iccv,2025,https://openaccess.thecvf.com/content/ICCV2025/papers/Xie_Shot-by-Shot_Film-Grammar-Aware_Training-Free_Audio_Description_Generation_ICCV_2025_paper.pdf
2248,Snakes and Ladders: Two Steps Up for VideoMamba,iccv,2025,https://openaccess.thecvf.com/content/ICCV2025/papers/Lu_Snakes_and_Ladders_Two_Steps_Up_for_VideoMamba_ICCV_2025_paper.pdf
2249,Generalized Few-Shot Point Cloud Segmentation via LLM-Assisted Hyper-Relation Matching,iccv,2025,https://openaccess.thecvf.com/content/ICCV2025/papers/Li_Generalized_Few-Shot_Point_Cloud_Segmentation_via_LLM-Assisted_Hyper-Relation_Matching_ICCV_2025_paper.pdf
2250,Extending Foundational Monocular Depth Estimators to Fisheye Cameras with Calibration Tokens,iccv,2025,https://openaccess.thecvf.com/content/ICCV2025/papers/Gangopadhyay_Extending_Foundational_Monocular_Depth_Estimators_to_Fisheye_Cameras_with_Calibration_ICCV_2025_paper.pdf
2251,IGD: Instructional Graphic Design with Multimodal Layer Generation,iccv,2025,https://openaccess.thecvf.com/content/ICCV2025/papers/Qu_IGD_Instructional_Graphic_Design_with_Multimodal_Layer_Generation_ICCV_2025_paper.pdf
2252,AdaptiveAE: An Adaptive Exposure Strategy for HDR Capturing in Dynamic Scenes,iccv,2025,https://openaccess.thecvf.com/content/ICCV2025/papers/Xu_AdaptiveAE_An_Adaptive_Exposure_Strategy_for_HDR_Capturing_in_Dynamic_ICCV_2025_paper.pdf
2253,UINavBench: A Framework for Comprehensive Evaluation of Interactive Digital Agents,iccv,2025,https://openaccess.thecvf.com/content/ICCV2025/papers/Agrawal_UINavBench_A_Framework_for_Comprehensive_Evaluation_of_Interactive_Digital_Agents_ICCV_2025_paper.pdf
2254,FedWSQ: Efficient Federated Learning with Weight Standardization and Distribution-Aware Non-Uniform Quantization,iccv,2025,https://openaccess.thecvf.com/content/ICCV2025/papers/Kim_FedWSQ_Efficient_Federated_Learning_with_Weight_Standardization_and_Distribution-Aware_Non-Uniform_ICCV_2025_paper.pdf
2255,Knowledge Transfer from Interaction Learning,iccv,2025,https://openaccess.thecvf.com/content/ICCV2025/papers/Gao_Knowledge_Transfer_from_Interaction_Learning_ICCV_2025_paper.pdf
2256,"Instruction-based Image Editing with Planning, Reasoning, and Generation",iccv,2025,https://openaccess.thecvf.com/content/ICCV2025/papers/Ji_Instruction-based_Image_Editing_with_Planning_Reasoning_and_Generation_ICCV_2025_paper.pdf
2257,Enhancing Mamba Decoder with Bidirectional Interaction in Multi-Task Dense Prediction,iccv,2025,https://openaccess.thecvf.com/content/ICCV2025/papers/Cao_Enhancing_Mamba_Decoder_with_Bidirectional_Interaction_in_Multi-Task_Dense_Prediction_ICCV_2025_paper.pdf
2258,CityGS-X: A Scalable Architecture for Efficient and Geometrically Accurate Large-Scale Scene Reconstruction,iccv,2025,https://openaccess.thecvf.com/content/ICCV2025/papers/Gao_CityGS-X_A_Scalable_Architecture_for_Efficient_and_Geometrically_Accurate_Large-Scale_ICCV_2025_paper.pdf
2259,Dataset Distillation via Vision-Language Category Prototype,iccv,2025,https://openaccess.thecvf.com/content/ICCV2025/papers/Zou_Dataset_Distillation_via_Vision-Language_Category_Prototype_ICCV_2025_paper.pdf
2260,Token Activation Map to Visually Explain Multimodal LLMs,iccv,2025,https://openaccess.thecvf.com/content/ICCV2025/papers/Li_Token_Activation_Map_to_Visually_Explain_Multimodal_LLMs_ICCV_2025_paper.pdf
2261,OcRFDet: Object-Centric Radiance Fields for Multi-View 3D Object Detection in Autonomous Driving,iccv,2025,https://openaccess.thecvf.com/content/ICCV2025/papers/Ji_OcRFDet_Object-Centric_Radiance_Fields_for_Multi-View_3D_Object_Detection_in_ICCV_2025_paper.pdf
2262,A Unified Framework to BRIDGE Complete and Incomplete Deep Multi-View Clustering under Non-IID Missing Patterns,iccv,2025,https://openaccess.thecvf.com/content/ICCV2025/papers/Jiang_A_Unified_Framework_to_BRIDGE_Complete_and_Incomplete_Deep_Multi-View_ICCV_2025_paper.pdf
2263,FairHuman: Boosting Hand and Face Quality in Human Image Generation with Minimum Potential Delay Fairness in Diffusion Models,iccv,2025,https://openaccess.thecvf.com/content/ICCV2025/papers/Wang_FairHuman_Boosting_Hand_and_Face_Quality_in_Human_Image_Generation_ICCV_2025_paper.pdf
2264,CC-OCR: A Comprehensive and Challenging OCR Benchmark for Evaluating Large Multimodal Models in Literacy,iccv,2025,https://openaccess.thecvf.com/content/ICCV2025/papers/Yang_CC-OCR_A_Comprehensive_and_Challenging_OCR_Benchmark_for_Evaluating_Large_ICCV_2025_paper.pdf
2265,PEFTDiff: Diffusion-Guided Transferability Estimation for Parameter-Efficient Fine-Tuning,iccv,2025,https://openaccess.thecvf.com/content/ICCV2025/papers/Khoba_PEFTDiff_Diffusion-Guided_Transferability_Estimation_for_Parameter-Efficient_Fine-Tuning_ICCV_2025_paper.pdf
2266,CODA: Repurposing Continuous VAEs for Discrete Tokenization,iccv,2025,https://openaccess.thecvf.com/content/ICCV2025/papers/Liu_CODA_Repurposing_Continuous_VAEs_for_Discrete_Tokenization_ICCV_2025_paper.pdf
2267,GeoAvatar: Adaptive Geometrical Gaussian Splatting for 3D Head Avatar,iccv,2025,https://openaccess.thecvf.com/content/ICCV2025/papers/Moon_GeoAvatar_Adaptive_Geometrical_Gaussian_Splatting_for_3D_Head_Avatar_ICCV_2025_paper.pdf
2268,Group-wise Scaling and Orthogonal Decomposition for Domain-Invariant Feature Extraction in Face Anti-Spoofing,iccv,2025,https://openaccess.thecvf.com/content/ICCV2025/papers/Jung_Group-wise_Scaling_and_Orthogonal_Decomposition_for_Domain-Invariant_Feature_Extraction_in_ICCV_2025_paper.pdf
2269,RCTDistill: Cross-Modal Knowledge Distillation Framework for Radar-Camera 3D Object Detection with Temporal Fusion,iccv,2025,https://openaccess.thecvf.com/content/ICCV2025/papers/Bang_RCTDistill_Cross-Modal_Knowledge_Distillation_Framework_for_Radar-Camera_3D_Object_Detection_ICCV_2025_paper.pdf
2270,Towards Annotation-Free Evaluation: KPAScore for Human Keypoint Detection,iccv,2025,https://openaccess.thecvf.com/content/ICCV2025/papers/Wang_Towards_Annotation-Free_Evaluation_KPAScore_for_Human_Keypoint_Detection_ICCV_2025_paper.pdf
2271,TITAN: Query-Token based Domain Adaptive Adversarial Learning,iccv,2025,https://openaccess.thecvf.com/content/ICCV2025/papers/Ashraf_TITAN_Query-Token_based_Domain_Adaptive_Adversarial_Learning_ICCV_2025_paper.pdf
2272,AnyCalib: On-Manifold Learning for Model-Agnostic Single-View Camera Calibration,iccv,2025,https://openaccess.thecvf.com/content/ICCV2025/papers/Tirado-Garin_AnyCalib_On-Manifold_Learning_for_Model-Agnostic_Single-View_Camera_Calibration_ICCV_2025_paper.pdf
2273,SEGA: A Stepwise Evolution Paradigm for Content-Aware Layout Generation with Design Prior,iccv,2025,https://openaccess.thecvf.com/content/ICCV2025/papers/Wang_SEGA_A_Stepwise_Evolution_Paradigm_for_Content-Aware_Layout_Generation_with_ICCV_2025_paper.pdf
2274,GEOPARD: Geometric Pretraining for Articulation Prediction in 3D Shapes,iccv,2025,https://openaccess.thecvf.com/content/ICCV2025/papers/Goyal_GEOPARD_Geometric_Pretraining_for_Articulation_Prediction_in_3D_Shapes_ICCV_2025_paper.pdf
2275,ViSpeak: Visual Instruction Feedback in Streaming Videos,iccv,2025,https://openaccess.thecvf.com/content/ICCV2025/papers/Fu_ViSpeak_Visual_Instruction_Feedback_in_Streaming_Videos_ICCV_2025_paper.pdf
2276,"Feature Coding in the Era of Large Models: Dataset, Test Conditions, and Benchmark",iccv,2025,https://openaccess.thecvf.com/content/ICCV2025/papers/Gao_Feature_Coding_in_the_Era_of_Large_Models_Dataset_Test_ICCV_2025_paper.pdf
2277,VideoAds for Fast-Paced Video Understanding,iccv,2025,https://openaccess.thecvf.com/content/ICCV2025/papers/Zhang_VideoAds_for_Fast-Paced_Video_Understanding_ICCV_2025_paper.pdf
2278,MGSR: 2D/3D Mutual-boosted Gaussian Splatting for High-fidelity Surface Reconstruction under Various Light Conditions,iccv,2025,https://openaccess.thecvf.com/content/ICCV2025/papers/Zhou_MGSR_2D3D_Mutual-boosted_Gaussian_Splatting_for_High-fidelity_Surface_Reconstruction_under_ICCV_2025_paper.pdf
2279,Modeling Human Gaze Behavior with Diffusion Models for Unified Scanpath Prediction,iccv,2025,https://openaccess.thecvf.com/content/ICCV2025/papers/Cartella_Modeling_Human_Gaze_Behavior_with_Diffusion_Models_for_Unified_Scanpath_ICCV_2025_paper.pdf
2280,Efficient Multi-Person Motion Prediction by Lightweight Spatial and Temporal Interactions,iccv,2025,https://openaccess.thecvf.com/content/ICCV2025/papers/Zheng_Efficient_Multi-Person_Motion_Prediction_by_Lightweight_Spatial_and_Temporal_Interactions_ICCV_2025_paper.pdf
2281,I2V3D: Controllable Image-to-video Generation with 3D Guidance,iccv,2025,https://openaccess.thecvf.com/content/ICCV2025/papers/Zhang_I2V3D_Controllable_Image-to-video_Generation_with_3D_Guidance_ICCV_2025_paper.pdf
2282,TAG-WM: Tamper-Aware Generative Image Watermarking via Diffusion Inversion Sensitivity,iccv,2025,https://openaccess.thecvf.com/content/ICCV2025/papers/Chen_TAG-WM_Tamper-Aware_Generative_Image_Watermarking_via_Diffusion_Inversion_Sensitivity_ICCV_2025_paper.pdf
2283,MIEB: Massive Image Embedding Benchmark,iccv,2025,https://openaccess.thecvf.com/content/ICCV2025/papers/Xiao_MIEB_Massive_Image_Embedding_Benchmark_ICCV_2025_paper.pdf
2284,IMoRe: Implicit Program-Guided Reasoning for Human Motion Q&A,iccv,2025,https://openaccess.thecvf.com/content/ICCV2025/papers/Li_IMoRe_Implicit_Program-Guided_Reasoning_for_Human_Motion_QA_ICCV_2025_paper.pdf
2285,SViM3D: Stable Video Material Diffusion for Single Image 3D Generation,iccv,2025,https://openaccess.thecvf.com/content/ICCV2025/papers/Engelhardt_SViM3D_Stable_Video_Material_Diffusion_for_Single_Image_3D_Generation_ICCV_2025_paper.pdf
2286,VAGUE: Visual Contexts Clarify Ambiguous Expressions,iccv,2025,https://openaccess.thecvf.com/content/ICCV2025/papers/Nam_VAGUE_Visual_Contexts_Clarify_Ambiguous_Expressions_ICCV_2025_paper.pdf
2287,Enhancing Numerical Prediction of MLLMs with Soft Labeling,iccv,2025,https://openaccess.thecvf.com/content/ICCV2025/papers/Wang_Enhancing_Numerical_Prediction_of_MLLMs_with_Soft_Labeling_ICCV_2025_paper.pdf
2288,Fine-Grained 3D Gaussian Head Avatars Modeling from Static Captures via Joint Reconstruction and Registration,iccv,2025,https://openaccess.thecvf.com/content/ICCV2025/papers/Sun_Fine-Grained_3D_Gaussian_Head_Avatars_Modeling_from_Static_Captures_via_ICCV_2025_paper.pdf
2289,DynamicFace: High-Quality and Consistent Face Swapping for Image and Video using Composable 3D Facial Priors,iccv,2025,https://openaccess.thecvf.com/content/ICCV2025/papers/Wang_DynamicFace_High-Quality_and_Consistent_Face_Swapping_for_Image_and_Video_ICCV_2025_paper.pdf
2290,CoMoGaussian: Continuous Motion-Aware Gaussian Splatting from Motion-Blurred Images,iccv,2025,https://openaccess.thecvf.com/content/ICCV2025/papers/Lee_CoMoGaussian_Continuous_Motion-Aware_Gaussian_Splatting_from_Motion-Blurred_Images_ICCV_2025_paper.pdf
2291,Open-Unfairness Adversarial Mitigation for Generalized Deepfake Detection,iccv,2025,https://openaccess.thecvf.com/content/ICCV2025/papers/Li_Open-Unfairness_Adversarial_Mitigation_for_Generalized_Deepfake_Detection_ICCV_2025_paper.pdf
2292,Recognizing Actions from Robotic View for Natural Human-Robot Interaction,iccv,2025,https://openaccess.thecvf.com/content/ICCV2025/papers/Wang_Recognizing_Actions_from_Robotic_View_for_Natural_Human-Robot_Interaction_ICCV_2025_paper.pdf
2293,WIPES: Wavelet-based Visual Primitives,iccv,2025,https://openaccess.thecvf.com/content/ICCV2025/papers/Zhang_WIPES_Wavelet-based_Visual_Primitives_ICCV_2025_paper.pdf
2294,Frequency Domain-Based Diffusion Model for Unpaired Image Dehazing,iccv,2025,https://openaccess.thecvf.com/content/ICCV2025/papers/Liu_Frequency_Domain-Based_Diffusion_Model_for_Unpaired_Image_Dehazing_ICCV_2025_paper.pdf
2295,Unsupervised Histopathological Image Semantic Segmentation with Overlapping Patches Consistency Constraint,iccv,2025,https://openaccess.thecvf.com/content/ICCV2025/papers/Cai_Unsupervised_Histopathological_Image_Semantic_Segmentation_with_Overlapping_Patches_Consistency_Constraint_ICCV_2025_paper.pdf
2296,SAGI: Semantically Aligned and Uncertainty Guided AI Image Inpainting,iccv,2025,https://openaccess.thecvf.com/content/ICCV2025/papers/Giakoumoglou_SAGI_Semantically_Aligned_and_Uncertainty_Guided_AI_Image_Inpainting_ICCV_2025_paper.pdf
2297,Adversarial Purification via Super-Resolution and Diffusion,iccv,2025,https://openaccess.thecvf.com/content/ICCV2025/papers/Park_Adversarial_Purification_via_Super-Resolution_and_Diffusion_ICCV_2025_paper.pdf
2298,RAGDiffusion: Faithful Cloth Generation via External Knowledge Assimilation,iccv,2025,https://openaccess.thecvf.com/content/ICCV2025/papers/Li_RAGDiffusion_Faithful_Cloth_Generation_via_External_Knowledge_Assimilation_ICCV_2025_paper.pdf
2299,Diff2I2P: Differentiable Image-to-Point Cloud Registration with Diffusion Prior,iccv,2025,https://openaccess.thecvf.com/content/ICCV2025/papers/Mu_Diff2I2P_Differentiable_Image-to-Point_Cloud_Registration_with_Diffusion_Prior_ICCV_2025_paper.pdf
2300,Dynamic Typography: Bringing Text to Life via Video Diffusion Prior,iccv,2025,https://openaccess.thecvf.com/content/ICCV2025/papers/Liu_Dynamic_Typography_Bringing_Text_to_Life_via_Video_Diffusion_Prior_ICCV_2025_paper.pdf
2301,LightSwitch: Multi-view Relighting with Material-guided Diffusion,iccv,2025,https://openaccess.thecvf.com/content/ICCV2025/papers/Litman_LightSwitch_Multi-view_Relighting_with_Material-guided_Diffusion_ICCV_2025_paper.pdf
2302,CanFields: Consolidating Diffeomorphic Flows for Non-Rigid 4D Interpolation from Arbitrary-Length Sequences,iccv,2025,https://openaccess.thecvf.com/content/ICCV2025/papers/Wang_CanFields_Consolidating_Diffeomorphic_Flows_for_Non-Rigid_4D_Interpolation_from_Arbitrary-Length_ICCV_2025_paper.pdf
2303,Occlusion-robust Stylization for Drawing-based 3D Animation,iccv,2025,https://openaccess.thecvf.com/content/ICCV2025/papers/Yoon_Occlusion-robust_Stylization_for_Drawing-based_3D_Animation_ICCV_2025_paper.pdf
2304,Towards Foundational Models for Single-Chip Radar,iccv,2025,https://openaccess.thecvf.com/content/ICCV2025/papers/Huang_Towards_Foundational_Models_for_Single-Chip_Radar_ICCV_2025_paper.pdf
2305,Augmented and Softened Matching for Unsupervised Visible-Infrared Person Re-Identification,iccv,2025,https://openaccess.thecvf.com/content/ICCV2025/papers/Pang_Augmented_and_Softened_Matching_for_Unsupervised_Visible-Infrared_Person_Re-Identification_ICCV_2025_paper.pdf
2306,Spatial Alignment and Temporal Matching Adapter for Video-Radar Remote Physiological Measurement,iccv,2025,https://openaccess.thecvf.com/content/ICCV2025/papers/Liang_Spatial_Alignment_and_Temporal_Matching_Adapter_for_Video-Radar_Remote_Physiological_ICCV_2025_paper.pdf
2307,StableCodec: Taming One-Step Diffusion for Extreme Image Compression,iccv,2025,https://openaccess.thecvf.com/content/ICCV2025/papers/Zhang_StableCodec_Taming_One-Step_Diffusion_for_Extreme_Image_Compression_ICCV_2025_paper.pdf
2308,Seal Your Backdoor with Variational Defense,iccv,2025,https://openaccess.thecvf.com/content/ICCV2025/papers/Sabolic_Seal_Your_Backdoor_with_Variational_Defense_ICCV_2025_paper.pdf
2309,From Abyssal Darkness to Blinding Glare: A Benchmark on Extreme Exposure Correction in Real World,iccv,2025,https://openaccess.thecvf.com/content/ICCV2025/papers/Wang_From_Abyssal_Darkness_to_Blinding_Glare_A_Benchmark_on_Extreme_ICCV_2025_paper.pdf
2310,MVTrajecter: Multi-View Pedestrian Tracking with Trajectory Motion Cost and Trajectory Appearance Cost,iccv,2025,https://openaccess.thecvf.com/content/ICCV2025/papers/Yamane_MVTrajecter_Multi-View_Pedestrian_Tracking_with_Trajectory_Motion_Cost_and_Trajectory_ICCV_2025_paper.pdf
2311,GeoDiffusion: A Training-Free Framework for Accurate 3D Geometric Conditioning in Image Generation,iccv,2025,https://openaccess.thecvf.com/content/ICCV2025/papers/Mueller_GeoDiffusion_A_Training-Free_Framework_for_Accurate_3D_Geometric_Conditioning_in_ICCV_2025_paper.pdf
2312,VALLR: Visual ASR Language Model for Lip Reading,iccv,2025,https://openaccess.thecvf.com/content/ICCV2025/papers/Thomas_VALLR_Visual_ASR_Language_Model_for_Lip_Reading_ICCV_2025_paper.pdf
2313,Learning Efficient and Generalizable Human Representation with Human Gaussian Model,iccv,2025,https://openaccess.thecvf.com/content/ICCV2025/papers/Liu_Learning_Efficient_and_Generalizable_Human_Representation_with_Human_Gaussian_Model_ICCV_2025_paper.pdf
2314,DexH2R: A Benchmark for Dynamic Dexterous Grasping in Human-to-Robot Handover,iccv,2025,https://openaccess.thecvf.com/content/ICCV2025/papers/Wang_DexH2R_A_Benchmark_for_Dynamic_Dexterous_Grasping_in_Human-to-Robot_Handover_ICCV_2025_paper.pdf
2315,Mobile Video Diffusion,iccv,2025,https://openaccess.thecvf.com/content/ICCV2025/papers/Yahia_Mobile_Video_Diffusion_ICCV_2025_paper.pdf
2316,Importance-Based Token Merging for Efficient Image and Video Generation,iccv,2025,https://openaccess.thecvf.com/content/ICCV2025/papers/Wu_Importance-Based_Token_Merging_for_Efficient_Image_and_Video_Generation_ICCV_2025_paper.pdf
2317,Semi-ViM: Bidirectional State Space Model for Mitigating Label Imbalance in Semi-Supervised Learning,iccv,2025,https://openaccess.thecvf.com/content/ICCV2025/papers/He_Semi-ViM_Bidirectional_State_Space_Model_for_Mitigating_Label_Imbalance_in_ICCV_2025_paper.pdf
2318,Diffusion Transformer meets Multi-level Wavelet Spectrum for Single Image Super-Resolution,iccv,2025,https://openaccess.thecvf.com/content/ICCV2025/papers/Du_Diffusion_Transformer_meets_Multi-level_Wavelet_Spectrum_for_Single_Image_Super-Resolution_ICCV_2025_paper.pdf
2319,Towards Human-like Virtual Beings: Simulating Human Behavior in 3D Scenes,iccv,2025,https://openaccess.thecvf.com/content/ICCV2025/papers/Liang_Towards_Human-like_Virtual_Beings_Simulating_Human_Behavior_in_3D_Scenes_ICCV_2025_paper.pdf
2320,HiGarment: Cross-modal Harmony Based Diffusion Model for Flat Sketch to Realistic Garment Image,iccv,2025,https://openaccess.thecvf.com/content/ICCV2025/papers/Guo_HiGarment_Cross-modal_Harmony_Based_Diffusion_Model_for_Flat_Sketch_to_ICCV_2025_paper.pdf
2321,Robust Unfolding Network for HDR Imaging with Modulo Cameras,iccv,2025,https://openaccess.thecvf.com/content/ICCV2025/papers/Chen_Robust_Unfolding_Network_for_HDR_Imaging_with_Modulo_Cameras_ICCV_2025_paper.pdf
2322,Player-Centric Multimodal Prompt Generation for Large Language Model Based Identity-Aware Basketball Video Captioning,iccv,2025,https://openaccess.thecvf.com/content/ICCV2025/papers/Xi_Player-Centric_Multimodal_Prompt_Generation_for_Large_Language_Model_Based_Identity-Aware_ICCV_2025_paper.pdf
2323,ArchiSet: Benchmarking Editable and Consistent Single-View 3D Reconstruction of Buildings with Specific Window-to-Wall Ratios,iccv,2025,https://openaccess.thecvf.com/content/ICCV2025/papers/Yin_ArchiSet_Benchmarking_Editable_and_Consistent_Single-View_3D_Reconstruction_of_Buildings_ICCV_2025_paper.pdf
2324,Scale Your Instructions: Enhance the Instruction-Following Fidelity of Unified Image Generation Model by Self-Adaptive Attention Scaling,iccv,2025,https://openaccess.thecvf.com/content/ICCV2025/papers/Zhou_Scale_Your_Instructions_Enhance_the_Instruction-Following_Fidelity_of_Unified_Image_ICCV_2025_paper.pdf
2325,From Enhancement to Understanding: Build a Generalized Bridge for Low-light Vision via Semantically Consistent Unsupervised Fine-tuning,iccv,2025,https://openaccess.thecvf.com/content/ICCV2025/papers/Wang_From_Enhancement_to_Understanding_Build_a_Generalized_Bridge_for_Low-light_ICCV_2025_paper.pdf
2326,Translation of Text Embedding via Delta Vector to Suppress Strongly Entangled Content in Text-to-Image Diffusion Models,iccv,2025,https://openaccess.thecvf.com/content/ICCV2025/papers/Koh_Translation_of_Text_Embedding_via_Delta_Vector_to_Suppress_Strongly_ICCV_2025_paper.pdf
2327,ARMO: Autoregressive Rigging for Multi-Category Objects,iccv,2025,https://openaccess.thecvf.com/content/ICCV2025/papers/Sun_ARMO_Autoregressive_Rigging_for_Multi-Category_Objects_ICCV_2025_paper.pdf
2328,DIP: Unsupervised Dense In-Context Post-training of Visual Representations,iccv,2025,https://openaccess.thecvf.com/content/ICCV2025/papers/Sirko-Galouchenko_DIP_Unsupervised_Dense_In-Context_Post-training_of_Visual_Representations_ICCV_2025_paper.pdf
2329,Think Twice: Test-Time Reasoning for Robust CLIP Zero-Shot Classification,iccv,2025,https://openaccess.thecvf.com/content/ICCV2025/papers/Lu_Think_Twice_Test-Time_Reasoning_for_Robust_CLIP_Zero-Shot_Classification_ICCV_2025_paper.pdf
2330,Training-free Geometric Image Editing on Diffusion Models,iccv,2025,https://openaccess.thecvf.com/content/ICCV2025/papers/Zhu_Training-free_Geometric_Image_Editing_on_Diffusion_Models_ICCV_2025_paper.pdf
2331,HyperGCT: A Dynamic Hyper-GNN-Learned Geometric Constraint for 3D Registration,iccv,2025,https://openaccess.thecvf.com/content/ICCV2025/papers/Zhang_HyperGCT_A_Dynamic_Hyper-GNN-Learned_Geometric_Constraint_for_3D_Registration_ICCV_2025_paper.pdf
2332,Dark-ISP: Enhancing RAW Image Processing for Low-Light Object Detection,iccv,2025,https://openaccess.thecvf.com/content/ICCV2025/papers/Guo_Dark-ISP_Enhancing_RAW_Image_Processing_for_Low-Light_Object_Detection_ICCV_2025_paper.pdf
2333,Harmonizing Visual Representations for Unified Multimodal Understanding and Generation,iccv,2025,https://openaccess.thecvf.com/content/ICCV2025/papers/Wu_Harmonizing_Visual_Representations_for_Unified_Multimodal_Understanding_and_Generation_ICCV_2025_paper.pdf
2334,Environment-Agnostic Pose: Generating Environment-independent Object Representations for 6D Pose Estimation,iccv,2025,https://openaccess.thecvf.com/content/ICCV2025/papers/Zhang_Environment-Agnostic_Pose_Generating_Environment-independent_Object_Representations_for_6D_Pose_Estimation_ICCV_2025_paper.pdf
2335,UnMix-NeRF: Spectral Unmixing Meets Neural Radiance Fields,iccv,2025,https://openaccess.thecvf.com/content/ICCV2025/papers/Perez_UnMix-NeRF_Spectral_Unmixing_Meets_Neural_Radiance_Fields_ICCV_2025_paper.pdf
2336,Progressive Homeostatic and Plastic Prompt Tuning for Audio-Visual Multi-Task Incremental Learning,iccv,2025,https://openaccess.thecvf.com/content/ICCV2025/papers/Yin_Progressive_Homeostatic_and_Plastic_Prompt_Tuning_for_Audio-Visual_Multi-Task_Incremental_ICCV_2025_paper.pdf
2337,Multidimensional Byte Pair Encoding: Shortened Sequences for Improved Visual Data Generation,iccv,2025,https://openaccess.thecvf.com/content/ICCV2025/papers/Elsner_Multidimensional_Byte_Pair_Encoding_Shortened_Sequences_for_Improved_Visual_Data_ICCV_2025_paper.pdf
2338,All in One: Visual-Description-Guided Unified Point Cloud Segmentation,iccv,2025,https://openaccess.thecvf.com/content/ICCV2025/papers/Han_All_in_One_Visual-Description-Guided_Unified_Point_Cloud_Segmentation_ICCV_2025_paper.pdf
2339,Controllable-LPMoE: Adapting to Challenging Object Segmentation via Dynamic Local Priors from Mixture-of-Experts,iccv,2025,https://openaccess.thecvf.com/content/ICCV2025/papers/Sun_Controllable-LPMoE_Adapting_to_Challenging_Object_Segmentation_via_Dynamic_Local_Priors_ICCV_2025_paper.pdf
2340,Frequency-Dynamic Attention Modulation For Dense Prediction,iccv,2025,https://openaccess.thecvf.com/content/ICCV2025/papers/Chen_Frequency-Dynamic_Attention_Modulation_For_Dense_Prediction_ICCV_2025_paper.pdf
2341,Enpowering Your Pansharpening Models with Generalizability: Unified Distribution is All You Need,iccv,2025,https://openaccess.thecvf.com/content/ICCV2025/papers/Cui_Enpowering_Your_Pansharpening_Models_with_Generalizability_Unified_Distribution_is_All_ICCV_2025_paper.pdf
2342,Semantic versus Identity: A Divide-and-Conquer Approach towards Adjustable Medical Image De-Identification,iccv,2025,https://openaccess.thecvf.com/content/ICCV2025/papers/Tian_Semantic_versus_Identity_A_Divide-and-Conquer_Approach_towards_Adjustable_Medical_Image_ICCV_2025_paper.pdf
2343,DEPTHOR: Depth Enhancement from a Practical Light-Weight dToF Sensor and RGB Image,iccv,2025,https://openaccess.thecvf.com/content/ICCV2025/papers/Xiang_DEPTHOR_Depth_Enhancement_from_a_Practical_Light-Weight_dToF_Sensor_and_ICCV_2025_paper.pdf
2344,Describe Anything: Detailed Localized Image and Video Captioning,iccv,2025,https://openaccess.thecvf.com/content/ICCV2025/papers/Lian_Describe_Anything_Detailed_Localized_Image_and_Video_Captioning_ICCV_2025_paper.pdf
2345,Point Cloud Self-supervised Learning via 3D to Multi-view Masked Learner,iccv,2025,https://openaccess.thecvf.com/content/ICCV2025/papers/Chen_Point_Cloud_Self-supervised_Learning_via_3D_to_Multi-view_Masked_Learner_ICCV_2025_paper.pdf
2346,Probabilistic Prototype Calibration of Vision-language Models for Generalized Few-shot Semantic Segmentation,iccv,2025,https://openaccess.thecvf.com/content/ICCV2025/papers/Liu_Probabilistic_Prototype_Calibration_of_Vision-language_Models_for_Generalized_Few-shot_Semantic_ICCV_2025_paper.pdf
2347,KV-Edit: Training-Free Image Editing for Precise Background Preservation,iccv,2025,https://openaccess.thecvf.com/content/ICCV2025/papers/Zhu_KV-Edit_Training-Free_Image_Editing_for_Precise_Background_Preservation_ICCV_2025_paper.pdf
2348,Triad: Empowering LMM-based Anomaly Detection with Expert-guided Region-of-Interest Tokenizer and Manufacturing Process,iccv,2025,https://openaccess.thecvf.com/content/ICCV2025/papers/Li_Triad_Empowering_LMM-based_Anomaly_Detection_with_Expert-guided_Region-of-Interest_Tokenizer_and_ICCV_2025_paper.pdf
2349,When Anchors Meet Cold Diffusion: A Multi-Stage Approach to Lane Detection,iccv,2025,https://openaccess.thecvf.com/content/ICCV2025/papers/Huang_When_Anchors_Meet_Cold_Diffusion_A_Multi-Stage_Approach_to_Lane_ICCV_2025_paper.pdf
2350,Dream-to-Recon: Monocular 3D Reconstruction with Diffusion-Depth Distillation from Single Images,iccv,2025,https://openaccess.thecvf.com/content/ICCV2025/papers/Wulff_Dream-to-Recon_Monocular_3D_Reconstruction_with_Diffusion-Depth_Distillation_from_Single_Images_ICCV_2025_paper.pdf
2351,Breaking Grid Constraints: Dynamic Graph Reconstruction Network for Multi-organ Segmentation,iccv,2025,https://openaccess.thecvf.com/content/ICCV2025/papers/Xiao_Breaking_Grid_Constraints_Dynamic_Graph_Reconstruction_Network_for_Multi-organ_Segmentation_ICCV_2025_paper.pdf
2352,SplArt: Articulation Estimation and Part-Level Reconstruction with 3D Gaussian Splatting,iccv,2025,https://openaccess.thecvf.com/content/ICCV2025/papers/Lin_SplArt_Articulation_Estimation_and_Part-Level_Reconstruction_with_3D_Gaussian_Splatting_ICCV_2025_paper.pdf
2353,FedXDS: Leveraging Model Attribution Methods to counteract Data Heterogeneity in Federated Learning,iccv,2025,https://openaccess.thecvf.com/content/ICCV2025/papers/Hoefler_FedXDS_Leveraging_Model_Attribution_Methods_to_counteract_Data_Heterogeneity_in_ICCV_2025_paper.pdf
2354,Retinex-MEF: Retinex-based Glare Effects Aware Unsupervised Multi-Exposure Image Fusion,iccv,2025,https://openaccess.thecvf.com/content/ICCV2025/papers/Bai_Retinex-MEF_Retinex-based_Glare_Effects_Aware_Unsupervised_Multi-Exposure_Image_Fusion_ICCV_2025_paper.pdf
2355,Structure Matters: Revisiting Boundary Refinement in Video Object Segmentation,iccv,2025,https://openaccess.thecvf.com/content/ICCV2025/papers/Qin_Structure_Matters_Revisiting_Boundary_Refinement_in_Video_Object_Segmentation_ICCV_2025_paper.pdf
2356,Bilateral Collaboration with Large Vision-Language Models for Open Vocabulary Human-Object Interaction Detection,iccv,2025,https://openaccess.thecvf.com/content/ICCV2025/papers/Hu_Bilateral_Collaboration_with_Large_Vision-Language_Models_for_Open_Vocabulary_Human-Object_ICCV_2025_paper.pdf
2357,GaSLight: Gaussian Splats for Spatially-Varying Lighting in HDR,iccv,2025,https://openaccess.thecvf.com/content/ICCV2025/papers/Bolduc_GaSLight_Gaussian_Splats_for_Spatially-Varying_Lighting_in_HDR_ICCV_2025_paper.pdf
2358,Hate in Plain Sight: On the Risks of Moderating AI-Generated Hateful Illusions,iccv,2025,https://openaccess.thecvf.com/content/ICCV2025/papers/Qu_Hate_in_Plain_Sight_On_the_Risks_of_Moderating_AI-Generated_ICCV_2025_paper.pdf
2359,Steering Guidance for Personalized Text-to-Image Diffusion Models,iccv,2025,https://openaccess.thecvf.com/content/ICCV2025/papers/Park_Steering_Guidance_for_Personalized_Text-to-Image_Diffusion_Models_ICCV_2025_paper.pdf
2360,Improving Rectified Flow with Boundary Conditions,iccv,2025,https://openaccess.thecvf.com/content/ICCV2025/papers/Hu_Improving_Rectified_Flow_with_Boundary_Conditions_ICCV_2025_paper.pdf
2361,ATAS: Any-to-Any Self-Distillation for Enhanced Open-Vocabulary Dense Prediction,iccv,2025,https://openaccess.thecvf.com/content/ICCV2025/papers/Yeo_ATAS_Any-to-Any_Self-Distillation_for_Enhanced_Open-Vocabulary_Dense_Prediction_ICCV_2025_paper.pdf
2362,Multimodal Prompt Alignment for Facial Expression Recognition,iccv,2025,https://openaccess.thecvf.com/content/ICCV2025/papers/Ma_Multimodal_Prompt_Alignment_for_Facial_Expression_Recognition_ICCV_2025_paper.pdf
2363,Laboring on less labors: RPCA Paradigm for Pan-sharpening,iccv,2025,https://openaccess.thecvf.com/content/ICCV2025/papers/Xu_Laboring_on_less_labors_RPCA_Paradigm_for_Pan-sharpening_ICCV_2025_paper.pdf
2364,MVQA: Mamba with Unified Sampling for Efficient Video Quality Assessment,iccv,2025,https://openaccess.thecvf.com/content/ICCV2025/papers/Mi_MVQA_Mamba_with_Unified_Sampling_for_Efficient_Video_Quality_Assessment_ICCV_2025_paper.pdf
2365,Semantic-guided Camera Ray Regression for Visual Localization,iccv,2025,https://openaccess.thecvf.com/content/ICCV2025/papers/Zhang_Semantic-guided_Camera_Ray_Regression_for_Visual_Localization_ICCV_2025_paper.pdf
2366,HAMSt3R: Human-Aware Multi-view Stereo 3D Reconstruction,iccv,2025,https://openaccess.thecvf.com/content/ICCV2025/papers/Rojas_HAMSt3R_Human-Aware_Multi-view_Stereo_3D_Reconstruction_ICCV_2025_paper.pdf
2367,TrajectoryCrafter: Redirecting Camera Trajectory for Monocular Videos via Diffusion Models,iccv,2025,https://openaccess.thecvf.com/content/ICCV2025/papers/Yu_TrajectoryCrafter_Redirecting_Camera_Trajectory_for_Monocular_Videos_via_Diffusion_Models_ICCV_2025_paper.pdf
2368,AV-Flow: Transforming Text to Audio-Visual Human-like Interactions,iccv,2025,https://openaccess.thecvf.com/content/ICCV2025/papers/Chatziagapi_AV-Flow_Transforming_Text_to_Audio-Visual_Human-like_Interactions_ICCV_2025_paper.pdf
2369,Multi-View Slot Attention Using Paraphrased Texts for Face Anti-Spoofing,iccv,2025,https://openaccess.thecvf.com/content/ICCV2025/papers/Yu_Multi-View_Slot_Attention_Using_Paraphrased_Texts_for_Face_Anti-Spoofing_ICCV_2025_paper.pdf
2370,Self-Supervised Monocular 4D Scene Reconstruction for Egocentric Videos,iccv,2025,https://openaccess.thecvf.com/content/ICCV2025/papers/Yuan_Self-Supervised_Monocular_4D_Scene_Reconstruction_for_Egocentric_Videos_ICCV_2025_paper.pdf
2371,What we need is explicit controllability: Training 3D gaze estimator using only facial images,iccv,2025,https://openaccess.thecvf.com/content/ICCV2025/papers/Li_What_we_need_is_explicit_controllability_Training_3D_gaze_estimator_ICCV_2025_paper.pdf
2372,WaveMamba: Wavelet-Driven Mamba Fusion for RGB-Infrared Object Detection,iccv,2025,https://openaccess.thecvf.com/content/ICCV2025/papers/Zhu_WaveMamba_Wavelet-Driven_Mamba_Fusion_for_RGB-Infrared_Object_Detection_ICCV_2025_paper.pdf
2373,CoST: Efficient Collaborative Perception From Unified Spatiotemporal Perspective,iccv,2025,https://openaccess.thecvf.com/content/ICCV2025/papers/Tang_CoST_Efficient_Collaborative_Perception_From_Unified_Spatiotemporal_Perspective_ICCV_2025_paper.pdf
2374,GCRayDiffusion: Pose-Free Surface Reconstruction via Geometric Consistent Ray Diffusion,iccv,2025,https://openaccess.thecvf.com/content/ICCV2025/papers/Chen_GCRayDiffusion_Pose-Free_Surface_Reconstruction_via_Geometric_Consistent_Ray_Diffusion_ICCV_2025_paper.pdf
2375,AU-Blendshape for Fine-grained Stylized 3D Facial Expression Manipulation,iccv,2025,https://openaccess.thecvf.com/content/ICCV2025/papers/Li_AU-Blendshape_for_Fine-grained_Stylized_3D_Facial_Expression_Manipulation_ICCV_2025_paper.pdf
2376,Noise-Modeled Diffusion Models for Low-Light Spike Image Restoration,iccv,2025,https://openaccess.thecvf.com/content/ICCV2025/papers/Liu_Noise-Modeled_Diffusion_Models_for_Low-Light_Spike_Image_Restoration_ICCV_2025_paper.pdf
2377,Rethinking Discrete Tokens: Treating Them as Conditions for Continuous Autoregressive Image Synthesis,iccv,2025,https://openaccess.thecvf.com/content/ICCV2025/papers/Zheng_Rethinking_Discrete_Tokens_Treating_Them_as_Conditions_for_Continuous_Autoregressive_ICCV_2025_paper.pdf
2378,MotionLab: Unified Human Motion Generation and Editing via the Motion-Condition-Motion Paradigm,iccv,2025,https://openaccess.thecvf.com/content/ICCV2025/papers/Guo_MotionLab_Unified_Human_Motion_Generation_and_Editing_via_the_Motion-Condition-Motion_ICCV_2025_paper.pdf
2379,Continual Multiple Instance Learning with Enhanced Localization for Histopathological Whole Slide Image Analysis,iccv,2025,https://openaccess.thecvf.com/content/ICCV2025/papers/Lee_Continual_Multiple_Instance_Learning_with_Enhanced_Localization_for_Histopathological_Whole_ICCV_2025_paper.pdf
2380,DisCoRD: Discrete Tokens to Continuous Motion via Rectified Flow Decoding,iccv,2025,https://openaccess.thecvf.com/content/ICCV2025/papers/Cho_DisCoRD_Discrete_Tokens_to_Continuous_Motion_via_Rectified_Flow_Decoding_ICCV_2025_paper.pdf
2381,TREAD: Token Routing for Efficient Architecture-agnostic Diffusion Training,iccv,2025,https://openaccess.thecvf.com/content/ICCV2025/papers/Krause_TREAD_Token_Routing_for_Efficient_Architecture-agnostic_Diffusion_Training_ICCV_2025_paper.pdf
2382,Leveraging Debiased Cross-modal Attention Maps and Code-based Reasoning for Zero-shot Referring Expression Comprehension,iccv,2025,https://openaccess.thecvf.com/content/ICCV2025/papers/Chen_Leveraging_Debiased_Cross-modal_Attention_Maps_and_Code-based_Reasoning_for_Zero-shot_ICCV_2025_paper.pdf
2383,Controllable Weather Synthesis and Removal with Video Diffusion Models,iccv,2025,https://openaccess.thecvf.com/content/ICCV2025/papers/Lin_Controllable_Weather_Synthesis_and_Removal_with_Video_Diffusion_Models_ICCV_2025_paper.pdf
2384,Bias in Gender Bias Benchmarks: How Spurious Features Distort Evaluation,iccv,2025,https://openaccess.thecvf.com/content/ICCV2025/papers/Hirota_Bias_in_Gender_Bias_Benchmarks_How_Spurious_Features_Distort_Evaluation_ICCV_2025_paper.pdf
2385,Clink! Chop! Thud! - Learning Object Sounds from Real-World Interactions,iccv,2025,https://openaccess.thecvf.com/content/ICCV2025/papers/Yang_Clink_Chop_Thud_-_Learning_Object_Sounds_from_Real-World_Interactions_ICCV_2025_paper.pdf
2386,Instant GaussianImage: A Generalizable and Self-Adaptive Image Representation via 2D Gaussian Splatting,iccv,2025,https://openaccess.thecvf.com/content/ICCV2025/papers/Zeng_Instant_GaussianImage_A_Generalizable_and_Self-Adaptive_Image_Representation_via_2D_ICCV_2025_paper.pdf
2387,Learning to Inference Adaptively for Multimodal Large Language Models,iccv,2025,https://openaccess.thecvf.com/content/ICCV2025/papers/Xu_Learning_to_Inference_Adaptively_for_Multimodal_Large_Language_Models_ICCV_2025_paper.pdf
2388,HazeFlow: Revisit Haze Physical Model as ODE and Non-Homogeneous Haze Generation for Real-World Dehazing,iccv,2025,https://openaccess.thecvf.com/content/ICCV2025/papers/Shin_HazeFlow_Revisit_Haze_Physical_Model_as_ODE_and_Non-Homogeneous_Haze_ICCV_2025_paper.pdf
2389,AcZeroTS: Active Learning for Zero-shot Tissue Segmentation in Pathology Images,iccv,2025,https://openaccess.thecvf.com/content/ICCV2025/papers/Tang_AcZeroTS_Active_Learning_for_Zero-shot_Tissue_Segmentation_in_Pathology_Images_ICCV_2025_paper.pdf
2390,FaceShield: Defending Facial Image against Deepfake Threats,iccv,2025,https://openaccess.thecvf.com/content/ICCV2025/papers/Jeong_FaceShield_Defending_Facial_Image_against_Deepfake_Threats_ICCV_2025_paper.pdf
2391,SEAL: Semantic Aware Image Watermarking,iccv,2025,https://openaccess.thecvf.com/content/ICCV2025/papers/Arabi_SEAL_Semantic_Aware_Image_Watermarking_ICCV_2025_paper.pdf
2392,Modeling Saliency Dataset Bias,iccv,2025,https://openaccess.thecvf.com/content/ICCV2025/papers/Kummerer_Modeling_Saliency_Dataset_Bias_ICCV_2025_paper.pdf
2393,MCOP: Multi-UAV Collaborative Occupancy Prediction,iccv,2025,https://openaccess.thecvf.com/content/ICCV2025/papers/Lin_MCOP_Multi-UAV_Collaborative_Occupancy_Prediction_ICCV_2025_paper.pdf
2394,Forecasting Continuous Non-Conservative Dynamical Systems in SO(3),iccv,2025,https://openaccess.thecvf.com/content/ICCV2025/papers/Bastian_Forecasting_Continuous_Non-Conservative_Dynamical_Systems_in_SO3_ICCV_2025_paper.pdf
2395,HoliTracer: Holistic Vectorization of Geographic Objects from Large-Size Remote Sensing Imagery,iccv,2025,https://openaccess.thecvf.com/content/ICCV2025/papers/Wang_HoliTracer_Holistic_Vectorization_of_Geographic_Objects_from_Large-Size_Remote_Sensing_ICCV_2025_paper.pdf
2396,Tensor-aggregated LoRA in Federated Fine-tuning,iccv,2025,https://openaccess.thecvf.com/content/ICCV2025/papers/Li_Tensor-aggregated_LoRA_in_Federated_Fine-tuning_ICCV_2025_paper.pdf
2397,TextSSR: Diffusion-based Data Synthesis for Scene Text Recognition,iccv,2025,https://openaccess.thecvf.com/content/ICCV2025/papers/Ye_TextSSR_Diffusion-based_Data_Synthesis_for_Scene_Text_Recognition_ICCV_2025_paper.pdf
2398,OVA-Fields: Weakly Supervised Open-Vocabulary Affordance Fields for Robot Operational Part Detection,iccv,2025,https://openaccess.thecvf.com/content/ICCV2025/papers/Su_OVA-Fields_Weakly_Supervised_Open-Vocabulary_Affordance_Fields_for_Robot_Operational_Part_ICCV_2025_paper.pdf
2399,Tree Skeletonization from 3D Point Clouds by Denoising Diffusion,iccv,2025,https://openaccess.thecvf.com/content/ICCV2025/papers/Marks_Tree_Skeletonization_from_3D_Point_Clouds_by_Denoising_Diffusion_ICCV_2025_paper.pdf
2400,DiMPLe - Disentangled Multi-Modal Prompt Learning: Enhancing Out-Of-Distribution Alignment with Invariant and Spurious Feature Separation,iccv,2025,https://openaccess.thecvf.com/content/ICCV2025/papers/Rahman_DiMPLe_-_Disentangled_Multi-Modal_Prompt_Learning_Enhancing_Out-Of-Distribution_Alignment_with_ICCV_2025_paper.pdf
2401,From Panels to Prose: Generating Literary Narratives from Comics,iccv,2025,https://openaccess.thecvf.com/content/ICCV2025/papers/Sachdeva_From_Panels_to_Prose_Generating_Literary_Narratives_from_Comics_ICCV_2025_paper.pdf
2402,Collaborative Instance Object Navigation: Leveraging Uncertainty-Awareness to Minimize Human-Agent Dialogues,iccv,2025,https://openaccess.thecvf.com/content/ICCV2025/papers/Taioli_Collaborative_Instance_Object_Navigation_Leveraging_Uncertainty-Awareness_to_Minimize_Human-Agent_Dialogues_ICCV_2025_paper.pdf
2403,VMem: Consistent Interactive Video Scene Generation with Surfel-Indexed View Memory,iccv,2025,https://openaccess.thecvf.com/content/ICCV2025/papers/Li_VMem_Consistent_Interactive_Video_Scene_Generation_with_Surfel-Indexed_View_Memory_ICCV_2025_paper.pdf
2404,Learning Null Geodesics for Gravitational Lensing Rendering in General Relativity,iccv,2025,https://openaccess.thecvf.com/content/ICCV2025/papers/Sun_Learning_Null_Geodesics_for_Gravitational_Lensing_Rendering_in_General_Relativity_ICCV_2025_paper.pdf
2405,X-Capture: An Open-Source Portable Device for Multi-Sensory Learning,iccv,2025,https://openaccess.thecvf.com/content/ICCV2025/papers/Clarke_X-Capture_An_Open-Source_Portable_Device_for_Multi-Sensory_Learning_ICCV_2025_paper.pdf
2406,Towards Accurate and Efficient 3D Object Detection for Autonomous Driving: A Mixture of Experts Computing System on Edge,iccv,2025,https://openaccess.thecvf.com/content/ICCV2025/papers/Liu_Towards_Accurate_and_Efficient_3D_Object_Detection_for_Autonomous_Driving_ICCV_2025_paper.pdf
2407,UrbanLLaVA: A Multi-modal Large Language Model for Urban Intelligence,iccv,2025,https://openaccess.thecvf.com/content/ICCV2025/papers/Feng_UrbanLLaVA_A_Multi-modal_Large_Language_Model_for_Urban_Intelligence_ICCV_2025_paper.pdf
2408,TITAN-Guide: Taming Inference-Time Alignment for Guided Text-to-Video Diffusion Models,iccv,2025,https://openaccess.thecvf.com/content/ICCV2025/papers/Simon_TITAN-Guide_Taming_Inference-Time_Alignment_for_Guided_Text-to-Video_Diffusion_Models_ICCV_2025_paper.pdf
2409,ART: Adaptive Relation Tuning for Generalized Relation Prediction,iccv,2025,https://openaccess.thecvf.com/content/ICCV2025/papers/Sudhakaran_ART_Adaptive_Relation_Tuning_for_Generalized_Relation_Prediction_ICCV_2025_paper.pdf
2410,VLM4D: Towards Spatiotemporal Awareness in Vision Language Models,iccv,2025,https://openaccess.thecvf.com/content/ICCV2025/papers/Zhou_VLM4D_Towards_Spatiotemporal_Awareness_in_Vision_Language_Models_ICCV_2025_paper.pdf
2411,DimensionX: Create Any 3D and 4D Scenes from a Single Image with Decoupled Video Diffusion,iccv,2025,https://openaccess.thecvf.com/content/ICCV2025/papers/Sun_DimensionX_Create_Any_3D_and_4D_Scenes_from_a_Single_ICCV_2025_paper.pdf
2412,Uncertainty-Driven Expert Control: Enhancing the Reliability of Medical Vision-Language Models,iccv,2025,https://openaccess.thecvf.com/content/ICCV2025/papers/Liang_Uncertainty-Driven_Expert_Control_Enhancing_the_Reliability_of_Medical_Vision-Language_Models_ICCV_2025_paper.pdf
2413,Mitigating Geometric Degradation in Fast DownSampling via FastAdapter for Point Cloud Segmentation,iccv,2025,https://openaccess.thecvf.com/content/ICCV2025/papers/Sun_Mitigating_Geometric_Degradation_in_Fast_DownSampling_via_FastAdapter_for_Point_ICCV_2025_paper.pdf
2414,Dual-S3D: Hierarchical Dual-Path Selective SSM-CNN for High-Fidelity Implicit Reconstruction,iccv,2025,https://openaccess.thecvf.com/content/ICCV2025/papers/Zhang_Dual-S3D_Hierarchical_Dual-Path_Selective_SSM-CNN_for_High-Fidelity_Implicit_Reconstruction_ICCV_2025_paper.pdf
2415,SparseFlex: High-Resolution and Arbitrary-Topology 3D Shape Modeling,iccv,2025,https://openaccess.thecvf.com/content/ICCV2025/papers/He_SparseFlex_High-Resolution_and_Arbitrary-Topology_3D_Shape_Modeling_ICCV_2025_paper.pdf
2416,Multimodal LLM Guided Exploration and Active Mapping using Fisher Information,iccv,2025,https://openaccess.thecvf.com/content/ICCV2025/papers/Jiang_Multimodal_LLM_Guided_Exploration_and_Active_Mapping_using_Fisher_Information_ICCV_2025_paper.pdf
2417,Lidar Waveforms are Worth 40x128x33 Words,iccv,2025,https://openaccess.thecvf.com/content/ICCV2025/papers/Scheuble_Lidar_Waveforms_are_Worth_40x128x33_Words_ICCV_2025_paper.pdf
2418,LoRA.rar: Learning to Merge LoRAs via Hypernetworks for Subject-Style Conditioned Image Generation,iccv,2025,https://openaccess.thecvf.com/content/ICCV2025/papers/Shenaj_LoRA.rar_Learning_to_Merge_LoRAs_via_Hypernetworks_for_Subject-Style_Conditioned_ICCV_2025_paper.pdf
2419,X-Fusion: Introducing New Modality to Frozen Large Language Models,iccv,2025,https://openaccess.thecvf.com/content/ICCV2025/papers/Mo_X-Fusion_Introducing_New_Modality_to_Frozen_Large_Language_Models_ICCV_2025_paper.pdf
2420,KOEnsAttack: Towards Efficient Data-Free Black-Box Adversarial Attacks via Knowledge-Orthogonalized Substitute Ensembles,iccv,2025,https://openaccess.thecvf.com/content/ICCV2025/papers/Yang_KOEnsAttack_Towards_Efficient_Data-Free_Black-Box_Adversarial_Attacks_via_Knowledge-Orthogonalized_Substitute_ICCV_2025_paper.pdf
2421,Multimodal Large Language Model-Guided ISP Hyperparameter Optimization with Dynamic Preference Learning,iccv,2025,https://openaccess.thecvf.com/content/ICCV2025/papers/Sun_Multimodal_Large_Language_Model-Guided_ISP_Hyperparameter_Optimization_with_Dynamic_Preference_ICCV_2025_paper.pdf
2422,SALAD -- Semantics-Aware Logical Anomaly Detection,iccv,2025,https://openaccess.thecvf.com/content/ICCV2025/papers/Fucka_SALAD_--_Semantics-Aware_Logical_Anomaly_Detection_ICCV_2025_paper.pdf
2423,Federated Continuous Category Discovery and Learning,iccv,2025,https://openaccess.thecvf.com/content/ICCV2025/papers/Wang_Federated_Continuous_Category_Discovery_and_Learning_ICCV_2025_paper.pdf
2424,Motion Synthesis with Sparse and Flexible Keyjoint Control,iccv,2025,https://openaccess.thecvf.com/content/ICCV2025/papers/Hwang_Motion_Synthesis_with_Sparse_and_Flexible_Keyjoint_Control_ICCV_2025_paper.pdf
2425,EVOLVE: Event-Guided Deformable Feature Transfer and Dual-Memory Refinement for Low-Light Video Object Segmentation,iccv,2025,https://openaccess.thecvf.com/content/ICCV2025/papers/Baek_EVOLVE_Event-Guided_Deformable_Feature_Transfer_and_Dual-Memory_Refinement_for_Low-Light_ICCV_2025_paper.pdf
2426,ARGUS: Hallucination and Omission Evaluation in Video-LLMs,iccv,2025,https://openaccess.thecvf.com/content/ICCV2025/papers/Rawal_ARGUS_Hallucination_and_Omission_Evaluation_in_Video-LLMs_ICCV_2025_paper.pdf
2427,DiTaiListener: Controllable High Fidelity Listener Video Generation with Diffusion,iccv,2025,https://openaccess.thecvf.com/content/ICCV2025/papers/Siniukov_DiTaiListener_Controllable_High_Fidelity_Listener_Video_Generation_with_Diffusion_ICCV_2025_paper.pdf
2428,Humans as a Calibration Pattern: Dynamic 3D Scene Reconstruction from Unsynchronized and Uncalibrated Videos,iccv,2025,https://openaccess.thecvf.com/content/ICCV2025/papers/Choi_Humans_as_a_Calibration_Pattern_Dynamic_3D_Scene_Reconstruction_from_ICCV_2025_paper.pdf
2429,ISP2HRNet: Learning to Reconstruct High Resolution Image from Irregularly Sampled Pixels via Hierarchical Gradient Learning,iccv,2025,https://openaccess.thecvf.com/content/ICCV2025/papers/Wang_ISP2HRNet_Learning_to_Reconstruct_High_Resolution_Image_from_Irregularly_Sampled_ICCV_2025_paper.pdf
2430,Group Inertial Poser: Multi-Person Pose and Global Translation from Sparse Inertial Sensors and Ultra-Wideband Ranging,iccv,2025,https://openaccess.thecvf.com/content/ICCV2025/papers/Xue_Group_Inertial_Poser_Multi-Person_Pose_and_Global_Translation_from_Sparse_ICCV_2025_paper.pdf
2431,NormalLoc: Visual Localization on Textureless 3D Models using Surface Normals,iccv,2025,https://openaccess.thecvf.com/content/ICCV2025/papers/Abe_NormalLoc_Visual_Localization_on_Textureless_3D_Models_using_Surface_Normals_ICCV_2025_paper.pdf
2432,Light-A-Video: Training-free Video Relighting via Progressive Light Fusion,iccv,2025,https://openaccess.thecvf.com/content/ICCV2025/papers/Zhou_Light-A-Video_Training-free_Video_Relighting_via_Progressive_Light_Fusion_ICCV_2025_paper.pdf
2433,Decoupled Multi-Predictor Optimization for Inference-Efficient Model Tuning,iccv,2025,https://openaccess.thecvf.com/content/ICCV2025/papers/Luo_Decoupled_Multi-Predictor_Optimization_for_Inference-Efficient_Model_Tuning_ICCV_2025_paper.pdf
2434,Deterministic Object Pose Confidence Region Estimation,iccv,2025,https://openaccess.thecvf.com/content/ICCV2025/papers/Wang_Deterministic_Object_Pose_Confidence_Region_Estimation_ICCV_2025_paper.pdf
2435,MedVSR: Medical Video Super-Resolution with Cross State-Space Propagation,iccv,2025,https://openaccess.thecvf.com/content/ICCV2025/papers/Liu_MedVSR_Medical_Video_Super-Resolution_with_Cross_State-Space_Propagation_ICCV_2025_paper.pdf
2436,MPBR: Multimodal Progressive Bidirectional Reasoning for Open-Set Fine-Grained Recognition,iccv,2025,https://openaccess.thecvf.com/content/ICCV2025/papers/Tan_MPBR_Multimodal_Progressive_Bidirectional_Reasoning_for_Open-Set_Fine-Grained_Recognition_ICCV_2025_paper.pdf
2437,Domain-aware Category-level Geometry Learning Segmentation for 3D Point Clouds,iccv,2025,https://openaccess.thecvf.com/content/ICCV2025/papers/He_Domain-aware_Category-level_Geometry_Learning_Segmentation_for_3D_Point_Clouds_ICCV_2025_paper.pdf
2438,Di[M]O: Distilling Masked Diffusion Models into One-step Generator,iccv,2025,https://openaccess.thecvf.com/content/ICCV2025/papers/Zhu_DiMO_Distilling_Masked_Diffusion_Models_into_One-step_Generator_ICCV_2025_paper.pdf
2439,TerraMind: Large-Scale Generative Multimodality for Earth Observation,iccv,2025,https://openaccess.thecvf.com/content/ICCV2025/papers/Jakubik_TerraMind_Large-Scale_Generative_Multimodality_for_Earth_Observation_ICCV_2025_paper.pdf
2440,An Efficient Post-hoc Framework for Reducing Task Discrepancy of Text Encoders for Composed Image Retrieval,iccv,2025,https://openaccess.thecvf.com/content/ICCV2025/papers/Byun_An_Efficient_Post-hoc_Framework_for_Reducing_Task_Discrepancy_of_Text_ICCV_2025_paper.pdf
2441,Q-Norm: Robust Representation Learning via Quality-Adaptive Normalization,iccv,2025,https://openaccess.thecvf.com/content/ICCV2025/papers/Zhang_Q-Norm_Robust_Representation_Learning_via_Quality-Adaptive_Normalization_ICCV_2025_paper.pdf
2442,VoiceCraft-Dub: Automated Video Dubbing with Neural Codec Language Models,iccv,2025,https://openaccess.thecvf.com/content/ICCV2025/papers/Sung-Bin_VoiceCraft-Dub_Automated_Video_Dubbing_with_Neural_Codec_Language_Models_ICCV_2025_paper.pdf
2443,SUV: Suppressing Undesired Video Content via Semantic Modulation Based on Text Embeddings,iccv,2025,https://openaccess.thecvf.com/content/ICCV2025/papers/Lv_SUV_Suppressing_Undesired_Video_Content_via_Semantic_Modulation_Based_on_ICCV_2025_paper.pdf
2444,FonTS: Text Rendering With Typography and Style Controls,iccv,2025,https://openaccess.thecvf.com/content/ICCV2025/papers/Shi_FonTS_Text_Rendering_With_Typography_and_Style_Controls_ICCV_2025_paper.pdf
2445,Improving SAM for Camouflaged Object Detection via Dual Stream Adapters,iccv,2025,https://openaccess.thecvf.com/content/ICCV2025/papers/Liu_Improving_SAM_for_Camouflaged_Object_Detection_via_Dual_Stream_Adapters_ICCV_2025_paper.pdf
2446,DiSCO-3D : Discovering and Segmenting Sub-Concepts from Open-vocabulary Queries in NeRF,iccv,2025,https://openaccess.thecvf.com/content/ICCV2025/papers/Petit_DiSCO-3D__Discovering_and_Segmenting_Sub-Concepts_from_Open-vocabulary_Queries_in_ICCV_2025_paper.pdf
2447,PRIMAL: Physically Reactive and Interactive Motor Model for Avatar Learning,iccv,2025,https://openaccess.thecvf.com/content/ICCV2025/papers/Zhang_PRIMAL_Physically_Reactive_and_Interactive_Motor_Model_for_Avatar_Learning_ICCV_2025_paper.pdf
2448,VCA: Video Curious Agent for Long Video Understanding,iccv,2025,https://openaccess.thecvf.com/content/ICCV2025/papers/Yang_VCA_Video_Curious_Agent_for_Long_Video_Understanding_ICCV_2025_paper.pdf
2449,Self-Reinforcing Prototype Evolution with Dual-Knowledge Cooperation for Semi-Supervised Lifelong Person Re-Identification,iccv,2025,https://openaccess.thecvf.com/content/ICCV2025/papers/Xu_Self-Reinforcing_Prototype_Evolution_with_Dual-Knowledge_Cooperation_for_Semi-Supervised_Lifelong_Person_ICCV_2025_paper.pdf
2450,What to Distill? Fast Knowledge Distillation with Adaptive Sampling,iccv,2025,https://openaccess.thecvf.com/content/ICCV2025/papers/Chae_What_to_Distill_Fast_Knowledge_Distillation_with_Adaptive_Sampling_ICCV_2025_paper.pdf
2451,Revisiting Pool-based Prompt Learning for Few-shot Class-incremental Learning,iccv,2025,https://openaccess.thecvf.com/content/ICCV2025/papers/Jiang_Revisiting_Pool-based_Prompt_Learning_for_Few-shot_Class-incremental_Learning_ICCV_2025_paper.pdf
2452,HOMO-Feature: Cross-Arbitrary-Modal Image Matching with Homomorphism of Organized Major Orientation,iccv,2025,https://openaccess.thecvf.com/content/ICCV2025/papers/Gao_HOMO-Feature_Cross-Arbitrary-Modal_Image_Matching_with_Homomorphism_of_Organized_Major_Orientation_ICCV_2025_paper.pdf
2453,ForeSight: Multi-View Streaming Joint Object Detection and Trajectory Forecasting,iccv,2025,https://openaccess.thecvf.com/content/ICCV2025/papers/Papais_ForeSight_Multi-View_Streaming_Joint_Object_Detection_and_Trajectory_Forecasting_ICCV_2025_paper.pdf
2454,SG-LDM: Semantic-Guided LiDAR Generation via Latent-Aligned Diffusion,iccv,2025,https://openaccess.thecvf.com/content/ICCV2025/papers/Xiang_SG-LDM_Semantic-Guided_LiDAR_Generation_via_Latent-Aligned_Diffusion_ICCV_2025_paper.pdf
2455,Dynamic Multi-Layer Null Space Projection for Vision-Language Continual Learning,iccv,2025,https://openaccess.thecvf.com/content/ICCV2025/papers/Kang_Dynamic_Multi-Layer_Null_Space_Projection_for_Vision-Language_Continual_Learning_ICCV_2025_paper.pdf
2456,AFUNet: Cross-Iterative Alignment-Fusion Synergy for HDR Reconstruction via Deep Unfolding Paradigm,iccv,2025,https://openaccess.thecvf.com/content/ICCV2025/papers/Li_AFUNet_Cross-Iterative_Alignment-Fusion_Synergy_for_HDR_Reconstruction_via_Deep_Unfolding_ICCV_2025_paper.pdf
2457,DiT4SR: Taming Diffusion Transformer for Real-World Image Super-Resolution,iccv,2025,https://openaccess.thecvf.com/content/ICCV2025/papers/Duan_DiT4SR_Taming_Diffusion_Transformer_for_Real-World_Image_Super-Resolution_ICCV_2025_paper.pdf
2458,Balanced Sharpness-Aware Minimization for Imbalanced Regression,iccv,2025,https://openaccess.thecvf.com/content/ICCV2025/papers/Liu_Balanced_Sharpness-Aware_Minimization_for_Imbalanced_Regression_ICCV_2025_paper.pdf
2459,Dynamic-DINO: Fine-Grained Mixture of Experts Tuning for Real-time Open-Vocabulary Object Detection,iccv,2025,https://openaccess.thecvf.com/content/ICCV2025/papers/Lu_Dynamic-DINO_Fine-Grained_Mixture_of_Experts_Tuning_for_Real-time_Open-Vocabulary_Object_ICCV_2025_paper.pdf
2460,Video Individual Counting for Moving Drones,iccv,2025,https://openaccess.thecvf.com/content/ICCV2025/papers/Fan_Video_Individual_Counting_for_Moving_Drones_ICCV_2025_paper.pdf
2461,BridgeDepth: Bridging Monocular and Stereo Reasoning with Latent Alignment,iccv,2025,https://openaccess.thecvf.com/content/ICCV2025/papers/Guan_BridgeDepth_Bridging_Monocular_and_Stereo_Reasoning_with_Latent_Alignment_ICCV_2025_paper.pdf
2462,SuperEvent: Cross-Modal Learning of Event-based Keypoint Detection for SLAM,iccv,2025,https://openaccess.thecvf.com/content/ICCV2025/papers/Burkhardt_SuperEvent_Cross-Modal_Learning_of_Event-based_Keypoint_Detection_for_SLAM_ICCV_2025_paper.pdf
2463,ViLLa: Video Reasoning Segmentation with Large Language Model,iccv,2025,https://openaccess.thecvf.com/content/ICCV2025/papers/Zheng_ViLLa_Video_Reasoning_Segmentation_with_Large_Language_Model_ICCV_2025_paper.pdf
2464,Bridging Class Imbalance and Partial Labeling via Spectral-Balanced Energy Propagation for Skeleton-based Action Recognition,iccv,2025,https://openaccess.thecvf.com/content/ICCV2025/papers/Wang_Bridging_Class_Imbalance_and_Partial_Labeling_via_Spectral-Balanced_Energy_Propagation_ICCV_2025_paper.pdf
2465,PRVQL: Progressive Knowledge-guided Refinement for Robust Egocentric Visual Query Localization,iccv,2025,https://openaccess.thecvf.com/content/ICCV2025/papers/Fan_PRVQL_Progressive_Knowledge-guided_Refinement_for_Robust_Egocentric_Visual_Query_Localization_ICCV_2025_paper.pdf
2466,ARIG: Autoregressive Interactive Head Generation for Real-time Conversations,iccv,2025,https://openaccess.thecvf.com/content/ICCV2025/papers/Guo_ARIG_Autoregressive_Interactive_Head_Generation_for_Real-time_Conversations_ICCV_2025_paper.pdf
2467,RARE: Refine Any Registration of Pairwise Point Clouds via Zero-Shot Learning,iccv,2025,https://openaccess.thecvf.com/content/ICCV2025/papers/Zheng_RARE_Refine_Any_Registration_of_Pairwise_Point_Clouds_via_Zero-Shot_ICCV_2025_paper.pdf
2468,Bayesian-Inspired Space-Time Superpixels,iccv,2025,https://openaccess.thecvf.com/content/ICCV2025/papers/Gauen_Bayesian-Inspired_Space-Time_Superpixels_ICCV_2025_paper.pdf
2469,FEVER-OOD: Free Energy Vulnerability Elimination for Robust Out-of-Distribution Detection,iccv,2025,https://openaccess.thecvf.com/content/ICCV2025/papers/Isaac-Medina_FEVER-OOD_Free_Energy_Vulnerability_Elimination_for_Robust_Out-of-Distribution_Detection_ICCV_2025_paper.pdf
2470,TRNAS: A Training-Free Robust Neural Architecture Search,iccv,2025,https://openaccess.thecvf.com/content/ICCV2025/papers/Yang_TRNAS_A_Training-Free_Robust_Neural_Architecture_Search_ICCV_2025_paper.pdf
2471,Hierarchical Divide-and-Conquer Grouping for Classification Adaptation of Pre-Trained Models,iccv,2025,https://openaccess.thecvf.com/content/ICCV2025/papers/Lu_Hierarchical_Divide-and-Conquer_Grouping_for_Classification_Adaptation_of_Pre-Trained_Models_ICCV_2025_paper.pdf
2472,Text-IRSTD: Leveraging Semantic Text to Promote Infrared Small Target Detection in Complex Scenes,iccv,2025,https://openaccess.thecvf.com/content/ICCV2025/papers/Huang_Text-IRSTD_Leveraging_Semantic_Text_to_Promote_Infrared_Small_Target_Detection_ICCV_2025_paper.pdf
2473,IntrinsicControlNet: Cross-distribution Image Generation with Real and Unreal,iccv,2025,https://openaccess.thecvf.com/content/ICCV2025/papers/Lu_IntrinsicControlNet_Cross-distribution_Image_Generation_with_Real_and_Unreal_ICCV_2025_paper.pdf
2474,Hypergraph Clustering Network with Partial Attribute Imputation,iccv,2025,https://openaccess.thecvf.com/content/ICCV2025/papers/Wang_Hypergraph_Clustering_Network_with_Partial_Attribute_Imputation_ICCV_2025_paper.pdf
2475,Flash-VStream: Efficient Real-Time Understanding for Long Video Streams,iccv,2025,https://openaccess.thecvf.com/content/ICCV2025/papers/Zhang_Flash-VStream_Efficient_Real-Time_Understanding_for_Long_Video_Streams_ICCV_2025_paper.pdf
2476,RoboTron-Drive: All-in-One Large Multimodal Model for Autonomous Driving,iccv,2025,https://openaccess.thecvf.com/content/ICCV2025/papers/Huang_RoboTron-Drive_All-in-One_Large_Multimodal_Model_for_Autonomous_Driving_ICCV_2025_paper.pdf
2477,Dual-Process Image Generation,iccv,2025,https://openaccess.thecvf.com/content/ICCV2025/papers/Luo_Dual-Process_Image_Generation_ICCV_2025_paper.pdf
2478,GroundFlow: A Plug-in Module for Temporal Reasoning on 3D Point Cloud Sequential Grounding,iccv,2025,https://openaccess.thecvf.com/content/ICCV2025/papers/Lin_GroundFlow_A_Plug-in_Module_for_Temporal_Reasoning_on_3D_Point_ICCV_2025_paper.pdf
2479,Long-Tailed Classification with Multi-Granularity Semantics,iccv,2025,https://openaccess.thecvf.com/content/ICCV2025/papers/Liu_Long-Tailed_Classification_with_Multi-Granularity_Semantics_ICCV_2025_paper.pdf
2480,DAA*: Deep Angular A Star for Image-based Path Planning,iccv,2025,https://openaccess.thecvf.com/content/ICCV2025/papers/Xu_DAA_Deep_Angular_A_Star_for_Image-based_Path_Planning_ICCV_2025_paper.pdf
2481,TrackVerse: A Large-Scale Object-Centric Video Dataset for Image-Level Representation Learning,iccv,2025,https://openaccess.thecvf.com/content/ICCV2025/papers/Wei_TrackVerse_A_Large-Scale_Object-Centric_Video_Dataset_for_Image-Level_Representation_Learning_ICCV_2025_paper.pdf
2482,Perspective-Invariant 3D Object Detection,iccv,2025,https://openaccess.thecvf.com/content/ICCV2025/papers/Liang_Perspective-Invariant_3D_Object_Detection_ICCV_2025_paper.pdf
2483,Long-LRM: Long-sequence Large Reconstruction Model for Wide-coverage Gaussian Splats,iccv,2025,https://openaccess.thecvf.com/content/ICCV2025/papers/Ziwen_Long-LRM_Long-sequence_Large_Reconstruction_Model_for_Wide-coverage_Gaussian_Splats_ICCV_2025_paper.pdf
2484,Unlearning the Noisy Correspondence Makes CLIP More Robust,iccv,2025,https://openaccess.thecvf.com/content/ICCV2025/papers/Han_Unlearning_the_Noisy_Correspondence_Makes_CLIP_More_Robust_ICCV_2025_paper.pdf
2485,"HumanSAM: Classifying Human-centric Forgery Videos in Human Spatial, Appearance, and Motion Anomaly",iccv,2025,https://openaccess.thecvf.com/content/ICCV2025/papers/Liu_HumanSAM_Classifying_Human-centric_Forgery_Videos_in_Human_Spatial_Appearance_and_ICCV_2025_paper.pdf
2486,An Information-Theoretic Regularizer for Lossy Neural Image Compression,iccv,2025,https://openaccess.thecvf.com/content/ICCV2025/papers/Zhang_An_Information-Theoretic_Regularizer_for_Lossy_Neural_Image_Compression_ICCV_2025_paper.pdf
2487,ReTracker: Exploring Image Matching for Robust Online Any Point Tracking,iccv,2025,https://openaccess.thecvf.com/content/ICCV2025/papers/Tan_ReTracker_Exploring_Image_Matching_for_Robust_Online_Any_Point_Tracking_ICCV_2025_paper.pdf
2488,DC-AE 1.5: Accelerating Diffusion Model Convergence with Structured Latent Space,iccv,2025,https://openaccess.thecvf.com/content/ICCV2025/papers/Chen_DC-AE_1.5_Accelerating_Diffusion_Model_Convergence_with_Structured_Latent_Space_ICCV_2025_paper.pdf
2489,V2M4: 4D Mesh Animation Reconstruction from a Single Monocular Video,iccv,2025,https://openaccess.thecvf.com/content/ICCV2025/papers/Chen_V2M4_4D_Mesh_Animation_Reconstruction_from_a_Single_Monocular_Video_ICCV_2025_paper.pdf
2490,MixA: A Mixed Attention approach with Stable Lightweight Linear Attention to enhance Efficiency of Vision Transformers at the Edge,iccv,2025,https://openaccess.thecvf.com/content/ICCV2025/papers/Ahmed_MixA_A_Mixed_Attention_approach_with_Stable_Lightweight_Linear_Attention_ICCV_2025_paper.pdf
2491,MUSE: Multi-Subject Unified Synthesis via Explicit Layout Semantic Expansion,iccv,2025,https://openaccess.thecvf.com/content/ICCV2025/papers/Peng_MUSE_Multi-Subject_Unified_Synthesis_via_Explicit_Layout_Semantic_Expansion_ICCV_2025_paper.pdf
2492,OpenSubstance: A High-quality Measured Dataset of Multi-View and -Lighting Images and Shapes,iccv,2025,https://openaccess.thecvf.com/content/ICCV2025/papers/Pei_OpenSubstance_A_High-quality_Measured_Dataset_of_Multi-View_and_-Lighting_Images_ICCV_2025_paper.pdf
2493,Overcoming Dual Drift for Continual Long-Tailed Visual Question Answering,iccv,2025,https://openaccess.thecvf.com/content/ICCV2025/papers/Zhang_Overcoming_Dual_Drift_for_Continual_Long-Tailed_Visual_Question_Answering_ICCV_2025_paper.pdf
2494,LIRA: Inferring Segmentation in Large Multi-modal Models with Local Interleaved Region Assistance,iccv,2025,https://openaccess.thecvf.com/content/ICCV2025/papers/Li_LIRA_Inferring_Segmentation_in_Large_Multi-modal_Models_with_Local_Interleaved_ICCV_2025_paper.pdf
2495,GARF: Learning Generalizable 3D Reassembly for Real-World Fractures,iccv,2025,https://openaccess.thecvf.com/content/ICCV2025/papers/Li_GARF_Learning_Generalizable_3D_Reassembly_for_Real-World_Fractures_ICCV_2025_paper.pdf
2496,Adapting In-Domain Few-Shot Segmentation to New Domains without Source Domain Retraining,iccv,2025,https://openaccess.thecvf.com/content/ICCV2025/papers/Fan_Adapting_In-Domain_Few-Shot_Segmentation_to_New_Domains_without_Source_Domain_ICCV_2025_paper.pdf
2497,Exploring the Adversarial Vulnerabilities of Vision-Language-Action Models in Robotics,iccv,2025,https://openaccess.thecvf.com/content/ICCV2025/papers/Wang_Exploring_the_Adversarial_Vulnerabilities_of_Vision-Language-Action_Models_in_Robotics_ICCV_2025_paper.pdf
2498,Scaling Language-Free Visual Representation Learning,iccv,2025,https://openaccess.thecvf.com/content/ICCV2025/papers/Fan_Scaling_Language-Free_Visual_Representation_Learning_ICCV_2025_paper.pdf
2499,HUG: Hierarchical Urban Gaussian Splatting with Block-Based Reconstruction for Large-Scale Aerial Scenes,iccv,2025,https://openaccess.thecvf.com/content/ICCV2025/papers/Su_HUG_Hierarchical_Urban_Gaussian_Splatting_with_Block-Based_Reconstruction_for_Large-Scale_ICCV_2025_paper.pdf
2500,ESSENTIAL: Episodic and Semantic Memory Integration for Video Class-Incremental Learning,iccv,2025,https://openaccess.thecvf.com/content/ICCV2025/papers/Lee_ESSENTIAL_Episodic_and_Semantic_Memory_Integration_for_Video_Class-Incremental_Learning_ICCV_2025_paper.pdf
2501,Move to Understand a 3D Scene: Bridging Visual Grounding and Exploration for Efficient and Versatile Embodied Navigation,iccv,2025,https://openaccess.thecvf.com/content/ICCV2025/papers/Zhu_Move_to_Understand_a_3D_Scene_Bridging_Visual_Grounding_and_ICCV_2025_paper.pdf
2502,Exploring The Visual Feature Space for Multimodal Neural Decoding,iccv,2025,https://openaccess.thecvf.com/content/ICCV2025/papers/Xia_Exploring_The_Visual_Feature_Space_for_Multimodal_Neural_Decoding_ICCV_2025_paper.pdf
2503,INS-MMBench: A Comprehensive Benchmark for Evaluating LVLMs' Performance in Insurance,iccv,2025,https://openaccess.thecvf.com/content/ICCV2025/papers/Lin_INS-MMBench_A_Comprehensive_Benchmark_for_Evaluating_LVLMs_Performance_in_Insurance_ICCV_2025_paper.pdf
2504,Continual Personalization for Diffusion Models,iccv,2025,https://openaccess.thecvf.com/content/ICCV2025/papers/Liao_Continual_Personalization_for_Diffusion_Models_ICCV_2025_paper.pdf
2505,Creation-MMBench: Assessing Context-Aware Creative Intelligence in MLLMs,iccv,2025,https://openaccess.thecvf.com/content/ICCV2025/papers/Fang_Creation-MMBench_Assessing_Context-Aware_Creative_Intelligence_in_MLLMs_ICCV_2025_paper.pdf
2506,Seam360GS: Seamless 360deg Gaussian Splatting from Real-World Omnidirectional Images,iccv,2025,https://openaccess.thecvf.com/content/ICCV2025/papers/Shin_Seam360GS_Seamless_360deg_Gaussian_Splatting_from_Real-World_Omnidirectional_Images_ICCV_2025_paper.pdf
2507,Boosting Adversarial Transferability via Residual Perturbation Attack,iccv,2025,https://openaccess.thecvf.com/content/ICCV2025/papers/Peng_Boosting_Adversarial_Transferability_via_Residual_Perturbation_Attack_ICCV_2025_paper.pdf
2508,LDPose: Towards Inclusive Human Pose Estimation for Limb-Deficient Individuals in the Wild,iccv,2025,https://openaccess.thecvf.com/content/ICCV2025/papers/Ying_LDPose_Towards_Inclusive_Human_Pose_Estimation_for_Limb-Deficient_Individuals_in_ICCV_2025_paper.pdf
2509,Talking to DINO: Bridging Self-Supervised Vision Backbones with Language for Open-Vocabulary Segmentation,iccv,2025,https://openaccess.thecvf.com/content/ICCV2025/papers/Barsellotti_Talking_to_DINO_Bridging_Self-Supervised_Vision_Backbones_with_Language_for_ICCV_2025_paper.pdf
2510,Language-Driven Multi-Label Zero-Shot Learning with Semantic Granularity,iccv,2025,https://openaccess.thecvf.com/content/ICCV2025/papers/Wang_Language-Driven_Multi-Label_Zero-Shot_Learning_with_Semantic_Granularity_ICCV_2025_paper.pdf
2511,Beyond Perspective: Neural 360-Degree Video Compression,iccv,2025,https://openaccess.thecvf.com/content/ICCV2025/papers/Regensky_Beyond_Perspective_Neural_360-Degree_Video_Compression_ICCV_2025_paper.pdf
2512,Differentiable Room Acoustic Rendering with Multi-View Vision Priors,iccv,2025,https://openaccess.thecvf.com/content/ICCV2025/papers/Jin_Differentiable_Room_Acoustic_Rendering_with_Multi-View_Vision_Priors_ICCV_2025_paper.pdf
2513,An Inversion-based Measure of Memorization for Diffusion Models,iccv,2025,https://openaccess.thecvf.com/content/ICCV2025/papers/Ma_An_Inversion-based_Measure_of_Memorization_for_Diffusion_Models_ICCV_2025_paper.pdf
2514,AgroBench: Vision-Language Model Benchmark in Agriculture,iccv,2025,https://openaccess.thecvf.com/content/ICCV2025/papers/Shinoda_AgroBench_Vision-Language_Model_Benchmark_in_Agriculture_ICCV_2025_paper.pdf
2515,ROAR: Reducing Inversion Error in Generative Image Watermarking,iccv,2025,https://openaccess.thecvf.com/content/ICCV2025/papers/Wang_ROAR_Reducing_Inversion_Error_in_Generative_Image_Watermarking_ICCV_2025_paper.pdf
2516,Adding Additional Control to One-Step Diffusion with Joint Distribution Matching,iccv,2025,https://openaccess.thecvf.com/content/ICCV2025/papers/Luo_Adding_Additional_Control_to_One-Step_Diffusion_with_Joint_Distribution_Matching_ICCV_2025_paper.pdf
2517,TimeBooth: Disentangled Facial Invariant Representation for Diverse and Personalized Face Aging,iccv,2025,https://openaccess.thecvf.com/content/ICCV2025/papers/Su_TimeBooth_Disentangled_Facial_Invariant_Representation_for_Diverse_and_Personalized_Face_ICCV_2025_paper.pdf
2518,Flexi-FSCIL: Adaptive Knowledge Retention for Breaking the Stability-Plasticity Dilemma in Few-Shot Class-Incremental Learning,iccv,2025,https://openaccess.thecvf.com/content/ICCV2025/papers/Xie_Flexi-FSCIL_Adaptive_Knowledge_Retention_for_Breaking_the_Stability-Plasticity_Dilemma_in_ICCV_2025_paper.pdf
2519,Learning Beyond Still Frames: Scaling Vision-Language Models with Video,iccv,2025,https://openaccess.thecvf.com/content/ICCV2025/papers/Zhang_Learning_Beyond_Still_Frames_Scaling_Vision-Language_Models_with_Video_ICCV_2025_paper.pdf
2520,MultiADS: Defect-aware Supervision for Multi-type Anomaly Detection and Segmentation in Zero-Shot Learning,iccv,2025,https://openaccess.thecvf.com/content/ICCV2025/papers/Sadikaj_MultiADS_Defect-aware_Supervision_for_Multi-type_Anomaly_Detection_and_Segmentation_in_ICCV_2025_paper.pdf
2521,SEGS-SLAM: Structure-enhanced 3D Gaussian Splatting SLAM with Appearance Embedding,iccv,2025,https://openaccess.thecvf.com/content/ICCV2025/papers/Wen_SEGS-SLAM_Structure-enhanced_3D_Gaussian_Splatting_SLAM_with_Appearance_Embedding_ICCV_2025_paper.pdf
2522,Images as Noisy Labels: Unleashing the Potential of the Diffusion Model for Open-Vocabulary Semantic Segmentation,iccv,2025,https://openaccess.thecvf.com/content/ICCV2025/papers/Li_Images_as_Noisy_Labels_Unleashing_the_Potential_of_the_Diffusion_ICCV_2025_paper.pdf
2523,Tile-wise vs. Image-wise: Random-Tile Loss and Training Paradigm for Gaussian Splatting,iccv,2025,https://openaccess.thecvf.com/content/ICCV2025/papers/Zhang_Tile-wise_vs._Image-wise_Random-Tile_Loss_and_Training_Paradigm_for_Gaussian_ICCV_2025_paper.pdf
2524,"How To Make Your Cell Tracker Say ""I dunno!""",iccv,2025,https://openaccess.thecvf.com/content/ICCV2025/papers/Paul_How_To_Make_Your_Cell_Tracker_Say_I_dunno_ICCV_2025_paper.pdf
2525,Training-free and Adaptive Sparse Attention for Efficient Long Video Generation,iccv,2025,https://openaccess.thecvf.com/content/ICCV2025/papers/Xia_Training-free_and_Adaptive_Sparse_Attention_for_Efficient_Long_Video_Generation_ICCV_2025_paper.pdf
2526,Super Resolved Imaging with Adaptive Optics,iccv,2025,https://openaccess.thecvf.com/content/ICCV2025/papers/Swanson_Super_Resolved_Imaging_with_Adaptive_Optics_ICCV_2025_paper.pdf
2527,BillBoard Splatting (BBSplat): Learnable Textured Primitives for Novel View Synthesis,iccv,2025,https://openaccess.thecvf.com/content/ICCV2025/papers/Svitov_BillBoard_Splatting_BBSplat_Learnable_Textured_Primitives_for_Novel_View_Synthesis_ICCV_2025_paper.pdf
2528,SDFit: 3D Object Pose and Shape by Fitting a Morphable SDF to a Single Image,iccv,2025,https://openaccess.thecvf.com/content/ICCV2025/papers/Antic_SDFit_3D_Object_Pose_and_Shape_by_Fitting_a_Morphable_ICCV_2025_paper.pdf
2529,VRM: Knowledge Distillation via Virtual Relation Matching,iccv,2025,https://openaccess.thecvf.com/content/ICCV2025/papers/Zhang_VRM_Knowledge_Distillation_via_Virtual_Relation_Matching_ICCV_2025_paper.pdf
2530,SC-Lane: Slope-aware and Consistent Road Height Estimation Framework for 3D Lane Detection,iccv,2025,https://openaccess.thecvf.com/content/ICCV2025/papers/Park_SC-Lane_Slope-aware_and_Consistent_Road_Height_Estimation_Framework_for_3D_ICCV_2025_paper.pdf
2531,Parametric Shadow Control for Portrait Generation in Text-to-Image Diffusion Models,iccv,2025,https://openaccess.thecvf.com/content/ICCV2025/papers/Cai_Parametric_Shadow_Control_for_Portrait_Generation_in_Text-to-Image_Diffusion_Models_ICCV_2025_paper.pdf
2532,ZIUM: Zero-Shot Intent-Aware Adversarial Attack on Unlearned Models,iccv,2025,https://openaccess.thecvf.com/content/ICCV2025/papers/Yook_ZIUM_Zero-Shot_Intent-Aware_Adversarial_Attack_on_Unlearned_Models_ICCV_2025_paper.pdf
2533,Beyond Next-Token: Next-X Prediction for Autoregressive Visual Generation,iccv,2025,https://openaccess.thecvf.com/content/ICCV2025/papers/Ren_Beyond_Next-Token_Next-X_Prediction_for_Autoregressive_Visual_Generation_ICCV_2025_paper.pdf
2534,GECO: Geometrically Consistent Embedding with Lightspeed Inference,iccv,2025,https://openaccess.thecvf.com/content/ICCV2025/papers/Hartwig_GECO_Geometrically_Consistent_Embedding_with_Lightspeed_Inference_ICCV_2025_paper.pdf
2535,Marigold-DC: Zero-Shot Monocular Depth Completion with Guided Diffusion,iccv,2025,https://openaccess.thecvf.com/content/ICCV2025/papers/Viola_Marigold-DC_Zero-Shot_Monocular_Depth_Completion_with_Guided_Diffusion_ICCV_2025_paper.pdf
2536,MedSegFactory: Text-Guided Generation of Medical Image-Mask Pairs,iccv,2025,https://openaccess.thecvf.com/content/ICCV2025/papers/Mao_MedSegFactory_Text-Guided_Generation_of_Medical_Image-Mask_Pairs_ICCV_2025_paper.pdf
2537,TurboTrain: Towards Efficient and Balanced Multi-Task Learning for Multi-Agent Perception and Prediction,iccv,2025,https://openaccess.thecvf.com/content/ICCV2025/papers/Zhou_TurboTrain_Towards_Efficient_and_Balanced_Multi-Task_Learning_for_Multi-Agent_Perception_ICCV_2025_paper.pdf
2538,FiVE-Bench: A Fine-grained Video Editing Benchmark for Evaluating Emerging Diffusion and Rectified Flow Models,iccv,2025,https://openaccess.thecvf.com/content/ICCV2025/papers/Li_FiVE-Bench_A_Fine-grained_Video_Editing_Benchmark_for_Evaluating_Emerging_Diffusion_ICCV_2025_paper.pdf
2539,ReAL-AD: Towards Human-Like Reasoning in End-to-End Autonomous Driving,iccv,2025,https://openaccess.thecvf.com/content/ICCV2025/papers/Lu_ReAL-AD_Towards_Human-Like_Reasoning_in_End-to-End_Autonomous_Driving_ICCV_2025_paper.pdf
2540,ReME: A Data-Centric Framework for Training-Free Open-Vocabulary Segmentation,iccv,2025,https://openaccess.thecvf.com/content/ICCV2025/papers/Xuan_ReME_A_Data-Centric_Framework_for_Training-Free_Open-Vocabulary_Segmentation_ICCV_2025_paper.pdf
2541,Sparse Fine-Tuning of Transformers for Generative Tasks,iccv,2025,https://openaccess.thecvf.com/content/ICCV2025/papers/Chen_Sparse_Fine-Tuning_of_Transformers_for_Generative_Tasks_ICCV_2025_paper.pdf
2542,Unlocking Constraints: Source-Free Occlusion-Aware Seamless Segmentation,iccv,2025,https://openaccess.thecvf.com/content/ICCV2025/papers/Cao_Unlocking_Constraints_Source-Free_Occlusion-Aware_Seamless_Segmentation_ICCV_2025_paper.pdf
2543,A Visual Leap in CLIP Compositionality Reasoning through Generation of Counterfactual Sets,iccv,2025,https://openaccess.thecvf.com/content/ICCV2025/papers/Jia_A_Visual_Leap_in_CLIP_Compositionality_Reasoning_through_Generation_of_ICCV_2025_paper.pdf
2544,Boosting Adversarial Transferability via Negative Hessian Trace Regularization,iccv,2025,https://openaccess.thecvf.com/content/ICCV2025/papers/Long_Boosting_Adversarial_Transferability_via_Negative_Hessian_Trace_Regularization_ICCV_2025_paper.pdf
2545,AutoOcc: Automatic Open-Ended Semantic Occupancy Annotation via Vision-Language Guided Gaussian Splatting,iccv,2025,https://openaccess.thecvf.com/content/ICCV2025/papers/Zhou_AutoOcc_Automatic_Open-Ended_Semantic_Occupancy_Annotation_via_Vision-Language_Guided_Gaussian_ICCV_2025_paper.pdf
2546,Scalable Dual Fingerprinting for Hierarchical Attribution of Text-to-Image Models,iccv,2025,https://openaccess.thecvf.com/content/ICCV2025/papers/Fei_Scalable_Dual_Fingerprinting_for_Hierarchical_Attribution_of_Text-to-Image_Models_ICCV_2025_paper.pdf
2547,Improving Noise Efficiency in Privacy-preserving Dataset Distillation,iccv,2025,https://openaccess.thecvf.com/content/ICCV2025/papers/Zheng_Improving_Noise_Efficiency_in_Privacy-preserving_Dataset_Distillation_ICCV_2025_paper.pdf
2548,Parameter-Efficient Adaptation of Geospatial Foundation Models through Embedding Deflection,iccv,2025,https://openaccess.thecvf.com/content/ICCV2025/papers/Thoreau_Parameter-Efficient_Adaptation_of_Geospatial_Foundation_Models_through_Embedding_Deflection_ICCV_2025_paper.pdf
2549,UniFuse: A Unified All-in-One Framework for Multi-Modal Medical Image Fusion Under Diverse Degradations and Misalignments,iccv,2025,https://openaccess.thecvf.com/content/ICCV2025/papers/Su_UniFuse_A_Unified_All-in-One_Framework_for_Multi-Modal_Medical_Image_Fusion_ICCV_2025_paper.pdf
2550,Coupling the Generator with Teacher for Effective Data-Free Knowledge Distillation,iccv,2025,https://openaccess.thecvf.com/content/ICCV2025/papers/Chen_Coupling_the_Generator_with_Teacher_for_Effective_Data-Free_Knowledge_Distillation_ICCV_2025_paper.pdf
2551,MOSCATO: Predicting Multiple Object State Change Through Actions,iccv,2025,https://openaccess.thecvf.com/content/ICCV2025/papers/Zameni_MOSCATO_Predicting_Multiple_Object_State_Change_Through_Actions_ICCV_2025_paper.pdf
2552,Harnessing Input-Adaptive Inference for Efficient VLN,iccv,2025,https://openaccess.thecvf.com/content/ICCV2025/papers/Kang_Harnessing_Input-Adaptive_Inference_for_Efficient_VLN_ICCV_2025_paper.pdf
2553,LoftUp: Learning a Coordinate-Based Feature Upsampler for Vision Foundation Models,iccv,2025,https://openaccess.thecvf.com/content/ICCV2025/papers/Huang_LoftUp_Learning_a_Coordinate-Based_Feature_Upsampler_for_Vision_Foundation_Models_ICCV_2025_paper.pdf
2554,EMatch: A Unified Framework for Event-based Optical Flow and Stereo Matching,iccv,2025,https://openaccess.thecvf.com/content/ICCV2025/papers/Zhang_EMatch_A_Unified_Framework_for_Event-based_Optical_Flow_and_Stereo_ICCV_2025_paper.pdf
2555,Superpowering Open-Vocabulary Object Detectors for X-ray Vision,iccv,2025,https://openaccess.thecvf.com/content/ICCV2025/papers/Garcia-Fernandez_Superpowering_Open-Vocabulary_Object_Detectors_for_X-ray_Vision_ICCV_2025_paper.pdf
2556,LVBench: An Extreme Long Video Understanding Benchmark,iccv,2025,https://openaccess.thecvf.com/content/ICCV2025/papers/Wang_LVBench_An_Extreme_Long_Video_Understanding_Benchmark_ICCV_2025_paper.pdf
2557,Scalable Image Tokenization with Index Backpropagation Quantization,iccv,2025,https://openaccess.thecvf.com/content/ICCV2025/papers/Shi_Scalable_Image_Tokenization_with_Index_Backpropagation_Quantization_ICCV_2025_paper.pdf
2558,InsViE-1M: Effective Instruction-based Video Editing with Elaborate Dataset Construction,iccv,2025,https://openaccess.thecvf.com/content/ICCV2025/papers/Wu_InsViE-1M_Effective_Instruction-based_Video_Editing_with_Elaborate_Dataset_Construction_ICCV_2025_paper.pdf
2559,SpatialCrafter: Unleashing the Imagination of Video Diffusion Models for Scene Reconstruction from Limited Observations,iccv,2025,https://openaccess.thecvf.com/content/ICCV2025/papers/Zhang_SpatialCrafter_Unleashing_the_Imagination_of_Video_Diffusion_Models_for_Scene_ICCV_2025_paper.pdf
2560,Multi-Granular Spatio-Temporal Token Merging for Training-Free Acceleration of Video LLMs,iccv,2025,https://openaccess.thecvf.com/content/ICCV2025/papers/Hyun_Multi-Granular_Spatio-Temporal_Token_Merging_for_Training-Free_Acceleration_of_Video_LLMs_ICCV_2025_paper.pdf
2561,ONLY: One-Layer Intervention Sufficiently Mitigates Hallucinations in Large Vision-Language Models,iccv,2025,https://openaccess.thecvf.com/content/ICCV2025/papers/Wan_ONLY_One-Layer_Intervention_Sufficiently_Mitigates_Hallucinations_in_Large_Vision-Language_Models_ICCV_2025_paper.pdf
2562,Inverse Image-Based Rendering for Light Field Generation from Single Images,iccv,2025,https://openaccess.thecvf.com/content/ICCV2025/papers/Jung_Inverse_Image-Based_Rendering_for_Light_Field_Generation_from_Single_Images_ICCV_2025_paper.pdf
2563,Morph: A Motion-free Physics Optimization Framework for Human Motion Generation,iccv,2025,https://openaccess.thecvf.com/content/ICCV2025/papers/Li_Morph_A_Motion-free_Physics_Optimization_Framework_for_Human_Motion_Generation_ICCV_2025_paper.pdf
2564,Generalized and Efficient 2D Gaussian Splatting for Arbitrary-scale Super-Resolution,iccv,2025,https://openaccess.thecvf.com/content/ICCV2025/papers/Chen_Generalized_and_Efficient_2D_Gaussian_Splatting_for_Arbitrary-scale_Super-Resolution_ICCV_2025_paper.pdf
2565,Pretend Benign: A Stealthy Adversarial Attack by Exploiting Vulnerabilities in Cooperative Perception,iccv,2025,https://openaccess.thecvf.com/content/ICCV2025/papers/Lin_Pretend_Benign_A_Stealthy_Adversarial_Attack_by_Exploiting_Vulnerabilities_in_ICCV_2025_paper.pdf
2566,ProbMED: A Probabilistic Framework for Medical Multimodal Binding,iccv,2025,https://openaccess.thecvf.com/content/ICCV2025/papers/Gao_ProbMED_A_Probabilistic_Framework_for_Medical_Multimodal_Binding_ICCV_2025_paper.pdf
2567,Kestrel: 3D Multimodal LLM for Part-Aware Grounded Description,iccv,2025,https://openaccess.thecvf.com/content/ICCV2025/papers/Ahmed_Kestrel_3D_Multimodal_LLM_for_Part-Aware_Grounded_Description_ICCV_2025_paper.pdf
2568,Precise Action-to-Video Generation Through Visual Action Prompts,iccv,2025,https://openaccess.thecvf.com/content/ICCV2025/papers/Wang_Precise_Action-to-Video_Generation_Through_Visual_Action_Prompts_ICCV_2025_paper.pdf
2569,QuickSplat: Fast 3D Surface Reconstruction via Learned Gaussian Initialization,iccv,2025,https://openaccess.thecvf.com/content/ICCV2025/papers/Liu_QuickSplat_Fast_3D_Surface_Reconstruction_via_Learned_Gaussian_Initialization_ICCV_2025_paper.pdf
2570,EquiCaps: Predictor-Free Pose-Aware Pre-Trained Capsule Networks,iccv,2025,https://openaccess.thecvf.com/content/ICCV2025/papers/Konstantinou_EquiCaps_Predictor-Free_Pose-Aware_Pre-Trained_Capsule_Networks_ICCV_2025_paper.pdf
2571,Feature Decomposition-Recomposition in Large Vision-Language Model for Few-Shot Class-Incremental Learning,iccv,2025,https://openaccess.thecvf.com/content/ICCV2025/papers/Xue_Feature_Decomposition-Recomposition_in_Large_Vision-Language_Model_for_Few-Shot_Class-Incremental_Learning_ICCV_2025_paper.pdf
2572,Taming Flow Matching with Unbalanced Optimal Transport into Fast Pansharpening,iccv,2025,https://openaccess.thecvf.com/content/ICCV2025/papers/Cao_Taming_Flow_Matching_with_Unbalanced_Optimal_Transport_into_Fast_Pansharpening_ICCV_2025_paper.pdf
2573,Learning to Unlearn while Retaining: Combating Gradient Conflicts in Machine Unlearning,iccv,2025,https://openaccess.thecvf.com/content/ICCV2025/papers/Patel_Learning_to_Unlearn_while_Retaining_Combating_Gradient_Conflicts_in_Machine_ICCV_2025_paper.pdf
2574,Scaling and Taming Adversarial Training with Synthetic Data,iccv,2025,https://openaccess.thecvf.com/content/ICCV2025/papers/Wu_Scaling_and_Taming_Adversarial_Training_with_Synthetic_Data_ICCV_2025_paper.pdf
2575,FramePainter: Endowing Interactive Image Editing with Video Diffusion Priors,iccv,2025,https://openaccess.thecvf.com/content/ICCV2025/papers/Zhang_FramePainter_Endowing_Interactive_Image_Editing_with_Video_Diffusion_Priors_ICCV_2025_paper.pdf
2576,MetaScope: Optics-Driven Neural Network for Ultra-Micro Metalens Endoscopy,iccv,2025,https://openaccess.thecvf.com/content/ICCV2025/papers/Li_MetaScope_Optics-Driven_Neural_Network_for_Ultra-Micro_Metalens_Endoscopy_ICCV_2025_paper.pdf
2577,Removing Cost Volumes from Optical Flow Estimators,iccv,2025,https://openaccess.thecvf.com/content/ICCV2025/papers/Kiefhaber_Removing_Cost_Volumes_from_Optical_Flow_Estimators_ICCV_2025_paper.pdf
2578,SparseRecon: Neural Implicit Surface Reconstruction from Sparse Views with Feature and Depth Consistencies,iccv,2025,https://openaccess.thecvf.com/content/ICCV2025/papers/Han_SparseRecon_Neural_Implicit_Surface_Reconstruction_from_Sparse_Views_with_Feature_ICCV_2025_paper.pdf
2579,LMM4LMM: Benchmarking and Evaluating Large-multimodal Image Generation with LMMs,iccv,2025,https://openaccess.thecvf.com/content/ICCV2025/papers/Wang_LMM4LMM_Benchmarking_and_Evaluating_Large-multimodal_Image_Generation_with_LMMs_ICCV_2025_paper.pdf
2580,Leveraging the Power of MLLMs for Gloss-Free Sign Language Translation,iccv,2025,https://openaccess.thecvf.com/content/ICCV2025/papers/Kim_Leveraging_the_Power_of_MLLMs_for_Gloss-Free_Sign_Language_Translation_ICCV_2025_paper.pdf
2581,Cross-modal Ship Re-Identification via Optical and SAR Imagery: A Novel Dataset and Method,iccv,2025,https://openaccess.thecvf.com/content/ICCV2025/papers/Wang_Cross-modal_Ship_Re-Identification_via_Optical_and_SAR_Imagery_A_Novel_ICCV_2025_paper.pdf
2582,Hybrid-grained Feature Aggregation with Coarse-to-fine Language Guidance for Self-supervised Monocular Depth Estimation,iccv,2025,https://openaccess.thecvf.com/content/ICCV2025/papers/Zhang_Hybrid-grained_Feature_Aggregation_with_Coarse-to-fine_Language_Guidance_for_Self-supervised_Monocular_ICCV_2025_paper.pdf
2583,GaussianSpeech: Audio-Driven Personalized 3D Gaussian Avatars,iccv,2025,https://openaccess.thecvf.com/content/ICCV2025/papers/Aneja_GaussianSpeech_Audio-Driven_Personalized_3D_Gaussian_Avatars_ICCV_2025_paper.pdf
2584,MonoFusion: Sparse-View 4D Reconstruction via Monocular Fusion,iccv,2025,https://openaccess.thecvf.com/content/ICCV2025/papers/Wang_MonoFusion_Sparse-View_4D_Reconstruction_via_Monocular_Fusion_ICCV_2025_paper.pdf
2585,SIGMAN: Scaling 3D Human Gaussian Generation with Millions of Assets,iccv,2025,https://openaccess.thecvf.com/content/ICCV2025/papers/Yang_SIGMAN_Scaling_3D_Human_Gaussian_Generation_with_Millions_of_Assets_ICCV_2025_paper.pdf
2586,Reusing Computation in Text-to-Image Diffusion for Efficient Generation of Image Sets,iccv,2025,https://openaccess.thecvf.com/content/ICCV2025/papers/Decatur_Reusing_Computation_in_Text-to-Image_Diffusion_for_Efficient_Generation_of_Image_ICCV_2025_paper.pdf
2587,Dita: Scaling Diffusion Transformer for Generalist Vision-Language-Action Policy,iccv,2025,https://openaccess.thecvf.com/content/ICCV2025/papers/Hou_Dita_Scaling_Diffusion_Transformer_for_Generalist_Vision-Language-Action_Policy_ICCV_2025_paper.pdf
2588,Tree-NeRV: Efficient Non-Uniform Sampling for Neural Video Representation via Tree-Structured Feature Grids,iccv,2025,https://openaccess.thecvf.com/content/ICCV2025/papers/Zhao_Tree-NeRV_Efficient_Non-Uniform_Sampling_for_Neural_Video_Representation_via_Tree-Structured_ICCV_2025_paper.pdf
2589,GLEAM: Enhanced Transferable Adversarial Attacks for Vision-Language Pre-training Models via Global-Local Transformations,iccv,2025,https://openaccess.thecvf.com/content/ICCV2025/papers/Liu_GLEAM_Enhanced_Transferable_Adversarial_Attacks_for_Vision-Language_Pre-training_Models_via_ICCV_2025_paper.pdf
2590,UniMLVG: Unified Framework for Multi-view Long Video Generation with Comprehensive Control Capabilities for Autonomous Driving,iccv,2025,https://openaccess.thecvf.com/content/ICCV2025/papers/Chen_UniMLVG_Unified_Framework_for_Multi-view_Long_Video_Generation_with_Comprehensive_ICCV_2025_paper.pdf
2591,CaliMatch: Adaptive Calibration for Improving Safe Semi-supervised Learning,iccv,2025,https://openaccess.thecvf.com/content/ICCV2025/papers/Bae_CaliMatch_Adaptive_Calibration_for_Improving_Safe_Semi-supervised_Learning_ICCV_2025_paper.pdf
2592,CogCM: Cognition-Inspired Contextual Modeling for Audio-Visual Speech Enhancement,iccv,2025,https://openaccess.thecvf.com/content/ICCV2025/papers/Wang_CogCM_Cognition-Inspired_Contextual_Modeling_for_Audio-Visual_Speech_Enhancement_ICCV_2025_paper.pdf
2593,Scalable Ranked Preference Optimization for Text-to-Image Generation,iccv,2025,https://openaccess.thecvf.com/content/ICCV2025/papers/Karthik_Scalable_Ranked_Preference_Optimization_for_Text-to-Image_Generation_ICCV_2025_paper.pdf
2594,Aligning Vision to Language: Annotation-Free Multimodal Knowledge Graph Construction for Enhanced LLMs Reasoning,iccv,2025,https://openaccess.thecvf.com/content/ICCV2025/papers/Liu_Aligning_Vision_to_Language_Annotation-Free_Multimodal_Knowledge_Graph_Construction_for_ICCV_2025_paper.pdf
2595,QR-LoRA: Efficient and Disentangled Fine-tuning via QR Decomposition for Customized Generation,iccv,2025,https://openaccess.thecvf.com/content/ICCV2025/papers/Yang_QR-LoRA_Efficient_and_Disentangled_Fine-tuning_via_QR_Decomposition_for_Customized_ICCV_2025_paper.pdf
2596,Uncertainty-Aware Diffusion-Guided Refinement of 3D Scenes,iccv,2025,https://openaccess.thecvf.com/content/ICCV2025/papers/Bose_Uncertainty-Aware_Diffusion-Guided_Refinement_of_3D_Scenes_ICCV_2025_paper.pdf
2597,GestureLSM: Latent Shortcut based Co-Speech Gesture Generation with Spatial-Temporal Modeling,iccv,2025,https://openaccess.thecvf.com/content/ICCV2025/papers/Liu_GestureLSM_Latent_Shortcut_based_Co-Speech_Gesture_Generation_with_Spatial-Temporal_Modeling_ICCV_2025_paper.pdf
2598,LLaFEA: Frame-Event Complementary Fusion for Fine-Grained Spatiotemporal Understanding in LMMs,iccv,2025,https://openaccess.thecvf.com/content/ICCV2025/papers/Zhou_LLaFEA_Frame-Event_Complementary_Fusion_for_Fine-Grained_Spatiotemporal_Understanding_in_LMMs_ICCV_2025_paper.pdf
2599,GCAV: A Global Concept Activation Vector Framework for Cross-Layer Consistency in Interpretability,iccv,2025,https://openaccess.thecvf.com/content/ICCV2025/papers/He_GCAV_A_Global_Concept_Activation_Vector_Framework_for_Cross-Layer_Consistency_ICCV_2025_paper.pdf
2600,FastPoint: Accelerating 3D Point Cloud Model Inference via Sample Point Distance Prediction,iccv,2025,https://openaccess.thecvf.com/content/ICCV2025/papers/Lee_FastPoint_Accelerating_3D_Point_Cloud_Model_Inference_via_Sample_Point_ICCV_2025_paper.pdf
2601,GSRecon: Efficient Generalizable Gaussian Splatting for Surface Reconstruction from Sparse Views,iccv,2025,https://openaccess.thecvf.com/content/ICCV2025/papers/Yang_GSRecon_Efficient_Generalizable_Gaussian_Splatting_for_Surface_Reconstruction_from_Sparse_ICCV_2025_paper.pdf
2602,WAVE: Warp-Based View Guidance for Consistent Novel View Synthesis Using a Single Image,iccv,2025,https://openaccess.thecvf.com/content/ICCV2025/papers/Park_WAVE_Warp-Based_View_Guidance_for_Consistent_Novel_View_Synthesis_Using_ICCV_2025_paper.pdf
2603,Blended Point Cloud Diffusion for Localized Text-guided Shape Editing,iccv,2025,https://openaccess.thecvf.com/content/ICCV2025/papers/Sella_Blended_Point_Cloud_Diffusion_for_Localized_Text-guided_Shape_Editing_ICCV_2025_paper.pdf
2604,Beyond [cls]: Exploring the True Potential of Masked Image Modeling Representations,iccv,2025,https://openaccess.thecvf.com/content/ICCV2025/papers/Przewiezlikowski_Beyond_cls_Exploring_the_True_Potential_of_Masked_Image_Modeling_ICCV_2025_paper.pdf
2605,AnimateAnyMesh: A Feed-Forward 4D Foundation Model for Text-Driven Universal Mesh Animation,iccv,2025,https://openaccess.thecvf.com/content/ICCV2025/papers/Wu_AnimateAnyMesh_A_Feed-Forward_4D_Foundation_Model_for_Text-Driven_Universal_Mesh_ICCV_2025_paper.pdf
2606,PhysRig: Differentiable Physics-Based Skinning and Rigging Framework for Realistic Articulated Object Modeling,iccv,2025,https://openaccess.thecvf.com/content/ICCV2025/papers/Zhang_PhysRig_Differentiable_Physics-Based_Skinning_and_Rigging_Framework_for_Realistic_Articulated_ICCV_2025_paper.pdf
2607,SpikePack: Enhanced Information Flow in Spiking Neural Networks with High Hardware Compatibility,iccv,2025,https://openaccess.thecvf.com/content/ICCV2025/papers/Shen_SpikePack_Enhanced_Information_Flow_in_Spiking_Neural_Networks_with_High_ICCV_2025_paper.pdf
2608,Frequency-Aware Autoregressive Modeling for Efficient High-Resolution Image Synthesis,iccv,2025,https://openaccess.thecvf.com/content/ICCV2025/papers/Chen_Frequency-Aware_Autoregressive_Modeling_for_Efficient_High-Resolution_Image_Synthesis_ICCV_2025_paper.pdf
2609,Efficient Track Anything,iccv,2025,https://openaccess.thecvf.com/content/ICCV2025/papers/Xiong_Efficient_Track_Anything_ICCV_2025_paper.pdf
2610,VFlowOpt: A Token Pruning Framework for LMMs with Visual Information Flow-Guided Optimization,iccv,2025,https://openaccess.thecvf.com/content/ICCV2025/papers/Yang_VFlowOpt_A_Token_Pruning_Framework_for_LMMs_with_Visual_Information_ICCV_2025_paper.pdf
2611,CameraCtrl II: Dynamic Scene Exploration via Camera-controlled Video Diffusion Models,iccv,2025,https://openaccess.thecvf.com/content/ICCV2025/papers/He_CameraCtrl_II_Dynamic_Scene_Exploration_via_Camera-controlled_Video_Diffusion_Models_ICCV_2025_paper.pdf
2612,Text-guided Visual Prompt DINO for Generic Segmentation,iccv,2025,https://openaccess.thecvf.com/content/ICCV2025/papers/Guan_Text-guided_Visual_Prompt_DINO_for_Generic_Segmentation_ICCV_2025_paper.pdf
2613,Open-set Cross Modal Generalization via Multimodal Unified Representation,iccv,2025,https://openaccess.thecvf.com/content/ICCV2025/papers/Huang_Open-set_Cross_Modal_Generalization_via_Multimodal_Unified_Representation_ICCV_2025_paper.pdf
2614,PLADIS: Pushing the Limits of Attention in Diffusion Models at Inference Time by Leveraging Sparsity,iccv,2025,https://openaccess.thecvf.com/content/ICCV2025/papers/Kim_PLADIS_Pushing_the_Limits_of_Attention_in_Diffusion_Models_at_ICCV_2025_paper.pdf
2615,GT-Loc: Unifying When and Where in Images Through a Joint Embedding Space,iccv,2025,https://openaccess.thecvf.com/content/ICCV2025/papers/Shatwell_GT-Loc_Unifying_When_and_Where_in_Images_Through_a_Joint_ICCV_2025_paper.pdf
2616,Robust Test-Time Adaptation for Single Image Denoising Using Deep Gaussian Prior,iccv,2025,https://openaccess.thecvf.com/content/ICCV2025/papers/Ma_Robust_Test-Time_Adaptation_for_Single_Image_Denoising_Using_Deep_Gaussian_ICCV_2025_paper.pdf
2617,MATE: Motion-Augmented Temporal Consistency for Event-based Point Tracking,iccv,2025,https://openaccess.thecvf.com/content/ICCV2025/papers/Han_MATE_Motion-Augmented_Temporal_Consistency_for_Event-based_Point_Tracking_ICCV_2025_paper.pdf
2618,Diffusion-Based Extreme High-speed Scenes Reconstruction with the Complementary Vision Sensor,iccv,2025,https://openaccess.thecvf.com/content/ICCV2025/papers/Meng_Diffusion-Based_Extreme_High-speed_Scenes_Reconstruction_with_the_Complementary_Vision_Sensor_ICCV_2025_paper.pdf
2619,RnGCam: High-speed video from rolling & global shutter measurements,iccv,2025,https://openaccess.thecvf.com/content/ICCV2025/papers/Tandi_RnGCam_High-speed_video_from_rolling__global_shutter_measurements_ICCV_2025_paper.pdf
2620,OV3D-CG: Open-vocabulary 3D Instance Segmentation with Contextual Guidance,iccv,2025,https://openaccess.thecvf.com/content/ICCV2025/papers/Zhou_OV3D-CG_Open-vocabulary_3D_Instance_Segmentation_with_Contextual_Guidance_ICCV_2025_paper.pdf
2621,FG-OrIU: Towards Better Forgetting via Feature-Gradient Orthogonality for Incremental Unlearning,iccv,2025,https://openaccess.thecvf.com/content/ICCV2025/papers/Feng_FG-OrIU_Towards_Better_Forgetting_via_Feature-Gradient_Orthogonality_for_Incremental_Unlearning_ICCV_2025_paper.pdf
2622,InfiniCube: Unbounded and Controllable Dynamic 3D Driving Scene Generation with World-Guided Video Models,iccv,2025,https://openaccess.thecvf.com/content/ICCV2025/papers/Lu_InfiniCube_Unbounded_and_Controllable_Dynamic_3D_Driving_Scene_Generation_with_ICCV_2025_paper.pdf
2623,Scene Graph Guided Generation: Enable Accurate Relations Generation in Text-to-Image Models via Textural Rectification,iccv,2025,https://openaccess.thecvf.com/content/ICCV2025/papers/Shen_Scene_Graph_Guided_Generation_Enable_Accurate_Relations_Generation_in_Text-to-Image_ICCV_2025_paper.pdf
2624,After the Party: Navigating the Mapping From Color to Ambient Lighting,iccv,2025,https://openaccess.thecvf.com/content/ICCV2025/papers/Vasluianu_After_the_Party_Navigating_the_Mapping_From_Color_to_Ambient_ICCV_2025_paper.pdf
2625,Disentangled Clothed Avatar Generation with Layered Representation,iccv,2025,https://openaccess.thecvf.com/content/ICCV2025/papers/Zhang_Disentangled_Clothed_Avatar_Generation_with_Layered_Representation_ICCV_2025_paper.pdf
2626,Teleportraits: Training-Free People Insertion into Any Scene,iccv,2025,https://openaccess.thecvf.com/content/ICCV2025/papers/Gao_Teleportraits_Training-Free_People_Insertion_into_Any_Scene_ICCV_2025_paper.pdf
2627,DepthSync: Diffusion Guidance-Based Depth Synchronization for Scale- and Geometry-Consistent Video Depth Estimation,iccv,2025,https://openaccess.thecvf.com/content/ICCV2025/papers/Dong_DepthSync_Diffusion_Guidance-Based_Depth_Synchronization_for_Scale-_and_Geometry-Consistent_Video_ICCV_2025_paper.pdf
2628,InfoBridge: Balanced Multimodal Integration through Conditional Dependency Modeling,iccv,2025,https://openaccess.thecvf.com/content/ICCV2025/papers/Li_InfoBridge_Balanced_Multimodal_Integration_through_Conditional_Dependency_Modeling_ICCV_2025_paper.pdf
2629,Towards Explicit Exoskeleton for the Reconstruction of Complicated 3D Human Avatars,iccv,2025,https://openaccess.thecvf.com/content/ICCV2025/papers/Zhan_Towards_Explicit_Exoskeleton_for_the_Reconstruction_of_Complicated_3D_Human_ICCV_2025_paper.pdf
2630,CABLD: Contrast-Agnostic Brain Landmark Detection with Consistency-Based Regularization,iccv,2025,https://openaccess.thecvf.com/content/ICCV2025/papers/Salari_CABLD_Contrast-Agnostic_Brain_Landmark_Detection_with_Consistency-Based_Regularization_ICCV_2025_paper.pdf
2631,"One Object, Multiple Lies: A Benchmark for Cross-task Adversarial Attack on Unified Vision-Language Models",iccv,2025,https://openaccess.thecvf.com/content/ICCV2025/papers/Zhao_One_Object_Multiple_Lies_A_Benchmark_for_Cross-task_Adversarial_Attack_ICCV_2025_paper.pdf
2632,A Differentiable Wave Optics Model for End-to-End Computational Imaging System Optimization,iccv,2025,https://openaccess.thecvf.com/content/ICCV2025/papers/Ho_A_Differentiable_Wave_Optics_Model_for_End-to-End_Computational_Imaging_System_ICCV_2025_paper.pdf
2633,CHROME: Clothed Human Reconstruction with Occlusion-Resilience and Multiview-Consistency from a Single Image,iccv,2025,https://openaccess.thecvf.com/content/ICCV2025/papers/Dutta_CHROME_Clothed_Human_Reconstruction_with_Occlusion-Resilience_and_Multiview-Consistency_from_a_ICCV_2025_paper.pdf
2634,H3R: Hybrid Multi-view Correspondence for Generalizable 3D Reconstruction,iccv,2025,https://openaccess.thecvf.com/content/ICCV2025/papers/Jia_H3R_Hybrid_Multi-view_Correspondence_for_Generalizable_3D_Reconstruction_ICCV_2025_paper.pdf
2635,Capturing head avatar with hand contacts from a monocular video,iccv,2025,https://openaccess.thecvf.com/content/ICCV2025/papers/He_Capturing_head_avatar_with_hand_contacts_from_a_monocular_video_ICCV_2025_paper.pdf
2636,DoppDrive: Doppler-Driven Temporal Aggregation for Improved Radar Object Detection,iccv,2025,https://openaccess.thecvf.com/content/ICCV2025/papers/Haitman_DoppDrive_Doppler-Driven_Temporal_Aggregation_for_Improved_Radar_Object_Detection_ICCV_2025_paper.pdf
2637,3D Gaussian Map with Open-Set Semantic Grouping for Vision-Language Navigation,iccv,2025,https://openaccess.thecvf.com/content/ICCV2025/papers/Gao_3D_Gaussian_Map_with_Open-Set_Semantic_Grouping_for_Vision-Language_Navigation_ICCV_2025_paper.pdf
2638,M-SpecGene: Generalized Foundation Model for RGBT Multispectral Vision,iccv,2025,https://openaccess.thecvf.com/content/ICCV2025/papers/Zhou_M-SpecGene_Generalized_Foundation_Model_for_RGBT_Multispectral_Vision_ICCV_2025_paper.pdf
2639,YOLOE: Real-Time Seeing Anything,iccv,2025,https://openaccess.thecvf.com/content/ICCV2025/papers/Wang_YOLOE_Real-Time_Seeing_Anything_ICCV_2025_paper.pdf
2640,Joint Learning of Pose Regression and Denoising Diffusion with Score Scaling Sampling for Category-level 6D Pose Estimation,iccv,2025,https://openaccess.thecvf.com/content/ICCV2025/papers/Lee_Joint_Learning_of_Pose_Regression_and_Denoising_Diffusion_with_Score_ICCV_2025_paper.pdf
2641,Beyond Text-Visual Attention: Exploiting Visual Cues for Effective Token Pruning in VLMs,iccv,2025,https://openaccess.thecvf.com/content/ICCV2025/papers/Zhang_Beyond_Text-Visual_Attention_Exploiting_Visual_Cues_for_Effective_Token_Pruning_ICCV_2025_paper.pdf
2642,Event-guided HDR Reconstruction with Diffusion Priors,iccv,2025,https://openaccess.thecvf.com/content/ICCV2025/papers/Yang_Event-guided_HDR_Reconstruction_with_Diffusion_Priors_ICCV_2025_paper.pdf
2643,Continual Adaptation: Environment-Conditional Parameter Generation for Object Detection in Dynamic Scenarios,iccv,2025,https://openaccess.thecvf.com/content/ICCV2025/papers/Li_Continual_Adaptation_Environment-Conditional_Parameter_Generation_for_Object_Detection_in_Dynamic_ICCV_2025_paper.pdf
2644,CATP-LLM: Empowering Large Language Models for Cost-Aware Tool Planning,iccv,2025,https://openaccess.thecvf.com/content/ICCV2025/papers/Wu_CATP-LLM_Empowering_Large_Language_Models_for_Cost-Aware_Tool_Planning_ICCV_2025_paper.pdf
2645,MoMaps: Semantics-Aware Scene Motion Generation with Motion Maps,iccv,2025,https://openaccess.thecvf.com/content/ICCV2025/papers/Lei_MoMaps_Semantics-Aware_Scene_Motion_Generation_with_Motion_Maps_ICCV_2025_paper.pdf
2646,WarpHE4D: Dense 4D Head Map toward Full Head Reconstruction,iccv,2025,https://openaccess.thecvf.com/content/ICCV2025/papers/Yun_WarpHE4D_Dense_4D_Head_Map_toward_Full_Head_Reconstruction_ICCV_2025_paper.pdf
2647,"Perceive, Understand and Restore: Real-World Image Super-Resolution with Autoregressive Multimodal Generative Models",iccv,2025,https://openaccess.thecvf.com/content/ICCV2025/papers/Wei_Perceive_Understand_and_Restore_Real-World_Image_Super-Resolution_with_Autoregressive_Multimodal_ICCV_2025_paper.pdf
2648,TRKT: Weakly Supervised Dynamic Scene Graph Generation with Temporal-enhanced Relation-aware Knowledge Transferring,iccv,2025,https://openaccess.thecvf.com/content/ICCV2025/papers/Xu_TRKT_Weakly_Supervised_Dynamic_Scene_Graph_Generation_with_Temporal-enhanced_Relation-aware_ICCV_2025_paper.pdf
2649,Progressive Distribution Bridging: Unsupervised Adaptation for Large-scale Pre-trained Models via Adaptive Auxiliary Data,iccv,2025,https://openaccess.thecvf.com/content/ICCV2025/papers/He_Progressive_Distribution_Bridging_Unsupervised_Adaptation_for_Large-scale_Pre-trained_Models_via_ICCV_2025_paper.pdf
2650,Griffon v2: Advancing Multimodal Perception with High-Resolution Scaling and Visual-Language Co-Referring,iccv,2025,https://openaccess.thecvf.com/content/ICCV2025/papers/Zhan_Griffon_v2_Advancing_Multimodal_Perception_with_High-Resolution_Scaling_and_Visual-Language_ICCV_2025_paper.pdf
2651,TARO: Timestep-Adaptive Representation Alignment with Onset-Aware Conditioning for Synchronized Video-to-Audio Synthesis,iccv,2025,https://openaccess.thecvf.com/content/ICCV2025/papers/Ton_TARO_Timestep-Adaptive_Representation_Alignment_with_Onset-Aware_Conditioning_for_Synchronized_Video-to-Audio_ICCV_2025_paper.pdf
2652,VPR-Cloak: A First Look at Privacy Cloak Against Visual Place Recognition,iccv,2025,https://openaccess.thecvf.com/content/ICCV2025/papers/Dong_VPR-Cloak_A_First_Look_at_Privacy_Cloak_Against_Visual_Place_ICCV_2025_paper.pdf
2653,SDFormer: Vision-based 3D Semantic Scene Completion via SAM-assisted Dual-channel Voxel Transformer,iccv,2025,https://openaccess.thecvf.com/content/ICCV2025/papers/Xue_SDFormer_Vision-based_3D_Semantic_Scene_Completion_via_SAM-assisted_Dual-channel_Voxel_ICCV_2025_paper.pdf
2654,ModSkill: Physical Character Skill Modularization,iccv,2025,https://openaccess.thecvf.com/content/ICCV2025/papers/Huang_ModSkill_Physical_Character_Skill_Modularization_ICCV_2025_paper.pdf
2655,Improving Multimodal Learning via Imbalanced Learning,iccv,2025,https://openaccess.thecvf.com/content/ICCV2025/papers/Wei_Improving_Multimodal_Learning_via_Imbalanced_Learning_ICCV_2025_paper.pdf
2656,INTER: Mitigating Hallucination in Large Vision-Language Models by Interaction Guidance Sampling,iccv,2025,https://openaccess.thecvf.com/content/ICCV2025/papers/Dong_INTER_Mitigating_Hallucination_in_Large_Vision-Language_Models_by_Interaction_Guidance_ICCV_2025_paper.pdf
2657,ForestFormer3D: A Unified Framework for End-to-End Segmentation of Forest LiDAR 3D Point Clouds,iccv,2025,https://openaccess.thecvf.com/content/ICCV2025/papers/Xiang_ForestFormer3D_A_Unified_Framework_for_End-to-End_Segmentation_of_Forest_LiDAR_ICCV_2025_paper.pdf
2658,Medical World Model,iccv,2025,https://openaccess.thecvf.com/content/ICCV2025/papers/Yang_Medical_World_Model_ICCV_2025_paper.pdf
2659,AccidentalGS: 3D Gaussian Splatting from Accidental Camera Motion,iccv,2025,https://openaccess.thecvf.com/content/ICCV2025/papers/Mao_AccidentalGS_3D_Gaussian_Splatting_from_Accidental_Camera_Motion_ICCV_2025_paper.pdf
2660,RoMo: Robust Motion Segmentation Improves Structure from Motion,iccv,2025,https://openaccess.thecvf.com/content/ICCV2025/papers/Goli_RoMo_Robust_Motion_Segmentation_Improves_Structure_from_Motion_ICCV_2025_paper.pdf
2661,CAFA: a Controllable Automatic Foley Artist,iccv,2025,https://openaccess.thecvf.com/content/ICCV2025/papers/Benita_CAFA_a_Controllable_Automatic_Foley_Artist_ICCV_2025_paper.pdf
2662,Neuroverse3D: Developing In-Context Learning Universal Model for Neuroimaging in 3D,iccv,2025,https://openaccess.thecvf.com/content/ICCV2025/papers/Hu_Neuroverse3D_Developing_In-Context_Learning_Universal_Model_for_Neuroimaging_in_3D_ICCV_2025_paper.pdf
2663,ProSAM: Enhancing the Robustness of SAM-based Visual Reference Segmentation with Probabilistic Prompts,iccv,2025,https://openaccess.thecvf.com/content/ICCV2025/papers/Wang_ProSAM_Enhancing_the_Robustness_of_SAM-based_Visual_Reference_Segmentation_with_ICCV_2025_paper.pdf
2664,TF-TI2I: Training-Free Text-and-Image-to-Image Generation via Multi-Modal Implicit-Context Learning In Text-to-Image Models,iccv,2025,https://openaccess.thecvf.com/content/ICCV2025/papers/Hsiao_TF-TI2I_Training-Free_Text-and-Image-to-Image_Generation_via_Multi-Modal_Implicit-Context_Learning_In_Text-to-Image_ICCV_2025_paper.pdf
2665,Allowing Oscillation Quantization: Overcoming Solution Space Limitation in Low Bit-Width Quantization,iccv,2025,https://openaccess.thecvf.com/content/ICCV2025/papers/Xie_Allowing_Oscillation_Quantization_Overcoming_Solution_Space_Limitation_in_Low_Bit-Width_ICCV_2025_paper.pdf
2666,CARP: Visuomotor Policy Learning via Coarse-to-Fine Autoregressive Prediction,iccv,2025,https://openaccess.thecvf.com/content/ICCV2025/papers/Gong_CARP_Visuomotor_Policy_Learning_via_Coarse-to-Fine_Autoregressive_Prediction_ICCV_2025_paper.pdf
2667,SAMora: Enhancing SAM through Hierarchical Self-Supervised Pre-Training for Medical Images,iccv,2025,https://openaccess.thecvf.com/content/ICCV2025/papers/Chen_SAMora_Enhancing_SAM_through_Hierarchical_Self-Supervised_Pre-Training_for_Medical_Images_ICCV_2025_paper.pdf
2668,MagicMotion: Controllable Video Generation with Dense-to-Sparse Trajectory Guidance,iccv,2025,https://openaccess.thecvf.com/content/ICCV2025/papers/Li_MagicMotion_Controllable_Video_Generation_with_Dense-to-Sparse_Trajectory_Guidance_ICCV_2025_paper.pdf
2669,"Less Static, More Private: Towards Transferable Privacy-Preserving Action Recognition by Generative Decoupled Learning",iccv,2025,https://openaccess.thecvf.com/content/ICCV2025/papers/Xia_Less_Static_More_Private_Towards_Transferable_Privacy-Preserving_Action_Recognition_by_ICCV_2025_paper.pdf
2670,PathDiff: Histopathology Image Synthesis with Unpaired Text and Mask Conditions,iccv,2025,https://openaccess.thecvf.com/content/ICCV2025/papers/Bhosale_PathDiff_Histopathology_Image_Synthesis_with_Unpaired_Text_and_Mask_Conditions_ICCV_2025_paper.pdf
2671,Robust Low-light Scene Restoration via Illumination Transition,iccv,2025,https://openaccess.thecvf.com/content/ICCV2025/papers/Li_Robust_Low-light_Scene_Restoration_via_Illumination_Transition_ICCV_2025_paper.pdf
2672,GVDepth: Zero-Shot Monocular Depth Estimation for Ground Vehicles based on Probabilistic Cue Fusion,iccv,2025,https://openaccess.thecvf.com/content/ICCV2025/papers/Koledic_GVDepth_Zero-Shot_Monocular_Depth_Estimation_for_Ground_Vehicles_based_on_ICCV_2025_paper.pdf
2673,VISION-XL: High Definition Video Inverse Problem Solver using Latent Image Diffusion Models,iccv,2025,https://openaccess.thecvf.com/content/ICCV2025/papers/Kwon_VISION-XL_High_Definition_Video_Inverse_Problem_Solver_using_Latent_Image_ICCV_2025_paper.pdf
2674,Robin3D: Improving 3D Large Language Model via Robust Instruction Tuning,iccv,2025,https://openaccess.thecvf.com/content/ICCV2025/papers/Kang_Robin3D_Improving_3D_Large_Language_Model_via_Robust_Instruction_Tuning_ICCV_2025_paper.pdf
2675,Mixture of Experts Guided by Gaussian Splatters Matters: A new Approach to Weakly-Supervised Video Anomaly Detection,iccv,2025,https://openaccess.thecvf.com/content/ICCV2025/papers/Amicantonio_Mixture_of_Experts_Guided_by_Gaussian_Splatters_Matters_A_new_ICCV_2025_paper.pdf
2676,ProJudge: A Multi-Modal Multi-Discipline Benchmark and Instruction-Tuning Dataset for MLLM-based Process Judges,iccv,2025,https://openaccess.thecvf.com/content/ICCV2025/papers/Ai_ProJudge_A_Multi-Modal_Multi-Discipline_Benchmark_and_Instruction-Tuning_Dataset_for_MLLM-based_ICCV_2025_paper.pdf
2677,GloPER: Unsupervised Animal Pattern Extraction from Local Reconstruction,iccv,2025,https://openaccess.thecvf.com/content/ICCV2025/papers/Chen_GloPER_Unsupervised_Animal_Pattern_Extraction_from_Local_Reconstruction_ICCV_2025_paper.pdf
2678,"One Trajectory, One Token: Grounded Video Tokenization via Panoptic Sub-object Trajectory",iccv,2025,https://openaccess.thecvf.com/content/ICCV2025/papers/Zheng_One_Trajectory_One_Token_Grounded_Video_Tokenization_via_Panoptic_Sub-object_ICCV_2025_paper.pdf
2679,Kaleidoscopic Background Attack: Disrupting Pose Estimation with Multi-Fold Radial Symmetry Textures,iccv,2025,https://openaccess.thecvf.com/content/ICCV2025/papers/Ding_Kaleidoscopic_Background_Attack_Disrupting_Pose_Estimation_with_Multi-Fold_Radial_Symmetry_ICCV_2025_paper.pdf
2680,COSTARR: Consolidated Open Set Technique with Attenuation for Robust Recognition,iccv,2025,https://openaccess.thecvf.com/content/ICCV2025/papers/Rabinowitz_COSTARR_Consolidated_Open_Set_Technique_with_Attenuation_for_Robust_Recognition_ICCV_2025_paper.pdf
2681,Agreement aware and dissimilarity oriented GLOM,iccv,2025,https://openaccess.thecvf.com/content/ICCV2025/papers/Zeng_Agreement_aware_and_dissimilarity_oriented_GLOM_ICCV_2025_paper.pdf
2682,Att-Adapter: A Robust and Precise Domain-Specific Multi-Attributes T2I Diffusion Adapter via Conditional Variational Autoencoder,iccv,2025,https://openaccess.thecvf.com/content/ICCV2025/papers/Cho_Att-Adapter_A_Robust_and_Precise_Domain-Specific_Multi-Attributes_T2I_Diffusion_Adapter_ICCV_2025_paper.pdf
2683,PERSONA: Personalized Whole-Body 3D Avatar with Pose-Driven Deformations from a Single Image,iccv,2025,https://openaccess.thecvf.com/content/ICCV2025/papers/Sim_PERSONA_Personalized_Whole-Body_3D_Avatar_with_Pose-Driven_Deformations_from_a_ICCV_2025_paper.pdf
2684,PanoSplatt3R: Leveraging Perspective Pretraining for Generalized Unposed Wide-Baseline Panorama Reconstruction,iccv,2025,https://openaccess.thecvf.com/content/ICCV2025/papers/Ren_PanoSplatt3R_Leveraging_Perspective_Pretraining_for_Generalized_Unposed_Wide-Baseline_Panorama_Reconstruction_ICCV_2025_paper.pdf
2685,CCMNet: Leveraging Calibrated Color Correction Matrices for Cross-Camera Color Constancy,iccv,2025,https://openaccess.thecvf.com/content/ICCV2025/papers/Kim_CCMNet_Leveraging_Calibrated_Color_Correction_Matrices_for_Cross-Camera_Color_Constancy_ICCV_2025_paper.pdf
2686,Seeing 3D Through 2D Lenses: 3D Few-Shot Class-Incremental Learning via Cross-Modal Geometric Rectification,iccv,2025,https://openaccess.thecvf.com/content/ICCV2025/papers/Xiang_Seeing_3D_Through_2D_Lenses_3D_Few-Shot_Class-Incremental_Learning_via_ICCV_2025_paper.pdf
2687,Secure On-Device Video OOD Detection Without Backpropagation,iccv,2025,https://openaccess.thecvf.com/content/ICCV2025/papers/Li_Secure_On-Device_Video_OOD_Detection_Without_Backpropagation_ICCV_2025_paper.pdf
2688,SmolDocling: An ultra-compact vision-language model for end-to-end multi-modal document conversion,iccv,2025,https://openaccess.thecvf.com/content/ICCV2025/papers/Nassar_SmolDocling_An_ultra-compact_vision-language_model_for_end-to-end_multi-modal_document_conversion_ICCV_2025_paper.pdf
2689,Zero-Shot Composed Image Retrieval via Dual-Stream Instruction-Aware Distillation,iccv,2025,https://openaccess.thecvf.com/content/ICCV2025/papers/Zhong_Zero-Shot_Composed_Image_Retrieval_via_Dual-Stream_Instruction-Aware_Distillation_ICCV_2025_paper.pdf
2690,Underwater Visual SLAM with Depth Uncertainty and Medium Modeling,iccv,2025,https://openaccess.thecvf.com/content/ICCV2025/papers/Liu_Underwater_Visual_SLAM_with_Depth_Uncertainty_and_Medium_Modeling_ICCV_2025_paper.pdf
2691,Blind Video Super-Resolution based on Implicit Kernels,iccv,2025,https://openaccess.thecvf.com/content/ICCV2025/papers/Zhu_Blind_Video_Super-Resolution_based_on_Implicit_Kernels_ICCV_2025_paper.pdf
2692,AMDANet: Attention-Driven Multi-Perspective Discrepancy Alignment for RGB-Infrared Image Fusion and Segmentation,iccv,2025,https://openaccess.thecvf.com/content/ICCV2025/papers/Zhong_AMDANet_Attention-Driven_Multi-Perspective_Discrepancy_Alignment_for_RGB-Infrared_Image_Fusion_and_ICCV_2025_paper.pdf
2693,Local Scale Equivariance with Latent Deep Equilibrium Canonicalizer,iccv,2025,https://openaccess.thecvf.com/content/ICCV2025/papers/Rahman_Local_Scale_Equivariance_with_Latent_Deep_Equilibrium_Canonicalizer_ICCV_2025_paper.pdf
2694,Auxiliary Prompt Tuning of Vision-Language Models for Few-Shot Out-of-Distribution Detection,iccv,2025,https://openaccess.thecvf.com/content/ICCV2025/papers/Miao_Auxiliary_Prompt_Tuning_of_Vision-Language_Models_for_Few-Shot_Out-of-Distribution_Detection_ICCV_2025_paper.pdf
2695,TACO: Taming Diffusion for in-the-wild Video Amodal Completion,iccv,2025,https://openaccess.thecvf.com/content/ICCV2025/papers/Lu_TACO_Taming_Diffusion_for_in-the-wild_Video_Amodal_Completion_ICCV_2025_paper.pdf
2696,UniGS: Modeling Unitary 3D Gaussians for Novel View Synthesis from Sparse-view Images,iccv,2025,https://openaccess.thecvf.com/content/ICCV2025/papers/Wu_UniGS_Modeling_Unitary_3D_Gaussians_for_Novel_View_Synthesis_from_ICCV_2025_paper.pdf
2697,ObjectGS: Object-aware Scene Reconstruction and Scene Understanding via Gaussian Splatting,iccv,2025,https://openaccess.thecvf.com/content/ICCV2025/papers/Zhu_ObjectGS_Object-aware_Scene_Reconstruction_and_Scene_Understanding_via_Gaussian_Splatting_ICCV_2025_paper.pdf
2698,SP2T: Sparse Proxy Attention for Dual-stream Point Transformer,iccv,2025,https://openaccess.thecvf.com/content/ICCV2025/papers/Wan_SP2T_Sparse_Proxy_Attention_for_Dual-stream_Point_Transformer_ICCV_2025_paper.pdf
2699,"Scoring, Remember, and Reference: Catching Camouflaged Objects in Videos",iccv,2025,https://openaccess.thecvf.com/content/ICCV2025/papers/Feng_Scoring_Remember_and_Reference_Catching_Camouflaged_Objects_in_Videos_ICCV_2025_paper.pdf
2700,Task-Oriented Human Grasp Synthesis via Context- and Task-Aware Diffusers,iccv,2025,https://openaccess.thecvf.com/content/ICCV2025/papers/Liu_Task-Oriented_Human_Grasp_Synthesis_via_Context-_and_Task-Aware_Diffusers_ICCV_2025_paper.pdf
